10
75 160
191 37
147 156
120 120
32 90
32 20
12 92
174 67
121 29
142 131
0 9 137 0 22 41 1
0 7 139 0 117 40 2
0 13 136 0 118 4 3
0 10 137 0 155 52 4
0 23 136 0 132 13 5
0 3 135 0 122 58 6
0 4 135 0 152 41 7
0 26 137 0 182 79 8
0 11 137 0 15 186 9
0 25 134 0 102 36 10
0 7 136 0 29 60 11
0 10 136 0 128 96 12
0 30 136 0 113 48 13
0 3 138 0 128 23 14
0 9 135 0 92 2 15
0 7 134 0 148 56 16
0 12 135 0 138 36 17
0 7 136 0 105 143 18
0 41 136 0 109 56 19
0 34 135 0 40 105 20
0 17 136 0 13 75 21
0 21 137 0 166 118 22
0 19 139 0 52 37 23
8 108 2994 1 133 152 24
10 48 2997 1 125 90 25
15 5 151 0 127 27 26
15 5 149 0 24 195 27
15 7 151 0 138 36 28
15 5 150 0 122 58 29
15 16 153 0 118 4 30
15 15 152 0 109 36 31
15 7 152 0 108 31 32
15 4 150 0 95 77 33
15 15 149 0 166 118 34
15 22 151 0 105 42 35
15 9 150 0 108 58 36
15 36 152 0 149 33 37
15 16 151 0 123 1 38
15 15 151 0 99 1 39
15 6 150 0 94 1 40
15 4 149 0 117 1 41
15 28 152 0 83 108 42
15 8 149 0 117 40 43
15 4 153 0 128 40 44
15 25 151 0 128 55 45
15 37 150 0 179 186 46
15 26 152 0 100 167 47
15 4 152 0 128 23 48
15 12 151 0 86 23 49
29 52 3018 1 140 22 50
30 23 165 0 7 35 51
30 18 165 0 123 1 52
30 22 168 0 67 20 53
30 8 168 0 101 26 54
30 3 168 0 127 27 55
30 20 168 0 109 36 56
30 17 167 0 93 51 57
30 19 167 0 118 4 58
30 23 167 0 102 36 59
30 9 164 0 103 1 60
30 4 167 0 96 13 61
30 30 164 0 18 115 62
30 13 165 0 141 56 63
30 21 166 0 105 42 64
30 23 163 0 102 59 65
30 10 166 0 178 113 66
30 12 166 0 156 90 67
30 9 167 0 113 13 68
30 5 167 0 122 58 69
30 11 168 0 182 28 70
30 6 168 0 15 4 71
30 3 166 0 117 1 72
30 17 167 0 66 169 73
30 6 166 0 138 36 74
30 33 167 0 100 167 75
30 35 3017 1 164 40 76
30 4 165 0 155 79 77
30 18 166 0 146 119 78
30 4 166 0 164 40 79
30 31 168 0 113 48 80
30 28 167 0 133 152 81
38 46 3024 1 46 189 82
45 33 180 0 57 122 83
45 13 181 0 140 22 84
45 42 183 0 40 105 85
45 3 181 0 96 13 86
45 25 179 0 6 88 87
45 44 180 0 102 140 88
45 12 182 0 182 28 89
45 5 182 0 128 23 90
45 26 180 0 149 33 91
45 17 180 0 102 36 92
45 35 180 0 179 186 93
45 15 181 0 99 1 94
45 20 183 0 146 119 95
45 3 182 0 122 58 96
45 38 180 0 155 122 97
45 33 179 0 182 79 98
45 41 179 0 113 48 99
45 12 179 0 13 75 100
45 22 183 0 109 36 101
45 13 182 0 118 4 102
45 3 180 0 37 7 103
45 8 182 0 108 31 104
45 8 181 0 138 36 105
45 12 182 0 156 90 106
45 11 180 0 103 22 107
45 6 182 0 63 86 108
45 13 180 0 141 56 109
45 14 183 0 7 35 110
51 40 3039 1 123 1 111
60 30 194 0 120 146 112
60 10 195 0 108 58 113
60 26 198 0 149 33 114
60 3 196 0 128 40 115
60 6 196 0 105 143 116
60 16 193 0 166 118 117
60 12 196 0 148 56 118
60 35 198 0 179 186 119
60 6 195 0 96 13 120
60 26 194 0 83 108 121
60 44 196 0 113 48 122
60 20 194 0 128 55 123
60 15 196 0 118 4 124
60 7 195 0 108 31 125
60 18 199 0 7 35 126
60 9 198 0 63 86 127
60 4 195 0 122 58 128
60 5 196 0 127 27 129
60 12 195 0 138 36 130
60 18 195 0 132 13 131
60 6 196 0 15 4 132
60 21 197 0 105 42 133
60 11 195 0 128 96 134
60 17 195 0 52 37 135
60 20 197 0 140 22 136
60 9 196 0 182 28 137
60 42 198 0 78 150 138
75 6 210 0 92 2 139
75 13 209 0 128 55 140
75 4 209 0 128 23 141
75 23 212 0 141 56 142
75 43 211 0 120 146 143
75 10 211 0 108 31 144
75 8 211 0 105 143 145
75 9 213 0 63 113 146
75 35 211 0 57 122 147
75 16 212 0 7 35 148
75 6 212 0 161 34 149
75 37 211 0 18 115 150
75 16 212 0 102 59 151
75 12 212 0 63 86 152
75 6 212 0 152 41 153
75 4 211 0 127 27 154
75 13 211 0 50 121 155
75 22 213 0 140 22 156
75 6 212 0 185 66 157
75 14 212 0 198 85 158
75 22 211 0 102 36 159
75 44 211 0 2 3 160
75 5 211 0 155 79 161
75 9 211 0 148 56 162
75 8 209 0 113 13 163
75 31 211 0 99 9 164
90 6 227 0 113 13 165
90 15 227 0 188 80 166
90 8 223 0 155 52 167
90 13 226 0 146 119 168
90 4 225 0 24 195 169
90 27 228 0 179 186 170
90 25 226 0 132 13 171
90 12 226 0 52 37 172
90 22 225 0 66 169 173
90 31 225 0 153 145 174
90 20 227 0 128 55 175
90 11 227 0 142 143 176
90 8 226 0 117 40 177
90 23 225 0 99 1 178
90 8 227 0 103 22 179
90 34 226 0 16 120 180
90 39 227 0 57 122 181
90 9 226 0 108 58 182
90 7 226 0 22 41 183
90 3 227 0 128 23 184
90 23 223 0 105 42 185
90 45 227 0 63 134 186
90 3 226 0 96 13 187
90 5 227 0 127 27 188
90 19 227 0 125 90 189
90 4 226 0 117 1 190
90 28 225 0 133 152 191
103 77 3088 1 10 193 192
105 37 243 0 57 122 193
105 26 240 0 109 56 194
105 22 241 0 125 90 195
105 3 241 0 128 40 196
105 36 241 0 99 9 197
105 30 243 0 102 140 198
105 14 241 0 86 23 199
105 5 243 0 155 79 200
105 12 241 0 123 1 201
105 27 240 0 100 167 202
105 9 239 0 182 28 203
105 10 239 0 108 31 204
105 17 241 0 72 131 205
105 6 241 0 72 194 206
105 10 240 0 142 143 207
105 22 244 0 132 13 208
105 10 240 0 101 26 209
105 3 241 0 152 41 210
105 13 241 0 102 59 211
105 24 243 0 146 119 212
105 12 240 0 118 4 213
105 8 241 0 155 52 214
105 21 239 0 109 36 215
105 30 241 0 133 152 216
105 3 239 0 128 23 217
105 31 241 0 120 146 218
105 14 241 0 55 108 219
120 16 257 0 102 36 220
120 4 255 0 155 79 221
120 16 256 0 55 108 222
120 12 255 0 105 143 223
120 21 257 0 52 37 224
120 4 255 0 24 195 225
120 18 256 0 132 13 226
120 9 256 0 29 60 227
120 3 255 0 128 23 228
120 6 256 0 10 193 229
120 27 256 0 109 56 230
120 6 257 0 142 143 231
120 42 257 0 182 79 232
120 7 257 0 22 41 233
120 5 255 0 117 1 234
120 7 258 0 103 22 235
120 23 255 0 7 35 236
120 29 255 0 63 134 237
120 32 255 0 150 43 238
120 31 257 0 99 9 239
120 22 256 0 140 22 240
120 3 257 0 161 34 241
120 19 256 0 109 36 242
120 27 257 0 153 145 243
120 13 256 0 123 1 244
120 4 257 0 152 41 245
120 21 256 0 102 59 246
120 19 256 0 72 131 247
120 42 256 0 100 167 248
120 8 256 0 101 26 249
135 32 273 0 113 48 250
135 9 270 0 182 28 251
135 17 271 0 13 75 252
135 6 271 0 103 22 253
135 36 274 0 66 134 254
135 19 272 0 140 22 255
135 8 270 0 117 40 256
135 42 271 0 182 79 257
135 43 269 0 109 56 258
135 14 273 0 132 13 259
135 15 270 0 118 4 260
135 11 270 0 15 4 261
135 31 271 0 149 33 262
135 13 270 0 141 56 263
135 6 271 0 101 26 264
135 45 269 0 99 9 265
135 18 270 0 25 122 266
135 5 271 0 7 180 267
135 20 269 0 123 1 268
135 21 272 0 40 59 269
135 7 271 0 148 56 270
135 21 270 0 143 170 271
135 12 272 0 113 13 272
135 20 272 0 128 55 273
135 41 272 0 179 186 274
135 6 271 0 117 1 275
145 30 3130 1 66 169 276
149 68 3136 1 92 2 277
149 60 3137 1 155 79 278
150 12 286 0 138 36 279
150 4 286 0 24 195 280
150 10 286 0 101 26 281
150 9 288 0 146 159 282
150 33 286 0 63 134 283
150 7 285 0 155 52 284
150 8 288 0 178 113 285
150 9 288 0 46 189 286
150 4 285 0 155 79 287
150 44 285 0 78 150 288
150 42 288 0 102 140 289
150 20 286 0 105 42 290
150 29 286 0 155 122 291
150 42 286 0 109 56 292
150 3 286 0 96 13 293
150 6 284 0 182 28 294
150 17 286 0 146 119 295
150 7 286 0 103 22 296
150 10 288 0 15 186 297
150 35 285 0 57 122 298
150 8 287 0 22 41 299
150 22 288 0 140 22 300
150 7 285 0 117 40 301
150 4 287 0 128 40 302
150 12 287 0 148 56 303
150 6 286 0 128 23 304
150 44 288 0 100 167 305
150 9 289 0 92 2 306
150 6 286 0 63 86 307
165 3 302 0 185 66 308
165 24 301 0 72 131 309
165 6 302 0 108 31 310
165 10 304 0 46 189 311
165 37 301 0 63 134 312
165 7 302 0 138 36 313
165 25 302 0 194 169 314
165 16 302 0 123 1 315
165 21 300 0 109 36 316
165 24 300 0 7 35 317
165 6 301 0 148 56 318
165 10 302 0 103 22 319
165 6 300 0 22 41 320
165 9 302 0 117 40 321
165 7 299 0 15 4 322
165 23 300 0 40 59 323
165 9 300 0 156 90 324
165 6 302 0 155 79 325
165 14 300 0 140 22 326
165 43 301 0 16 120 327
165 34 300 0 99 9 328
165 43 301 0 102 140 329
165 4 299 0 122 58 330
165 26 301 0 133 152 331
165 42 299 0 120 146 332
165 12 302 0 101 26 333
165 37 299 0 155 122 334
165 4 299 0 128 40 335
170 165 3155 1 128 96 336
171 95 3157 1 122 58 337
180 7 316 0 15 186 338
180 11 315 0 182 28 339
180 14 316 0 72 131 340
180 7 316 0 128 96 341
180 10 315 0 29 60 342
180 10 315 0 22 41 343
180 21 317 0 140 22 344
180 21 315 0 105 42 345
180 11 316 0 63 86 346
180 28 316 0 150 43 347
180 23 315 0 166 118 348
180 4 314 0 128 40 349
180 42 315 0 99 9 350
180 15 316 0 25 122 351
180 12 315 0 117 40 352
180 17 317 0 93 51 353
180 20 314 0 128 55 354
180 12 316 0 7 35 355
180 22 315 0 146 119 356
180 9 317 0 103 22 357
180 44 315 0 113 48 358
180 40 317 0 109 56 359
180 11 314 0 101 26 360
180 5 314 0 122 58 361
180 8 316 0 24 183 362
180 35 318 0 18 115 363
180 13 317 0 118 4 364
180 31 315 0 57 122 365
180 4 318 0 96 13 366
183 32 3167 1 86 23 367
187 77 3172 1 13 75 368
195 16 331 0 110 114 369
195 40 328 0 149 33 370
195 39 333 0 109 56 371
195 34 331 0 102 140 372
195 11 332 0 108 58 373
195 3 331 0 117 1 374
195 10 331 0 22 41 375
195 16 329 0 105 42 376
195 23 330 0 166 118 377
195 25 329 0 153 145 378
195 12 333 0 63 113 379
195 19 331 0 188 80 380
195 35 329 0 83 108 381
195 3 330 0 24 195 382
195 3 331 0 122 58 383
195 37 330 0 120 146 384
195 19 333 0 109 36 385
195 10 330 0 108 31 386
195 17 332 0 118 4 387
195 27 331 0 63 134 388
195 21 330 0 194 169 389
195 24 330 0 140 22 390
195 4 330 0 96 13 391
195 14 331 0 72 131 392
195 4 331 0 127 27 393
210 16 345 0 105 42 394
210 25 346 0 118 4 395
210 25 348 0 123 1 396
210 8 348 0 138 36 397
210 10 346 0 92 2 398
210 4 347 0 185 66 399
210 18 346 0 102 36 400
210 3 347 0 10 193 401
210 3 345 0 7 180 402
210 3 345 0 164 40 403
210 35 344 0 113 48 404
210 31 346 0 83 108 405
210 45 347 0 182 79 406
210 22 346 0 50 121 407
210 19 347 0 132 13 408
210 24 346 0 52 37 409
210 6 345 0 96 13 410
210 10 346 0 178 113 411
210 20 347 0 109 36 412
210 43 345 0 149 33 413
210 31 342 0 18 115 414
210 13 346 0 102 59 415
210 37 344 0 109 56 416
210 35 345 0 57 122 417
210 12 345 0 86 23 418
210 23 346 0 128 55 419
210 34 347 0 63 134 420
210 5 346 0 128 23 421
210 13 344 0 166 118 422
210 5 345 0 37 7 423
225 3 361 0 37 7 424
225 44 361 0 120 146 425
225 35 360 0 57 122 426
225 29 361 0 149 33 427
225 3 361 0 95 77 428
225 11 361 0 117 40 429
225 19 363 0 109 36 430
225 25 362 0 150 43 431
225 3 359 0 128 23 432
225 33 363 0 99 9 433
225 11 361 0 101 26 434
225 31 359 0 155 122 435
225 23 360 0 105 42 436
225 11 360 0 103 22 437
225 4 362 0 122 58 438
225 6 363 0 94 1 439
225 10 362 0 109 1 440
225 19 360 0 140 22 441
225 12 359 0 132 13 442
225 12 361 0 146 159 443
225 5 361 0 24 195 444
225 12 362 0 66 169 445
225 19 358 0 52 37 446
225 25 359 0 110 114 447
225 31 359 0 113 48 448
225 22 362 0 125 90 449
225 4 362 0 128 40 450
225 19 361 0 118 4 451
225 4 361 0 117 1 452
225 12 361 0 138 36 453
234 122 3221 1 7 180 454
240 14 378 0 102 36 455
240 7 375 0 113 13 456
240 5 375 0 128 23 457
240 6 376 0 96 13 458
240 3 374 0 117 1 459
240 12 376 0 142 143 460
240 7 375 0 117 40 461
240 5 376 0 122 58 462
240 6 374 0 161 34 463
240 22 374 0 188 80 464
240 23 374 0 105 42 465
240 23 376 0 128 55 466
240 25 377 0 99 1 467
240 16 375 0 109 36 468
240 37 374 0 78 150 469
240 22 376 0 118 4 470
240 23 376 0 72 131 471
240 27 377 0 66 134 472
240 22 377 0 13 75 473
240 7 377 0 15 4 474
240 12 377 0 132 13 475
240 12 376 0 101 26 476
240 12 376 0 156 90 477
240 21 378 0 140 22 478
240 22 376 0 25 122 479
240 29 376 0 109 56 480
243 70 3228 1 109 1 481
255 10 390 0 138 36 482
255 20 391 0 109 36 483
255 23 392 0 13 75 484
255 16 391 0 146 119 485
255 24 388 0 105 42 486
255 43 390 0 83 108 487
255 4 392 0 117 1 488
255 13 392 0 72 131 489
255 5 390 0 127 27 490
255 10 391 0 142 143 491
255 9 389 0 155 52 492
255 13 392 0 140 22 493
255 19 391 0 123 1 494
255 12 391 0 101 26 495
255 15 393 0 132 13 496
255 7 390 0 24 183 497
255 45 390 0 63 134 498
255 24 391 0 99 1 499
255 5 391 0 161 34 500
255 11 390 0 108 31 501
255 11 393 0 173 171 502
255 29 390 0 78 150 503
255 6 391 0 178 113 504
255 11 391 0 117 40 505
255 17 392 0 143 170 506
255 4 390 0 122 58 507
255 32 390 0 113 48 508
255 32 390 0 179 186 509
255 20 389 0 118 4 510
255 20 392 0 128 55 511
266 192 3253 1 15 4 512
270 17 407 0 102 59 513
270 40 404 0 18 115 514
270 6 408 0 95 77 515
270 36 406 0 78 150 516
270 37 407 0 100 167 517
270 12 406 0 63 113 518
270 9 406 0 138 36 519
270 14 407 0 140 22 520
270 8 407 0 108 58 521
270 31 405 0 2 3 522
270 25 406 0 66 169 523
270 8 407 0 105 143 524
270 11 405 0 101 26 525
270 24 405 0 123 1 526
270 9 407 0 109 1 527
270 8 404 0 103 1 528
270 8 407 0 24 183 529
270 5 404 0 127 27 530
270 25 407 0 99 1 531
270 23 405 0 93 51 532
270 22 406 0 198 85 533
270 17 405 0 109 36 534
270 19 407 0 105 42 535
284 35 3270 1 142 143 536
285 32 422 0 109 56 537
285 29 420 0 57 122 538
285 41 420 0 18 115 539
285 25 421 0 118 4 540
285 17 420 0 102 59 541
285 14 423 0 194 169 542
285 9 421 0 63 86 543
285 22 422 0 109 36 544
285 5 423 0 122 58 545
285 3 422 0 37 7 546
285 12 421 0 105 42 547
285 10 421 0 182 28 548
285 12 422 0 117 40 549
285 8 422 0 22 41 550
285 10 422 0 155 52 551
285 22 422 0 52 37 552
285 9 421 0 94 1 553
285 8 422 0 63 113 554
285 14 420 0 40 59 555
285 37 421 0 78 150 556
285 22 420 0 140 22 557
285 8 422 0 138 36 558
285 3 422 0 128 40 559
285 3 422 0 117 1 560
285 8 419 0 156 90 561
293 75 3280 1 52 37 562
300 5 437 0 122 58 563
300 5 433 0 117 1 564
300 9 436 0 103 1 565
300 6 435 0 128 96 566
300 28 435 0 66 134 567
300 21 437 0 118 4 568
300 9 436 0 63 86 569
300 7 436 0 105 143 570
300 24 435 0 132 13 571
300 10 435 0 101 26 572
300 25 435 0 123 1 573
300 5 436 0 24 195 574
300 16 436 0 109 36 575
300 11 435 0 63 113 576
300 11 435 0 108 31 577
300 5 438 0 96 13 578
300 3 438 0 10 193 579
300 12 436 0 117 40 580
300 24 436 0 50 121 581
300 12 435 0 46 189 582
300 25 435 0 99 9 583
300 12 438 0 103 22 584
300 30 436 0 150 43 585
300 43 436 0 109 56 586
300 22 436 0 7 35 587
300 21 435 0 128 55 588
310 199 3297 1 120 146 589
315 23 452 0 109 36 590
315 18 454 0 166 118 591
315 31 451 0 100 167 592
315 20 453 0 128 55 593
315 12 451 0 143 170 594
315 9 451 0 138 36 595
315 40 450 0 2 3 596
315 12 450 0 117 40 597
315 43 453 0 18 115 598
315 5 450 0 122 58 599
315 42 453 0 182 79 600
315 41 451 0 155 122 601
315 20 451 0 146 119 602
315 3 449 0 127 27 603
315 6 452 0 96 13 604
315 10 449 0 63 86 605
315 9 450 0 94 1 606
315 8 454 0 46 189 607
315 17 450 0 67 20 608
315 16 450 0 105 42 609
315 34 452 0 113 48 610
315 10 453 0 182 28 611
315 5 453 0 37 7 612
315 7 451 0 108 31 613
316 60 3301 1 16 120 614
326 76 3313 1 128 23 615
330 30 467 0 83 108 616
330 3 464 0 128 23 617
330 8 466 0 92 2 618
330 5 467 0 127 27 619
330 6 466 0 37 7 620
330 9 465 0 146 159 621
330 7 466 0 101 26 622
330 3 464 0 72 194 623
330 32 467 0 153 145 624
330 37 466 0 182 79 625
330 35 466 0 57 122 626
330 7 464 0 22 41 627
330 7 466 0 142 143 628
330 11 465 0 155 52 629
330 17 467 0 50 121 630
330 13 466 0 13 75 631
330 15 466 0 102 36 632
330 19 468 0 132 13 633
330 18 466 0 140 22 634
330 41 464 0 66 134 635
330 36 466 0 99 9 636
330 24 464 0 67 20 637
330 22 466 0 125 90 638
330 8 466 0 108 31 639
330 8 467 0 182 28 640
330 4 467 0 117 1 641
330 6 468 0 128 40 642
330 42 468 0 120 146 643
330 17 464 0 110 114 644
330 3 466 0 185 66 645
330 11 467 0 113 13 646
330 15 466 0 118 4 647
330 5 467 0 122 58 648
330 34 466 0 155 122 649
330 6 467 0 155 79 650
330 14 468 0 128 55 651
330 15 468 0 105 42 652
330 9 464 0 178 113 653
330 23 466 0 146 119 654
343 65 3331 1 128 55 655
345 24 481 0 128 55 656
345 6 482 0 164 40 657
345 20 480 0 140 22 658
345 8 482 0 182 28 659
345 9 481 0 29 60 660
345 12 482 0 105 42 661
345 34 482 0 99 9 662
345 11 478 0 63 113 663
345 14 483 0 7 35 664
345 25 484 0 182 79 665
345 20 480 0 125 90 666
345 30 483 0 150 43 667
345 7 479 0 92 2 668
345 7 480 0 103 22 669
345 16 481 0 118 4 670
345 30 481 0 78 150 671
345 6 480 0 127 27 672
345 3 480 0 152 41 673
345 8 481 0 15 186 674
345 5 480 0 161 34 675
345 20 481 0 166 118 676
345 12 481 0 101 26 677
345 9 481 0 109 1 678
345 12 480 0 13 75 679
345 26 482 0 120 146 680
345 3 482 0 117 1 681
345 22 482 0 102 59 682
345 36 481 0 113 48 683
345 12 480 0 108 31 684
345 7 481 0 117 40 685
360 25 496 0 105 42 686
360 45 497 0 57 122 687
360 25 496 0 128 55 688
360 6 496 0 37 7 689
360 6 495 0 146 159 690
360 8 495 0 24 183 691
360 6 497 0 117 1 692
360 8 496 0 15 4 693
360 11 497 0 101 26 694
360 27 498 0 18 115 695
360 17 497 0 110 114 696
360 11 494 0 108 31 697
360 25 496 0 198 85 698
360 9 495 0 155 52 699
360 14 494 0 140 22 700
360 4 494 0 127 27 701
360 36 497 0 102 140 702
360 11 495 0 156 90 703
360 39 497 0 113 48 704
360 45 495 0 40 105 705
360 13 495 0 50 121 706
360 14 495 0 13 75 707
360 9 496 0 92 2 708
360 5 497 0 185 66 709
360 16 496 0 55 108 710
360 12 496 0 103 22 711
360 9 496 0 173 171 712
360 27 495 0 78 150 713
360 8 495 0 63 113 714
360 20 497 0 66 169 715
360 16 495 0 166 118 716
375 34 510 0 16 120 717
375 28 514 0 113 48 718
375 8 511 0 113 13 719
375 20 509 0 25 122 720
375 4 510 0 128 40 721
375 8 509 0 103 1 722
375 20 510 0 188 80 723
375 10 511 0 63 113 724
375 32 512 0 179 186 725
375 18 513 0 102 36 726
375 13 511 0 109 36 727
375 5 510 0 161 34 728
375 12 511 0 63 86 729
375 21 510 0 13 75 730
375 6 514 0 146 159 731
375 7 511 0 15 186 732
375 19 511 0 55 108 733
375 9 513 0 156 90 734
375 4 512 0 7 180 735
375 16 513 0 6 88 736
375 21 514 0 140 22 737
375 10 512 0 105 143 738
375 7 513 0 29 60 739
375 9 511 0 22 41 740
375 9 509 0 138 36 741
375 3 510 0 24 195 742
375 40 509 0 100 167 743
375 23 512 0 146 119 744
375 19 512 0 99 1 745
375 24 510 0 128 55 746
375 43 511 0 18 115 747
375 5 511 0 37 7 748
375 26 514 0 99 9 749
375 23 512 0 67 20 750
390 19 524 0 123 1 751
390 22 528 0 13 75 752
390 6 526 0 113 13 753
390 32 526 0 63 134 754
390 36 527 0 57 122 755
390 6 526 0 161 34 756
390 14 526 0 110 114 757
390 4 528 0 128 40 758
390 19 525 0 140 22 759
390 10 527 0 178 113 760
390 3 526 0 117 1 761
390 31 525 0 153 145 762
390 11 528 0 92 2 763
390 43 526 0 102 140 764
390 10 526 0 103 1 765
390 20 526 0 102 36 766
390 24 526 0 132 13 767
390 33 525 0 66 134 768
390 6 526 0 127 27 769
390 7 527 0 173 171 770
390 11 530 0 103 22 771
390 6 526 0 24 183 772
390 14 525 0 105 42 773
390 5 527 0 7 180 774
390 10 529 0 46 189 775
404 72 3390 1 133 152 776
405 3 541 0 24 195 777
405 37 541 0 100 167 778
405 22 540 0 109 36 779
405 31 541 0 63 134 780
405 6 543 0 101 26 781
405 11 543 0 22 41 782
405 3 540 0 122 58 783
405 13 542 0 13 75 784
405 6 541 0 138 36 785
405 8 542 0 113 13 786
405 21 542 0 128 55 787
405 19 540 0 146 119 788
405 27 538 0 149 33 789
405 7 541 0 117 40 790
405 23 541 0 123 1 791
405 28 539 0 153 145 792
405 5 541 0 128 40 793
405 18 542 0 25 122 794
405 10 542 0 15 4 795
405 23 541 0 102 59 796
405 34 542 0 40 105 797
405 32 539 0 16 120 798
405 4 543 0 128 23 799
405 33 541 0 150 43 800
405 34 538 0 182 79 801
405 33 543 0 78 150 802
405 24 541 0 55 108 803
405 24 541 0 102 36 804
405 33 541 0 99 9 805
405 10 543 0 46 189 806
420 35 557 0 109 56 807
420 9 554 0 103 1 808
420 12 557 0 146 159 809
420 3 556 0 128 23 810
420 44 555 0 66 134 811
420 38 555 0 2 3 812
420 16 554 0 72 131 813
420 6 557 0 178 113 814
420 27 556 0 18 115 815
420 10 557 0 138 36 816
420 12 556 0 156 90 817
420 20 556 0 140 22 818
420 9 555 0 29 60 819
420 20 557 0 123 1 820
420 21 558 0 105 42 821
420 6 557 0 128 96 822
420 7 556 0 142 143 823
420 6 556 0 117 1 824
420 39 558 0 120 146 825
420 19 557 0 109 36 826
420 11 554 0 63 113 827
420 73 3405 1 156 90 828
420 39 555 0 102 140 829
420 7 557 0 173 171 830
420 12 555 0 103 22 831
420 15 555 0 93 51 832
420 6 556 0 15 4 833
420 20 557 0 198 85 834
420 4 555 0 96 13 835
420 6 556 0 63 86 836
420 12 556 0 113 13 837
420 12 556 0 101 26 838
420 29 558 0 149 33 839
420 6 556 0 46 189 840
420 41 554 0 179 186 841
420 45 558 0 113 48 842
430 53 3418 1 182 28 843
435 5 571 0 128 40 844
435 11 569 0 29 60 845
435 44 569 0 99 9 846
435 8 571 0 103 22 847
435 6 573 0 96 13 848
435 6 571 0 117 1 849
435 18 570 0 109 36 850
435 8 571 0 108 58 851
435 15 571 0 118 4 852
435 6 569 0 63 113 853
435 9 571 0 142 143 854
435 17 571 0 93 51 855
435 18 572 0 188 80 856
435 24 570 0 143 170 857
435 19 569 0 128 55 858
435 20 569 0 123 1 859
435 12 572 0 15 186 860
435 4 571 0 122 58 861
435 12 572 0 138 36 862
435 24 573 0 110 114 863
435 12 572 0 113 13 864
435 9 573 0 128 96 865
435 5 572 0 128 23 866
435 9 572 0 108 31 867
435 21 569 0 6 88 868
435 19 570 0 140 22 869
435 9 569 0 117 40 870
435 25 570 0 149 33 871
439 144 3425 1 166 118 872
441 39 3428 1 118 4 873
447 57 3432 1 99 1 874
450 18 584 0 102 36 875
450 3 586 0 128 40 876
450 16 585 0 128 55 877
450 24 586 0 188 80 878
450 19 587 0 166 118 879
450 6 587 0 108 58 880
450 6 588 0 117 40 881
450 11 588 0 182 28 882
450 32 585 0 99 9 883
450 15 588 0 132 13 884
450 25 588 0 40 105 885
450 23 584 0 118 4 886
450 9 584 0 108 31 887
450 17 587 0 123 1 888
450 10 587 0 113 13 889
450 42 586 0 18 115 890
450 10 586 0 156 90 891
450 4 586 0 128 23 892
450 39 585 0 2 3 893
450 3 583 0 185 66 894
450 30 586 0 66 134 895
450 9 586 0 142 143 896
450 6 585 0 117 1 897
450 15 586 0 109 36 898
453 65 3441 1 105 143 899
457 34 3441 1 83 108 900
463 61 3452 1 128 40 901
465 6 602 0 128 40 902
465 10 601 0 173 171 903
465 28 601 0 133 152 904
465 39 603 0 16 120 905
465 24 599 0 132 13 906
465 11 601 0 94 1 907
465 8 599 0 155 52 908
465 34 603 0 83 108 909
465 11 603 0 15 4 910
465 14 603 0 99 1 911
465 12 600 0 125 90 912
465 38 603 0 109 56 913
465 36 603 0 100 167 914
465 23 602 0 72 131 915
465 17 599 0 102 59 916
465 21 601 0 166 118 917
465 6 599 0 127 27 918
465 22 600 0 118 4 919
465 3 600 0 95 77 920
465 5 601 0 24 195 921
465 12 599 0 182 28 922
465 3 601 0 117 1 923
465 12 600 0 109 36 924
465 7 603 0 138 36 925
465 6 600 0 7 180 926
465 15 600 0 102 36 927
465 32 603 0 179 186 928
465 6 602 0 164 40 929
465 16 602 0 55 108 930
465 30 599 0 113 48 931
465 25 601 0 18 115 932
465 16 600 0 7 35 933
465 9 602 0 92 2 934
479 75 3464 1 72 131 935
480 4 618 0 127 27 936
480 23 617 0 7 35 937
480 7 616 0 29 60 938
480 9 617 0 15 4 939
480 11 616 0 148 56 940
480 35 614 0 99 9 941
480 24 616 0 66 169 942
480 10 615 0 101 26 943
480 4 615 0 96 13 944
480 16 616 0 72 131 945
480 8 619 0 108 31 946
480 3 615 0 24 195 947
480 12 614 0 105 42 948
480 12 616 0 132 13 949
480 6 614 0 128 40 950
480 3 616 0 95 77 951
480 3 615 0 117 1 952
480 6 615 0 105 143 953
480 25 615 0 182 79 954
480 22 618 0 52 37 955
480 41 617 0 155 122 956
480 7 618 0 94 1 957
480 21 616 0 128 55 958
480 44 616 0 153 145 959
480 9 615 0 117 40 960
487 46 3473 1 173 171 961
495 10 630 0 108 31 962
495 20 629 0 118 4 963
495 20 629 0 194 169 964
495 4 631 0 155 79 965
495 45 630 0 66 134 966
495 9 631 0 63 86 967
495 4 631 0 7 180 968
495 3 632 0 96 13 969
495 33 633 0 99 9 970
495 20 631 0 123 1 971
495 20 632 0 99 1 972
495 40 631 0 149 33 973
495 39 627 0 113 48 974
495 21 629 0 7 35 975
495 5 631 0 128 40 976
495 18 631 0 188 80 977
495 30 631 0 120 146 978
495 42 631 0 133 152 979
495 12 631 0 138 36 980
495 33 631 0 182 79 981
495 8 632 0 142 143 982
495 40 629 0 18 115 983
495 4 632 0 185 66 984
495 20 632 0 86 23 985
495 23 629 0 40 59 986
495 23 632 0 102 59 987
495 8 631 0 156 90 988
495 6 631 0 122 58 989
495 12 631 0 101 26 990
510 16 647 0 140 22 991
510 11 645 0 146 159 992
510 17 645 0 105 42 993
510 24 646 0 102 59 994
510 6 646 0 24 183 995
510 20 647 0 123 1 996
510 6 646 0 96 13 997
510 23 645 0 6 88 998
510 11 647 0 63 86 999
510 18 647 0 86 23 1000
510 16 645 0 93 51 1001
510 17 646 0 55 108 1002
510 19 644 0 128 55 1003
510 36 646 0 78 150 1004
510 3 647 0 117 1 1005
510 21 645 0 102 36 1006
510 3 646 0 128 23 1007
510 12 647 0 141 56 1008
510 7 646 0 178 113 1009
510 13 645 0 194 169 1010
510 37 646 0 18 115 1011
510 15 647 0 66 169 1012
515 48 3502 1 153 145 1013
524 55 3510 1 110 114 1014
525 8 661 0 29 60 1015
525 12 661 0 132 13 1016
525 19 660 0 125 90 1017
525 23 661 0 102 36 1018
525 3 662 0 24 195 1019
525 11 663 0 142 143 1020
525 5 661 0 117 1 1021
525 21 660 0 105 42 1022
525 6 660 0 105 143 1023
525 12 661 0 166 118 1024
525 28 661 0 155 122 1025
525 11 660 0 138 36 1026
525 8 659 0 63 113 1027
525 18 662 0 188 80 1028
525 12 662 0 108 58 1029
525 76 3509 1 24 195 1030
525 34 662 0 149 33 1031
525 9 661 0 94 1 1032
525 8 661 0 173 171 1033
525 21 660 0 55 108 1034
525 41 662 0 99 9 1035
525 8 661 0 101 26 1036
525 11 661 0 156 90 1037
525 12 660 0 118 4 1038
525 35 662 0 18 115 1039
525 8 663 0 178 113 1040
525 43 659 0 66 134 1041
525 12 661 0 86 23 1042
525 8 661 0 113 13 1043
525 34 660 0 109 56 1044
525 24 660 0 72 131 1045
525 18 661 0 25 122 1046
525 4 661 0 127 27 1047
525 22 661 0 146 119 1048
527 71 3513 1 15 186 1049
527 34 3515 1 94 1 1050
540 22 678 0 25 122 1051
540 29 674 0 113 48 1052
540 10 676 0 29 60 1053
540 9 676 0 24 183 1054
540 18 676 0 128 55 1055
540 18 674 0 66 169 1056
540 18 676 0 118 4 1057
540 12 680 0 138 36 1058
540 27 676 0 150 43 1059
540 11 679 0 103 22 1060
540 21 677 0 140 22 1061
540 21 674 0 67 20 1062
540 19 677 0 102 36 1063
540 11 673 0 142 143 1064
540 10 676 0 101 26 1065
540 21 678 0 52 37 1066
540 28 675 0 109 56 1067
540 16 676 0 132 13 1068
540 12 676 0 148 56 1069
540 20 674 0 146 119 1070
540 11 677 0 15 4 1071
540 25 676 0 123 1 1072
540 12 675 0 63 113 1073
540 30 676 0 149 33 1074
540 12 675 0 105 143 1075
545 36 3530 1 101 26 1076
547 51 3533 1 7 180 1077
555 17 692 0 102 36 1078
555 11 693 0 103 22 1079
555 7 691 0 113 13 1080
555 15 689 0 132 13 1081
555 36 691 0 109 56 1082
555 13 692 0 140 22 1083
555 12 690 0 108 31 1084
555 41 689 0 149 33 1085
555 10 690 0 146 159 1086
555 15 691 0 86 23 1087
555 23 692 0 118 4 1088
555 8 690 0 156 90 1089
555 41 690 0 179 186 1090
555 23 691 0 123 1 1091
555 21 691 0 125 90 1092
555 30 691 0 16 120 1093
555 5 690 0 155 79 1094
555 25 689 0 2 3 1095
555 6 693 0 117 1 1096
555 43 692 0 18 115 1097
555 42 693 0 155 122 1098
555 44 694 0 102 140 1099
555 6 691 0 161 34 1100
561 184 3547 1 143 170 1101
570 13 705 0 66 169 1102
570 8 706 0 101 26 1103
570 11 708 0 22 41 1104
570 40 707 0 57 122 1105
570 40 706 0 100 167 1106
570 5 706 0 122 58 1107
570 20 707 0 166 118 1108
570 37 708 0 149 33 1109
570 38 706 0 113 48 1110
570 12 706 0 173 171 1111
570 6 706 0 128 40 1112
570 21 708 0 188 80 1113
570 6 705 0 63 113 1114
570 12 707 0 138 36 1115
570 9 708 0 182 28 1116
570 23 706 0 105 42 1117
570 3 706 0 128 23 1118
570 23 703 0 146 119 1119
570 17 705 0 125 90 1120
570 11 707 0 29 60 1121
570 3 705 0 127 27 1122
570 8 707 0 103 1 1123
570 20 705 0 140 22 1124
570 6 706 0 63 86 1125
570 9 707 0 156 90 1126
570 22 706 0 118 4 1127
570 35 705 0 2 3 1128
570 11 707 0 113 13 1129
570 11 706 0 117 40 1130
570 8 707 0 15 4 1131
570 18 706 0 132 13 1132
570 24 708 0 109 36 1133
570 21 707 0 102 36 1134
570 29 705 0 83 108 1135
585 10 722 0 103 22 1136
585 3 721 0 117 1 1137
585 34 720 0 109 56 1138
585 9 721 0 138 36 1139
585 5 721 0 128 40 1140
585 8 721 0 92 2 1141
585 27 721 0 120 146 1142
585 7 721 0 103 1 1143
585 9 724 0 156 90 1144
585 27 720 0 83 108 1145
585 12 722 0 148 56 1146
585 44 721 0 149 33 1147
585 23 721 0 102 59 1148
585 34 723 0 102 140 1149
585 11 722 0 117 40 1150
585 8 723 0 63 86 1151
585 16 720 0 7 35 1152
585 6 719 0 122 58 1153
585 35 721 0 182 79 1154
585 25 721 0 67 20 1155
585 24 720 0 166 118 1156
585 7 721 0 113 13 1157
585 9 722 0 105 143 1158
585 20 723 0 13 75 1159
585 4 722 0 7 180 1160
585 8 722 0 182 28 1161
585 39 721 0 100 167 1162
585 15 722 0 123 1 1163
585 17 719 0 105 42 1164
585 12 722 0 143 170 1165
585 22 722 0 66 169 1166
585 4 722 0 96 13 1167
585 22 720 0 52 37 1168
600 17 734 0 141 56 1169
600 13 735 0 102 36 1170
600 4 736 0 122 58 1171
600 20 736 0 140 22 1172
600 29 735 0 102 140 1173
600 8 735 0 178 113 1174
600 6 736 0 108 58 1175
600 8 737 0 117 40 1176
600 29 735 0 153 145 1177
600 27 737 0 149 33 1178
600 18 737 0 86 23 1179
600 13 733 0 109 36 1180
600 20 737 0 105 42 1181
600 3 736 0 10 193 1182
600 40 736 0 113 48 1183
600 9 737 0 113 13 1184
600 3 735 0 117 1 1185
600 12 737 0 148 56 1186
600 45 737 0 99 9 1187
600 12 737 0 110 114 1188
600 5 735 0 128 40 1189
600 14 734 0 123 1 1190
600 5 735 0 7 180 1191
600 38 736 0 57 122 1192
600 6 739 0 128 23 1193
600 27 737 0 40 105 1194
600 27 737 0 18 115 1195
600 11 735 0 15 186 1196
600 25 737 0 146 119 1197
600 10 737 0 101 26 1198
600 4 736 0 164 40 1199
600 22 738 0 7 35 1200
600 10 738 0 155 52 1201
600 18 737 0 125 90 1202
600 15 737 0 118 4 1203
600 12 736 0 132 13 1204
600 12 734 0 15 4 1205
600 17 736 0 198 85 1206
609 65 3597 1 161 34 1207
615 12 751 0 123 1 1208
615 17 750 0 188 80 1209
615 11 752 0 15 4 1210
615 44 752 0 57 122 1211
615 12 752 0 29 60 1212
615 6 751 0 156 90 1213
615 6 748 0 96 13 1214
615 20 749 0 105 42 1215
615 4 751 0 127 27 1216
615 14 753 0 52 37 1217
615 11 752 0 24 183 1218
615 29 751 0 99 9 1219
615 7 753 0 113 13 1220
615 8 752 0 146 159 1221
615 36 751 0 150 43 1222
615 5 754 0 10 193 1223
615 10 750 0 138 36 1224
615 37 751 0 109 56 1225
615 11 753 0 148 56 1226
615 12 750 0 198 85 1227
615 24 751 0 55 108 1228
615 7 752 0 92 2 1229
615 19 752 0 102 59 1230
615 18 750 0 25 122 1231
615 11 752 0 101 26 1232
618 42 3602 1 95 77 1233
630 11 767 0 146 159 1234
630 6 767 0 24 195 1235
630 5 765 0 122 58 1236
630 6 765 0 127 27 1237
630 25 765 0 194 169 1238
630 13 767 0 123 1 1239
630 17 766 0 99 1 1240
630 5 765 0 128 40 1241
630 6 766 0 24 183 1242
630 11 765 0 109 1 1243
630 42 766 0 120 146 1244
630 34 767 0 102 140 1245
630 14 765 0 102 59 1246
630 30 768 0 109 56 1247
630 20 766 0 6 88 1248
630 28 767 0 63 134 1249
630 26 763 0 113 48 1250
630 10 764 0 113 13 1251
630 12 764 0 15 186 1252
630 45 765 0 83 108 1253
630 12 767 0 155 52 1254
630 6 765 0 63 113 1255
630 38 767 0 149 33 1256
630 21 767 0 72 131 1257
630 12 767 0 140 22 1258
630 22 766 0 118 4 1259
630 32 766 0 66 134 1260
630 25 768 0 25 122 1261
630 18 766 0 109 36 1262
630 7 766 0 117 40 1263
630 34 764 0 133 152 1264
630 15 766 0 166 118 1265
645 12 782 0 117 40 1266
645 20 780 0 132 13 1267
645 41 780 0 133 152 1268
645 12 781 0 102 36 1269
645 31 781 0 2 3 1270
645 14 780 0 166 118 1271
645 5 782 0 117 1 1272
645 3 782 0 161 34 1273
645 33 782 0 150 43 1274
645 11 778 0 113 13 1275
645 22 782 0 66 169 1276
645 36 781 0 78 150 1277
645 44 778 0 63 134 1278
645 3 779 0 127 27 1279
645 16 782 0 102 59 1280
645 11 782 0 22 41 1281
645 15 780 0 188 80 1282
645 21 781 0 13 75 1283
645 6 780 0 122 58 1284
645 10 782 0 138 36 1285
645 5 782 0 37 7 1286
645 7 781 0 109 1 1287
645 6 782 0 128 40 1288
645 16 781 0 25 122 1289
645 34 778 0 100 167 1290
645 23 782 0 109 36 1291
645 43 781 0 182 79 1292
660 6 796 0 96 13 1293
660 8 798 0 117 40 1294
660 39 794 0 150 43 1295
660 42 795 0 133 152 1296
660 10 796 0 108 58 1297
660 15 796 0 55 108 1298
660 24 796 0 66 169 1299
660 8 795 0 113 13 1300
660 17 795 0 166 118 1301
660 12 795 0 142 143 1302
660 37 795 0 182 79 1303
660 17 795 0 146 119 1304
660 12 796 0 40 59 1305
660 21 795 0 67 20 1306
660 9 792 0 46 189 1307
660 3 799 0 152 41 1308
660 4 797 0 127 27 1309
660 4 796 0 128 40 1310
660 25 794 0 143 170 1311
660 6 795 0 138 36 1312
660 39 796 0 99 9 1313
660 25 796 0 6 88 1314
660 6 795 0 103 22 1315
675 71 3660 1 127 27 1316
675 26 813 0 102 140 1317
675 23 809 0 194 169 1318
675 5 812 0 122 58 1319
675 12 811 0 166 118 1320
675 9 811 0 92 2 1321
675 9 811 0 15 186 1322
675 11 810 0 148 56 1323
675 5 811 0 7 180 1324
675 32 809 0 18 115 1325
675 16 809 0 67 20 1326
675 13 811 0 25 122 1327
675 6 810 0 161 34 1328
675 11 811 0 155 52 1329
675 32 812 0 109 56 1330
675 4 812 0 24 195 1331
675 24 810 0 13 75 1332
675 5 812 0 128 40 1333
675 27 811 0 99 9 1334
675 6 811 0 103 22 1335
675 6 811 0 155 79 1336
675 3 808 0 127 27 1337
675 17 813 0 132 13 1338
675 4 812 0 185 66 1339
675 24 812 0 66 169 1340
675 45 809 0 149 33 1341
675 7 813 0 113 13 1342
675 25 813 0 118 4 1343
675 38 811 0 113 48 1344
675 21 812 0 105 42 1345
675 10 810 0 138 36 1346
677 68 3663 1 117 40 1347
690 29 827 0 153 145 1348
690 41 829 0 40 105 1349
690 6 827 0 117 1 1350
690 12 827 0 138 36 1351
690 23 826 0 188 80 1352
690 7 826 0 113 13 1353
690 35 826 0 78 150 1354
690 10 823 0 108 31 1355
690 19 826 0 7 35 1356
690 3 827 0 127 27 1357
690 7 826 0 22 41 1358
690 12 827 0 105 42 1359
690 29 826 0 155 122 1360
690 13 825 0 50 121 1361
690 20 827 0 140 22 1362
690 24 824 0 67 20 1363
690 8 826 0 101 26 1364
690 20 824 0 86 23 1365
690 24 828 0 66 169 1366
690 9 827 0 94 1 1367
690 12 826 0 102 36 1368
690 4 826 0 96 13 1369
690 7 826 0 128 96 1370
690 21 825 0 99 1 1371
690 5 826 0 122 58 1372
690 10 829 0 117 40 1373
690 43 825 0 99 9 1374
690 12 826 0 132 13 1375
690 38 826 0 150 43 1376
694 44 3680 1 50 121 1377
705 7 841 0 109 1 1378
705 26 841 0 153 145 1379
705 15 839 0 52 37 1380
705 5 843 0 117 1 1381
705 25 841 0 86 23 1382
705 4 843 0 155 79 1383
705 31 840 0 63 134 1384
705 6 841 0 94 1 1385
705 5 839 0 128 23 1386
705 6 841 0 96 13 1387
705 6 840 0 127 27 1388
705 17 840 0 123 1 1389
705 20 839 0 194 169 1390
705 6 841 0 122 58 1391
705 14 841 0 118 4 1392
705 6 841 0 128 40 1393
705 12 838 0 105 42 1394
705 9 839 0 63 86 1395
705 19 842 0 198 85 1396
705 23 842 0 132 13 1397
705 6 843 0 24 195 1398
705 45 840 0 149 33 1399
705 6 840 0 15 4 1400
705 17 840 0 140 22 1401
705 7 843 0 92 2 1402
705 17 841 0 166 118 1403
705 14 840 0 110 114 1404
705 10 841 0 113 13 1405
705 3 842 0 7 180 1406
705 33 840 0 16 120 1407
705 28 842 0 99 9 1408
705 25 842 0 18 115 1409
705 24 840 0 143 170 1410
705 9 841 0 105 143 1411
705 45 839 0 155 122 1412
705 13 842 0 93 51 1413
705 12 841 0 102 36 1414
705 6 841 0 142 143 1415
720 9 856 0 108 58 1416
720 4 858 0 95 77 1417
720 5 856 0 128 23 1418
720 14 854 0 132 13 1419
720 3 857 0 24 195 1420
720 42 855 0 63 134 1421
720 10 857 0 103 22 1422
720 15 856 0 140 22 1423
720 35 857 0 182 79 1424
720 37 856 0 66 134 1425
720 7 854 0 108 31 1426
720 18 855 0 198 85 1427
720 3 855 0 7 180 1428
720 29 859 0 155 122 1429
720 21 856 0 118 4 1430
720 10 856 0 24 183 1431
720 9 855 0 29 60 1432
720 7 855 0 146 159 1433
720 34 857 0 2 3 1434
720 21 856 0 143 170 1435
720 44 854 0 150 43 1436
720 37 857 0 109 56 1437
720 9 856 0 138 36 1438
720 10 855 0 178 113 1439
720 3 855 0 128 40 1440
720 3 856 0 122 58 1441
720 24 855 0 86 23 1442
735 6 870 0 96 13 1443
735 22 871 0 7 35 1444
735 13 873 0 194 169 1445
735 13 872 0 109 36 1446
735 7 869 0 101 26 1447
735 19 870 0 128 55 1448
735 37 871 0 99 9 1449
735 11 870 0 173 171 1450
735 8 869 0 138 36 1451
735 39 870 0 18 115 1452
735 10 872 0 24 183 1453
735 8 872 0 108 31 1454
735 19 870 0 55 108 1455
735 18 871 0 67 20 1456
735 5 871 0 155 79 1457
735 5 871 0 127 27 1458
735 25 871 0 123 1 1459
735 3 873 0 72 194 1460
735 25 872 0 141 56 1461
735 5 872 0 128 40 1462
735 3 872 0 152 41 1463
735 6 870 0 185 66 1464
735 20 870 0 140 22 1465
747 55 3733 1 96 13 1466
750 25 886 0 86 23 1467
750 12 887 0 155 52 1468
750 6 886 0 101 26 1469
750 24 885 0 102 36 1470
750 3 887 0 128 23 1471
750 5 886 0 161 34 1472
750 38 886 0 133 152 1473
750 31 885 0 149 33 1474
750 12 886 0 117 40 1475
750 8 884 0 108 58 1476
750 29 885 0 78 150 1477
750 9 885 0 182 28 1478
750 6 884 0 185 66 1479
750 25 886 0 109 36 1480
750 22 886 0 166 118 1481
750 3 887 0 95 77 1482
750 13 887 0 118 4 1483
750 13 885 0 102 59 1484
750 6 885 0 63 86 1485
750 23 887 0 25 122 1486
750 11 885 0 15 186 1487
750 44 886 0 40 105 1488
750 7 887 0 103 22 1489
750 4 885 0 96 13 1490
750 13 887 0 55 108 1491
750 12 887 0 156 90 1492
750 6 886 0 37 7 1493
750 23 888 0 146 119 1494
750 7 887 0 15 4 1495
750 8 888 0 46 189 1496
750 8 884 0 113 13 1497
750 20 888 0 188 80 1498
750 5 888 0 128 40 1499
750 24 884 0 123 1 1500
750 37 885 0 109 56 1501
750 45 885 0 16 120 1502
750 22 885 0 125 90 1503
765 7 902 0 113 13 1504
765 6 900 0 101 26 1505
765 12 902 0 103 22 1506
765 11 901 0 128 96 1507
765 17 901 0 55 108 1508
765 39 903 0 18 115 1509
765 6 901 0 128 40 1510
765 22 901 0 132 13 1511
765 45 901 0 179 186 1512
765 23 900 0 7 35 1513
765 12 900 0 105 143 1514
765 8 902 0 138 36 1515
765 24 899 0 102 36 1516
765 35 900 0 83 108 1517
765 43 901 0 153 145 1518
765 4 900 0 185 66 1519
765 6 901 0 117 1 1520
765 12 901 0 141 56 1521
765 45 901 0 113 48 1522
765 25 901 0 123 1 1523
765 32 899 0 63 134 1524
765 12 902 0 103 1 1525
765 9 902 0 29 60 1526
765 20 902 0 67 20 1527
765 7 900 0 108 31 1528
765 36 899 0 109 56 1529
765 17 901 0 6 88 1530
765 13 900 0 109 36 1531
765 9 901 0 146 159 1532
765 25 900 0 105 42 1533
765 14 899 0 52 37 1534
780 21 915 0 109 36 1535
780 26 915 0 78 150 1536
780 12 915 0 182 28 1537
780 45 915 0 99 9 1538
780 4 914 0 7 180 1539
780 18 916 0 66 169 1540
780 33 915 0 66 134 1541
780 11 915 0 29 60 1542
780 12 916 0 108 58 1543
780 3 916 0 127 27 1544
780 12 916 0 102 36 1545
780 12 915 0 140 22 1546
780 25 914 0 50 121 1547
780 11 916 0 117 40 1548
780 3 916 0 96 13 1549
780 9 918 0 101 26 1550
780 27 916 0 40 105 1551
780 12 915 0 148 56 1552
780 21 916 0 128 55 1553
780 6 917 0 10 193 1554
780 7 915 0 108 31 1555
780 38 915 0 133 152 1556
780 8 915 0 94 1 1557
780 24 916 0 25 122 1558
780 43 918 0 100 167 1559
780 10 915 0 63 86 1560
780 6 917 0 122 58 1561
780 30 914 0 149 33 1562
780 20 916 0 123 1 1563
780 5 915 0 37 7 1564
795 30 931 0 133 152 1565
795 15 932 0 50 121 1566
795 30 931 0 40 105 1567
795 10 930 0 108 31 1568
795 12 933 0 156 90 1569
795 30 931 0 83 108 1570
795 6 932 0 37 7 1571
795 13 933 0 128 55 1572
795 25 931 0 109 36 1573
795 25 930 0 113 48 1574
795 11 932 0 148 56 1575
795 8 930 0 103 22 1576
795 3 932 0 164 40 1577
795 23 933 0 123 1 1578
795 6 932 0 155 79 1579
795 9 928 0 109 1 1580
795 19 930 0 6 88 1581
795 25 929 0 132 13 1582
795 25 930 0 118 4 1583
795 5 929 0 122 58 1584
795 10 934 0 138 36 1585
795 36 931 0 63 134 1586
795 13 933 0 141 56 1587
795 37 929 0 100 167 1588
795 19 933 0 55 108 1589
795 23 932 0 40 59 1590
795 18 931 0 105 42 1591
795 12 934 0 24 183 1592
810 12 946 0 188 80 1593
810 3 944 0 128 23 1594
810 6 946 0 113 13 1595
810 45 946 0 109 56 1596
810 25 945 0 83 108 1597
810 20 947 0 105 42 1598
810 6 946 0 128 40 1599
810 11 948 0 108 31 1600
810 7 945 0 117 40 1601
810 13 946 0 50 121 1602
810 3 948 0 37 7 1603
810 25 947 0 166 118 1604
810 3 947 0 127 27 1605
810 21 946 0 128 55 1606
810 17 946 0 123 1 1607
810 8 946 0 15 4 1608
810 8 947 0 29 60 1609
810 24 945 0 118 4 1610
810 14 945 0 102 36 1611
810 5 944 0 96 13 1612
814 71 3801 1 185 66 1613
825 17 961 0 128 55 1614
825 24 961 0 123 1 1615
825 24 961 0 7 35 1616
825 3 961 0 128 23 1617
825 12 961 0 55 108 1618
825 28 961 0 100 167 1619
825 6 961 0 10 193 1620
825 5 962 0 127 27 1621
825 41 961 0 78 150 1622
825 9 962 0 173 171 1623
825 19 961 0 105 42 1624
825 25 960 0 66 169 1625
825 16 961 0 118 4 1626
825 8 962 0 138 36 1627
825 6 961 0 96 13 1628
825 25 961 0 6 88 1629
825 6 960 0 103 22 1630
825 43 961 0 66 134 1631
825 9 959 0 108 31 1632
825 12 959 0 101 26 1633
825 8 961 0 113 13 1634
825 6 963 0 164 40 1635
825 14 960 0 50 121 1636
825 6 960 0 156 90 1637
835 171 3821 1 72 131 1638
840 33 977 0 40 105 1639
840 12 975 0 148 56 1640
840 30 977 0 66 134 1641
840 16 976 0 105 42 1642
840 31 976 0 83 108 1643
840 7 975 0 24 183 1644
840 38 978 0 99 9 1645
840 6 977 0 173 171 1646
840 16 976 0 93 51 1647
840 9 977 0 103 1 1648
840 6 977 0 128 23 1649
840 28 975 0 133 152 1650
840 11 974 0 94 1 1651
840 16 976 0 128 55 1652
840 38 972 0 149 33 1653
840 24 975 0 67 20 1654
840 42 976 0 109 56 1655
840 4 978 0 128 40 1656
840 19 978 0 86 23 1657
840 6 977 0 103 22 1658
840 15 976 0 123 1 1659
840 11 977 0 101 26 1660
840 4 975 0 96 13 1661
840 10 977 0 138 36 1662
840 20 978 0 7 35 1663
840 24 978 0 13 75 1664
840 34 976 0 63 134 1665
840 12 975 0 63 113 1666
840 21 977 0 194 169 1667
840 18 976 0 109 36 1668
855 19 990 0 13 75 1669
855 18 990 0 194 169 1670
855 6 991 0 185 66 1671
855 10 991 0 103 22 1672
855 33 991 0 109 56 1673
855 9 989 0 138 36 1674
855 26 992 0 149 33 1675
855 19 991 0 67 20 1676
855 4 991 0 24 195 1677
855 5 991 0 152 41 1678
855 23 990 0 128 55 1679
855 7 992 0 117 40 1680
855 21 991 0 146 119 1681
855 41 991 0 120 146 1682
855 23 989 0 109 36 1683
855 6 989 0 127 27 1684
855 24 991 0 123 1 1685
855 45 991 0 18 115 1686
855 23 990 0 86 23 1687
855 11 990 0 113 13 1688
855 18 989 0 132 13 1689
855 3 991 0 96 13 1690
855 42 993 0 113 48 1691
855 26 989 0 99 9 1692
855 5 990 0 37 7 1693
855 5 991 0 95 77 1694
855 6 991 0 146 159 1695
855 23 990 0 110 114 1696
855 30 988 0 179 186 1697
859 43 3845 1 103 1 1698
866 61 3852 1 128 96 1699
870 43 1005 0 149 33 1700
870 15 1007 0 6 88 1701
870 15 1007 0 140 22 1702
870 36 1008 0 153 145 1703
870 5 1006 0 95 77 1704
870 22 1006 0 128 55 1705
870 6 1008 0 24 183 1706
870 6 1007 0 37 7 1707
870 12 1004 0 63 113 1708
870 7 1006 0 117 40 1709
870 20 1007 0 72 131 1710
870 6 1005 0 113 13 1711
870 16 1007 0 125 90 1712
870 15 1005 0 93 51 1713
870 35 1006 0 78 150 1714
870 23 1005 0 102 59 1715
870 10 1005 0 63 86 1716
870 32 1008 0 179 186 1717
870 17 1005 0 102 36 1718
870 9 1006 0 138 36 1719
870 12 1006 0 182 28 1720
870 4 1005 0 161 34 1721
870 8 1006 0 108 31 1722
870 6 1007 0 128 40 1723
870 10 1007 0 101 26 1724
870 16 1005 0 55 108 1725
870 34 1007 0 109 56 1726
870 14 1007 0 123 1 1727
870 12 1006 0 105 42 1728
870 25 1006 0 198 85 1729
870 5 1007 0 10 193 1730
870 21 1006 0 109 36 1731
870 20 1004 0 7 35 1732
870 6 1007 0 105 143 1733
885 37 1019 0 83 108 1734
885 17 1018 0 194 169 1735
885 12 1021 0 29 60 1736
885 35 1022 0 100 167 1737
885 13 1020 0 166 118 1738
885 15 1023 0 132 13 1739
885 34 1020 0 66 134 1740
885 6 1019 0 63 86 1741
885 4 1018 0 161 34 1742
885 5 1022 0 117 1 1743
885 25 1023 0 188 80 1744
885 12 1022 0 108 31 1745
885 27 1020 0 182 79 1746
885 16 1020 0 50 121 1747
885 38 1020 0 99 9 1748
885 8 1021 0 108 58 1749
885 3 1020 0 72 194 1750
885 6 1021 0 96 13 1751
885 10 1021 0 105 143 1752
885 11 1020 0 138 36 1753
885 10 1020 0 109 1 1754
885 6 1020 0 146 159 1755
885 26 1021 0 150 43 1756
885 4 1021 0 155 79 1757
885 25 1021 0 149 33 1758
900 11 1037 0 29 60 1759
900 23 1035 0 128 55 1760
900 51 3889 1 166 118 1761
900 22 1036 0 140 22 1762
900 11 1035 0 105 143 1763
900 9 1036 0 101 26 1764
900 16 1036 0 102 59 1765
900 24 1037 0 105 42 1766
900 3 1035 0 152 41 1767
900 19 1037 0 102 36 1768
900 33 1037 0 83 108 1769
900 22 1036 0 55 108 1770
900 12 1036 0 182 28 1771
900 16 1036 0 123 1 1772
900 7 1037 0 103 22 1773
900 17 1034 0 40 59 1774
900 4 1037 0 161 34 1775
900 21 1036 0 86 23 1776
900 3 1035 0 127 27 1777
900 25 1037 0 132 13 1778
900 3 1036 0 72 194 1779
900 39 1035 0 40 105 1780
900 35 1037 0 150 43 1781
900 42 1034 0 18 115 1782
900 28 1033 0 149 33 1783
900 9 1037 0 113 13 1784
900 3 1037 0 164 40 1785
900 5 1036 0 122 58 1786
900 9 1035 0 148 56 1787
900 15 1038 0 146 119 1788
900 23 1035 0 67 20 1789
900 19 1039 0 72 131 1790
912 155 3898 1 93 51 1791
915 4 1049 0 24 195 1792
915 24 1049 0 99 1 1793
915 11 1050 0 155 52 1794
915 11 1051 0 146 159 1795
915 4 1051 0 122 58 1796
915 21 1052 0 66 169 1797
915 11 1050 0 15 186 1798
915 12 1050 0 132 13 1799
915 8 1050 0 29 60 1800
915 22 1050 0 102 36 1801
915 12 1052 0 7 35 1802
915 37 1050 0 113 48 1803
915 7 1050 0 109 1 1804
915 7 1052 0 178 113 1805
915 6 1052 0 152 41 1806
915 17 1052 0 141 56 1807
915 42 1052 0 83 108 1808
915 12 1052 0 128 55 1809
915 44 1051 0 40 105 1810
915 33 1052 0 179 186 1811
915 16 1051 0 55 108 1812
915 41 1049 0 2 3 1813
915 14 1050 0 166 118 1814
915 25 1052 0 78 150 1815
920 52 3908 1 24 183 1816
930 6 1067 0 96 13 1817
930 21 1065 0 128 55 1818
930 7 1069 0 109 1 1819
930 6 1063 0 117 1 1820
930 4 1066 0 164 40 1821
930 3 1067 0 127 27 1822
930 6 1067 0 173 171 1823
930 40 1067 0 113 48 1824
930 22 1064 0 143 170 1825
930 6 1067 0 7 180 1826
930 3 1064 0 122 58 1827
930 29 1066 0 109 56 1828
930 9 1066 0 24 183 1829
930 20 1067 0 132 13 1830
930 36 1065 0 155 122 1831
930 7 1069 0 148 56 1832
930 6 1067 0 63 86 1833
930 11 1067 0 108 31 1834
930 32 1068 0 100 167 1835
930 43 1067 0 102 140 1836
930 17 1064 0 66 169 1837
930 25 1067 0 102 36 1838
930 9 1066 0 128 96 1839
930 24 1066 0 105 42 1840
936 75 3922 1 120 146 1841
945 5 1080 0 96 13 1842
945 29 1080 0 155 122 1843
945 9 1079 0 29 60 1844
945 28 1081 0 109 56 1845
945 4 1081 0 128 40 1846
945 4 1081 0 122 58 1847
945 12 1081 0 198 85 1848
945 8 1081 0 108 31 1849
945 5 1082 0 127 27 1850
945 12 1083 0 86 23 1851
945 6 1081 0 101 26 1852
945 15 1081 0 109 36 1853
945 32 1082 0 113 48 1854
945 38 1081 0 99 9 1855
945 5 1080 0 152 41 1856
945 19 1083 0 132 13 1857
945 4 1081 0 164 40 1858
945 38 1081 0 179 186 1859
945 15 1082 0 102 36 1860
945 3 1080 0 95 77 1861
945 35 1083 0 66 134 1862
945 6 1080 0 117 1 1863
945 12 1081 0 128 55 1864
960 6 1096 0 185 66 1865
960 43 1094 0 83 108 1866
960 20 1097 0 55 108 1867
960 6 1094 0 128 96 1868
960 8 1095 0 103 22 1869
960 14 1096 0 123 1 1870
960 4 1094 0 127 27 1871
960 7 1096 0 117 40 1872
960 11 1097 0 138 36 1873
960 30 1097 0 149 33 1874
960 5 1095 0 128 40 1875
960 14 1095 0 140 22 1876
960 13 1095 0 66 169 1877
960 14 1096 0 109 36 1878
960 15 1095 0 198 85 1879
960 45 1097 0 100 167 1880
960 19 1095 0 6 88 1881
960 16 1093 0 40 59 1882
960 15 1097 0 13 75 1883
960 9 1096 0 113 13 1884
960 41 1098 0 99 9 1885
960 10 1097 0 22 41 1886
960 25 1096 0 132 13 1887
960 5 1096 0 37 7 1888
960 7 1096 0 155 52 1889
960 16 1095 0 93 51 1890
960 12 1097 0 142 143 1891
960 7 1097 0 103 1 1892
960 8 1095 0 173 171 1893
960 3 1095 0 128 23 1894
972 139 3959 1 102 36 1895
975 9 1113 0 138 36 1896
975 25 1110 0 40 59 1897
975 4 1112 0 128 40 1898
975 12 1109 0 123 1 1899
975 45 1109 0 109 56 1900
975 25 1111 0 66 169 1901
975 9 1111 0 103 1 1902
975 41 1111 0 16 120 1903
975 31 1111 0 153 145 1904
975 5 1111 0 161 34 1905
975 19 1111 0 105 42 1906
975 4 1109 0 96 13 1907
975 29 1110 0 133 152 1908
975 6 1111 0 127 27 1909
975 24 1112 0 140 22 1910
975 6 1113 0 7 180 1911
975 24 1111 0 146 119 1912
975 10 1111 0 63 113 1913
975 14 1109 0 141 56 1914
975 4 1111 0 72 194 1915
975 23 1112 0 109 36 1916
975 12 1109 0 101 26 1917
975 29 1111 0 99 9 1918
975 6 1111 0 146 159 1919
975 14 1109 0 132 13 1920
990 8 1126 0 92 2 1921
990 6 1125 0 128 23 1922
990 25 1125 0 132 13 1923
990 5 1126 0 10 193 1924
990 31 1127 0 100 167 1925
990 29 1127 0 179 186 1926
990 35 1126 0 109 56 1927
990 12 1126 0 182 28 1928
990 35 1126 0 149 33 1929
990 21 1126 0 50 121 1930
990 6 1127 0 108 58 1931
990 26 1125 0 99 9 1932
990 16 1128 0 109 36 1933
990 6 1124 0 72 194 1934
990 21 1126 0 140 22 1935
990 45 1125 0 113 48 1936
990 6 1124 0 128 40 1937
990 22 1127 0 118 4 1938
990 14 1125 0 146 119 1939
990 40 1128 0 155 122 1940
990 6 1126 0 96 13 1941
990 3 1127 0 152 41 1942
990 10 1126 0 138 36 1943
990 4 1126 0 24 195 1944
990 12 1125 0 102 36 1945
990 5 1127 0 155 79 1946
990 16 1127 0 25 122 1947
990 6 1126 0 122 58 1948
990 4 1123 0 185 66 1949
990 3 1126 0 117 1 1950
990 40 1127 0 78 150 1951
990 12 1126 0 117 40 1952
990 7 1126 0 29 60 1953
999 37 3985 1 78 150 1954
1005 36 1140 0 113 48 1955
1005 12 1141 0 105 42 1956
1005 14 1140 0 72 131 1957
1005 43 1141 0 149 33 1958
1005 9 1140 0 138 36 1959
1005 8 1142 0 15 186 1960
1005 43 1141 0 109 56 1961
1005 28 1140 0 155 122 1962
1005 23 1140 0 123 1 1963
1005 42 1142 0 153 145 1964
1005 8 1143 0 178 113 1965
1005 3 1140 0 127 27 1966
1005 45 1143 0 150 43 1967
1005 29 1143 0 83 108 1968
1005 8 1141 0 105 143 1969
1005 25 1141 0 188 80 1970
1005 3 1139 0 10 193 1971
1005 39 1141 0 16 120 1972
1005 5 1141 0 128 40 1973
1005 4 1142 0 72 194 1974
1005 42 1139 0 57 122 1975
1005 8 1140 0 94 1 1976
1005 11 1142 0 108 31 1977
1005 8 1142 0 103 1 1978
1009 44 3994 1 155 122 1979
1013 164 3998 1 37 7 1980
1020 7 1157 0 113 13 1981
1020 38 1158 0 113 48 1982
1020 44 1156 0 99 9 1983
1020 20 1157 0 86 23 1984
1020 4 1157 0 128 23 1985
1020 15 1157 0 166 118 1986
1020 20 1156 0 102 36 1987
1020 12 1156 0 40 59 1988
1020 3 1156 0 95 77 1989
1020 41 1157 0 182 79 1990
1020 11 1157 0 117 40 1991
1020 8 1155 0 142 143 1992
1020 4 1156 0 117 1 1993
1020 17 1157 0 188 80 1994
1020 21 1155 0 105 42 1995
1020 6 1157 0 96 13 1996
1020 6 1157 0 128 96 1997
1020 10 1155 0 109 1 1998
1020 6 1155 0 15 186 1999
1020 41 1158 0 109 56 2000
1020 4 1153 0 72 194 2001
1020 40 1155 0 63 134 2002
1020 19 1157 0 140 22 2003
1020 10 1153 0 101 26 2004
1020 21 1157 0 194 169 2005
1020 24 1155 0 55 108 2006
1020 25 1157 0 57 122 2007
1025 152 4010 1 188 80 2008
1032 38 4016 1 182 79 2009
1035 19 1171 0 132 13 2010
1035 28 1169 0 78 150 2011
1035 19 1170 0 123 1 2012
1035 11 1172 0 117 40 2013
1035 44 1173 0 149 33 2014
1035 7 1172 0 101 26 2015
1035 15 1173 0 109 36 2016
1035 6 1171 0 128 23 2017
1035 21 1170 0 140 22 2018
1035 29 1171 0 113 48 2019
1035 43 1171 0 63 134 2020
1035 14 1172 0 146 119 2021
1035 19 1170 0 118 4 2022
1035 20 1172 0 55 108 2023
1035 18 1171 0 102 36 2024
1035 12 1170 0 99 1 2025
1035 8 1172 0 46 189 2026
1035 24 1170 0 166 118 2027
1035 11 1172 0 138 36 2028
1035 22 1172 0 105 42 2029
1035 28 1172 0 16 120 2030
1035 33 1171 0 99 9 2031
1035 28 1170 0 57 122 2032
1035 35 1174 0 153 145 2033
1035 5 1171 0 122 58 2034
1035 21 1171 0 194 169 2035
1035 4 1173 0 7 180 2036
1035 11 1173 0 105 143 2037
1038 74 4025 1 63 134 2038
1050 33 1187 0 150 43 2039
1050 23 1185 0 102 36 2040
1050 8 1187 0 103 1 2041
1050 6 1186 0 72 194 2042
1050 24 1184 0 13 75 2043
1050 14 1184 0 118 4 2044
1050 12 1186 0 146 119 2045
1050 6 1185 0 37 7 2046
1050 34 1188 0 113 48 2047
1050 31 1186 0 149 33 2048
1050 4 1188 0 128 40 2049
1050 20 1185 0 140 22 2050
1050 5 1186 0 10 193 2051
1050 10 1186 0 24 183 2052
1050 8 1186 0 103 22 2053
1050 6 1184 0 101 26 2054
1050 13 1187 0 102 59 2055
1050 5 1184 0 127 27 2056
1050 10 1186 0 142 143 2057
1050 3 1184 0 117 1 2058
1050 12 1184 0 155 52 2059
1050 3 1187 0 164 40 2060
1050 14 1187 0 132 13 2061
1050 12 1188 0 146 159 2062
1050 5 1187 0 161 34 2063
1050 36 1187 0 83 108 2064
1050 12 1184 0 109 1 2065
1050 15 1186 0 128 55 2066
1050 8 1187 0 138 36 2067
1050 11 1185 0 15 186 2068
1050 19 1185 0 72 131 2069
1060 80 4046 1 149 33 2070
1065 43 1201 0 150 43 2071
1065 6 1201 0 96 13 2072
1065 42 1200 0 102 140 2073
1065 15 1201 0 25 122 2074
1065 22 1200 0 102 36 2075
1065 4 1204 0 152 41 2076
1065 7 1201 0 113 13 2077
1065 6 1199 0 24 183 2078
1065 44 1201 0 57 122 2079
1065 17 1201 0 140 22 2080
1065 15 1198 0 141 56 2081
1065 33 1202 0 99 9 2082
1065 13 1198 0 55 108 2083
1065 38 1201 0 113 48 2084
1065 36 1202 0 78 150 2085
1065 21 1200 0 118 4 2086
1065 10 1201 0 15 186 2087
1065 14 1198 0 146 119 2088
1065 12 1199 0 101 26 2089
1065 38 1201 0 40 105 2090
1065 4 1200 0 117 1 2091
1065 9 1199 0 138 36 2092
1065 3 1202 0 10 193 2093
1065 24 1201 0 128 55 2094
1065 6 1202 0 7 180 2095
1073 159 4059 1 102 140 2096
1075 56 4060 1 108 31 2097
1080 7 1218 0 92 2 2098
1080 11 1215 0 109 1 2099
1080 40 1216 0 182 79 2100
1080 6 1215 0 22 41 2101
1080 33 1217 0 100 167 2102
1080 12 1215 0 24 183 2103
1080 39 1215 0 66 134 2104
1080 15 1217 0 40 59 2105
1080 36 1217 0 2 3 2106
1080 9 1218 0 63 113 2107
1080 23 1217 0 118 4 2108
1080 5 1214 0 127 27 2109
1080 21 1216 0 140 22 2110
1080 7 1216 0 113 13 2111
1080 6 1216 0 128 40 2112
1080 36 1218 0 113 48 2113
1080 24 1216 0 132 13 2114
1080 4 1216 0 128 23 2115
1080 16 1216 0 66 169 2116
1080 5 1217 0 96 13 2117
1080 9 1215 0 101 26 2118
1080 5 1215 0 7 180 2119
1080 11 1213 0 103 22 2120
1080 4 1215 0 122 58 2121
1080 6 1217 0 152 41 2122
1080 28 1215 0 57 122 2123
1080 6 1215 0 63 86 2124
1080 5 1215 0 10 193 2125
1080 14 1214 0 166 118 2126
1080 41 1218 0 99 9 2127
1080 20 1217 0 105 42 2128
1080 6 1216 0 46 189 2129
1080 35 1216 0 109 56 2130
1080 6 1216 0 108 31 2131
1087 37 4072 1 72 194 2132
1089 57 4075 1 140 22 2133
1095 34 1230 0 40 105 2134
1095 42 1230 0 182 79 2135
1095 4 1232 0 164 40 2136
1095 8 1231 0 128 96 2137
1095 8 1231 0 29 60 2138
1095 24 1231 0 102 59 2139
1095 24 1232 0 102 36 2140
1095 5 1232 0 152 41 2141
1095 10 1232 0 63 86 2142
1095 5 1232 0 96 13 2143
1095 3 1232 0 127 27 2144
1095 19 1232 0 109 36 2145
1095 8 1230 0 138 36 2146
1095 12 1230 0 50 121 2147
1095 6 1231 0 128 23 2148
1095 24 1231 0 110 114 2149
1095 8 1231 0 103 1 2150
1095 7 1230 0 155 52 2151
1095 12 1229 0 113 13 2152
1095 23 1231 0 99 1 2153
1095 6 1229 0 128 40 2154
1095 26 1234 0 149 33 2155
1095 13 1231 0 13 75 2156
1095 23 1232 0 125 90 2157
1095 5 1231 0 185 66 2158
1095 7 1231 0 101 26 2159
1095 25 1232 0 123 1 2160
1095 25 1231 0 118 4 2161
1104 107 4090 1 92 2 2162
1107 33 4091 1 93 51 2163
1109 52 4094 1 18 115 2164
1110 12 1246 0 50 121 2165
1110 6 1245 0 63 113 2166
1110 19 1245 0 109 36 2167
1110 12 1245 0 108 31 2168
1110 25 1246 0 102 36 2169
1110 4 1246 0 155 79 2170
1110 19 1245 0 123 1 2171
1110 9 1245 0 103 22 2172
1110 25 1247 0 66 134 2173
1110 30 1246 0 113 48 2174
1110 15 1245 0 132 13 2175
1110 22 1245 0 105 42 2176
1110 6 1246 0 127 27 2177
1110 19 1247 0 140 22 2178
1110 6 1246 0 122 58 2179
1110 7 1248 0 101 26 2180
1110 13 1246 0 125 90 2181
1110 15 1244 0 110 114 2182
1110 7 1247 0 138 36 2183
1110 4 1246 0 152 41 2184
1110 11 1246 0 46 189 2185
1110 9 1245 0 29 60 2186
1110 5 1247 0 161 34 2187
1110 17 1246 0 146 119 2188
1110 35 1247 0 99 9 2189
1110 3 1246 0 96 13 2190
1110 44 1245 0 182 79 2191
1110 29 1247 0 149 33 2192
1121 59 4109 1 178 113 2193
1125 4 1261 0 164 40 2194
1125 6 1262 0 155 79 2195
1125 31 1260 0 63 134 2196
1125 4 1262 0 185 66 2197
1125 5 1261 0 152 41 2198
1125 14 1260 0 105 42 2199
1125 6 1261 0 113 13 2200
1125 29 1259 0 2 3 2201
1125 20 1262 0 6 88 2202
1125 7 1260 0 103 22 2203
1125 32 1261 0 133 152 2204
1125 6 1261 0 24 183 2205
1125 11 1261 0 103 1 2206
1125 10 1262 0 173 171 2207
1125 8 1261 0 46 189 2208
1125 4 1258 0 122 58 2209
1125 44 1261 0 149 33 2210
1125 35 1262 0 99 9 2211
1125 10 1261 0 108 31 2212
1125 21 1260 0 86 23 2213
1125 16 1261 0 132 13 2214
1125 4 1261 0 127 27 2215
1125 14 1263 0 118 4 2216
1125 42 1260 0 113 48 2217
1125 8 1261 0 128 96 2218
1125 20 1260 0 146 119 2219
1125 18 1259 0 99 1 2220
1125 35 1260 0 153 145 2221
1125 29 1262 0 78 150 2222
1125 12 1264 0 146 159 2223
1137 157 4124 1 155 79 2224
1140 10 1275 0 113 13 2225
1140 12 1277 0 15 4 2226
1140 4 1276 0 161 34 2227
1140 4 1277 0 122 58 2228
1140 8 1274 0 138 36 2229
1140 23 1277 0 86 23 2230
1140 41 1277 0 109 56 2231
1140 25 1277 0 123 1 2232
1140 20 1276 0 52 37 2233
1140 19 1277 0 118 4 2234
1140 35 1277 0 99 9 2235
1140 35 1275 0 133 152 2236
1140 12 1277 0 29 60 2237
1140 19 1277 0 93 51 2238
1140 3 1276 0 10 193 2239
1140 23 1273 0 141 56 2240
1140 17 1278 0 72 131 2241
1140 25 1274 0 143 170 2242
1140 5 1275 0 24 195 2243
1140 9 1276 0 148 56 2244
1140 45 1275 0 100 167 2245
1140 5 1275 0 185 66 2246
1140 21 1277 0 105 42 2247
1140 6 1274 0 142 143 2248
1140 6 1276 0 128 40 2249
1140 36 1275 0 57 122 2250
1140 12 1277 0 178 113 2251
1140 9 1277 0 155 52 2252
1140 36 1276 0 66 134 2253
1140 10 1275 0 108 31 2254
1140 6 1276 0 127 27 2255
1142 56 4130 1 105 42 2256
1155 22 1293 0 102 36 2257
1155 35 1293 0 179 186 2258
1155 12 1290 0 29 60 2259
1155 38 1293 0 113 48 2260
1155 6 1291 0 155 52 2261
1155 36 1290 0 57 122 2262
1155 11 1291 0 146 159 2263
1155 10 1292 0 101 26 2264
1155 24 1290 0 141 56 2265
1155 32 1291 0 155 122 2266
1155 3 1291 0 127 27 2267
1155 7 1291 0 105 143 2268
1155 17 1288 0 105 42 2269
1155 31 1292 0 153 145 2270
1155 9 1292 0 138 36 2271
1155 11 1290 0 113 13 2272
1155 4 1291 0 24 195 2273
1155 25 1291 0 140 22 2274
1155 28 1289 0 109 56 2275
1155 5 1290 0 122 58 2276
1155 12 1292 0 13 75 2277
1155 5 1290 0 96 13 2278
1155 5 1291 0 155 79 2279
1155 23 1292 0 132 13 2280
1155 40 1291 0 66 134 2281
1155 3 1291 0 161 34 2282
1155 10 1290 0 63 113 2283
1155 13 1288 0 128 55 2284
1155 6 1291 0 117 40 2285
1155 21 1290 0 50 121 2286
1170 9 1305 0 63 86 2287
1170 6 1305 0 108 31 2288
1170 25 1307 0 109 56 2289
1170 3 1305 0 155 79 2290
1170 6 1306 0 108 58 2291
1170 9 1304 0 103 1 2292
1170 8 1305 0 103 22 2293
1170 17 1306 0 6 88 2294
1170 19 1304 0 72 131 2295
1170 23 1307 0 194 169 2296
1170 4 1307 0 96 13 2297
1170 22 1306 0 128 55 2298
1170 7 1306 0 182 28 2299
1170 37 1306 0 150 43 2300
1170 7 1305 0 146 159 2301
1170 11 1307 0 155 52 2302
1170 22 1305 0 132 13 2303
1170 3 1305 0 128 23 2304
1170 3 1308 0 117 1 2305
1170 18 1308 0 166 118 2306
1170 24 1306 0 40 59 2307
1170 36 1305 0 18 115 2308
1170 22 1304 0 123 1 2309
1170 13 1306 0 102 59 2310
1170 42 1305 0 179 186 2311
1170 21 1305 0 140 22 2312
1170 9 1307 0 22 41 2313
1170 23 1306 0 102 36 2314
1170 8 1305 0 105 143 2315
1170 18 1307 0 67 20 2316
1170 3 1304 0 95 77 2317
1185 7 1323 0 103 1 2318
1185 11 1319 0 101 26 2319
1185 3 1321 0 122 58 2320
1185 21 1320 0 123 1 2321
1185 9 1320 0 138 36 2322
1185 22 1321 0 13 75 2323
1185 38 1320 0 63 134 2324
1185 12 1321 0 117 40 2325
1185 17 1322 0 140 22 2326
1185 17 1322 0 72 131 2327
1185 6 1320 0 185 66 2328
1185 8 1323 0 15 186 2329
1185 20 1322 0 118 4 2330
1185 6 1323 0 96 13 2331
1185 17 1321 0 109 36 2332
1185 43 1319 0 150 43 2333
1185 5 1320 0 127 27 2334
1185 6 1321 0 146 159 2335
1185 6 1320 0 155 52 2336
1185 10 1321 0 113 13 2337
1185 27 1320 0 66 134 2338
1185 3 1322 0 128 23 2339
1185 34 1321 0 109 56 2340
1185 20 1322 0 105 42 2341
1185 17 1321 0 25 122 2342
1185 19 1319 0 198 85 2343
1185 37 1322 0 149 33 2344
1185 31 1321 0 83 108 2345
1185 22 1321 0 52 37 2346
1185 30 1321 0 102 140 2347
1185 12 1320 0 102 59 2348
1185 7 1322 0 108 58 2349
1185 14 1322 0 125 90 2350
1185 3 1322 0 152 41 2351
1185 25 1319 0 99 9 2352
1196 50 4183 1 103 22 2353
1200 25 1337 0 66 169 2354
1200 16 1336 0 143 170 2355
1200 25 1337 0 16 120 2356
1200 12 1337 0 156 90 2357
1200 6 1335 0 105 143 2358
1200 24 1335 0 118 4 2359
1200 6 1336 0 101 26 2360
1200 12 1337 0 132 13 2361
1200 27 1334 0 100 167 2362
1200 21 1337 0 50 121 2363
1200 8 1337 0 15 4 2364
1200 17 1335 0 67 20 2365
1200 23 1337 0 109 36 2366
1200 4 1337 0 127 27 2367
1200 5 1336 0 152 41 2368
1200 3 1338 0 95 77 2369
1200 39 1336 0 99 9 2370
1200 4 1334 0 122 58 2371
1200 6 1335 0 24 195 2372
1200 11 1334 0 46 189 2373
1200 6 1336 0 37 7 2374
1200 6 1335 0 138 36 2375
1200 16 1335 0 140 22 2376
1215 19 1349 0 123 1 2377
1215 11 1349 0 108 31 2378
1215 33 1350 0 113 48 2379
1215 18 1352 0 66 169 2380
1215 24 1352 0 67 20 2381
1215 8 1350 0 101 26 2382
1215 11 1349 0 63 113 2383
1215 15 1350 0 146 119 2384
1215 4 1351 0 72 194 2385
1215 10 1349 0 128 96 2386
1215 6 1350 0 122 58 2387
1215 4 1351 0 24 195 2388
1215 9 1351 0 138 36 2389
1215 27 1351 0 153 145 2390
1215 21 1351 0 143 170 2391
1215 19 1351 0 140 22 2392
1215 23 1352 0 141 56 2393
1215 23 1349 0 194 169 2394
1215 31 1351 0 57 122 2395
1215 3 1352 0 37 7 2396
1215 34 1351 0 109 56 2397
1215 16 1351 0 105 42 2398
1215 42 1351 0 99 9 2399
1215 6 1351 0 152 41 2400
1215 10 1351 0 29 60 2401
1215 34 1350 0 182 79 2402
1215 19 1351 0 55 108 2403
1215 25 1351 0 102 36 2404
1215 39 1351 0 2 3 2405
1215 6 1353 0 128 23 2406
1215 7 1353 0 117 40 2407
1215 6 1350 0 164 40 2408
1215 8 1350 0 182 28 2409
1215 20 1350 0 109 36 2410
1215 6 1350 0 15 186 2411
1215 16 1350 0 118 4 2412
1217 33 4204 1 46 189 2413
1224 53 4213 1 40 105 2414
1228 134 4215 1 156 90 2415
1230 3 1365 0 127 27 2416
1230 31 1366 0 99 9 2417
1230 6 1365 0 37 7 2418
1230 38 1367 0 102 140 2419
1230 6 1367 0 148 56 2420
1230 13 1367 0 40 59 2421
1230 24 1366 0 102 59 2422
1230 3 1365 0 152 41 2423
1230 24 1365 0 128 55 2424
1230 13 1365 0 188 80 2425
1230 7 1367 0 173 171 2426
1230 9 1367 0 113 13 2427
1230 4 1367 0 128 40 2428
1230 31 1365 0 155 122 2429
1230 45 1368 0 113 48 2430
1230 11 1366 0 63 113 2431
1230 6 1366 0 161 34 2432
1230 24 1367 0 6 88 2433
1230 12 1366 0 138 36 2434
1230 22 1366 0 67 20 2435
1230 24 1367 0 118 4 2436
1230 3 1367 0 96 13 2437
1230 28 1365 0 2 3 2438
1230 4 1366 0 122 58 2439
1230 14 1367 0 13 75 2440
1230 11 1364 0 101 26 2441
1230 20 1365 0 93 51 2442
1233 110 4220 1 198 85 2443
1245 11 1380 0 117 40 2444
1245 18 1381 0 72 131 2445
1245 31 1383 0 155 122 2446
1245 11 1383 0 46 189 2447
1245 5 1382 0 117 1 2448
1245 20 1383 0 109 36 2449
1245 6 1380 0 15 186 2450
1245 24 1381 0 132 13 2451
1245 17 1383 0 7 35 2452
1245 5 1380 0 127 27 2453
1245 32 1381 0 153 145 2454
1245 9 1382 0 108 58 2455
1245 33 1380 0 66 134 2456
1245 6 1380 0 122 58 2457
1245 12 1383 0 142 143 2458
1245 25 1381 0 2 3 2459
1245 19 1378 0 140 22 2460
1245 18 1382 0 102 36 2461
1245 12 1380 0 63 113 2462
1245 38 1382 0 149 33 2463
1245 25 1382 0 83 108 2464
1245 6 1382 0 72 194 2465
1245 3 1381 0 185 66 2466
1245 12 1381 0 113 13 2467
1245 4 1381 0 164 40 2468
1249 94 4233 1 153 145 2469
1260 5 1396 0 161 34 2470
1260 4 1394 0 128 40 2471
1260 4 1397 0 122 58 2472
1260 32 1395 0 16 120 2473
1260 15 1396 0 146 119 2474
1260 21 1395 0 67 20 2475
1260 5 1397 0 96 13 2476
1260 30 1398 0 149 33 2477
1260 6 1396 0 109 1 2478
1260 21 1396 0 6 88 2479
1260 32 1394 0 99 9 2480
1260 4 1396 0 152 41 2481
1260 13 1395 0 128 55 2482
1260 6 1397 0 15 4 2483
1260 5 1396 0 37 7 2484
1260 22 1394 0 141 56 2485
1260 9 1397 0 108 31 2486
1260 22 1396 0 132 13 2487
1260 9 1397 0 15 186 2488
1260 39 1394 0 18 115 2489
1260 22 1396 0 102 36 2490
1260 39 1397 0 83 108 2491
1260 7 1396 0 182 28 2492
1260 35 1394 0 63 134 2493
1260 14 1395 0 66 169 2494
1260 5 1395 0 95 77 2495
1260 6 1396 0 117 40 2496
1260 10 1395 0 101 26 2497
1260 35 1395 0 109 56 2498
1261 78 4248 1 25 122 2499
1275 4 1410 0 117 1 2500
1275 39 1411 0 133 152 2501
1275 24 1412 0 132 13 2502
1275 7 1411 0 15 186 2503
1275 38 1410 0 99 9 2504
1275 42 1410 0 109 56 2505
1275 4 1412 0 152 41 2506
1275 6 1411 0 128 40 2507
1275 41 1411 0 149 33 2508
1275 8 1413 0 24 183 2509
1275 8 1412 0 113 13 2510
1275 29 1410 0 155 122 2511
1275 3 1410 0 72 194 2512
1275 4 1411 0 96 13 2513
1275 9 1413 0 138 36 2514
1275 5 1408 0 37 7 2515
1275 14 1412 0 105 42 2516
1275 24 1411 0 102 59 2517
1275 15 1409 0 198 85 2518
1275 7 1413 0 101 26 2519
1275 21 1411 0 86 23 2520
1275 8 1410 0 15 4 2521
1275 16 1412 0 125 90 2522
1290 3 1427 0 117 1 2523
1290 14 1425 0 194 169 2524
1290 12 1426 0 92 2 2525
1290 12 1428 0 108 58 2526
1290 40 1426 0 57 122 2527
1290 17 1426 0 67 20 2528
1290 5 1426 0 7 180 2529
1290 16 1426 0 166 118 2530
1290 23 1426 0 146 119 2531
1290 12 1424 0 24 183 2532
1290 27 1426 0 155 122 2533
1290 29 1428 0 83 108 2534
1290 7 1427 0 113 13 2535
1290 12 1426 0 148 56 2536
1290 12 1424 0 22 41 2537
1290 11 1427 0 101 26 2538
1290 24 1428 0 140 22 2539
1290 19 1428 0 110 114 2540
1290 10 1425 0 138 36 2541
1290 22 1424 0 105 42 2542
1290 23 1427 0 52 37 2543
1290 9 1426 0 117 40 2544
1290 25 1426 0 78 150 2545
1290 4 1426 0 128 40 2546
1290 11 1425 0 156 90 2547
1290 41 1427 0 149 33 2548
1294 57 4282 1 123 1 2549
1305 32 1442 0 109 56 2550
1305 29 1441 0 99 9 2551
1305 11 1441 0 128 96 2552
1305 3 1442 0 161 34 2553
1305 14 1443 0 198 85 2554
1305 24 1441 0 125 90 2555
1305 27 1441 0 153 145 2556
1305 6 1441 0 128 23 2557
1305 21 1441 0 118 4 2558
1305 43 1439 0 57 122 2559
1305 5 1439 0 37 7 2560
1305 17 1440 0 132 13 2561
1305 10 1440 0 103 1 2562
1305 27 1440 0 18 115 2563
1305 10 1440 0 173 171 2564
1305 9 1442 0 109 1 2565
1305 6 1442 0 128 40 2566
1305 5 1437 0 117 1 2567
1305 12 1441 0 141 56 2568
1305 18 1443 0 188 80 2569
1305 3 1438 0 185 66 2570
1305 6 1442 0 113 13 2571
1305 45 1442 0 63 134 2572
1305 8 1441 0 101 26 2573
1305 4 1439 0 10 193 2574
1311 75 4299 1 138 36 2575
1320 13 1457 0 188 80 2576
1320 4 1457 0 24 195 2577
1320 12 1456 0 142 143 2578
1320 18 1456 0 6 88 2579
1320 4 1457 0 96 13 2580
1320 25 1458 0 109 56 2581
1320 7 1456 0 148 56 2582
1320 20 1456 0 194 169 2583
1320 8 1453 0 101 26 2584
1320 17 1457 0 102 36 2585
1320 7 1455 0 46 189 2586
1320 26 1457 0 153 145 2587
1320 17 1454 0 109 36 2588
1320 19 1454 0 105 42 2589
1320 5 1456 0 128 40 2590
1320 5 1455 0 127 27 2591
1320 6 1455 0 15 186 2592
1320 9 1456 0 138 36 2593
1320 7 1454 0 155 52 2594
1320 5 1454 0 117 1 2595
1320 35 1457 0 179 186 2596
1320 34 1455 0 113 48 2597
1320 4 1454 0 72 194 2598
1320 9 1458 0 113 13 2599
1320 45 1457 0 100 167 2600
1320 12 1456 0 178 113 2601
1320 3 1455 0 95 77 2602
1320 25 1455 0 128 55 2603
1320 17 1457 0 52 37 2604
1330 35 4316 1 109 56 2605
1335 39 1471 0 40 105 2606
1335 38 1473 0 99 9 2607
1335 24 1473 0 67 20 2608
1335 5 1470 0 128 40 2609
1335 42 1473 0 109 56 2610
1335 3 1469 0 152 41 2611
1335 21 1468 0 110 114 2612
1335 6 1468 0 37 7 2613
1335 8 1472 0 101 26 2614
1335 21 1470 0 146 119 2615
1335 6 1470 0 122 58 2616
1335 12 1470 0 128 96 2617
1335 9 1471 0 92 2 2618
1335 5 1472 0 72 194 2619
1335 12 1473 0 113 13 2620
1335 43 1472 0 182 79 2621
1335 13 1471 0 109 36 2622
1335 21 1471 0 102 36 2623
1335 43 1472 0 16 120 2624
1335 4 1471 0 127 27 2625
1335 6 1471 0 161 34 2626
1335 3 1472 0 117 1 2627
1335 7 1473 0 138 36 2628
1335 15 1473 0 194 169 2629
1335 37 1470 0 150 43 2630
1335 20 1473 0 140 22 2631
1335 11 1470 0 24 183 2632
1335 6 1472 0 128 23 2633
1350 18 1487 0 128 55 2634
1350 4 1486 0 117 1 2635
1350 6 1487 0 122 58 2636
1350 15 1486 0 123 1 2637
1350 42 1487 0 66 134 2638
1350 12 1484 0 178 113 2639
1350 10 1486 0 113 13 2640
1350 18 1487 0 141 56 2641
1350 39 1486 0 149 33 2642
1350 25 1487 0 118 4 2643
1350 23 1485 0 132 13 2644
1350 12 1487 0 102 36 2645
1350 23 1485 0 109 36 2646
1350 7 1486 0 101 26 2647
1350 9 1485 0 46 189 2648
1350 6 1487 0 146 159 2649
1350 23 1487 0 105 42 2650
1350 11 1485 0 117 40 2651
1350 15 1487 0 50 121 2652
1350 7 1485 0 103 22 2653
1350 35 1485 0 102 140 2654
1350 12 1487 0 109 1 2655
1350 20 1488 0 93 51 2656
1356 51 4341 1 122 58 2657
1365 8 1499 0 46 189 2658
1365 25 1500 0 118 4 2659
1365 8 1500 0 22 41 2660
1365 7 1499 0 108 31 2661
1365 25 1502 0 40 59 2662
1365 20 1501 0 125 90 2663
1365 18 1502 0 166 118 2664
1365 43 1503 0 57 122 2665
1365 10 1500 0 182 28 2666
1365 24 1500 0 67 20 2667
1365 5 1500 0 185 66 2668
1365 39 1500 0 153 145 2669
1365 20 1501 0 55 108 2670
1365 11 1500 0 105 143 2671
1365 42 1499 0 113 48 2672
1365 5 1502 0 127 27 2673
1365 8 1500 0 173 171 2674
1365 7 1501 0 117 40 2675
1365 8 1502 0 29 60 2676
1365 22 1501 0 123 1 2677
1365 24 1501 0 102 36 2678
1365 4 1502 0 152 41 2679
1365 12 1500 0 113 13 2680
1365 42 1500 0 133 152 2681
1365 20 1502 0 140 22 2682
1380 9 1515 0 105 143 2683
1380 19 1516 0 166 118 2684
1380 3 1517 0 122 58 2685
1380 33 1515 0 78 150 2686
1380 11 1517 0 92 2 2687
1380 6 1515 0 128 40 2688
1380 11 1516 0 128 96 2689
1380 16 1518 0 125 90 2690
1380 3 1515 0 24 195 2691
1380 20 1517 0 52 37 2692
1380 25 1514 0 25 122 2693
1380 27 1515 0 153 145 2694
1380 6 1515 0 117 40 2695
1380 16 1518 0 123 1 2696
1380 13 1515 0 194 169 2697
1380 7 1516 0 101 26 2698
1380 21 1517 0 6 88 2699
1380 12 1516 0 198 85 2700
1380 33 1516 0 149 33 2701
1380 7 1515 0 113 13 2702
1380 3 1518 0 128 23 2703
1380 34 1517 0 182 79 2704
1380 20 1514 0 72 131 2705
1380 3 1515 0 37 7 2706
1380 6 1517 0 10 193 2707
1380 35 1515 0 109 56 2708
1380 7 1516 0 173 171 2709
1380 12 1515 0 103 22 2710
1380 12 1516 0 99 1 2711
1395 8 1533 0 117 40 2712
1395 9 1530 0 109 1 2713
1395 26 1529 0 113 48 2714
1395 11 1531 0 182 28 2715
1395 3 1531 0 117 1 2716
1395 20 1532 0 140 22 2717
1395 10 1530 0 138 36 2718
1395 43 1532 0 63 134 2719
1395 8 1531 0 108 31 2720
1395 6 1530 0 128 23 2721
1395 9 1532 0 155 52 2722
1395 6 1530 0 101 26 2723
1395 6 1532 0 96 13 2724
1395 19 1531 0 166 118 2725
1395 8 1531 0 113 13 2726
1395 7 1530 0 29 60 2727
1395 16 1531 0 102 59 2728
1395 13 1530 0 146 119 2729
1395 17 1530 0 102 36 2730
1395 12 1531 0 103 22 2731
1395 25 1532 0 149 33 2732
1395 12 1528 0 132 13 2733
1395 45 1531 0 99 9 2734
1395 24 1529 0 143 170 2735
1395 9 1529 0 15 186 2736
1395 6 1534 0 15 4 2737
1395 29 1531 0 179 186 2738
1395 11 1531 0 46 189 2739
1395 7 1532 0 148 56 2740
1395 25 1532 0 188 80 2741
1395 21 1529 0 67 20 2742
1395 38 1532 0 155 122 2743
1395 3 1531 0 161 34 2744
1395 33 1530 0 153 145 2745
1395 21 1531 0 55 108 2746
1395 5 1532 0 127 27 2747
1398 35 4382 1 198 85 2748
1410 6 1546 0 108 31 2749
1410 20 1546 0 105 42 2750
1410 43 1547 0 150 43 2751
1410 26 1545 0 155 122 2752
1410 13 1547 0 25 122 2753
1410 6 1546 0 24 195 2754
1410 12 1545 0 143 170 2755
1410 7 1545 0 103 22 2756
1410 7 1545 0 113 13 2757
1410 11 1547 0 24 183 2758
1410 45 1546 0 100 167 2759
1410 12 1547 0 101 26 2760
1410 18 1546 0 198 85 2761
1410 6 1545 0 164 40 2762
1410 22 1547 0 125 90 2763
1410 17 1543 0 67 20 2764
1410 9 1548 0 117 40 2765
1410 6 1546 0 7 180 2766
1410 12 1544 0 7 35 2767
1410 23 1547 0 166 118 2768
1410 7 1546 0 155 52 2769
1410 38 1544 0 16 120 2770
1410 20 1544 0 194 169 2771
1410 6 1545 0 128 96 2772
1410 14 1549 0 132 13 2773
1410 35 1546 0 109 56 2774
1410 3 1544 0 96 13 2775
1410 20 1547 0 118 4 2776
1410 11 1545 0 92 2 2777
1410 25 1546 0 72 131 2778
1410 21 1547 0 128 55 2779
1410 20 1546 0 110 114 2780
1410 4 1547 0 128 40 2781
1410 3 1546 0 127 27 2782
1410 15 1545 0 109 36 2783
1412 34 4396 1 57 122 2784
1414 73 4399 1 141 56 2785
1416 59 4401 1 2 3 2786
1425 27 1561 0 149 33 2787
1425 20 1562 0 141 56 2788
1425 24 1562 0 110 114 2789
1425 37 1561 0 113 48 2790
1425 6 1560 0 29 60 2791
1425 21 1559 0 166 118 2792
1425 8 1561 0 103 22 2793
1425 11 1561 0 108 31 2794
1425 11 1562 0 148 56 2795
1425 36 1561 0 153 145 2796
1425 11 1564 0 105 143 2797
1425 3 1562 0 122 58 2798
1425 9 1561 0 46 189 2799
1425 25 1562 0 133 152 2800
1425 16 1561 0 125 90 2801
1425 5 1560 0 96 13 2802
1425 9 1561 0 22 41 2803
1425 26 1561 0 99 9 2804
1425 19 1561 0 72 131 2805
1425 45 1562 0 78 150 2806
1425 12 1560 0 132 13 2807
1425 11 1561 0 142 143 2808
1425 35 1562 0 109 56 2809
1425 11 1560 0 182 28 2810
1425 9 1564 0 117 40 2811
1425 3 1561 0 128 23 2812
1436 39 4423 1 117 1 2813
1440 16 1574 0 7 35 2814
1440 16 1575 0 140 22 2815
1440 5 1578 0 128 40 2816
1440 6 1573 0 138 36 2817
1440 23 1580 0 55 108 2818
1440 27 1576 0 155 122 2819
1440 32 1576 0 99 9 2820
1440 11 1576 0 63 86 2821
1440 20 1578 0 50 121 2822
1440 6 1577 0 155 52 2823
1440 7 1578 0 117 40 2824
1440 28 1577 0 63 134 2825
1440 12 1578 0 113 13 2826
1440 13 1576 0 128 55 2827
1440 6 1576 0 24 195 2828
1440 12 1575 0 92 2 2829
1440 21 1574 0 143 170 2830
1440 24 1578 0 132 13 2831
1440 6 1576 0 128 23 2832
1440 40 1579 0 109 56 2833
1440 45 1575 0 78 150 2834
1440 28 1577 0 113 48 2835
1440 5 1578 0 122 58 2836
1440 13 1579 0 93 51 2837
1440 12 1575 0 148 56 2838
1440 10 1574 0 103 1 2839
1440 24 1575 0 109 36 2840
1440 40 1576 0 57 122 2841
1440 11 1577 0 103 22 2842
1440 7 1575 0 29 60 2843
1447 69 4433 1 29 60 2844
1447 38 4434 1 15 4 2845
1455 9 1589 0 155 52 2846
1455 9 1592 0 138 36 2847
1455 3 1590 0 122 58 2848
1455 12 1593 0 148 56 2849
1455 14 1593 0 123 1 2850
1455 28 1592 0 113 48 2851
1455 16 1591 0 102 36 2852
1455 5 1591 0 95 77 2853
1455 9 1590 0 94 1 2854
1455 21 1592 0 66 169 2855
1455 43 1590 0 133 152 2856
1455 6 1591 0 128 23 2857
1455 6 1592 0 96 13 2858
1455 25 1591 0 198 85 2859
1455 8 1590 0 92 2 2860
1455 9 1591 0 173 171 2861
1455 35 1592 0 179 186 2862
1455 6 1593 0 185 66 2863
1455 25 1588 0 57 122 2864
1455 5 1590 0 37 7 2865
1455 3 1590 0 128 40 2866
1455 15 1592 0 86 23 2867
1455 3 1591 0 127 27 2868
1455 12 1591 0 93 51 2869
1455 8 1592 0 103 22 2870
1455 6 1591 0 7 180 2871
1455 11 1590 0 178 113 2872
1455 14 1590 0 72 131 2873
1457 74 4443 1 148 56 2874
1470 25 1606 0 128 55 2875
1470 6 1604 0 24 195 2876
1470 42 1606 0 113 48 2877
1470 34 1608 0 2 3 2878
1470 33 1605 0 109 56 2879
1470 3 1604 0 152 41 2880
1470 6 1607 0 127 27 2881
1470 38 1605 0 120 146 2882
1470 13 1607 0 55 108 2883
1470 11 1605 0 103 22 2884
1470 6 1605 0 29 60 2885
1470 12 1605 0 140 22 2886
1470 8 1607 0 156 90 2887
1470 13 1605 0 102 36 2888
1470 4 1609 0 37 7 2889
1470 8 1606 0 113 13 2890
1470 37 1603 0 149 33 2891
1470 41 1607 0 102 140 2892
1470 6 1605 0 128 40 2893
1470 4 1606 0 117 1 2894
1470 24 1606 0 132 13 2895
1470 8 1605 0 117 40 2896
1470 4 1607 0 161 34 2897
1470 12 1605 0 101 26 2898
1470 12 1606 0 118 4 2899
1470 22 1607 0 7 35 2900
1472 154 4458 1 67 20 2901
1473 154 4458 1 99 1 2902
1485 9 1621 0 128 96 2903
1485 33 1621 0 150 43 2904
1485 19 1621 0 86 23 2905
1485 6 1621 0 15 4 2906
1485 10 1619 0 142 143 2907
1485 10 1620 0 109 1 2908
1485 35 1621 0 179 186 2909
1485 13 1621 0 132 13 2910
1485 16 1622 0 72 131 2911
1485 11 1619 0 15 186 2912
1485 27 1620 0 149 33 2913
1485 3 1620 0 122 58 2914
1485 8 1620 0 92 2 2915
1485 18 1621 0 40 59 2916
1485 3 1622 0 128 23 2917
1485 8 1622 0 146 159 2918
1485 9 1620 0 101 26 2919
1485 29 1620 0 113 48 2920
1485 21 1622 0 25 122 2921
1485 20 1620 0 140 22 2922
1485 10 1620 0 113 13 2923
1485 12 1621 0 94 1 2924
1485 24 1621 0 102 59 2925
1485 11 1622 0 178 113 2926
1485 25 1622 0 118 4 2927
1485 25 1621 0 105 42 2928
1487 78 4475 1 99 9 2929
1489 41 4475 1 86 23 2930
1500 14 1637 0 123 1 2931
1500 15 1637 0 67 20 2932
1500 3 1634 0 96 13 2933
1500 19 1635 0 188 80 2934
1500 23 1639 0 13 75 2935
1500 9 1634 0 173 171 2936
1500 8 1636 0 103 1 2937
1500 3 1637 0 161 34 2938
1500 39 1636 0 113 48 2939
1500 34 1637 0 2 3 2940
1500 18 1637 0 102 36 2941
1500 12 1635 0 117 40 2942
1500 32 1635 0 102 140 2943
1500 44 1636 0 149 33 2944
1500 18 1637 0 105 42 2945
1500 8 1637 0 108 31 2946
1500 24 1636 0 198 85 2947
1500 9 1637 0 156 90 2948
1500 15 1637 0 52 37 2949
1500 30 1635 0 16 120 2950
1500 23 1635 0 102 59 2951
1500 7 1636 0 29 60 2952
1505 34 4490 1 37 7 2953
1511 31 4496 1 55 108 2954
1515 36 1652 0 63 134 2955
1515 8 1655 0 108 58 2956
1515 6 1649 0 138 36 2957
1515 29 1652 0 155 122 2958
1515 4 1654 0 122 58 2959
1515 12 1651 0 132 13 2960
1515 27 1649 0 150 43 2961
1515 3 1649 0 7 180 2962
1515 17 1650 0 99 1 2963
1515 38 1649 0 99 9 2964
1515 7 1652 0 94 1 2965
1515 12 1653 0 113 13 2966
1515 33 1649 0 109 56 2967
1515 10 1651 0 63 113 2968
1515 18 1651 0 140 22 2969
1515 5 1651 0 96 13 2970
1515 3 1651 0 10 193 2971
1515 20 1652 0 66 169 2972
1515 24 1650 0 110 114 2973
1515 3 1652 0 127 27 2974
1515 13 1651 0 105 42 2975
1515 8 1653 0 103 22 2976
1515 12 1653 0 15 4 2977
1515 40 1650 0 113 48 2978
1515 28 1652 0 182 79 2979
1515 4 1650 0 24 195 2980
1515 11 1649 0 182 28 2981
1515 18 1651 0 93 51 2982
1530 18 1666 0 99 1 2983
1530 19 1667 0 40 59 2984
1530 25 1665 0 149 33 2985
1530 16 1667 0 140 22 2986
1530 3 1664 0 128 23 2987
1530 12 1665 0 86 23 2988
1530 15 1669 0 125 90 2989
1530 19 1664 0 25 122 2990
1530 15 1666 0 102 59 2991
1530 40 1665 0 120 146 2992
1530 20 1663 0 93 51 2993
1530 7 1667 0 117 40 2994
1530 9 1666 0 29 60 2995
1530 8 1667 0 46 189 2996
1530 12 1667 0 101 26 2997
1530 18 1666 0 6 88 2998
1530 6 1666 0 185 66 2999
1530 25 1667 0 66 169 3000
1530 18 1665 0 123 1 3001
1530 6 1665 0 95 77 3002
1530 9 1666 0 103 22 3003
1530 7 1666 0 148 56 3004
1545 19 1682 0 102 36 3005
1545 12 1680 0 67 20 3006
1545 4 1681 0 117 1 3007
1545 12 1680 0 105 42 3008
1545 34 1680 0 18 115 3009
1545 43 1682 0 102 140 3010
1545 11 1681 0 46 189 3011
1545 4 1679 0 185 66 3012
1545 12 1680 0 132 13 3013
1545 42 1683 0 99 9 3014
1545 31 1679 0 153 145 3015
1545 11 1681 0 103 1 3016
1545 25 1681 0 93 51 3017
1545 18 1682 0 109 36 3018
1545 17 1682 0 143 170 3019
1545 6 1682 0 95 77 3020
1545 18 1684 0 128 55 3021
1545 6 1681 0 96 13 3022
1545 24 1681 0 110 114 3023
1545 7 1681 0 148 56 3024
1545 10 1681 0 22 41 3025
1553 36 4539 1 101 26 3026
1560 34 1695 0 102 140 3027
1560 43 1696 0 133 152 3028
1560 30 1695 0 66 134 3029
1560 22 1696 0 128 55 3030
1560 7 1697 0 15 186 3031
1560 34 1694 0 153 145 3032
1560 43 1695 0 99 9 3033
1560 5 1697 0 37 7 3034
1560 14 1695 0 140 22 3035
1560 25 1695 0 50 121 3036
1560 14 1695 0 123 1 3037
1560 17 1698 0 146 119 3038
1560 34 1696 0 155 122 3039
1560 27 1696 0 113 48 3040
1560 18 1695 0 52 37 3041
1560 13 1695 0 93 51 3042
1560 20 1696 0 72 131 3043
1560 7 1696 0 138 36 3044
1560 5 1695 0 10 193 3045
1560 21 1695 0 109 36 3046
1560 16 1695 0 6 88 3047
1560 6 1695 0 127 27 3048
1560 26 1695 0 182 79 3049
1560 10 1696 0 101 26 3050
1560 12 1698 0 117 40 3051
1560 3 1696 0 96 13 3052
1560 5 1696 0 128 23 3053
1565 55 4552 1 63 86 3054
1575 10 1710 0 15 186 3055
1575 29 1712 0 153 145 3056
1575 8 1711 0 105 143 3057
1575 5 1709 0 117 1 3058
1575 7 1709 0 22 41 3059
1575 34 1711 0 150 43 3060
1575 32 1709 0 99 9 3061
1575 5 1710 0 122 58 3062
1575 8 1711 0 63 113 3063
1575 33 1711 0 120 146 3064
1575 5 1715 0 7 180 3065
1575 21 1711 0 6 88 3066
1575 40 1710 0 155 122 3067
1575 11 1711 0 46 189 3068
1575 24 1711 0 40 59 3069
1575 19 1713 0 102 36 3070
1575 33 1711 0 179 186 3071
1575 19 1712 0 109 36 3072
1575 6 1712 0 101 26 3073
1575 13 1711 0 140 22 3074
1575 33 1710 0 40 105 3075
1575 33 4562 1 66 134 3076
1575 19 1711 0 143 170 3077
1575 5 1710 0 164 40 3078
1575 36 1711 0 102 140 3079
1575 33 1710 0 113 48 3080
1575 6 1710 0 152 41 3081
1575 15 1709 0 128 55 3082
1575 10 1710 0 103 22 3083
1590 6 1726 0 155 79 3084
1590 8 1727 0 108 58 3085
1590 21 1727 0 72 131 3086
1590 3 1726 0 127 27 3087
1590 9 1726 0 94 1 3088
1590 19 1726 0 140 22 3089
1590 34 1724 0 113 48 3090
1590 4 1724 0 117 1 3091
1590 36 1727 0 182 79 3092
1590 6 1729 0 113 13 3093
1590 10 1724 0 108 31 3094
1590 15 1725 0 146 119 3095
1590 9 1723 0 146 159 3096
1590 33 1726 0 40 105 3097
1590 4 1729 0 96 13 3098
1590 43 1725 0 179 186 3099
1590 15 1723 0 125 90 3100
1590 3 1724 0 161 34 3101
1590 15 1728 0 118 4 3102
1590 7 1725 0 138 36 3103
1590 4 1726 0 7 180 3104
1590 22 1725 0 102 59 3105
1590 4 1725 0 128 40 3106
1591 105 4579 1 40 105 3107
1605 23 1740 0 123 1 3108
1605 10 1742 0 15 4 3109
1605 6 1740 0 117 40 3110
1605 7 1743 0 94 1 3111
1605 29 1742 0 16 120 3112
1605 11 1741 0 155 52 3113
1605 13 1740 0 105 42 3114
1605 11 1741 0 138 36 3115
1605 33 1742 0 109 56 3116
1605 45 1742 0 66 134 3117
1605 18 1739 0 102 59 3118
1605 15 1741 0 128 55 3119
1605 11 1742 0 113 13 3120
1605 24 1743 0 25 122 3121
1605 16 1740 0 198 85 3122
1605 22 1743 0 52 37 3123
1605 4 1741 0 128 23 3124
1605 11 1742 0 24 183 3125
1605 43 1739 0 149 33 3126
1605 4 1743 0 122 58 3127
1605 9 1740 0 22 41 3128
1605 5 1740 0 155 79 3129
1605 5 1742 0 127 27 3130
1605 22 1739 0 6 88 3131
1605 6 1741 0 10 193 3132
1605 12 1742 0 141 56 3133
1605 10 1741 0 29 60 3134
1605 34 1740 0 57 122 3135
1605 7 1738 0 103 22 3136
1605 38 1741 0 155 122 3137
1605 37 1738 0 150 43 3138
1605 12 1743 0 118 4 3139
1620 9 1758 0 155 52 3140
1620 35 1756 0 100 167 3141
1620 28 1756 0 40 105 3142
1620 24 1755 0 198 85 3143
1620 6 1757 0 128 23 3144
1620 3 1756 0 72 194 3145
1620 12 1755 0 102 36 3146
1620 12 1758 0 29 60 3147
1620 6 1756 0 7 180 3148
1620 6 1756 0 122 58 3149
1620 21 1756 0 146 119 3150
1620 4 1755 0 161 34 3151
1620 28 1757 0 99 9 3152
1620 14 1757 0 132 13 3153
1620 21 1755 0 128 55 3154
1620 5 1756 0 128 40 3155
1620 17 1756 0 105 42 3156
1620 20 1757 0 25 122 3157
1620 20 1757 0 7 35 3158
1620 10 1755 0 101 26 3159
1620 22 1755 0 166 118 3160
1620 31 1759 0 63 134 3161
1620 20 1756 0 109 36 3162
1620 21 1757 0 50 121 3163
1621 51 4608 1 22 41 3164
1630 33 4616 1 40 59 3165
1635 10 1772 0 63 86 3166
1635 7 1772 0 108 31 3167
1635 4 1769 0 152 41 3168
1635 9 1772 0 138 36 3169
1635 16 1770 0 118 4 3170
1635 10 1769 0 142 143 3171
1635 17 1771 0 123 1 3172
1635 25 1770 0 109 36 3173
1635 11 1771 0 117 40 3174
1635 45 1771 0 16 120 3175
1635 21 1771 0 66 169 3176
1635 6 1771 0 128 40 3177
1635 6 1772 0 113 13 3178
1635 15 1770 0 55 108 3179
1635 6 1770 0 117 1 3180
1635 21 1770 0 188 80 3181
1635 36 1770 0 150 43 3182
1635 6 1768 0 127 27 3183
1635 30 1770 0 18 115 3184
1635 9 1769 0 146 159 3185
1635 9 1771 0 155 52 3186
1635 22 1770 0 128 55 3187
1635 26 1772 0 2 3 3188
1635 15 1771 0 132 13 3189
1635 11 1770 0 128 96 3190
1635 6 1770 0 24 183 3191
1635 34 1771 0 179 186 3192
1635 24 1772 0 125 90 3193
1635 3 1772 0 122 58 3194
1635 22 1771 0 6 88 3195
1643 43 4630 1 155 52 3196
1650 13 1785 0 102 36 3197
1650 9 1785 0 155 52 3198
1650 9 1786 0 138 36 3199
1650 4 1787 0 128 23 3200
1650 12 1786 0 146 159 3201
1650 4 1784 0 95 77 3202
1650 32 1788 0 16 120 3203
1650 6 1784 0 127 27 3204
1650 4 1787 0 96 13 3205
1650 21 1784 0 128 55 3206
1650 5 1787 0 72 194 3207
1650 20 1786 0 132 13 3208
1650 43 1787 0 179 186 3209
1650 12 1782 0 63 113 3210
1650 4 1785 0 37 7 3211
1650 24 1785 0 99 1 3212
1650 8 1786 0 101 26 3213
1650 26 1786 0 99 9 3214
1650 6 1788 0 117 40 3215
1650 24 1788 0 123 1 3216
1650 9 1788 0 29 60 3217
1650 36 1786 0 78 150 3218
1650 18 1786 0 6 88 3219
1650 10 1788 0 148 56 3220
1650 189 4637 1 24 195 3221
1650 11 1785 0 113 13 3222
1650 3 1787 0 155 79 3223
1650 9 1783 0 15 186 3224
1650 8 1786 0 173 171 3225
1662 32 4649 1 155 79 3226
1665 10 1802 0 178 113 3227
1665 7 1802 0 182 28 3228
1665 6 1801 0 138 36 3229
1665 3 1802 0 155 79 3230
1665 3 1802 0 96 13 3231
1665 25 1801 0 25 122 3232
1665 17 1800 0 132 13 3233
1665 37 1798 0 113 48 3234
1665 13 1800 0 109 36 3235
1665 8 1801 0 29 60 3236
1665 3 1801 0 185 66 3237
1665 45 1802 0 182 79 3238
1665 12 1801 0 86 23 3239
1665 8 1801 0 105 143 3240
1665 27 1800 0 120 146 3241
1665 45 1804 0 149 33 3242
1665 32 1801 0 109 56 3243
1665 34 1802 0 99 9 3244
1665 7 1801 0 113 13 3245
1665 5 1801 0 95 77 3246
1665 35 1802 0 18 115 3247
1665 17 1801 0 99 1 3248
1665 44 1799 0 100 167 3249
1665 20 1801 0 194 169 3250
1665 4 1800 0 161 34 3251
1665 14 1801 0 123 1 3252
1665 3 1801 0 128 40 3253
1665 6 1804 0 128 23 3254
1665 7 1801 0 103 1 3255
1665 7 1801 0 148 56 3256
1665 42 1802 0 133 152 3257
1670 39 4656 1 7 35 3258
1680 9 1815 0 148 56 3259
1680 22 1815 0 93 51 3260
1680 25 1816 0 86 23 3261
1680 11 1816 0 63 113 3262
1680 13 1816 0 166 118 3263
1680 8 1813 0 109 1 3264
1680 5 1817 0 96 13 3265
1680 20 1816 0 105 42 3266
1680 41 4665 1 109 36 3267
1680 9 1816 0 105 143 3268
1680 6 1814 0 152 41 3269
1680 6 1816 0 113 13 3270
1680 6 1815 0 161 34 3271
1680 6 1816 0 122 58 3272
1680 12 1818 0 156 90 3273
1680 39 1815 0 16 120 3274
1680 4 1817 0 117 1 3275
1680 9 1816 0 182 28 3276
1680 22 1816 0 140 22 3277
1680 26 1814 0 120 146 3278
1680 17 1819 0 66 169 3279
1680 10 1815 0 108 31 3280
1680 29 1814 0 83 108 3281
1682 34 4670 1 113 13 3282
1695 10 1830 0 148 56 3283
1695 17 1831 0 123 1 3284
1695 25 1831 0 110 114 3285
1695 17 1829 0 66 169 3286
1695 10 1832 0 103 1 3287
1695 5 1831 0 128 40 3288
1695 28 1832 0 179 186 3289
1695 38 1831 0 102 140 3290
1695 6 1832 0 103 22 3291
1695 12 1829 0 141 56 3292
1695 3 1829 0 122 58 3293
1695 4 1832 0 128 23 3294
1695 9 1831 0 46 189 3295
1695 12 1832 0 132 13 3296
1695 6 1829 0 127 27 3297
1695 6 1832 0 164 40 3298
1695 28 1830 0 57 122 3299
1695 15 1832 0 188 80 3300
1695 25 1831 0 66 134 3301
1695 8 1830 0 173 171 3302
1695 41 1831 0 113 48 3303
1695 8 1832 0 92 2 3304
1695 10 1826 0 117 40 3305
1695 17 1830 0 105 42 3306
1695 5 1830 0 155 79 3307
1695 11 1831 0 108 31 3308
1695 7 1830 0 155 52 3309
1695 44 1830 0 133 152 3310
1695 43 1830 0 99 9 3311
1700 64 4687 1 179 186 3312
1702 52 4687 1 132 13 3313
1710 6 1846 0 63 113 3314
1710 3 1844 0 37 7 3315
1710 44 1845 0 155 122 3316
1710 27 1847 0 2 3 3317
1710 6 1847 0 92 2 3318
1710 24 1845 0 146 119 3319
1710 11 1845 0 63 86 3320
1710 23 1846 0 123 1 3321
1710 9 1845 0 117 40 3322
1710 17 1846 0 118 4 3323
1710 24 1846 0 99 1 3324
1710 30 1847 0 99 9 3325
1710 10 1846 0 108 31 3326
1710 6 1848 0 10 193 3327
1710 25 1848 0 105 42 3328
1710 19 1845 0 13 75 3329
1710 40 1848 0 57 122 3330
1710 31 1845 0 83 108 3331
1710 6 1846 0 22 41 3332
1710 19 1845 0 102 36 3333
1710 26 1846 0 149 33 3334
1710 5 1846 0 127 27 3335
1710 27 1847 0 120 146 3336
1710 21 1845 0 140 22 3337
1710 14 1846 0 40 59 3338
1710 5 1846 0 7 180 3339
1710 14 1849 0 188 80 3340
1710 19 1847 0 166 118 3341
1710 14 1845 0 128 55 3342
1710 9 1845 0 173 171 3343
1710 4 1846 0 128 23 3344
1710 25 1847 0 102 59 3345
1710 22 1848 0 25 122 3346
1710 6 1846 0 117 1 3347
1712 49 4699 1 83 108 3348
1713 76 4698 1 6 88 3349
1719 52 4705 1 113 48 3350
1725 45 1858 0 113 48 3351
1725 21 1861 0 25 122 3352
1725 44 1860 0 109 56 3353
1725 9 1861 0 24 183 3354
1725 11 1862 0 22 41 3355
1725 18 1863 0 188 80 3356
1725 25 1860 0 118 4 3357
1725 3 1862 0 24 195 3358
1725 7 1860 0 15 186 3359
1725 22 1861 0 93 51 3360
1725 10 1861 0 113 13 3361
1725 6 1859 0 155 52 3362
1725 12 1861 0 132 13 3363
1725 5 1861 0 152 41 3364
1725 4 1862 0 128 23 3365
1725 14 1862 0 109 36 3366
1725 15 1862 0 146 119 3367
1725 25 1859 0 125 90 3368
1725 12 1862 0 138 36 3369
1725 19 1858 0 143 170 3370
1725 9 1862 0 117 40 3371
1725 4 1860 0 117 1 3372
1738 76 4724 1 108 58 3373
1740 11 1877 0 24 183 3374
1740 25 1877 0 102 36 3375
1740 44 1878 0 100 167 3376
1740 12 1875 0 138 36 3377
1740 178 4724 1 155 122 3378
1740 14 1876 0 72 131 3379
1740 25 1877 0 16 120 3380
1740 20 1877 0 118 4 3381
1740 5 1878 0 24 195 3382
1740 11 1877 0 155 52 3383
1740 34 1878 0 150 43 3384
1740 3 1876 0 122 58 3385
1740 7 1876 0 63 86 3386
1740 21 1877 0 128 55 3387
1740 22 1877 0 123 1 3388
1740 7 1875 0 148 56 3389
1740 8 1878 0 117 40 3390
1740 25 1873 0 18 115 3391
1740 7 1876 0 103 22 3392
1740 12 1876 0 113 13 3393
1740 38 1876 0 99 9 3394
1740 43 1876 0 149 33 3395
1740 25 1876 0 113 48 3396
1740 183 4724 1 63 86 3397
1740 6 1874 0 22 41 3398
1740 6 1874 0 96 13 3399
1740 24 1877 0 166 118 3400
1740 7 1876 0 101 26 3401
1745 47 4731 1 194 169 3402
1746 76 4733 1 16 120 3403
1747 122 4733 1 25 122 3404
1755 13 1892 0 93 51 3405
1755 7 1889 0 92 2 3406
1755 9 1890 0 94 1 3407
1755 22 1888 0 132 13 3408
1755 26 1891 0 57 122 3409
1755 16 1891 0 128 55 3410
1755 8 1890 0 156 90 3411
1755 34 1891 0 179 186 3412
1755 8 1890 0 105 143 3413
1755 14 1891 0 118 4 3414
1755 3 1892 0 128 40 3415
1755 18 1892 0 140 22 3416
1755 19 1890 0 7 35 3417
1755 3 1890 0 185 66 3418
1755 22 1890 0 52 37 3419
1755 7 1891 0 103 22 3420
1755 6 1890 0 152 41 3421
1755 6 1891 0 117 40 3422
1755 19 1891 0 123 1 3423
1755 42 1890 0 99 9 3424
1755 11 1891 0 138 36 3425
1755 19 1890 0 105 42 3426
1755 8 1891 0 101 26 3427
1755 37 1891 0 63 134 3428
1755 6 1889 0 95 77 3429
1755 8 1891 0 108 31 3430
1755 33 1892 0 109 56 3431
1764 40 4750 1 188 80 3432
1770 4 1906 0 155 79 3433
1770 35 1904 0 100 167 3434
1770 18 1906 0 55 108 3435
1770 4 1908 0 72 194 3436
1770 7 1906 0 103 22 3437
1770 17 1905 0 188 80 3438
1770 3 1906 0 164 40 3439
1770 16 1907 0 6 88 3440
1770 3 1907 0 128 40 3441
1770 23 1906 0 125 90 3442
1770 5 1906 0 185 66 3443
1770 22 1904 0 128 55 3444
1770 40 1906 0 182 79 3445
1770 21 1906 0 166 118 3446
1770 7 1905 0 113 13 3447
1770 44 1906 0 149 33 3448
1770 12 1908 0 102 36 3449
1770 39 1904 0 113 48 3450
1770 5 1904 0 24 195 3451
1770 33 1905 0 16 120 3452
1770 15 1906 0 93 51 3453
1770 8 1906 0 101 26 3454
1770 8 1907 0 146 159 3455
1770 33 1906 0 99 9 3456
1770 21 1905 0 72 131 3457
1770 9 1905 0 105 143 3458
1770 41 1906 0 179 186 3459
1770 21 1906 0 66 169 3460
1770 10 1906 0 117 40 3461
1770 22 1905 0 109 36 3462
1777 44 4763 1 146 159 3463
1784 77 4772 1 10 193 3464
1785 3 1921 0 128 23 3465
1785 15 1922 0 86 23 3466
1785 37 1922 0 149 33 3467
1785 6 1923 0 96 13 3468
1785 7 1920 0 138 36 3469
1785 3 1922 0 128 40 3470
1785 34 1920 0 153 145 3471
1785 19 1920 0 102 36 3472
1785 42 1922 0 16 120 3473
1785 42 1920 0 182 79 3474
1785 25 1919 0 113 48 3475
1785 14 1920 0 67 20 3476
1785 10 1924 0 142 143 3477
1785 23 1921 0 109 36 3478
1785 5 1920 0 152 41 3479
1785 6 1920 0 122 58 3480
1785 23 1922 0 132 13 3481
1785 10 1922 0 108 58 3482
1785 10 1922 0 103 22 3483
1785 17 1921 0 6 88 3484
1785 25 1921 0 128 55 3485
1786 58 4773 1 143 170 3486
1790 45 4777 1 67 20 3487
1796 42 4782 1 146 119 3488
1800 43 1937 0 102 140 3489
1800 34 1937 0 63 134 3490
1800 22 1937 0 55 108 3491
1800 3 1936 0 127 27 3492
1800 24 1937 0 123 1 3493
1800 4 1937 0 185 66 3494
1800 7 1937 0 108 31 3495
1800 6 1938 0 117 1 3496
1800 5 1936 0 128 40 3497
1800 25 1936 0 140 22 3498
1800 11 1938 0 148 56 3499
1800 8 1936 0 109 1 3500
1800 5 1935 0 161 34 3501
1800 7 1938 0 63 86 3502
1800 8 1937 0 146 159 3503
1800 10 1936 0 46 189 3504
1800 35 1935 0 40 105 3505
1800 5 1934 0 152 41 3506
1800 5 1936 0 128 23 3507
1800 26 1936 0 109 56 3508
1800 45 1936 0 150 43 3509
1800 19 1937 0 102 36 3510
1800 8 1935 0 29 60 3511
1800 12 1938 0 132 13 3512
1800 14 1933 0 198 85 3513
1800 6 1938 0 72 194 3514
1815 10 1951 0 101 26 3515
1815 22 1952 0 166 118 3516
1815 7 1951 0 22 41 3517
1815 38 1952 0 57 122 3518
1815 20 1951 0 66 169 3519
1815 23 1951 0 13 75 3520
1815 3 1949 0 122 58 3521
1815 20 1951 0 125 90 3522
1815 18 1952 0 105 42 3523
1815 11 1951 0 128 96 3524
1815 6 1950 0 96 13 3525
1815 6 1949 0 117 40 3526
1815 5 1950 0 164 40 3527
1815 10 1949 0 92 2 3528
1815 6 1949 0 108 31 3529
1815 10 1950 0 138 36 3530
1815 26 1951 0 100 167 3531
1815 20 1949 0 67 20 3532
1815 29 1952 0 66 134 3533
1815 21 1951 0 140 22 3534
1815 40 1952 0 153 145 3535
1815 29 1951 0 109 56 3536
1815 14 1951 0 198 85 3537
1815 8 1950 0 103 22 3538
1815 22 1950 0 110 114 3539
1815 6 1953 0 173 171 3540
1815 5 1949 0 128 23 3541
1815 8 1951 0 15 186 3542
1815 38 1951 0 99 9 3543
1815 23 1951 0 146 119 3544
1815 17 1952 0 6 88 3545
1816 64 4801 1 150 43 3546
1830 28 1966 0 99 9 3547
1830 11 1966 0 103 22 3548
1830 7 1967 0 148 56 3549
1830 24 1967 0 102 59 3550
1830 18 1966 0 128 55 3551
1830 19 1967 0 118 4 3552
1830 34 1967 0 113 48 3553
1830 6 1967 0 142 143 3554
1830 9 1967 0 117 40 3555
1830 21 1969 0 125 90 3556
1830 6 1967 0 122 58 3557
1830 23 1965 0 105 42 3558
1830 21 1967 0 194 169 3559
1830 6 1964 0 109 1 3560
1830 3 1967 0 10 193 3561
1830 25 1964 0 143 170 3562
1830 41 1966 0 149 33 3563
1830 6 1966 0 95 77 3564
1830 38 1965 0 120 146 3565
1830 33 1964 0 109 56 3566
1830 5 1966 0 128 40 3567
1830 9 1966 0 24 183 3568
1830 6 1965 0 146 159 3569
1830 12 1963 0 123 1 3570
1830 3 1964 0 96 13 3571
1830 15 1965 0 50 121 3572
1830 8 1966 0 63 86 3573
1833 57 4819 1 149 33 3574
1838 190 4824 1 194 169 3575
1845 11 1983 0 173 171 3576
1845 24 1981 0 102 36 3577
1845 13 1981 0 72 131 3578
1845 8 1982 0 148 56 3579
1845 25 1980 0 113 48 3580
1845 21 1982 0 7 35 3581
1845 10 1979 0 109 1 3582
1845 6 1980 0 63 86 3583
1845 22 1981 0 105 42 3584
1845 24 1982 0 140 22 3585
1845 5 1978 0 128 40 3586
1845 13 1981 0 146 119 3587
1845 26 1982 0 109 56 3588
1845 3 1982 0 95 77 3589
1845 12 1980 0 118 4 3590
1845 12 1984 0 132 13 3591
1845 29 1981 0 155 122 3592
1845 8 1982 0 108 58 3593
1845 17 1980 0 188 80 3594
1845 40 1981 0 149 33 3595
1845 4 1981 0 161 34 3596
1845 5 1980 0 185 66 3597
1845 12 1980 0 117 40 3598
1845 8 1982 0 101 26 3599
1845 5 1981 0 127 27 3600
1845 29 1983 0 66 134 3601
1845 34 1980 0 63 134 3602
1845 26 1981 0 182 79 3603
1845 8 1982 0 113 13 3604
1845 24 1981 0 40 59 3605
1845 4 1981 0 96 13 3606
1845 11 1983 0 15 186 3607
1845 13 1982 0 198 85 3608
1845 5 1983 0 155 79 3609
1845 12 1980 0 94 1 3610
1845 11 1982 0 105 143 3611
1860 12 1995 0 198 85 3612
1860 20 1997 0 102 36 3613
1860 9 1998 0 117 40 3614
1860 22 1994 0 141 56 3615
1860 9 1996 0 108 31 3616
1860 45 1995 0 120 146 3617
1860 22 1997 0 125 90 3618
1860 11 1996 0 142 143 3619
1860 3 1997 0 185 66 3620
1860 45 1996 0 179 186 3621
1860 22 1996 0 109 36 3622
1860 4 1994 0 96 13 3623
1860 10 1995 0 46 189 3624
1860 19 1998 0 93 51 3625
1860 12 1996 0 146 159 3626
1860 43 1993 0 18 115 3627
1860 9 1994 0 113 13 3628
1860 13 1999 0 52 37 3629
1860 12 1995 0 29 60 3630
1860 10 1995 0 105 143 3631
1860 38 1996 0 149 33 3632
1860 28 1996 0 113 48 3633
1860 31 1997 0 57 122 3634
1860 31 1996 0 109 56 3635
1860 19 1998 0 166 118 3636
1860 19 1995 0 128 55 3637
1860 4 1997 0 122 58 3638
1860 12 1994 0 155 52 3639
1860 13 1995 0 13 75 3640
1860 44 1997 0 40 105 3641
1860 19 1995 0 132 13 3642
1860 44 1996 0 133 152 3643
1861 56 4847 1 152 41 3644
1875 25 2011 0 83 108 3645
1875 16 2011 0 52 37 3646
1875 18 2011 0 146 119 3647
1875 37 2010 0 100 167 3648
1875 10 2010 0 63 113 3649
1875 9 2012 0 117 40 3650
1875 39 2011 0 149 33 3651
1875 5 2013 0 128 23 3652
1875 6 2011 0 10 193 3653
1875 3 2011 0 117 1 3654
1875 14 2011 0 105 42 3655
1875 41 2010 0 16 120 3656
1875 14 2013 0 102 59 3657
1875 3 2011 0 72 194 3658
1875 7 2011 0 103 22 3659
1875 19 2011 0 110 114 3660
1875 6 2010 0 96 13 3661
1875 13 2009 0 140 22 3662
1875 12 2011 0 178 113 3663
1875 12 2013 0 123 1 3664
1875 23 2010 0 141 56 3665
1882 30 4868 1 102 36 3666
1890 23 2027 0 194 169 3667
1890 6 2026 0 128 40 3668
1890 39 2026 0 150 43 3669
1890 34 2027 0 83 108 3670
1890 25 2026 0 128 55 3671
1890 3 2025 0 117 1 3672
1890 23 2027 0 132 13 3673
1890 26 2028 0 16 120 3674
1890 19 2027 0 123 1 3675
1890 12 2027 0 113 13 3676
1890 12 2026 0 7 35 3677
1890 40 2027 0 40 105 3678
1890 6 2024 0 127 27 3679
1890 27 2025 0 99 9 3680
1890 18 2026 0 52 37 3681
1890 8 2023 0 29 60 3682
1890 12 2026 0 103 1 3683
1890 13 2027 0 143 170 3684
1890 15 2025 0 109 36 3685
1890 9 2025 0 148 56 3686
1890 37 2025 0 102 140 3687
1890 6 2028 0 24 195 3688
1890 8 2028 0 128 96 3689
1890 6 2026 0 7 180 3690
1890 6 2028 0 101 26 3691
1890 17 2025 0 72 131 3692
1890 43 2027 0 109 56 3693
1890 6 2026 0 63 86 3694
1890 5 2025 0 96 13 3695
1890 9 2025 0 156 90 3696
1895 54 4879 1 99 1 3697
1905 6 2042 0 127 27 3698
1905 13 2043 0 132 13 3699
1905 11 2041 0 101 26 3700
1905 6 2044 0 29 60 3701
1905 8 2039 0 63 86 3702
1905 43 2039 0 2 3 3703
1905 6 2040 0 128 23 3704
1905 14 2043 0 25 122 3705
1905 12 2038 0 63 113 3706
1905 6 2041 0 108 31 3707
1905 42 2040 0 113 48 3708
1905 12 2040 0 143 170 3709
1905 19 2040 0 6 88 3710
1905 3 2042 0 122 58 3711
1905 9 2042 0 24 183 3712
1905 15 2041 0 128 55 3713
1905 3 2040 0 152 41 3714
1905 19 2041 0 123 1 3715
1905 24 2040 0 72 131 3716
1905 10 2040 0 46 189 3717
1905 22 2041 0 118 4 3718
1905 7 2041 0 138 36 3719
1905 4 2041 0 96 13 3720
1905 20 2040 0 50 121 3721
1905 12 2040 0 66 169 3722
1905 25 2041 0 99 9 3723
1905 36 2041 0 102 140 3724
1905 17 2040 0 105 42 3725
1905 12 2042 0 113 13 3726
1920 5 2055 0 117 1 3727
1920 6 2053 0 178 113 3728
1920 12 2057 0 105 42 3729
1920 23 2057 0 55 108 3730
1920 16 2055 0 140 22 3731
1920 23 2055 0 110 114 3732
1920 6 2054 0 37 7 3733
1920 32 2056 0 57 122 3734
1920 12 2059 0 146 159 3735
1920 9 2053 0 138 36 3736
1920 3 2057 0 24 195 3737
1920 4 2057 0 152 41 3738
1920 21 2057 0 102 36 3739
1920 17 2058 0 7 35 3740
1920 33 2055 0 109 56 3741
1920 41 2057 0 120 146 3742
1920 14 2056 0 99 1 3743
1920 27 2056 0 78 150 3744
1920 8 2057 0 63 86 3745
1920 12 2057 0 13 75 3746
1920 36 2058 0 179 186 3747
1920 3 2055 0 128 40 3748
1920 4 2055 0 161 34 3749
1920 6 2057 0 108 58 3750
1920 42 2056 0 113 48 3751
1920 9 2055 0 148 56 3752
1920 11 2057 0 101 26 3753
1920 4 2058 0 7 180 3754
1920 7 2055 0 117 40 3755
1920 3 2055 0 164 40 3756
1920 8 2055 0 108 31 3757
1920 18 2053 0 118 4 3758
1920 13 2056 0 123 1 3759
1920 8 2057 0 24 183 3760
1920 18 2055 0 128 55 3761
1920 16 2055 0 86 23 3762
1920 5 2057 0 127 27 3763
1920 29 2057 0 150 43 3764
1920 43 2058 0 83 108 3765
1920 20 2058 0 67 20 3766
1920 5 2056 0 128 23 3767
1920 14 2057 0 25 122 3768
1920 24 2056 0 93 51 3769
1924 58 4912 1 153 145 3770
1935 12 2069 0 178 113 3771
1935 7 2072 0 173 171 3772
1935 30 2071 0 120 146 3773
1935 24 2072 0 72 131 3774
1935 3 2070 0 164 40 3775
1935 29 2072 0 109 56 3776
1935 22 2071 0 7 35 3777
1935 10 2071 0 63 113 3778
1935 36 2069 0 99 9 3779
1935 5 2071 0 127 27 3780
1935 9 2068 0 128 96 3781
1935 17 2069 0 128 55 3782
1935 13 2069 0 141 56 3783
1935 10 2070 0 92 2 3784
1935 22 2072 0 118 4 3785
1935 8 2071 0 101 26 3786
1935 19 2071 0 123 1 3787
1935 7 2072 0 108 58 3788
1935 17 2069 0 105 42 3789
1935 17 2070 0 67 20 3790
1935 10 2071 0 113 13 3791
1935 34 2070 0 57 122 3792
1935 7 2070 0 29 60 3793
1935 6 2070 0 117 1 3794
1935 4 2071 0 128 23 3795
1935 6 2070 0 138 36 3796
1935 23 2071 0 52 37 3797
1935 6 2072 0 155 79 3798
1935 5 2071 0 95 77 3799
1935 7 2070 0 156 90 3800
1935 38 2072 0 149 33 3801
1935 4 2069 0 37 7 3802
1935 20 2072 0 50 121 3803
1935 6 2070 0 128 40 3804
1935 8 2073 0 148 56 3805
1935 6 2071 0 103 1 3806
1935 7 2071 0 103 22 3807
1950 24 2087 0 140 22 3808
1950 11 2086 0 63 113 3809
1950 14 2086 0 118 4 3810
1950 30 2085 0 133 152 3811
1950 7 2086 0 182 28 3812
1950 6 2085 0 103 22 3813
1950 34 2084 0 83 108 3814
1950 12 2087 0 63 86 3815
1950 8 2088 0 156 90 3816
1950 4 2086 0 128 23 3817
1950 25 2084 0 93 51 3818
1950 7 2088 0 101 26 3819
1950 16 2086 0 166 118 3820
1950 16 2087 0 25 122 3821
1950 19 2086 0 146 119 3822
1950 3 2086 0 155 79 3823
1950 27 2088 0 100 167 3824
1950 12 2086 0 113 13 3825
1950 5 2087 0 24 195 3826
1950 9 2085 0 155 52 3827
1950 11 2084 0 15 4 3828
1950 37 2085 0 149 33 3829
1950 6 2088 0 96 13 3830
1950 16 2086 0 109 36 3831
1950 3 2087 0 72 194 3832
1950 12 2085 0 123 1 3833
1950 7 2086 0 92 2 3834
1950 12 2086 0 102 36 3835
1950 12 2085 0 108 31 3836
1950 17 2085 0 188 80 3837
1953 37 4940 1 102 59 3838
1962 60 4946 1 63 113 3839
1963 61 4951 1 102 140 3840
1965 24 2102 0 25 122 3841
1965 54 4951 1 100 167 3842
1965 42 2101 0 40 105 3843
1965 40 2103 0 99 9 3844
1965 15 2101 0 194 169 3845
1965 6 2101 0 128 23 3846
1965 12 2102 0 108 58 3847
1965 5 2100 0 96 13 3848
1965 11 2103 0 128 96 3849
1965 20 2101 0 123 1 3850
1965 6 2101 0 117 40 3851
1965 6 2102 0 108 31 3852
1965 12 2103 0 110 114 3853
1965 8 2100 0 146 159 3854
1965 15 2100 0 6 88 3855
1965 22 2100 0 118 4 3856
1965 19 2101 0 128 55 3857
1965 30 2098 0 113 48 3858
1965 18 2102 0 132 13 3859
1965 7 2101 0 103 22 3860
1965 22 2100 0 166 118 3861
1965 10 2101 0 101 26 3862
1965 22 2103 0 72 131 3863
1965 21 2102 0 102 36 3864
1965 34 2102 0 109 56 3865
1965 5 2100 0 95 77 3866
1965 3 2102 0 117 1 3867
1965 11 2101 0 15 4 3868
1965 9 2103 0 173 171 3869
1965 41 2100 0 18 115 3870
1965 16 2102 0 52 37 3871
1965 6 2100 0 37 7 3872
1965 42 2103 0 78 150 3873
1967 59 4954 1 15 186 3874
1970 49 4956 1 161 34 3875
1976 34 4962 1 173 171 3876
1980 12 2115 0 15 4 3877
1980 8 2115 0 146 159 3878
1980 11 2116 0 103 22 3879
1980 33 2117 0 149 33 3880
1980 12 2114 0 123 1 3881
1980 38 2113 0 153 145 3882
1980 11 2115 0 148 56 3883
1980 19 2117 0 125 90 3884
1980 15 2114 0 66 169 3885
1980 19 2117 0 105 42 3886
1980 22 2116 0 118 4 3887
1980 17 2112 0 93 51 3888
1980 12 2116 0 22 41 3889
1980 3 2118 0 127 27 3890
1980 6 2117 0 156 90 3891
1980 21 2117 0 132 13 3892
1980 7 2116 0 46 189 3893
1980 4 2115 0 128 23 3894
1980 12 2115 0 72 131 3895
1980 5 2116 0 122 58 3896
1980 6 2118 0 117 1 3897
1980 33 2117 0 16 120 3898
1980 42 2116 0 113 48 3899
1980 3 2116 0 128 40 3900
1980 20 2117 0 141 56 3901
1980 11 2117 0 117 40 3902
1995 10 2132 0 142 143 3903
1995 25 2133 0 143 170 3904
1995 8 2132 0 108 31 3905
1995 11 2130 0 113 13 3906
1995 24 2130 0 128 55 3907
1995 13 2131 0 50 121 3908
1995 14 2129 0 102 36 3909
1995 8 2131 0 105 143 3910
1995 30 2130 0 83 108 3911
1995 8 2131 0 155 52 3912
1995 8 2131 0 108 58 3913
1995 17 2132 0 67 20 3914
1995 36 2131 0 109 56 3915
1995 12 2130 0 94 1 3916
1995 5 2130 0 128 23 3917
1995 7 2132 0 138 36 3918
1995 32 2130 0 149 33 3919
1995 21 2131 0 188 80 3920
1995 40 2131 0 182 79 3921
1995 35 2130 0 153 145 3922
1995 3 2130 0 72 194 3923
1995 17 2133 0 123 1 3924
1995 7 2131 0 63 86 3925
1995 16 2131 0 66 169 3926
1995 33 2130 0 113 48 3927
1995 17 2131 0 93 51 3928
1995 7 2130 0 148 56 3929
1995 42 2131 0 40 105 3930
1995 25 2131 0 125 90 3931
1995 12 2130 0 22 41 3932
1995 8 2132 0 117 40 3933
2010 12 2147 0 103 1 3934
2010 36 2145 0 63 134 3935
2010 6 2147 0 127 27 3936
2010 13 2146 0 118 4 3937
2010 12 2147 0 52 37 3938
2010 8 2146 0 101 26 3939
2010 10 2144 0 108 58 3940
2010 41 2144 0 102 140 3941
2010 23 2146 0 143 170 3942
2010 43 2145 0 150 43 3943
2010 43 2148 0 99 9 3944
2010 5 2146 0 128 23 3945
2010 4 2146 0 152 41 3946
2010 16 2147 0 102 59 3947
2010 21 2147 0 7 35 3948
2010 37 2144 0 66 134 3949
2010 13 2144 0 67 20 3950
2010 36 2146 0 113 48 3951
2010 7 2147 0 178 113 3952
2010 37 2147 0 18 115 3953
2010 44 2148 0 153 145 3954
2010 5 2147 0 122 58 3955
2010 5 2146 0 7 180 3956
2010 25 2146 0 128 55 3957
2010 12 2147 0 72 131 3958
2010 3 2146 0 185 66 3959
2010 19 2148 0 102 36 3960
2010 3 2145 0 161 34 3961
2010 32 2147 0 179 186 3962
2010 43 2146 0 109 56 3963
2025 11 2159 0 46 189 3964
2025 3 2160 0 72 194 3965
2025 38 2161 0 179 186 3966
2025 11 2161 0 29 60 3967
2025 12 2162 0 103 1 3968
2025 13 2160 0 128 55 3969
2025 45 2163 0 155 122 3970
2025 37 2161 0 113 48 3971
2025 19 2162 0 143 170 3972
2025 6 2160 0 101 26 3973
2025 4 2161 0 161 34 3974
2025 23 2161 0 25 122 3975
2025 22 2161 0 40 59 3976
2025 19 2162 0 141 56 3977
2025 14 2162 0 86 23 3978
2025 33 2160 0 2 3 3979
2025 36 2160 0 120 146 3980
2025 16 2161 0 102 36 3981
2025 42 2161 0 149 33 3982
2025 12 2160 0 113 13 3983
2025 10 2161 0 15 186 3984
2025 30 2160 0 57 122 3985
2025 30 2163 0 100 167 3986
2025 6 2158 0 95 77 3987
2025 14 2160 0 146 119 3988
2025 4 2163 0 152 41 3989
2025 12 2162 0 24 183 3990
2025 34 5011 1 120 146 3991
2025 6 2160 0 103 22 3992
2025 12 2161 0 105 42 3993
2025 41 2160 0 40 105 3994
2025 38 2162 0 83 108 3995
2025 9 2161 0 138 36 3996
2025 17 2162 0 140 22 3997
2025 10 2160 0 156 90 3998
2025 5 2160 0 96 13 3999
2033 35 5018 1 128 96 4000
2040 12 2176 0 123 1 4001
2040 38 2174 0 155 122 4002
2040 3 2176 0 161 34 4003
2040 24 2176 0 67 20 4004
2040 11 2177 0 173 171 4005
2040 41 2175 0 113 48 4006
2040 8 2176 0 117 40 4007
2040 3 2175 0 122 58 4008
2040 16 2177 0 140 22 4009
2040 25 2176 0 109 36 4010
2040 12 2177 0 118 4 4011
2040 4 2174 0 164 40 4012
2040 8 2177 0 24 183 4013
2040 9 2177 0 108 31 4014
2040 11 2175 0 103 22 4015
2040 6 2176 0 128 40 4016
2040 16 2177 0 25 122 4017
2040 22 2178 0 40 59 4018
2040 23 2177 0 99 1 4019
2040 44 2176 0 150 43 4020
2040 15 2176 0 132 13 4021
2048 38 5033 1 185 66 4022
2055 45 2190 0 66 134 4023
2055 16 2190 0 7 35 4024
2055 6 2189 0 72 194 4025
2055 26 2191 0 40 105 4026
2055 21 2191 0 123 1 4027
2055 7 2191 0 108 31 4028
2055 11 2188 0 146 159 4029
2055 22 2191 0 198 85 4030
2055 12 2189 0 6 88 4031
2055 5 2191 0 128 40 4032
2055 7 2192 0 148 56 4033
2055 19 2191 0 132 13 4034
2055 16 2191 0 93 51 4035
2055 16 2192 0 140 22 4036
2055 23 2192 0 25 122 4037
2055 6 2192 0 155 79 4038
2055 24 2191 0 40 59 4039
2055 17 2191 0 102 36 4040
2055 9 2191 0 113 13 4041
2055 37 2190 0 63 134 4042
2055 22 2192 0 146 119 4043
2055 8 2193 0 105 143 4044
2055 12 2189 0 138 36 4045
2055 8 2190 0 46 189 4046
2055 6 2190 0 127 27 4047
2055 10 2192 0 108 58 4048
2055 40 2193 0 113 48 4049
2055 6 2192 0 156 90 4050
2055 32 2192 0 102 140 4051
2055 6 2190 0 96 13 4052
2055 4 2190 0 128 23 4053
2055 20 2192 0 194 169 4054
2055 40 2190 0 109 56 4055
2055 6 2192 0 37 7 4056
2055 6 2190 0 122 58 4057
2070 6 2207 0 108 58 4058
2070 7 2207 0 105 143 4059
2070 42 2206 0 99 9 4060
2070 6 2206 0 146 159 4061
2070 39 2205 0 113 48 4062
2070 10 2205 0 178 113 4063
2070 12 2207 0 94 1 4064
2070 11 2206 0 63 86 4065
2070 33 2206 0 18 115 4066
2070 9 2207 0 46 189 4067
2070 44 2205 0 83 108 4068
2070 13 2206 0 140 22 4069
2070 14 2205 0 110 114 4070
2070 25 2205 0 72 131 4071
2070 36 2206 0 109 56 4072
2070 29 2208 0 149 33 4073
2070 12 2204 0 138 36 4074
2070 24 2203 0 102 36 4075
2070 24 2206 0 105 42 4076
2070 18 2207 0 146 119 4077
2070 29 2204 0 102 140 4078
2070 23 2206 0 93 51 4079
2070 6 2206 0 10 193 4080
2070 11 2206 0 109 1 4081
2070 7 2205 0 103 1 4082
2070 20 2207 0 123 1 4083
2070 45 2204 0 78 150 4084
2070 5 2207 0 122 58 4085
2070 21 2206 0 141 56 4086
2070 25 2205 0 13 75 4087
2074 191 5059 1 22 41 4088
2081 148 5067 1 173 171 4089
2085 6 2221 0 155 79 4090
2085 18 2223 0 72 131 4091
2085 44 2221 0 109 56 4092
2085 12 2220 0 15 186 4093
2085 6 2221 0 122 58 4094
2085 4 2221 0 128 23 4095
2085 30 2223 0 16 120 4096
2085 7 2220 0 94 1 4097
2085 15 2221 0 109 36 4098
2085 36 2221 0 18 115 4099
2085 7 2220 0 113 13 4100
2085 27 2222 0 113 48 4101
2085 13 2222 0 13 75 4102
2085 38 2221 0 40 105 4103
2085 16 2222 0 166 118 4104
2085 12 2223 0 105 42 4105
2085 10 2221 0 146 159 4106
2085 6 2220 0 117 40 4107
2085 34 2222 0 100 167 4108
2085 26 2219 0 120 146 4109
2085 6 2221 0 161 34 4110
2085 17 2222 0 132 13 4111
2085 8 2221 0 109 1 4112
2085 4 2221 0 10 193 4113
2100 6 2238 0 37 7 4114
2100 13 2235 0 6 88 4115
2100 35 2236 0 63 134 4116
2100 6 2236 0 95 77 4117
2100 5 2237 0 122 58 4118
2100 43 2235 0 179 186 4119
2100 35 2236 0 57 122 4120
2100 5 2235 0 24 195 4121
2100 42 2236 0 99 9 4122
2100 8 2238 0 63 86 4123
2100 43 2234 0 109 56 4124
2100 14 2236 0 123 1 4125
2100 3 2234 0 127 27 4126
2100 23 2236 0 93 51 4127
2100 8 2237 0 94 1 4128
2100 30 2235 0 2 3 4129
2100 37 2236 0 40 105 4130
2100 3 2236 0 161 34 4131
2100 38 2236 0 102 140 4132
2100 17 2235 0 118 4 4133
2100 29 2236 0 155 122 4134
2100 9 2234 0 103 22 4135
2100 24 2235 0 198 85 4136
2100 11 2238 0 108 31 4137
2100 9 2235 0 146 159 4138
2100 23 2234 0 109 36 4139
2115 27 2251 0 66 134 4140
2115 15 2251 0 102 59 4141
2115 3 2250 0 122 58 4142
2115 8 2249 0 148 56 4143
2115 9 2250 0 138 36 4144
2115 6 2250 0 15 186 4145
2115 5 2250 0 117 1 4146
2115 25 2251 0 7 35 4147
2115 45 2249 0 153 145 4148
2115 23 2250 0 140 22 4149
2115 10 2252 0 113 13 4150
2115 3 2251 0 96 13 4151
2115 6 2249 0 155 79 4152
2115 4 2251 0 128 23 4153
2115 25 2252 0 123 1 4154
2115 22 2251 0 194 169 4155
2115 11 2250 0 22 41 4156
2115 8 2254 0 105 143 4157
2115 21 2251 0 188 80 4158
2115 18 2251 0 128 55 4159
2115 25 2253 0 105 42 4160
2115 7 2251 0 178 113 4161
2115 6 2251 0 103 22 4162
2115 19 2254 0 198 85 4163
2115 24 2250 0 118 4 4164
2115 24 2248 0 55 108 4165
2115 24 2251 0 109 36 4166
2115 19 2251 0 110 114 4167
2115 7 2251 0 101 26 4168
2115 35 2250 0 16 120 4169
2115 34 2252 0 18 115 4170
2115 10 2249 0 182 28 4171
2115 10 2251 0 63 113 4172
2115 44 2254 0 113 48 4173
2115 36 2251 0 83 108 4174
2118 200 5103 1 142 143 4175
2130 31 2265 0 149 33 4176
2130 7 2268 0 108 31 4177
2130 24 2266 0 166 118 4178
2130 24 2264 0 128 55 4179
2130 45 2265 0 2 3 4180
2130 17 2268 0 105 42 4181
2130 34 2267 0 113 48 4182
2130 4 2267 0 127 27 4183
2130 9 2265 0 128 96 4184
2130 5 2264 0 24 195 4185
2130 9 2269 0 117 40 4186
2130 6 2266 0 113 13 4187
2130 35 2267 0 182 79 4188
2130 15 2267 0 50 121 4189
2130 32 2267 0 100 167 4190
2130 6 2266 0 178 113 4191
2130 12 2269 0 24 183 4192
2130 6 2264 0 128 40 4193
2130 12 2266 0 29 60 4194
2130 38 2265 0 16 120 4195
2130 4 2266 0 95 77 4196
2130 35 2265 0 153 145 4197
2130 6 2267 0 7 180 4198
2130 6 2266 0 148 56 4199
2130 40 2266 0 66 134 4200
2130 22 2264 0 123 1 4201
2130 12 2266 0 93 51 4202
2130 6 2270 0 128 23 4203
2130 22 2266 0 25 122 4204
2145 43 2279 0 149 33 4205
2145 4 2280 0 152 41 4206
2145 6 2281 0 92 2 4207
2145 25 2281 0 140 22 4208
2145 32 2281 0 63 134 4209
2145 15 2282 0 105 42 4210
2145 16 2280 0 198 85 4211
2145 36 2283 0 78 150 4212
2145 15 2280 0 141 56 4213
2145 21 2281 0 25 122 4214
2145 3 2282 0 128 40 4215
2145 24 2282 0 93 51 4216
2145 21 2279 0 109 36 4217
2145 19 2281 0 72 131 4218
2145 3 2280 0 95 77 4219
2145 8 2283 0 173 171 4220
2145 25 2283 0 194 169 4221
2145 41 2279 0 109 56 4222
2145 4 2282 0 24 195 4223
2145 21 2281 0 7 35 4224
2145 14 2280 0 118 4 4225
2145 38 2282 0 133 152 4226
2145 19 2281 0 128 55 4227
2145 6 2283 0 156 90 4228
2145 3 2282 0 117 1 4229
2145 23 2279 0 102 59 4230
2145 24 2282 0 123 1 4231
2145 29 2281 0 113 48 4232
2145 12 2278 0 55 108 4233
2145 4 2284 0 96 13 4234
2145 12 2281 0 29 60 4235
2145 45 2283 0 150 43 4236
2145 14 2281 0 143 170 4237
2145 23 2281 0 188 80 4238
2145 10 2281 0 178 113 4239
2145 32 2282 0 182 79 4240
2145 45 2282 0 102 140 4241
2145 23 2283 0 52 37 4242
2148 177 5132 1 182 28 4243
2149 74 5136 1 128 55 4244
2160 24 2298 0 123 1 4245
2160 5 2296 0 96 13 4246
2160 11 2295 0 148 56 4247
2160 9 2297 0 63 86 4248
2160 20 2298 0 86 23 4249
2160 14 2296 0 25 122 4250
2160 10 2296 0 173 171 4251
2160 6 2297 0 128 23 4252
2160 10 2298 0 142 143 4253
2160 39 2297 0 66 134 4254
2160 36 2295 0 57 122 4255
2160 39 2295 0 179 186 4256
2160 3 2294 0 37 7 4257
2160 28 2295 0 133 152 4258
2160 29 2296 0 18 115 4259
2160 27 2296 0 16 120 4260
2160 22 2296 0 110 114 4261
2160 24 2294 0 140 22 4262
2160 10 2296 0 94 1 4263
2160 9 2296 0 24 183 4264
2160 12 2296 0 108 58 4265
2160 10 2296 0 178 113 4266
2160 19 2295 0 109 36 4267
2160 7 2296 0 101 26 4268
2160 44 2298 0 113 48 4269
2160 10 2298 0 113 13 4270
2160 18 2297 0 128 55 4271
2160 14 2293 0 105 42 4272
2160 12 2297 0 128 96 4273
2160 25 2295 0 109 56 4274
2160 5 2296 0 127 27 4275
2160 19 2296 0 13 75 4276
2163 185 5149 1 117 1 4277
2164 33 5151 1 128 23 4278
2175 6 2311 0 122 58 4279
2175 9 2311 0 155 52 4280
2175 4 2310 0 37 7 4281
2175 12 2311 0 101 26 4282
2175 6 2309 0 117 1 4283
2175 12 2311 0 128 55 4284
2175 6 2313 0 161 34 4285
2175 10 2309 0 173 171 4286
2175 4 2311 0 128 40 4287
2175 5 2312 0 164 40 4288
2175 23 2311 0 105 42 4289
2175 7 2312 0 94 1 4290
2175 10 2309 0 108 58 4291
2175 12 2309 0 103 22 4292
2175 26 2311 0 182 79 4293
2175 12 2312 0 108 31 4294
2175 10 2311 0 178 113 4295
2175 13 2311 0 52 37 4296
2175 25 2313 0 50 121 4297
2175 18 2313 0 55 108 4298
2175 5 2314 0 128 23 4299
2175 16 2310 0 123 1 4300
2175 11 2312 0 15 4 4301
2175 35 2311 0 2 3 4302
2175 19 2312 0 118 4 4303
2175 32 2312 0 66 134 4304
2175 18 2312 0 102 36 4305
2175 16 2311 0 102 59 4306
2175 13 2309 0 66 169 4307
2175 11 2309 0 138 36 4308
2175 39 2312 0 113 48 4309
2175 11 2312 0 117 40 4310
2187 80 5174 1 105 42 4311
2190 24 2327 0 118 4 4312
2190 24 2326 0 102 36 4313
2190 3 2326 0 117 1 4314
2190 20 2327 0 166 118 4315
2190 9 2326 0 109 1 4316
2190 11 2325 0 15 186 4317
2190 18 2326 0 25 122 4318
2190 35 2326 0 57 122 4319
2190 42 2326 0 113 48 4320
2190 21 2326 0 128 55 4321
2190 6 2327 0 122 58 4322
2190 34 2328 0 18 115 4323
2190 5 2328 0 96 13 4324
2190 33 2328 0 40 105 4325
2190 37 2326 0 133 152 4326
2190 36 2326 0 182 79 4327
2190 10 2325 0 101 26 4328
2190 6 2326 0 173 171 4329
2190 7 2326 0 103 1 4330
2190 5 2328 0 161 34 4331
2190 10 2327 0 63 86 4332
2205 6 2341 0 128 40 4333
2205 15 2341 0 166 118 4334
2205 25 2341 0 83 108 4335
2205 16 2340 0 118 4 4336
2205 6 2343 0 127 27 4337
2205 9 2340 0 138 36 4338
2205 7 2341 0 103 22 4339
2205 32 2343 0 113 48 4340
2205 18 2341 0 102 36 4341
2205 24 2343 0 6 88 4342
2205 7 2340 0 101 26 4343
2205 13 2342 0 93 51 4344
2205 4 2338 0 96 13 4345
2205 25 2340 0 132 13 4346
2205 7 2343 0 142 143 4347
2205 10 2344 0 46 189 4348
2205 6 2341 0 185 66 4349
2205 22 2341 0 125 90 4350
2205 6 2342 0 72 194 4351
2205 19 2341 0 109 36 4352
2205 27 2342 0 18 115 4353
2205 6 2342 0 117 1 4354
2205 10 2339 0 182 28 4355
2205 5 2341 0 122 58 4356
2205 3 2343 0 95 77 4357
2205 5 2340 0 128 23 4358
2205 16 2342 0 55 108 4359
2205 22 2342 0 123 1 4360
2205 8 2341 0 63 113 4361
2205 6 2340 0 161 34 4362
2210 197 5195 1 161 34 4363
2220 23 2354 0 6 88 4364
2220 41 2354 0 102 140 4365
2220 3 2354 0 128 40 4366
2220 6 2357 0 164 40 4367
2220 14 2356 0 146 119 4368
2220 12 2357 0 101 26 4369
2220 21 2353 0 55 108 4370
2220 12 2356 0 140 22 4371
2220 12 2357 0 105 42 4372
2220 8 2356 0 178 113 4373
2220 24 2354 0 72 131 4374
2220 35 2354 0 63 134 4375
2220 6 2354 0 63 113 4376
2220 15 2356 0 132 13 4377
2220 23 2357 0 40 59 4378
2220 8 2356 0 108 31 4379
2220 17 2355 0 13 75 4380
2220 35 2355 0 149 33 4381
2220 4 2353 0 117 1 4382
2220 6 2356 0 96 13 4383
2220 42 2357 0 78 150 4384
2220 8 2355 0 173 171 4385
2220 24 2357 0 118 4 4386
2220 37 2357 0 66 134 4387
2220 16 2359 0 123 1 4388
2220 6 2359 0 156 90 4389
2220 13 2358 0 50 121 4390
2220 11 2357 0 113 13 4391
2220 3 2358 0 122 58 4392
2221 149 5207 1 52 37 4393
2232 178 5217 1 146 159 4394
2235 9 2371 0 117 40 4395
2235 8 2369 0 108 31 4396
2235 45 2370 0 109 56 4397
2235 4 2373 0 122 58 4398
2235 35 2372 0 102 140 4399
2235 5 2369 0 128 23 4400
2235 24 2371 0 141 56 4401
2235 15 2373 0 109 36 4402
2235 8 2371 0 178 113 4403
2235 5 2372 0 95 77 4404
2235 19 2371 0 72 131 4405
2235 33 2373 0 78 150 4406
2235 6 2371 0 15 186 4407
2235 12 2374 0 66 169 4408
2235 42 2371 0 179 186 4409
2235 21 2370 0 50 121 4410
2235 14 2372 0 102 59 4411
2235 18 2372 0 102 36 4412
2235 13 2370 0 140 22 4413
2235 3 2371 0 7 180 4414
2235 11 2371 0 92 2 4415
2235 11 2370 0 101 26 4416
2235 8 2372 0 182 28 4417
2235 35 2370 0 120 146 4418
2235 13 2371 0 7 35 4419
2235 6 2371 0 146 159 4420
2250 24 2384 0 118 4 4421
2250 10 2386 0 117 40 4422
2250 14 2386 0 166 118 4423
2250 6 2388 0 108 31 4424
2250 3 2386 0 96 13 4425
2250 25 2387 0 109 56 4426
2250 31 2384 0 113 48 4427
2250 14 2387 0 143 170 4428
2250 6 2387 0 127 27 4429
2250 11 2387 0 128 96 4430
2250 24 2387 0 123 1 4431
2250 19 2383 0 105 42 4432
2250 17 2386 0 128 55 4433
2250 8 2386 0 15 186 4434
2250 9 2388 0 103 1 4435
2250 34 2387 0 57 122 4436
2250 17 2384 0 146 119 4437
2250 11 2386 0 109 1 4438
2250 5 2386 0 155 79 4439
2250 33 2387 0 149 33 4440
2250 6 2387 0 155 52 4441
2250 6 2388 0 15 4 4442
2250 14 2387 0 40 59 4443
2250 31 2386 0 99 9 4444
2250 27 2385 0 16 120 4445
2250 30 2385 0 66 134 4446
2250 21 2386 0 102 36 4447
2265 40 2403 0 63 134 4448
2265 8 2403 0 101 26 4449
2265 7 2403 0 105 143 4450
2265 6 2401 0 22 41 4451
2265 3 2400 0 161 34 4452
2265 32 2402 0 113 48 4453
2265 5 2401 0 164 40 4454
2265 13 2401 0 66 169 4455
2265 11 2401 0 108 58 4456
2265 16 2401 0 86 23 4457
2265 12 2400 0 166 118 4458
2265 10 2401 0 117 40 4459
2265 41 2402 0 120 146 4460
2265 17 2401 0 25 122 4461
2265 24 2400 0 109 36 4462
2265 9 2400 0 178 113 4463
2265 16 2399 0 102 36 4464
2265 9 2401 0 113 13 4465
2265 12 2401 0 92 2 4466
2265 4 2403 0 128 23 4467
2265 29 2400 0 155 122 4468
2265 18 2402 0 55 108 4469
2265 21 2399 0 128 55 4470
2265 35 2401 0 18 115 4471
2265 4 2400 0 127 27 4472
2265 28 2400 0 109 56 4473
2280 12 2416 0 128 55 4474
2280 3 2417 0 127 27 4475
2280 20 2417 0 7 35 4476
2280 12 2417 0 93 51 4477
2280 6 2415 0 138 36 4478
2280 11 2415 0 146 159 4479
2280 6 2415 0 101 26 4480
2280 4 2417 0 152 41 4481
2280 11 2416 0 142 143 4482
2280 32 2418 0 113 48 4483
2280 17 2418 0 52 37 4484
2280 6 2415 0 156 90 4485
2280 27 2415 0 99 9 4486
2280 4 2418 0 128 23 4487
2280 5 2417 0 122 58 4488
2280 28 2414 0 18 115 4489
2280 18 2418 0 55 108 4490
2280 37 2417 0 2 3 4491
2280 5 2416 0 96 13 4492
2280 11 2415 0 24 183 4493
2280 17 2416 0 109 36 4494
2280 28 2417 0 179 186 4495
2280 15 2417 0 105 42 4496
2280 16 2416 0 67 20 4497
2280 9 2415 0 113 13 4498
2280 3 2418 0 24 195 4499
2280 40 2417 0 102 140 4500
2280 26 2418 0 83 108 4501
2280 10 2414 0 108 31 4502
2280 7 2415 0 103 22 4503
2295 19 2432 0 66 169 4504
2295 34 2431 0 16 120 4505
2295 6 2432 0 128 40 4506
2295 35 2430 0 78 150 4507
2295 4 2431 0 96 13 4508
2295 8 2432 0 103 22 4509
2295 16 2431 0 118 4 4510
2295 7 2431 0 103 1 4511
2295 10 2431 0 15 186 4512
2295 15 2431 0 13 75 4513
2295 11 2432 0 117 40 4514
2295 17 2429 0 52 37 4515
2295 6 2430 0 29 60 4516
2295 4 2432 0 164 40 4517
2295 16 2432 0 105 42 4518
2295 6 2430 0 146 159 4519
2295 5 2430 0 122 58 4520
2295 25 2433 0 86 23 4521
2295 11 2431 0 108 31 4522
2295 27 2433 0 149 33 4523
2295 11 2432 0 22 41 4524
2295 45 2429 0 102 140 4525
2295 21 2431 0 25 122 4526
2295 24 2431 0 109 36 4527
2295 7 2431 0 101 26 4528
2295 7 2433 0 108 58 4529
2297 112 5283 1 18 115 4530
2300 44 5286 1 94 1 4531
2310 18 2447 0 110 114 4532
2310 5 2449 0 72 194 4533
2310 6 2443 0 122 58 4534
2310 3 2446 0 96 13 4535
2310 38 2445 0 149 33 4536
2310 12 2447 0 63 113 4537
2310 12 2445 0 123 1 4538
2310 5 2444 0 128 23 4539
2310 30 2447 0 155 122 4540
2310 6 2446 0 117 1 4541
2310 7 2447 0 24 183 4542
2310 11 2448 0 117 40 4543
2310 21 2446 0 109 36 4544
2310 12 2447 0 178 113 4545
2310 8 2448 0 148 56 4546
2310 16 2446 0 67 20 4547
2310 32 5297 1 117 40 4548
2310 17 2447 0 66 169 4549
2310 4 2446 0 127 27 4550
2310 12 2444 0 128 55 4551
2310 7 2445 0 101 26 4552
2310 3 2447 0 155 79 4553
2310 12 2446 0 13 75 4554
2310 11 2445 0 138 36 4555
2310 10 2447 0 182 28 4556
2310 41 2446 0 113 48 4557
2310 27 2444 0 133 152 4558
2310 5 2444 0 24 195 4559
2310 8 2446 0 113 13 4560
2310 20 2445 0 140 22 4561
2310 14 2447 0 105 42 4562
2310 5 2447 0 95 77 4563
2310 8 2447 0 29 60 4564
2310 42 2444 0 179 186 4565
2310 12 2446 0 50 121 4566
2316 110 5302 1 164 40 4567
2325 14 2462 0 198 85 4568
2325 3 2462 0 117 1 4569
2325 5 2462 0 96 13 4570
2325 12 2460 0 103 22 4571
2325 7 2462 0 146 159 4572
2325 17 2459 0 102 59 4573
2325 10 2459 0 138 36 4574
2325 6 2462 0 128 96 4575
2325 34 2461 0 109 56 4576
2325 3 2460 0 185 66 4577
2325 39 2462 0 63 134 4578
2325 13 2462 0 105 42 4579
2325 9 2460 0 15 4 4580
2325 11 2463 0 108 31 4581
2325 4 2462 0 122 58 4582
2325 13 2462 0 109 36 4583
2325 21 2461 0 99 1 4584
2325 17 2462 0 128 55 4585
2325 12 2460 0 173 171 4586
2325 45 2459 0 149 33 4587
2325 25 2462 0 113 48 4588
2325 20 2462 0 72 131 4589
2325 23 2460 0 118 4 4590
2325 8 2460 0 24 183 4591
2325 25 2462 0 140 22 4592
2325 10 2461 0 109 1 4593
2340 19 2476 0 7 35 4594
2340 35 2476 0 149 33 4595
2340 8 2478 0 109 1 4596
2340 20 2475 0 40 59 4597
2340 9 2477 0 178 113 4598
2340 24 2475 0 102 36 4599
2340 5 2478 0 37 7 4600
2340 12 2474 0 63 113 4601
2340 17 2475 0 110 114 4602
2340 25 2474 0 188 80 4603
2340 10 2479 0 182 28 4604
2340 17 2476 0 123 1 4605
2340 10 2478 0 63 86 4606
2340 12 2478 0 148 56 4607
2340 6 2476 0 96 13 4608
2340 15 2476 0 166 118 4609
2340 5 2475 0 127 27 4610
2340 12 2477 0 101 26 4611
2340 12 2474 0 128 55 4612
2340 15 2476 0 132 13 4613
2340 43 2477 0 2 3 4614
2340 12 2477 0 142 143 4615
2340 11 2474 0 46 189 4616
2340 22 2477 0 105 42 4617
2340 30 2476 0 109 56 4618
2340 35 5325 1 127 27 4619
2340 19 2475 0 109 36 4620
2340 24 2476 0 194 169 4621
2340 11 2476 0 117 40 4622
2340 6 2477 0 117 1 4623
2340 5 2476 0 24 195 4624
2340 9 2476 0 108 31 4625
2340 11 2477 0 113 13 4626
2340 4 2476 0 122 58 4627
2340 42 2474 0 99 9 4628
2340 9 2476 0 138 36 4629
2355 18 2490 0 99 1 4630
2355 17 2491 0 72 131 4631
2355 6 2491 0 122 58 4632
2355 6 2492 0 117 1 4633
2355 16 2490 0 132 13 4634
2355 11 2492 0 29 60 4635
2355 6 2491 0 96 13 4636
2355 4 2491 0 127 27 4637
2355 19 2491 0 13 75 4638
2355 28 2490 0 78 150 4639
2355 8 2491 0 108 31 4640
2355 8 2490 0 142 143 4641
2355 31 2491 0 109 56 4642
2355 9 2490 0 103 22 4643
2355 13 2492 0 166 118 4644
2355 31 2491 0 155 122 4645
2355 24 2491 0 140 22 4646
2355 3 2492 0 128 40 4647
2355 43 2487 0 153 145 4648
2355 44 2489 0 149 33 4649
2355 14 2492 0 102 36 4650
2355 37 2490 0 133 152 4651
2355 5 2491 0 128 23 4652
2355 22 2491 0 102 59 4653
2355 14 2492 0 40 59 4654
2355 9 2490 0 101 26 4655
2355 19 2490 0 55 108 4656
2355 12 2490 0 92 2 4657
2370 23 2507 0 99 1 4658
2370 34 2507 0 99 9 4659
2370 8 2506 0 142 143 4660
2370 3 2507 0 37 7 4661
2370 4 2508 0 152 41 4662
2370 8 2506 0 103 1 4663
2370 3 2505 0 161 34 4664
2370 6 2507 0 178 113 4665
2370 7 2506 0 46 189 4666
2370 5 2508 0 95 77 4667
2370 23 2507 0 123 1 4668
2370 25 2507 0 149 33 4669
2370 8 2506 0 117 40 4670
2370 18 2506 0 102 36 4671
2370 8 2505 0 113 13 4672
2370 12 2506 0 24 183 4673
2370 5 2508 0 122 58 4674
2370 11 2506 0 128 96 4675
2370 31 2506 0 150 43 4676
2370 19 2506 0 132 13 4677
2370 12 2506 0 108 31 4678
2385 31 2523 0 100 167 4679
2385 42 2520 0 149 33 4680
2385 19 2521 0 140 22 4681
2385 12 2521 0 103 22 4682
2385 4 2523 0 152 41 4683
2385 27 2520 0 113 48 4684
2385 22 2522 0 109 36 4685
2385 16 2521 0 102 36 4686
2385 41 2523 0 155 122 4687
2385 9 2519 0 138 36 4688
2385 21 2522 0 118 4 4689
2385 6 2519 0 117 1 4690
2385 11 2519 0 46 189 4691
2385 6 2524 0 94 1 4692
2385 12 2524 0 143 170 4693
2385 9 2520 0 173 171 4694
2385 3 2523 0 122 58 4695
2385 12 2521 0 108 31 4696
2385 7 2520 0 15 186 4697
2385 20 2523 0 7 35 4698
2385 6 2518 0 127 27 4699
2385 13 2522 0 40 59 4700
2385 9 2522 0 101 26 4701
2385 17 2520 0 13 75 4702
2385 12 2521 0 146 119 4703
2385 11 2523 0 63 86 4704
2400 4 2537 0 128 40 4705
2400 6 2536 0 113 13 4706
2400 12 2535 0 117 40 4707
2400 4 2535 0 10 193 4708
2400 12 2535 0 128 55 4709
2400 30 2536 0 149 33 4710
2400 11 2535 0 46 189 4711
2400 18 2533 0 109 36 4712
2400 34 2536 0 155 122 4713
2400 14 2536 0 140 22 4714
2400 35 2535 0 120 146 4715
2400 15 2536 0 141 56 4716
2400 32 2536 0 83 108 4717
2400 6 2536 0 96 13 4718
2400 5 2537 0 127 27 4719
2400 25 2535 0 99 1 4720
2400 12 2538 0 15 4 4721
2400 42 2537 0 113 48 4722
2400 12 2536 0 103 22 4723
2400 41 2535 0 18 115 4724
2400 10 2536 0 108 31 4725
2400 10 2536 0 109 1 4726
2400 6 2538 0 117 1 4727
2400 5 2535 0 152 41 4728
2400 12 2537 0 148 56 4729
2400 5 2537 0 128 23 4730
2400 25 2540 0 102 36 4731
2400 9 2537 0 101 26 4732
2400 22 2536 0 102 59 4733
2400 10 2536 0 24 183 4734
2415 37 2550 0 109 56 4735
2415 4 2549 0 7 180 4736
2415 42 2551 0 102 140 4737
2415 24 2550 0 146 119 4738
2415 24 2554 0 86 23 4739
2415 17 2552 0 110 114 4740
2415 8 2553 0 63 86 4741
2415 3 2550 0 127 27 4742
2415 8 2551 0 182 28 4743
2415 20 2552 0 118 4 4744
2415 5 2550 0 95 77 4745
2415 15 2551 0 123 1 4746
2415 16 2550 0 132 13 4747
2415 6 2549 0 122 58 4748
2415 33 2549 0 63 134 4749
2415 8 2551 0 15 186 4750
2415 20 2550 0 7 35 4751
2415 4 2551 0 24 195 4752
2415 10 2552 0 92 2 4753
2415 12 2551 0 55 108 4754
2415 6 2551 0 128 23 4755
2415 18 2551 0 102 59 4756
2415 21 2551 0 109 36 4757
2415 9 2551 0 155 52 4758
2415 18 2552 0 105 42 4759
2415 14 2551 0 102 36 4760
2415 4 2550 0 161 34 4761
2415 10 2550 0 113 13 4762
2415 4 2551 0 185 66 4763
2415 6 2550 0 128 40 4764
2425 32 5408 1 141 56 4765
2430 22 2566 0 132 13 4766
2430 4 2568 0 164 40 4767
2430 16 2565 0 93 51 4768
2430 22 2565 0 118 4 4769
2430 9 2566 0 108 58 4770
2430 6 2565 0 37 7 4771
2430 35 2568 0 120 146 4772
2430 43 2566 0 153 145 4773
2430 3 2567 0 117 1 4774
2430 11 2566 0 128 96 4775
2430 12 2566 0 22 41 4776
2430 6 2565 0 105 143 4777
2430 19 2565 0 143 170 4778
2430 23 2565 0 102 36 4779
2430 28 2564 0 182 79 4780
2430 11 2565 0 178 113 4781
2430 17 2567 0 40 59 4782
2430 19 2568 0 109 36 4783
2430 6 2565 0 182 28 4784
2430 3 2564 0 95 77 4785
2430 9 2567 0 103 1 4786
2430 21 2567 0 13 75 4787
2431 56 5417 1 24 183 4788
2431 144 5417 1 63 134 4789
2444 31 5432 1 92 2 4790
2445 6 2581 0 128 40 4791
2445 17 2582 0 72 131 4792
2445 6 2579 0 122 58 4793
2445 7 2581 0 113 13 4794
2445 24 2582 0 50 121 4795
2445 12 2582 0 101 26 4796
2445 11 2582 0 105 143 4797
2445 25 2583 0 132 13 4798
2445 6 2580 0 24 195 4799
2445 14 2580 0 128 55 4800
2445 12 2580 0 143 170 4801
2445 6 2582 0 128 23 4802
2445 10 2579 0 109 1 4803
2445 18 2581 0 66 169 4804
2445 4 2581 0 95 77 4805
2445 16 2582 0 40 59 4806
2445 15 2582 0 141 56 4807
2445 23 2583 0 25 122 4808
2445 10 2581 0 22 41 4809
2445 41 2580 0 182 79 4810
2445 4 2578 0 117 1 4811
2445 28 2580 0 99 9 4812
2445 23 2580 0 118 4 4813
2445 24 2580 0 13 75 4814
2445 10 2581 0 138 36 4815
2445 22 2581 0 105 42 4816
2445 41 2584 0 78 150 4817
2445 7 2580 0 29 60 4818
2449 119 5433 1 29 60 4819
2454 57 5442 1 78 150 4820
2460 24 2595 0 6 88 4821
2460 17 2596 0 105 42 4822
2460 4 2595 0 96 13 4823
2460 5 2597 0 152 41 4824
2460 50 5445 1 72 194 4825
2460 4 2597 0 122 58 4826
2460 40 2595 0 113 48 4827
2460 39 2595 0 83 108 4828
2460 20 2595 0 66 169 4829
2460 11 2595 0 108 58 4830
2460 10 2598 0 155 52 4831
2460 27 2597 0 182 79 4832
2460 8 2596 0 103 22 4833
2460 5 2595 0 117 1 4834
2460 9 2598 0 148 56 4835
2460 17 2595 0 7 35 4836
2460 35 2598 0 149 33 4837
2460 34 2595 0 120 146 4838
2460 8 2596 0 182 28 4839
2460 6 2598 0 7 180 4840
2460 16 2595 0 140 22 4841
2460 45 2595 0 153 145 4842
2460 17 2597 0 132 13 4843
2460 9 2596 0 113 13 4844
2460 12 2594 0 117 40 4845
2465 49 5450 1 164 40 4846
2475 8 2612 0 101 26 4847
2475 12 2613 0 132 13 4848
2475 45 2612 0 120 146 4849
2475 5 2610 0 95 77 4850
2475 3 2613 0 7 180 4851
2475 6 2612 0 128 40 4852
2475 34 2611 0 99 9 4853
2475 24 2612 0 146 119 4854
2475 15 2611 0 40 59 4855
2475 31 2610 0 57 122 4856
2475 12 2610 0 141 56 4857
2475 4 2610 0 164 40 4858
2475 9 2611 0 63 86 4859
2475 30 2610 0 109 56 4860
2475 4 2609 0 96 13 4861
2475 4 2610 0 10 193 4862
2475 35 2610 0 18 115 4863
2475 8 2612 0 103 22 4864
2475 5 2610 0 155 79 4865
2475 21 2612 0 102 36 4866
2475 11 2611 0 178 113 4867
2475 7 2612 0 173 171 4868
2475 6 2612 0 117 1 4869
2475 7 2611 0 117 40 4870
2475 23 2611 0 55 108 4871
2490 12 2627 0 66 169 4872
2490 18 2627 0 67 20 4873
2490 11 2626 0 117 40 4874
2490 16 2626 0 188 80 4875
2490 4 2625 0 128 23 4876
2490 12 2627 0 123 1 4877
2490 4 2626 0 152 41 4878
2490 7 2628 0 146 159 4879
2490 26 2626 0 83 108 4880
2490 11 2624 0 109 1 4881
2490 9 2625 0 101 26 4882
2490 13 2626 0 102 36 4883
2490 4 2628 0 117 1 4884
2490 12 2626 0 148 56 4885
2490 4 2627 0 122 58 4886
2490 18 2625 0 118 4 4887
2490 18 2625 0 25 122 4888
2490 37 2626 0 100 167 4889
2490 4 2627 0 10 193 4890
2490 30 2626 0 99 9 4891
2490 33 2625 0 149 33 4892
2490 3 2628 0 128 40 4893
2490 6 2626 0 103 22 4894
2490 21 2625 0 140 22 4895
2490 4 2626 0 127 27 4896
2490 10 2627 0 113 13 4897
2490 25 2625 0 110 114 4898
2501 169 5487 1 128 23 4899
2505 12 2641 0 156 90 4900
2505 23 2641 0 66 169 4901
2505 33 2640 0 109 56 4902
2505 17 2639 0 128 55 4903
2505 5 2641 0 128 23 4904
2505 33 2640 0 182 79 4905
2505 6 2642 0 142 143 4906
2505 21 2641 0 118 4 4907
2505 5 2640 0 122 58 4908
2505 12 2640 0 103 22 4909
2505 45 2643 0 78 150 4910
2505 5 2642 0 95 77 4911
2505 25 2642 0 194 169 4912
2505 5 2643 0 37 7 4913
2505 4 2641 0 10 193 4914
2505 12 2641 0 113 13 4915
2505 26 2642 0 179 186 4916
2505 6 2643 0 24 195 4917
2505 23 2641 0 40 59 4918
2505 17 2641 0 109 36 4919
2505 15 2641 0 72 131 4920
2505 32 2640 0 120 146 4921
2505 19 2642 0 123 1 4922
2505 39 2642 0 150 43 4923
2505 39 2640 0 83 108 4924
2505 19 2642 0 99 1 4925
2505 15 2639 0 105 42 4926
2505 3 2641 0 127 27 4927
2505 11 2642 0 138 36 4928
2505 5 2641 0 96 13 4929
2505 21 2641 0 102 36 4930
2505 44 2642 0 113 48 4931
2505 40 2642 0 149 33 4932
2520 45 2656 0 40 105 4933
2520 12 2655 0 110 114 4934
2520 25 2659 0 13 75 4935
2520 11 2656 0 108 31 4936
2520 3 2659 0 161 34 4937
2520 10 2656 0 117 40 4938
2520 3 2656 0 10 193 4939
2520 9 2656 0 146 159 4940
2520 4 2655 0 155 79 4941
2520 25 2656 0 93 51 4942
2520 18 2654 0 118 4 4943
2520 41 2657 0 113 48 4944
2520 43 2657 0 16 120 4945
2520 18 2655 0 194 169 4946
2520 6 2656 0 138 36 4947
2520 19 2656 0 140 22 4948
2520 24 2654 0 67 20 4949
2520 18 2656 0 102 36 4950
2520 5 2654 0 122 58 4951
2520 13 2655 0 141 56 4952
2520 10 2657 0 148 56 4953
2520 38 2658 0 2 3 4954
2520 12 2659 0 166 118 4955
2520 42 2656 0 78 150 4956
2520 5 2655 0 127 27 4957
2520 3 2656 0 95 77 4958
2520 3 2656 0 128 23 4959
2520 27 2656 0 57 122 4960
2520 9 2654 0 63 86 4961
2520 23 2654 0 198 85 4962
2525 142 5511 1 109 36 4963
2535 35 2670 0 155 122 4964
2535 20 2669 0 50 121 4965
2535 40 2670 0 57 122 4966
2535 5 2670 0 128 23 4967
2535 27 2672 0 109 56 4968
2535 6 2673 0 117 40 4969
2535 7 2671 0 182 28 4970
2535 14 2671 0 128 55 4971
2535 23 2671 0 125 90 4972
2535 27 2670 0 182 79 4973
2535 3 2673 0 152 41 4974
2535 11 2672 0 63 86 4975
2535 24 2671 0 146 119 4976
2535 5 2672 0 128 40 4977
2535 20 2671 0 143 170 4978
2535 3 2673 0 122 58 4979
2535 11 2674 0 103 22 4980
2535 13 2672 0 102 36 4981
2535 31 2672 0 153 145 4982
2535 32 2671 0 179 186 4983
2535 11 2671 0 24 183 4984
2535 10 2671 0 146 159 4985
2535 15 2670 0 123 1 4986
2535 27 2672 0 99 9 4987
2535 26 2671 0 149 33 4988
2535 15 2670 0 140 22 4989
2535 3 2671 0 10 193 4990
2535 9 2670 0 108 31 4991
2535 9 2670 0 15 4 4992
2535 7 2670 0 142 143 4993
2535 9 2672 0 156 90 4994
2550 11 2686 0 108 58 4995
2550 19 2685 0 102 36 4996
2550 31 2687 0 113 48 4997
2550 19 2688 0 123 1 4998
2550 17 2685 0 146 119 4999
2550 3 2685 0 96 13 5000
2550 17 2686 0 6 88 5001
2550 13 2687 0 86 23 5002
2550 7 2687 0 24 183 5003
2550 25 2688 0 99 1 5004
2550 11 2688 0 148 56 5005
2550 8 2687 0 103 1 5006
2550 18 2685 0 140 22 5007
2550 27 2689 0 133 152 5008
2550 25 2685 0 55 108 5009
2550 3 2687 0 24 195 5010
2550 31 2685 0 102 140 5011
2550 13 2684 0 93 51 5012
2550 6 2688 0 128 40 5013
2550 29 2685 0 149 33 5014
2550 5 2686 0 128 23 5015
2550 16 2686 0 118 4 5016
2550 7 2685 0 92 2 5017
2550 39 2686 0 57 122 5018
2550 12 2685 0 156 90 5019
2550 7 2685 0 138 36 5020
2550 3 2685 0 122 58 5021
2550 7 2685 0 146 159 5022
2550 24 2684 0 52 37 5023
2550 12 2686 0 113 13 5024
2561 59 5546 1 50 121 5025
2565 12 2699 0 55 108 5026
2565 8 2700 0 63 86 5027
2565 21 2702 0 109 36 5028
2565 11 2701 0 15 4 5029
2565 6 2701 0 103 1 5030
2565 6 2701 0 96 13 5031
2565 10 2704 0 142 143 5032
2565 28 2702 0 100 167 5033
2565 33 2703 0 149 33 5034
2565 16 2700 0 141 56 5035
2565 26 2700 0 102 140 5036
2565 5 2700 0 164 40 5037
2565 17 2701 0 132 13 5038
2565 14 2701 0 13 75 5039
2565 3 2701 0 117 1 5040
2565 28 2702 0 99 9 5041
2565 15 2700 0 118 4 5042
2565 6 2702 0 155 79 5043
2565 39 2701 0 78 150 5044
2565 3 2699 0 128 40 5045
2565 23 2700 0 7 35 5046
2565 13 2702 0 188 80 5047
2565 10 2701 0 113 13 5048
2565 7 2701 0 46 189 5049
2565 10 2700 0 92 2 5050
2565 7 2700 0 108 31 5051
2565 9 2702 0 22 41 5052
2565 21 2700 0 105 42 5053
2565 25 2700 0 123 1 5054
2565 21 2702 0 102 36 5055
2565 28 2701 0 113 48 5056
2565 6 2701 0 178 113 5057
2568 40 5553 1 52 37 5058
2580 18 2717 0 125 90 5059
2580 12 2715 0 117 40 5060
2580 5 2717 0 164 40 5061
2580 41 2715 0 149 33 5062
2580 23 2715 0 110 114 5063
2580 19 2715 0 86 23 5064
2580 5 2717 0 128 40 5065
2580 19 2718 0 118 4 5066
2580 4 2716 0 128 23 5067
2580 8 2716 0 103 22 5068
2580 22 2718 0 7 35 5069
2580 3 2716 0 117 1 5070
2580 25 2713 0 63 134 5071
2580 23 2716 0 55 108 5072
2580 16 2716 0 25 122 5073
2580 33 2721 0 57 122 5074
2580 5 2716 0 155 79 5075
2580 8 2713 0 138 36 5076
2580 6 2715 0 95 77 5077
2580 41 2717 0 2 3 5078
2580 11 2717 0 113 13 5079
2580 10 2714 0 173 171 5080
2580 15 2715 0 102 36 5081
2580 6 2716 0 156 90 5082
2580 21 2716 0 50 121 5083
2580 22 2714 0 198 85 5084
2580 4 2717 0 96 13 5085
2580 15 2715 0 109 36 5086
2580 8 2715 0 46 189 5087
2595 5 2729 0 24 195 5088
2595 9 2732 0 15 186 5089
2595 16 2729 0 188 80 5090
2595 20 2731 0 52 37 5091
2595 38 2732 0 155 122 5092
2595 22 2730 0 109 36 5093
2595 21 2730 0 128 55 5094
2595 8 2730 0 92 2 5095
2595 3 2730 0 95 77 5096
2595 12 2734 0 101 26 5097
2595 21 2730 0 40 59 5098
2595 42 2731 0 113 48 5099
2595 19 2731 0 102 36 5100
2595 32 2732 0 179 186 5101
2595 5 2731 0 96 13 5102
2595 24 2732 0 123 1 5103
2595 15 2730 0 99 1 5104
2595 14 2731 0 118 4 5105
2595 7 2730 0 103 22 5106
2595 38 2733 0 102 140 5107
2595 5 2733 0 122 58 5108
2595 9 2730 0 108 31 5109
2595 23 2733 0 72 131 5110
2595 30 2731 0 109 56 5111
2595 3 2731 0 10 193 5112
2595 32 2730 0 149 33 5113
2595 19 2731 0 7 35 5114
2604 69 5591 1 110 114 5115
2610 11 2748 0 15 4 5116
2610 3 2746 0 95 77 5117
2610 23 2745 0 140 22 5118
2610 9 2745 0 113 13 5119
2610 6 2748 0 22 41 5120
2610 18 2745 0 52 37 5121
2610 3 2746 0 128 23 5122
2610 5 2746 0 96 13 5123
2610 11 2748 0 24 183 5124
2610 18 2745 0 194 169 5125
2610 44 2747 0 179 186 5126
2610 8 2745 0 156 90 5127
2610 6 2748 0 138 36 5128
2610 15 2745 0 123 1 5129
2610 12 2746 0 103 22 5130
2610 11 2745 0 148 56 5131
2610 5 2749 0 7 180 5132
2610 24 2745 0 143 170 5133
2610 6 2747 0 117 40 5134
2610 26 2746 0 2 3 5135
2610 20 2745 0 105 42 5136
2610 28 2747 0 150 43 5137
2610 8 2745 0 155 52 5138
2610 12 2746 0 109 36 5139
2610 5 2747 0 122 58 5140
2625 6 2760 0 37 7 5141
2625 22 2759 0 123 1 5142
2625 10 2761 0 24 183 5143
2625 12 2763 0 102 36 5144
2625 28 2761 0 109 56 5145
2625 10 2759 0 142 143 5146
2625 7 2760 0 63 113 5147
2625 36 2760 0 113 48 5148
2625 6 2764 0 94 1 5149
2625 16 2761 0 25 122 5150
2625 10 2762 0 113 13 5151
2625 10 2761 0 101 26 5152
2625 11 2761 0 146 159 5153
2625 5 2759 0 161 34 5154
2625 9 2761 0 109 1 5155
2625 17 2763 0 128 55 5156
2625 31 2762 0 83 108 5157
2625 6 2761 0 128 23 5158
2625 9 2762 0 105 143 5159
2625 12 2762 0 15 4 5160
2625 41 2763 0 2 3 5161
2625 5 2761 0 24 195 5162
2625 11 2761 0 138 36 5163
2625 6 2760 0 117 1 5164
2625 12 2760 0 103 1 5165
2625 41 2761 0 100 167 5166
2625 20 2762 0 118 4 5167
2625 4 2762 0 128 40 5168
2625 3 2763 0 185 66 5169
2625 27 2761 0 18 115 5170
2625 31 2761 0 40 105 5171
2625 7 2762 0 117 40 5172
2633 66 5620 1 178 113 5173
2640 16 2774 0 72 131 5174
2640 10 2776 0 105 143 5175
2640 6 2774 0 101 26 5176
2640 8 2774 0 108 31 5177
2640 22 2776 0 7 35 5178
2640 37 2779 0 109 56 5179
2640 6 2776 0 10 193 5180
2640 7 2775 0 15 186 5181
2640 16 2774 0 143 170 5182
2640 3 2776 0 24 195 5183
2640 3 2777 0 128 40 5184
2640 38 2776 0 179 186 5185
2640 18 2776 0 125 90 5186
2640 17 2776 0 109 36 5187
2640 21 2774 0 118 4 5188
2640 7 2775 0 24 183 5189
2640 14 2778 0 123 1 5190
2640 5 2776 0 96 13 5191
2640 6 2773 0 164 40 5192
2640 42 2777 0 153 145 5193
2640 41 2775 0 113 48 5194
2640 8 2776 0 103 22 5195
2640 44 2777 0 78 150 5196
2640 10 2776 0 113 13 5197
2640 7 2774 0 128 96 5198
2655 15 2791 0 50 121 5199
2655 10 2792 0 117 40 5200
2655 24 2790 0 67 20 5201
2655 16 2792 0 128 55 5202
2655 6 2791 0 24 183 5203
2655 5 2791 0 161 34 5204
2655 12 2790 0 148 56 5205
2655 23 2792 0 140 22 5206
2655 17 2791 0 72 131 5207
2655 69 5639 1 86 23 5208
2655 5 2791 0 117 1 5209
2655 17 2794 0 86 23 5210
2655 32 2791 0 99 9 5211
2655 37 2792 0 149 33 5212
2655 23 2793 0 146 119 5213
2655 3 2791 0 128 40 5214
2655 9 2791 0 103 22 5215
2655 23 2792 0 66 169 5216
2655 27 2791 0 153 145 5217
2655 19 2792 0 118 4 5218
2655 9 2792 0 108 58 5219
2655 23 2789 0 93 51 5220
2655 6 2793 0 96 13 5221
2655 39 2790 0 66 134 5222
2655 41 2791 0 16 120 5223
2655 8 2792 0 182 28 5224
2655 6 2791 0 94 1 5225
2655 3 2793 0 37 7 5226
2655 10 2790 0 29 60 5227
2655 10 2792 0 113 13 5228
2655 3 2790 0 122 58 5229
2655 9 2793 0 101 26 5230
2655 4 2791 0 10 193 5231
2655 16 2792 0 123 1 5232
2655 38 2791 0 83 108 5233
2655 16 2792 0 132 13 5234
2670 10 2805 0 138 36 5235
2670 10 2807 0 148 56 5236
2670 6 2806 0 161 34 5237
2670 31 2807 0 182 79 5238
2670 8 2806 0 182 28 5239
2670 6 2807 0 63 86 5240
2670 23 2805 0 7 35 5241
2670 11 2805 0 15 186 5242
2670 7 2807 0 128 96 5243
2670 32 2805 0 83 108 5244
2670 10 2805 0 29 60 5245
2670 5 2805 0 37 7 5246
2670 38 2807 0 153 145 5247
2670 8 2807 0 108 58 5248
2670 3 2807 0 127 27 5249
2670 14 2803 0 132 13 5250
2670 11 2806 0 109 1 5251
2670 17 2807 0 128 55 5252
2670 36 2806 0 149 33 5253
2670 38 2808 0 78 150 5254
2670 44 2807 0 133 152 5255
2670 17 2806 0 125 90 5256
2670 24 2804 0 140 22 5257
2670 24 2803 0 67 20 5258
2670 12 2805 0 46 189 5259
2670 7 2805 0 108 31 5260
2670 34 2804 0 113 48 5261
2670 6 2807 0 72 194 5262
2670 26 2806 0 102 140 5263
2670 19 2806 0 141 56 5264
2670 3 2807 0 24 195 5265
2670 13 2805 0 123 1 5266
2681 56 5665 1 142 143 5267
2685 12 2820 0 143 170 5268
2685 6 2822 0 155 79 5269
2685 5 2822 0 72 194 5270
2685 15 2821 0 67 20 5271
2685 37 2821 0 113 48 5272
2685 25 2822 0 128 55 5273
2685 18 2822 0 50 121 5274
2685 6 2820 0 128 23 5275
2685 18 2821 0 140 22 5276
2685 9 2821 0 92 2 5277
2685 44 2822 0 109 56 5278
2685 11 2822 0 113 13 5279
2685 28 2822 0 120 146 5280
2685 9 2821 0 142 143 5281
2685 33 2822 0 2 3 5282
2685 7 2822 0 103 22 5283
2685 5 2822 0 96 13 5284
2685 4 2823 0 127 27 5285
2685 13 2819 0 105 42 5286
2685 6 2821 0 122 58 5287
2685 17 2823 0 7 35 5288
2688 175 5676 1 13 75 5289
2693 79 5678 1 182 79 5290
2700 30 2835 0 40 105 5291
2700 22 2837 0 118 4 5292
2700 6 2836 0 128 23 5293
2700 12 2838 0 101 26 5294
2700 16 2835 0 6 88 5295
2700 17 2835 0 25 122 5296
2700 4 2838 0 152 41 5297
2700 12 2837 0 52 37 5298
2700 5 2835 0 24 195 5299
2700 7 2837 0 22 41 5300
2700 12 2837 0 155 52 5301
2700 18 2837 0 99 1 5302
2700 8 2835 0 113 13 5303
2700 25 2836 0 149 33 5304
2700 23 2836 0 93 51 5305
2700 37 2835 0 109 56 5306
2700 22 2837 0 102 36 5307
2700 22 2835 0 109 36 5308
2700 5 2837 0 122 58 5309
2700 5 2838 0 128 40 5310
2700 41 2836 0 78 150 5311
2700 12 2837 0 156 90 5312
2700 42 2838 0 179 186 5313
2700 8 2837 0 146 159 5314
2700 6 2837 0 108 31 5315
2700 3 2836 0 155 79 5316
2700 21 2835 0 123 1 5317
2713 36 5700 1 57 122 5318
2715 37 2854 0 78 150 5319
2715 24 2852 0 132 13 5320
2715 37 2852 0 100 167 5321
2715 12 2850 0 125 90 5322
2715 15 2851 0 140 22 5323
2715 4 2850 0 122 58 5324
2715 36 2851 0 120 146 5325
2715 25 2850 0 143 170 5326
2715 3 2851 0 164 40 5327
2715 8 2853 0 15 186 5328
2715 12 2854 0 63 113 5329
2715 24 2850 0 166 118 5330
2715 8 2850 0 142 143 5331
2715 17 2853 0 7 35 5332
2715 44 2853 0 109 56 5333
2715 13 2853 0 118 4 5334
2715 6 2851 0 101 26 5335
2715 15 2852 0 109 36 5336
2715 6 2853 0 128 96 5337
2715 12 2851 0 94 1 5338
2715 4 2850 0 128 23 5339
2715 7 2851 0 113 13 5340
2715 8 2850 0 103 1 5341
2715 9 2852 0 138 36 5342
2715 4 2851 0 117 1 5343
2715 11 2852 0 24 183 5344
2715 12 2855 0 194 169 5345
2715 9 2851 0 178 113 5346
2715 15 2851 0 105 42 5347
2715 32 2851 0 16 120 5348
2715 5 2852 0 128 40 5349
2715 23 2851 0 128 55 5350
2726 164 5710 1 101 26 5351
2730 9 2864 0 101 26 5352
2730 22 2867 0 72 131 5353
2730 5 2865 0 37 7 5354
2730 33 2865 0 2 3 5355
2730 4 2865 0 185 66 5356
2730 13 2867 0 99 1 5357
2730 25 2867 0 153 145 5358
2730 6 2865 0 155 52 5359
2730 35 2867 0 102 140 5360
2730 8 2865 0 113 13 5361
2730 5 2868 0 96 13 5362
2730 18 2866 0 166 118 5363
2730 21 2865 0 141 56 5364
2730 14 2866 0 86 23 5365
2730 8 2866 0 15 4 5366
2730 29 2865 0 57 122 5367
2730 12 2866 0 102 36 5368
2730 8 2863 0 117 40 5369
2730 8 2866 0 24 183 5370
2730 14 2865 0 194 169 5371
2730 7 2866 0 103 22 5372
2730 27 2867 0 179 186 5373
2730 24 2866 0 132 13 5374
2730 25 2867 0 63 134 5375
2730 9 2867 0 46 189 5376
2730 5 2865 0 155 79 5377
2730 4 2867 0 95 77 5378
2730 29 2865 0 155 122 5379
2730 23 2864 0 123 1 5380
2730 20 2867 0 55 108 5381
2730 3 2866 0 128 23 5382
2730 3 2862 0 10 193 5383
2730 19 2865 0 128 55 5384
2730 8 2867 0 92 2 5385
2745 21 2883 0 140 22 5386
2745 6 2880 0 173 171 5387
2745 12 2881 0 46 189 5388
2745 29 2879 0 155 122 5389
2745 13 2883 0 109 36 5390
2745 31 2881 0 149 33 5391
2745 3 2882 0 122 58 5392
2745 8 2881 0 138 36 5393
2745 18 2883 0 52 37 5394
2745 15 2883 0 86 23 5395
2745 3 2883 0 185 66 5396
2745 30 2882 0 182 79 5397
2745 12 2882 0 142 143 5398
2745 6 2881 0 96 13 5399
2745 11 2880 0 178 113 5400
2745 10 2880 0 113 13 5401
2745 16 2879 0 105 42 5402
2745 7 2882 0 109 1 5403
2745 14 2881 0 55 108 5404
2745 13 2882 0 40 59 5405
2745 4 2883 0 37 7 5406
2748 52 5735 1 125 90 5407
2748 89 5734 1 150 43 5408
2750 193 5735 1 123 1 5409
2755 45 5741 1 140 22 5410
2760 11 2895 0 142 143 5411
2760 14 2897 0 198 85 5412
2760 10 2895 0 113 13 5413
2760 6 2896 0 94 1 5414
2760 37 2895 0 57 122 5415
2760 6 2898 0 122 58 5416
2760 35 2897 0 99 9 5417
2760 10 2897 0 138 36 5418
2760 11 2897 0 15 186 5419
2760 35 2895 0 63 134 5420
2760 14 2897 0 132 13 5421
2760 26 2896 0 149 33 5422
2760 8 2898 0 63 113 5423
2760 7 2896 0 146 159 5424
2760 20 2898 0 118 4 5425
2760 44 2897 0 109 56 5426
2760 21 2894 0 105 42 5427
2760 10 2896 0 103 22 5428
2760 40 2897 0 66 134 5429
2760 21 2894 0 166 118 5430
2760 16 2895 0 86 23 5431
2760 26 2898 0 40 105 5432
2760 16 2895 0 52 37 5433
2760 15 2896 0 72 131 5434
2760 19 2895 0 109 36 5435
2760 23 2896 0 13 75 5436
2760 11 2896 0 108 31 5437
2760 10 2896 0 22 41 5438
2760 17 2895 0 110 114 5439
2760 3 2895 0 152 41 5440
2767 46 5752 1 83 108 5441
2775 13 2912 0 128 55 5442
2775 34 2910 0 113 48 5443
2775 18 2910 0 118 4 5444
2775 20 2910 0 140 22 5445
2775 6 2912 0 152 41 5446
2775 11 2911 0 128 96 5447
2775 34 2911 0 109 56 5448
2775 6 2912 0 128 40 5449
2775 26 2912 0 99 9 5450
2775 5 2912 0 117 1 5451
2775 5 2910 0 128 23 5452
2775 24 2912 0 132 13 5453
2775 3 2911 0 155 79 5454
2775 6 2912 0 146 159 5455
2775 7 2910 0 103 1 5456
2775 4 2910 0 95 77 5457
2775 21 2911 0 50 121 5458
2775 14 2910 0 102 36 5459
2775 32 2912 0 182 79 5460
2775 9 2911 0 138 36 5461
2775 6 2912 0 24 195 5462
2775 6 2909 0 96 13 5463
2775 5 2912 0 161 34 5464
2775 14 2910 0 194 169 5465
2775 33 2912 0 66 134 5466
2775 22 2911 0 105 42 5467
2775 11 2912 0 103 22 5468
2775 9 2913 0 63 113 5469
2779 146 5765 1 50 121 5470
2779 51 5766 1 109 1 5471
2789 169 5775 1 138 36 5472
2790 10 2928 0 15 186 5473
2790 23 2926 0 194 169 5474
2790 13 2924 0 109 36 5475
2790 6 2924 0 108 31 5476
2790 42 2927 0 40 105 5477
2790 44 2926 0 150 43 5478
2790 11 2925 0 155 52 5479
2790 5 2926 0 117 1 5480
2790 19 2926 0 105 42 5481
2790 17 2925 0 128 55 5482
2790 4 2926 0 24 195 5483
2790 36 2928 0 113 48 5484
2790 8 2927 0 178 113 5485
2790 39 2925 0 16 120 5486
2790 3 2924 0 128 40 5487
2790 7 2926 0 142 143 5488
2790 5 2927 0 128 23 5489
2790 11 2928 0 63 113 5490
2790 4 2925 0 72 194 5491
2790 11 2928 0 29 60 5492
2790 18 2925 0 13 75 5493
2790 4 2926 0 164 40 5494
2790 11 2930 0 113 13 5495
2790 35 2926 0 18 115 5496
2790 6 2929 0 96 13 5497
2790 5 2926 0 155 79 5498
2790 6 2927 0 7 180 5499
2790 19 2925 0 99 1 5500
2790 16 2924 0 123 1 5501
2790 7 2924 0 103 22 5502
2790 6 2924 0 37 7 5503
2790 40 2925 0 149 33 5504
2790 29 2926 0 99 9 5505
2790 13 2927 0 143 170 5506
2790 14 2927 0 72 131 5507
2805 15 2942 0 102 36 5508
2805 29 2941 0 150 43 5509
2805 9 2941 0 113 13 5510
2805 7 2940 0 117 40 5511
2805 44 2941 0 18 115 5512
2805 14 2943 0 105 42 5513
2805 3 2940 0 72 194 5514
2805 9 2941 0 148 56 5515
2805 3 2940 0 155 79 5516
2805 9 2941 0 24 183 5517
2805 3 2940 0 127 27 5518
2805 18 2943 0 72 131 5519
2805 3 2941 0 7 180 5520
2805 12 2943 0 52 37 5521
2805 16 2942 0 7 35 5522
2805 6 2941 0 10 193 5523
2805 25 2943 0 128 55 5524
2805 31 2940 0 113 48 5525
2805 38 2941 0 149 33 5526
2805 35 2940 0 2 3 5527
2805 27 2941 0 99 9 5528
2805 35 2942 0 102 140 5529
2805 3 2943 0 122 58 5530
2805 22 2942 0 118 4 5531
2805 20 2941 0 109 36 5532
2805 7 2941 0 101 26 5533
2813 167 5798 1 105 143 5534
2820 17 2957 0 198 85 5535
2820 43 2955 0 149 33 5536
2820 26 2954 0 182 79 5537
2820 9 2958 0 117 40 5538
2820 6 2954 0 148 56 5539
2820 30 2952 0 100 167 5540
2820 21 2955 0 52 37 5541
2820 45 2956 0 83 108 5542
2820 3 2956 0 95 77 5543
2820 5 2958 0 96 13 5544
2820 18 2954 0 93 51 5545
2820 12 2956 0 173 171 5546
2820 8 2956 0 178 113 5547
2820 38 2956 0 120 146 5548
2820 20 2954 0 99 1 5549
2820 11 2956 0 22 41 5550
2820 30 2955 0 150 43 5551
2820 3 2955 0 127 27 5552
2820 14 2956 0 140 22 5553
2820 6 2956 0 117 1 5554
2820 18 2955 0 188 80 5555
2820 10 2955 0 63 86 5556
2820 12 2957 0 118 4 5557
2820 4 2955 0 128 40 5558
2820 10 2958 0 109 1 5559
2820 25 2955 0 141 56 5560
2820 12 2956 0 138 36 5561
2820 12 2956 0 55 108 5562
2820 39 2954 0 113 48 5563
2820 7 2955 0 105 143 5564
2820 21 2955 0 132 13 5565
2835 15 2971 0 118 4 5566
2835 12 2971 0 140 22 5567
2835 10 2971 0 128 96 5568
2835 6 2972 0 128 40 5569
2835 24 2974 0 7 35 5570
2835 9 2971 0 156 90 5571
2835 11 2973 0 103 22 5572
2835 5 2969 0 127 27 5573
2835 7 2970 0 103 1 5574
2835 12 2971 0 102 36 5575
2835 42 2971 0 179 186 5576
2835 45 2970 0 16 120 5577
2835 19 2974 0 141 56 5578
2835 6 2972 0 161 34 5579
2835 25 2972 0 146 119 5580
2835 24 2971 0 123 1 5581
2835 4 2973 0 117 1 5582
2835 18 2968 0 132 13 5583
2835 6 2971 0 24 195 5584
2835 14 2971 0 128 55 5585
2835 4 2971 0 122 58 5586
2836 30 5821 1 16 120 5587
2840 37 5827 1 156 90 5588
2850 5 2986 0 128 40 5589
2850 17 2985 0 123 1 5590
2850 10 2986 0 113 13 5591
2850 3 2984 0 122 58 5592
2850 15 2986 0 52 37 5593
2850 45 2986 0 66 134 5594
2850 19 2987 0 118 4 5595
2850 17 2985 0 109 36 5596
2850 13 2986 0 40 59 5597
2850 10 2985 0 103 1 5598
2850 40 2985 0 149 33 5599
2850 45 2986 0 40 105 5600
2850 39 2985 0 83 108 5601
2850 9 2986 0 148 56 5602
2850 32 2985 0 182 79 5603
2850 5 2987 0 117 1 5604
2850 36 2986 0 113 48 5605
2850 6 2985 0 108 31 5606
2850 9 2985 0 105 143 5607
2850 6 2986 0 127 27 5608
2850 14 2986 0 140 22 5609
2850 30 2986 0 153 145 5610
2850 3 2986 0 7 180 5611
2850 4 2986 0 96 13 5612
2850 11 2987 0 94 1 5613
2850 13 2988 0 143 170 5614
2850 6 2986 0 109 1 5615
2850 14 2989 0 102 59 5616
2850 21 2985 0 25 122 5617
2850 21 2988 0 110 114 5618
2850 32 2986 0 102 140 5619
2850 3 2988 0 10 193 5620
2850 8 2987 0 103 22 5621
2850 6 2984 0 185 66 5622
2854 61 5840 1 72 131 5623
2865 3 3001 0 128 40 5624
2865 13 3003 0 99 1 5625
2865 37 3001 0 83 108 5626
2865 7 2998 0 148 56 5627
2865 6 3004 0 72 194 5628
2865 3 3001 0 117 1 5629
2865 3 3003 0 164 40 5630
2865 7 3002 0 128 96 5631
2865 33 3002 0 57 122 5632
2865 31 3001 0 182 79 5633
2865 11 3000 0 178 113 5634
2865 33 3002 0 113 48 5635
2865 16 2998 0 110 114 5636
2865 12 2999 0 108 31 5637
2865 14 3001 0 102 59 5638
2865 24 3001 0 25 122 5639
2865 18 3000 0 13 75 5640
2865 21 3002 0 66 169 5641
2865 15 3000 0 123 1 5642
2865 38 3001 0 149 33 5643
2865 23 3001 0 109 36 5644
2865 9 3001 0 113 13 5645
2865 4 3002 0 96 13 5646
2865 35 3002 0 99 9 5647
2865 20 3002 0 140 22 5648
2865 15 3001 0 7 35 5649
2865 16 3001 0 198 85 5650
2865 12 3001 0 103 1 5651
2865 35 3002 0 155 122 5652
2879 159 5865 1 113 13 5653
2880 19 3016 0 123 1 5654
2880 12 3018 0 141 56 5655
2880 3 3016 0 96 13 5656
2880 34 3015 0 182 79 5657
2880 6 3015 0 128 40 5658
2880 12 3017 0 103 22 5659
2880 37 3016 0 109 56 5660
2880 17 3018 0 102 36 5661
2880 22 3014 0 125 90 5662
2880 9 3016 0 113 13 5663
2880 23 3016 0 140 22 5664
2880 10 3016 0 148 56 5665
2880 8 3016 0 15 186 5666
2880 8 3015 0 156 90 5667
2880 19 3017 0 105 42 5668
2880 34 3016 0 16 120 5669
2880 12 3013 0 101 26 5670
2880 37 3014 0 149 33 5671
2880 8 3015 0 63 113 5672
2880 11 3016 0 103 1 5673
2880 15 3017 0 6 88 5674
2880 12 3017 0 166 118 5675
2880 45 3016 0 120 146 5676
2895 9 3030 0 29 60 5677
2895 24 3033 0 40 59 5678
2895 25 3031 0 118 4 5679
2895 158 5883 1 103 1 5680
2895 44 3031 0 149 33 5681
2895 4 3031 0 155 79 5682
2895 10 3030 0 128 96 5683
2895 6 3033 0 122 58 5684
2895 37 3031 0 109 56 5685
2895 19 3032 0 123 1 5686
2895 7 3032 0 117 40 5687
2895 5 3033 0 152 41 5688
2895 18 3030 0 146 119 5689
2895 42 3030 0 66 134 5690
2895 26 3031 0 102 140 5691
2895 6 3031 0 127 27 5692
2895 22 3031 0 86 23 5693
2895 6 3032 0 94 1 5694
2895 19 3031 0 7 35 5695
2895 16 3032 0 140 22 5696
2895 21 3032 0 102 36 5697
2895 7 3031 0 138 36 5698
2895 21 3032 0 128 55 5699
2895 4 3031 0 117 1 5700
2895 12 3032 0 182 28 5701
2895 6 3032 0 161 34 5702
2895 13 3034 0 109 36 5703
2895 6 3030 0 96 13 5704
2895 12 3030 0 102 59 5705
2895 18 3030 0 105 42 5706
2895 5 3031 0 128 23 5707
2895 6 3034 0 7 180 5708
2895 9 3031 0 63 113 5709
2895 7 3031 0 113 13 5710
2895 10 3030 0 148 56 5711
2895 27 3031 0 155 122 5712
2898 61 5882 1 66 169 5713
2910 22 3049 0 140 22 5714
2910 26 3048 0 78 150 5715
2910 12 3046 0 128 96 5716
2910 15 3045 0 125 90 5717
2910 27 3045 0 102 140 5718
2910 21 3048 0 143 170 5719
2910 29 3047 0 18 115 5720
2910 6 3046 0 185 66 5721
2910 20 3049 0 132 13 5722
2910 10 3045 0 63 113 5723
2910 5 3046 0 128 23 5724
2910 12 3048 0 109 36 5725
2910 6 3048 0 24 183 5726
2910 6 3046 0 117 1 5727
2910 17 3046 0 102 36 5728
2910 19 3045 0 123 1 5729
2910 43 3047 0 40 105 5730
2910 15 3046 0 198 85 5731
2910 20 3047 0 194 169 5732
2910 12 3047 0 92 2 5733
2910 10 3047 0 113 13 5734
2910 24 3047 0 118 4 5735
2910 17 3046 0 105 42 5736
2910 7 3046 0 138 36 5737
2910 4 3046 0 152 41 5738
2910 12 3044 0 182 28 5739
2910 23 3049 0 141 56 5740
2910 6 3046 0 127 27 5741
2910 33 3045 0 155 122 5742
2910 34 3044 0 109 56 5743
2910 10 3046 0 101 26 5744
2910 9 3046 0 29 60 5745
2910 10 3044 0 108 31 5746
2912 39 5898 1 166 118 5747
2922 68 5909 1 188 80 5748
2925 39 3062 0 120 146 5749
2925 18 3062 0 166 118 5750
2925 17 3061 0 102 36 5751
2925 7 3061 0 46 189 5752
2925 11 3058 0 113 13 5753
2925 35 3062 0 113 48 5754
2925 44 3062 0 149 33 5755
2925 7 3061 0 138 36 5756
2925 3 3062 0 122 58 5757
2925 8 3061 0 92 2 5758
2925 5 3061 0 128 23 5759
2925 16 3060 0 40 59 5760
2925 6 3062 0 37 7 5761
2925 6 3061 0 156 90 5762
2925 3 3061 0 24 195 5763
2925 27 3063 0 78 150 5764
2925 36 3061 0 40 105 5765
2925 8 3060 0 24 183 5766
2925 15 3062 0 52 37 5767
2925 9 3062 0 117 40 5768
2925 14 3060 0 140 22 5769
2925 4 3061 0 152 41 5770
2925 3 3062 0 95 77 5771
2925 5 3063 0 164 40 5772
2925 7 3062 0 108 31 5773
2925 22 3061 0 86 23 5774
2925 8 3061 0 101 26 5775
2925 6 3061 0 7 180 5776
2925 21 3062 0 123 1 5777
2925 5 3059 0 128 40 5778
2925 6 3061 0 96 13 5779
2940 11 3076 0 24 183 5780
2940 40 3075 0 113 48 5781
2940 8 3075 0 108 31 5782
2940 29 3076 0 83 108 5783
2940 12 3077 0 138 36 5784
2940 12 3076 0 155 52 5785
2940 15 3074 0 188 80 5786
2940 4 3079 0 128 40 5787
2940 6 3075 0 117 1 5788
2940 34 3075 0 182 79 5789
2940 5 3075 0 10 193 5790
2940 8 3076 0 105 143 5791
2940 41 3077 0 179 186 5792
2940 15 3076 0 105 42 5793
2940 32 3077 0 16 120 5794
2940 16 3076 0 198 85 5795
2940 33 3077 0 149 33 5796
2940 4 3077 0 152 41 5797
2940 3 3076 0 128 23 5798
2940 11 3075 0 108 58 5799
2940 4 3074 0 127 27 5800
2940 23 3077 0 6 88 5801
2940 10 3075 0 142 143 5802
2940 12 3075 0 173 171 5803
2940 11 3075 0 92 2 5804
2940 29 3074 0 109 56 5805
2940 15 3076 0 7 35 5806
2940 6 3075 0 117 40 5807
2940 4 3076 0 155 79 5808
2940 45 3075 0 2 3 5809
2940 13 3077 0 102 36 5810
2940 11 3075 0 128 96 5811
2940 22 3076 0 123 1 5812
2940 16 3076 0 146 119 5813
2940 3 3074 0 96 13 5814
2946 58 5934 1 13 75 5815
2955 8 3090 0 103 22 5816
2955 6 3091 0 155 79 5817
2955 24 3091 0 194 169 5818
2955 36 3090 0 78 150 5819
2955 6 3091 0 24 195 5820
2955 45 3089 0 40 105 5821
2955 15 3090 0 118 4 5822
2955 11 3092 0 103 1 5823
2955 15 3091 0 146 119 5824
2955 11 3089 0 24 183 5825
2955 17 3091 0 123 1 5826
2955 28 3091 0 99 9 5827
2955 19 3091 0 52 37 5828
2955 35 3090 0 66 134 5829
2955 18 3091 0 66 169 5830
2955 43 3090 0 150 43 5831
2955 7 3092 0 29 60 5832
2955 3 3090 0 96 13 5833
2955 24 3090 0 6 88 5834
2955 39 3091 0 100 167 5835
2955 19 3092 0 102 59 5836
2955 5 3090 0 95 77 5837
2955 13 3094 0 99 1 5838
2955 34 3092 0 109 56 5839
2955 19 3094 0 109 36 5840
2955 27 3088 0 113 48 5841
2955 10 3092 0 105 143 5842
2955 3 3090 0 128 40 5843
2970 3 3106 0 128 40 5844
2970 25 3108 0 67 20 5845
2970 17 3105 0 52 37 5846
2970 18 3104 0 102 36 5847
2970 25 3105 0 110 114 5848
2970 28 3106 0 149 33 5849
2970 10 3106 0 24 183 5850
2970 25 3107 0 143 170 5851
2970 16 3104 0 132 13 5852
2970 8 3107 0 46 189 5853
2970 4 3106 0 96 13 5854
2970 23 3108 0 198 85 5855
2970 22 3107 0 99 1 5856
2970 21 3106 0 109 36 5857
2970 4 3105 0 117 1 5858
2970 20 3105 0 105 42 5859
2970 6 3106 0 155 79 5860
2970 3 3106 0 24 195 5861
2970 33 3105 0 179 186 5862
2970 5 3106 0 122 58 5863
2972 84 5957 1 113 48 5864
2984 183 5972 1 40 59 5865
2985 6 3121 0 185 66 5866
2985 6 3123 0 122 58 5867
2985 11 3123 0 101 26 5868
2985 28 3120 0 2 3 5869
2985 22 3122 0 123 1 5870
2985 8 3121 0 113 13 5871
2985 44 3121 0 133 152 5872
2985 6 3118 0 117 40 5873
2985 18 3121 0 25 122 5874
2985 21 3119 0 52 37 5875
2985 7 3121 0 138 36 5876
2985 14 3121 0 67 20 5877
2985 13 3123 0 128 55 5878
2985 19 3120 0 50 121 5879
2985 7 3120 0 15 4 5880
2985 15 3120 0 140 22 5881
2985 11 3122 0 108 31 5882
2985 6 3121 0 128 40 5883
2985 36 3120 0 150 43 5884
2985 21 3122 0 132 13 5885
2985 26 3123 0 113 48 5886
2985 32 3121 0 149 33 5887
2985 4 3120 0 164 40 5888
2985 23 3120 0 40 59 5889
2985 17 3124 0 102 36 5890
2985 19 3121 0 110 114 5891
2985 5 3121 0 117 1 5892
3000 26 3135 0 120 146 5893
3000 6 3135 0 117 40 5894
3000 23 3138 0 109 36 5895
3000 4 3137 0 128 23 5896
3000 19 3135 0 105 42 5897
3000 17 3135 0 6 88 5898
3000 15 3135 0 110 114 5899
3000 40 3135 0 57 122 5900
3000 12 3136 0 125 90 5901
3000 9 3137 0 103 22 5902
3000 24 3136 0 140 22 5903
3000 3 3137 0 37 7 5904
3000 44 3133 0 109 56 5905
3000 7 3134 0 146 159 5906
3000 5 3135 0 122 58 5907
3000 32 3135 0 113 48 5908
3000 8 3138 0 138 36 5909
3000 42 3136 0 182 79 5910
3000 18 3134 0 128 55 5911
3000 20 3135 0 118 4 5912
3000 37 3138 0 149 33 5913
3000 44 3136 0 66 134 5914
3000 7 3136 0 101 26 5915
3000 18 3133 0 25 122 5916
3000 9 3135 0 156 90 5917
3000 7 3137 0 22 41 5918
3000 6 3136 0 173 171 5919
3003 39 5990 1 103 1 5920
3015 41 3149 0 18 115 5921
3015 26 3149 0 155 122 5922
3015 14 3149 0 55 108 5923
3015 4 3151 0 164 40 5924
3015 11 3152 0 146 159 5925
3015 22 3150 0 132 13 5926
3015 3 3152 0 24 195 5927
3015 37 3153 0 102 140 5928
3015 7 3151 0 142 143 5929
3015 6 3153 0 101 26 5930
3015 40 3151 0 16 120 5931
3015 22 3153 0 105 42 5932
3015 17 3153 0 50 121 5933
3015 43 3149 0 182 79 5934
3015 6 3150 0 128 40 5935
3015 19 3154 0 109 36 5936
3015 12 3152 0 148 56 5937
3015 31 3150 0 109 56 5938
3015 14 3151 0 123 1 5939
3015 16 3151 0 13 75 5940
3015 34 3151 0 57 122 5941
3015 4 3155 0 117 1 5942
3015 11 3150 0 128 96 5943
3015 7 3151 0 113 13 5944
3015 5 3153 0 127 27 5945
3015 4 3151 0 128 23 5946
3022 38 6007 1 182 28 5947
3030 12 3167 0 148 56 5948
3030 8 3166 0 173 171 5949
3030 13 3167 0 7 35 5950
3030 6 3166 0 108 31 5951
3030 41 3166 0 102 140 5952
3030 19 3166 0 194 169 5953
3030 20 3166 0 72 131 5954
3030 18 3163 0 52 37 5955
3030 6 3165 0 128 40 5956
3030 7 3165 0 146 159 5957
3030 27 3168 0 153 145 5958
3030 22 3166 0 118 4 5959
3030 6 3167 0 142 143 5960
3030 4 3167 0 95 77 5961
3030 14 3165 0 109 36 5962
3030 25 3165 0 140 22 5963
3030 11 3165 0 105 143 5964
3030 12 3167 0 86 23 5965
3030 3 3168 0 127 27 5966
3030 6 3167 0 37 7 5967
3030 12 3168 0 29 60 5968
3030 7 3163 0 128 96 5969
3030 6 3166 0 117 1 5970
3030 15 3167 0 6 88 5971
3030 36 3166 0 57 122 5972
3030 11 3166 0 94 1 5973
3030 8 3166 0 63 86 5974
3030 8 3168 0 138 36 5975
3030 3 3165 0 10 193 5976
3045 6 3181 0 127 27 5977
3045 6 3180 0 117 40 5978
3045 8 3182 0 108 58 5979
3045 22 3182 0 6 88 5980
3045 9 3181 0 101 26 5981
3045 11 3181 0 142 143 5982
3045 3 3183 0 152 41 5983
3045 38 3178 0 102 140 5984
3045 6 3180 0 29 60 5985
3045 20 3182 0 118 4 5986
3045 8 3180 0 15 186 5987
3045 7 3179 0 103 1 5988
3045 36 3181 0 66 134 5989
3045 12 3179 0 103 22 5990
3045 5 3181 0 155 79 5991
3045 42 3181 0 179 186 5992
3045 4 3182 0 96 13 5993
3045 38 3181 0 18 115 5994
3045 7 3181 0 138 36 5995
3045 13 3183 0 128 55 5996
3045 30 3181 0 149 33 5997
3045 19 3182 0 140 22 5998
3045 17 3181 0 93 51 5999
3045 5 3180 0 164 40 6000
3045 17 3183 0 109 36 6001
3045 12 3183 0 92 2 6002
3045 22 3179 0 141 56 6003
3045 10 3181 0 15 4 6004
3045 17 3181 0 123 1 6005
3045 6 3182 0 128 23 6006
3060 38 3195 0 63 134 6007
3060 11 3196 0 108 58 6008
3060 29 3193 0 16 120 6009
3060 6 3195 0 103 22 6010
3060 25 3198 0 66 169 6011
3060 13 3197 0 146 119 6012
3060 18 3193 0 140 22 6013
3060 3 3199 0 152 41 6014
3060 37 3197 0 109 56 6015
3060 22 3197 0 128 55 6016
3060 15 3194 0 72 131 6017
3060 8 3197 0 105 143 6018
3060 10 3196 0 24 183 6019
3060 7 3196 0 108 31 6020
3060 41 3197 0 113 48 6021
3060 4 3194 0 128 23 6022
3060 45 3196 0 18 115 6023
3060 11 3195 0 113 13 6024
3060 18 3194 0 198 85 6025
3060 11 3198 0 109 1 6026
3060 14 3194 0 102 59 6027
3060 6 3197 0 22 41 6028
3060 3 3195 0 24 195 6029
3060 29 3194 0 100 167 6030
3060 18 3197 0 40 59 6031
3060 17 3196 0 109 36 6032
3060 21 3198 0 13 75 6033
3060 21 3198 0 6 88 6034
3060 4 3196 0 127 27 6035
3060 12 3195 0 117 40 6036
3072 61 6059 1 118 4 6037
3072 153 6057 1 127 27 6038
3075 25 3211 0 99 1 6039
3075 30 3211 0 18 115 6040
3075 15 3211 0 7 35 6041
3075 24 3209 0 13 75 6042
3075 13 3211 0 140 22 6043
3075 6 3213 0 148 56 6044
3075 12 3211 0 108 31 6045
3075 6 3212 0 29 60 6046
3075 35 3212 0 113 48 6047
3075 21 3211 0 67 20 6048
3075 3 3211 0 96 13 6049
3075 32 3209 0 179 186 6050
3075 42 3214 0 57 122 6051
3075 37 3210 0 149 33 6052
3075 32 3210 0 100 167 6053
3075 11 3213 0 155 52 6054
3075 7 3211 0 128 96 6055
3075 7 3212 0 109 1 6056
3075 38 3210 0 2 3 6057
3075 4 3211 0 72 194 6058
3075 17 3211 0 6 88 6059
3075 25 3210 0 150 43 6060
3075 42 3211 0 99 9 6061
3075 12 3213 0 46 189 6062
3075 40 3209 0 63 134 6063
3075 39 3211 0 40 105 6064
3075 15 3210 0 118 4 6065
3075 41 3212 0 133 152 6066
3075 6 3211 0 127 27 6067
3075 4 3210 0 161 34 6068
3075 17 3210 0 194 169 6069
3075 44 3211 0 16 120 6070
3075 17 3210 0 123 1 6071
3075 12 3210 0 15 4 6072
3075 14 3211 0 141 56 6073
3075 40 3211 0 78 150 6074
3075 11 3212 0 182 28 6075
3075 17 3211 0 125 90 6076
3075 12 3208 0 109 36 6077
3075 12 3212 0 128 55 6078
3083 58 6068 1 46 189 6079
3090 24 3224 0 105 42 6080
3090 5 3225 0 127 27 6081
3090 3 3225 0 37 7 6082
3090 19 3224 0 102 36 6083
3090 12 3223 0 178 113 6084
3090 12 3227 0 109 36 6085
3090 9 3224 0 15 186 6086
3090 103 6077 1 55 108 6087
3090 34 3228 0 18 115 6088
3090 18 3225 0 128 55 6089
3090 11 3226 0 103 22 6090
3090 9 3223 0 117 40 6091
3090 15 3225 0 25 122 6092
3090 22 3226 0 132 13 6093
3090 8 3226 0 29 60 6094
3090 43 3226 0 63 134 6095
3090 45 3225 0 66 134 6096
3090 11 3227 0 101 26 6097
3090 38 3224 0 99 9 6098
3090 20 3227 0 50 121 6099
3090 45 3226 0 40 105 6100
3090 13 3225 0 123 1 6101
3090 11 3223 0 15 4 6102
3090 7 3226 0 108 31 6103
3090 40 3226 0 109 56 6104
3090 16 3227 0 7 35 6105
3090 17 3227 0 86 23 6106
3090 34 3229 0 83 108 6107
3090 32 3225 0 149 33 6108
3101 78 6087 1 7 35 6109
3105 8 3241 0 138 36 6110
3105 24 3242 0 6 88 6111
3105 10 3240 0 103 22 6112
3105 20 3240 0 198 85 6113
3105 10 3241 0 63 113 6114
3105 20 3242 0 55 108 6115
3105 19 3238 0 109 36 6116
3105 5 3242 0 128 23 6117
3105 11 3240 0 15 4 6118
3105 3 3241 0 117 1 6119
3105 6 3240 0 96 13 6120
3105 22 3244 0 86 23 6121
3105 23 3242 0 102 36 6122
3105 27 3237 0 109 56 6123
3105 12 3239 0 93 51 6124
3105 12 3241 0 146 159 6125
3105 16 3238 0 128 55 6126
3105 5 3241 0 128 40 6127
3105 30 3242 0 78 150 6128
3105 23 3242 0 118 4 6129
3105 26 3242 0 99 9 6130
3105 6 3241 0 103 1 6131
3105 28 3242 0 120 146 6132
3105 6 3240 0 127 27 6133
3105 6 3241 0 29 60 6134
3120 7 3257 0 178 113 6135
3120 18 3257 0 143 170 6136
3120 39 3254 0 149 33 6137
3120 25 3255 0 113 48 6138
3120 12 3257 0 140 22 6139
3120 10 3256 0 108 31 6140
3120 3 3253 0 164 40 6141
3120 3 3256 0 10 193 6142
3120 6 3258 0 24 183 6143
3120 26 3255 0 18 115 6144
3120 6 3255 0 105 143 6145
3120 23 3256 0 123 1 6146
3120 3 3257 0 24 195 6147
3120 22 3254 0 125 90 6148
3120 5 3256 0 128 40 6149
3120 9 3257 0 103 22 6150
3120 12 3255 0 155 52 6151
3120 20 3257 0 105 42 6152
3120 21 3254 0 188 80 6153
3120 3 3255 0 95 77 6154
3120 3 3256 0 117 1 6155
3120 8 3258 0 128 96 6156
3120 6 3257 0 122 58 6157
3120 36 3257 0 109 56 6158
3120 3 3254 0 127 27 6159
3120 14 3256 0 198 85 6160
3135 5 3271 0 7 180 6161
3135 17 3272 0 109 36 6162
3135 3 3272 0 95 77 6163
3135 17 3272 0 25 122 6164
3135 14 3270 0 13 75 6165
3135 11 3270 0 15 186 6166
3135 6 3271 0 128 23 6167
3135 39 3270 0 109 56 6168
3135 20 3271 0 132 13 6169
3135 5 3269 0 164 40 6170
3135 11 3272 0 103 22 6171
3135 3 3271 0 96 13 6172
3135 40 3268 0 57 122 6173
3135 37 3271 0 100 167 6174
3135 13 3270 0 93 51 6175
3135 7 3271 0 94 1 6176
3135 6 3272 0 37 7 6177
3135 4 3271 0 122 58 6178
3135 5 3271 0 127 27 6179
3135 16 3273 0 102 36 6180
3135 27 3272 0 78 150 6181
3135 14 3272 0 105 42 6182
3135 3 3271 0 128 40 6183
3135 12 3270 0 72 131 6184
3135 45 3270 0 99 9 6185
3135 15 3272 0 194 169 6186
3135 9 3270 0 142 143 6187
3135 19 3271 0 141 56 6188
3142 64 6129 1 10 193 6189
3146 47 6130 1 7 180 6190
3150 23 3287 0 109 36 6191
3150 22 3284 0 132 13 6192
3150 38 3284 0 99 9 6193
3150 7 3286 0 128 96 6194
3150 25 3284 0 118 4 6195
3150 6 3286 0 117 1 6196
3150 19 3287 0 6 88 6197
3150 8 3285 0 24 183 6198
3150 17 3285 0 125 90 6199
3150 6 3285 0 127 27 6200
3150 26 3286 0 113 48 6201
3150 12 3285 0 101 26 6202
3150 8 3287 0 15 186 6203
3150 4 3284 0 96 13 6204
3150 14 3287 0 143 170 6205
3150 19 3286 0 102 36 6206
3150 10 3287 0 103 22 6207
3150 24 3287 0 102 59 6208
3150 7 3287 0 178 113 6209
3150 9 3288 0 138 36 6210
3150 18 3285 0 198 85 6211
3150 13 3287 0 123 1 6212
3150 12 3288 0 105 42 6213
3150 6 3285 0 7 180 6214
3150 24 3286 0 188 80 6215
3150 8 3284 0 63 86 6216
3150 18 3285 0 99 1 6217
3150 28 3284 0 83 108 6218
3150 3 3287 0 161 34 6219
3150 7 3285 0 103 1 6220
3150 4 3287 0 128 23 6221
3150 12 3287 0 67 20 6222
3150 7 3287 0 117 40 6223
3150 16 3285 0 86 23 6224
3150 23 3286 0 140 22 6225
3150 7 3288 0 22 41 6226
3150 5 3285 0 164 40 6227
3150 15 3287 0 110 114 6228
3150 12 3287 0 7 35 6229
3150 17 3287 0 141 56 6230
3150 9 3285 0 148 56 6231
3150 5 3286 0 122 58 6232
3150 13 3287 0 52 37 6233
3152 37 6140 1 179 186 6234
3165 20 3301 0 166 118 6235
3165 9 3302 0 178 113 6236
3165 33 3299 0 113 48 6237
3165 22 3301 0 102 59 6238
3165 6 3301 0 113 13 6239
3165 19 3301 0 118 4 6240
3165 10 3301 0 92 2 6241
3165 18 3301 0 132 13 6242
3165 11 3301 0 108 31 6243
3165 39 3301 0 109 56 6244
3165 43 3300 0 150 43 6245
3165 6 3300 0 103 1 6246
3165 34 3301 0 18 115 6247
3165 24 3302 0 188 80 6248
3165 12 3299 0 108 58 6249
3165 18 3302 0 110 114 6250
3165 10 3301 0 117 40 6251
3165 5 3300 0 122 58 6252
3165 23 3300 0 123 1 6253
3165 32 3302 0 99 9 6254
3165 9 3300 0 63 113 6255
3165 6 3298 0 96 13 6256
3165 7 3299 0 46 189 6257
3165 43 3303 0 120 146 6258
3165 18 3301 0 109 36 6259
3165 24 3301 0 50 121 6260
3180 3 3317 0 127 27 6261
3180 10 3315 0 15 4 6262
3180 43 3316 0 113 48 6263
3180 10 3318 0 113 13 6264
3180 3 3314 0 164 40 6265
3180 12 3316 0 141 56 6266
3180 24 3315 0 128 55 6267
3180 18 3316 0 93 51 6268
3180 12 3317 0 109 1 6269
3180 8 3316 0 173 171 6270
3180 25 3315 0 105 42 6271
3180 26 3317 0 120 146 6272
3180 25 3317 0 155 122 6273
3180 41 3315 0 18 115 6274
3180 14 3316 0 72 131 6275
3180 35 3318 0 109 56 6276
3180 3 3315 0 95 77 6277
3180 11 3316 0 128 96 6278
3180 6 3317 0 108 58 6279
3180 11 3315 0 29 60 6280
3180 36 3317 0 133 152 6281
3180 11 3316 0 117 40 6282
3180 15 3316 0 132 13 6283
3180 24 3317 0 125 90 6284
3180 6 3316 0 103 22 6285
3180 9 3315 0 155 52 6286
3191 61 6178 1 194 169 6287
3195 3 3332 0 122 58 6288
3195 6 3331 0 15 4 6289
3195 10 3332 0 101 26 6290
3195 25 3330 0 93 51 6291
3195 21 3331 0 118 4 6292
3195 18 3331 0 105 42 6293
3195 44 3332 0 179 186 6294
3195 15 3331 0 128 55 6295
3195 11 3332 0 103 1 6296
3195 19 3328 0 7 35 6297
3195 14 3330 0 123 1 6298
3195 3 3330 0 95 77 6299
3195 12 3331 0 105 143 6300
3195 34 3331 0 133 152 6301
3195 3 3332 0 127 27 6302
3195 6 3332 0 22 41 6303
3195 38 3329 0 149 33 6304
3195 23 3331 0 25 122 6305
3195 12 3330 0 109 1 6306
3195 27 3329 0 155 122 6307
3195 7 3329 0 148 56 6308
3195 11 3332 0 103 22 6309
3195 17 3331 0 143 170 6310
3195 11 3331 0 173 171 6311
3195 9 3331 0 117 40 6312
3195 5 3330 0 72 194 6313
3210 3 3347 0 128 23 6314
3210 38 3346 0 63 134 6315
3210 24 3346 0 123 1 6316
3210 20 3344 0 118 4 6317
3210 15 3346 0 102 59 6318
3210 19 3347 0 72 131 6319
3210 20 3345 0 140 22 6320
3210 6 3347 0 117 1 6321
3210 8 3345 0 138 36 6322
3210 12 3346 0 102 36 6323
3210 8 3345 0 117 40 6324
3210 21 3347 0 128 55 6325
3210 32 3345 0 153 145 6326
3210 36 3349 0 149 33 6327
3210 11 3344 0 146 159 6328
3210 4 3347 0 72 194 6329
3210 7 3348 0 24 183 6330
3210 15 3345 0 7 35 6331
3210 16 3345 0 166 118 6332
3210 25 3346 0 55 108 6333
3210 27 3345 0 155 122 6334
3210 17 3345 0 109 36 6335
3210 12 3347 0 93 51 6336
3210 5 3346 0 185 66 6337
3210 36 3345 0 99 9 6338
3210 31 3346 0 109 56 6339
3225 4 3361 0 127 27 6340
3225 15 3363 0 105 42 6341
3225 24 3361 0 166 118 6342
3225 19 3361 0 123 1 6343
3225 25 3359 0 93 51 6344
3225 23 3360 0 109 36 6345
3225 6 3361 0 138 36 6346
3225 25 3362 0 99 9 6347
3225 8 3362 0 103 22 6348
3225 44 3362 0 153 145 6349
3225 6 3360 0 63 113 6350
3225 8 3365 0 46 189 6351
3225 14 3361 0 146 119 6352
3225 19 3361 0 194 169 6353
3225 6 3363 0 101 26 6354
3225 17 3364 0 99 1 6355
3225 15 3361 0 25 122 6356
3225 31 3360 0 109 56 6357
3225 9 3363 0 142 143 6358
3225 7 3363 0 108 31 6359
3225 10 3360 0 146 159 6360
3225 5 3362 0 72 194 6361
3225 17 3364 0 66 169 6362
3225 20 3359 0 86 23 6363
3225 20 3361 0 118 4 6364
3225 11 3363 0 15 4 6365
3225 24 3361 0 140 22 6366
3225 6 3362 0 128 40 6367
3225 5 3361 0 95 77 6368
3225 7 3361 0 178 113 6369
3225 14 3361 0 128 55 6370
3225 24 3361 0 132 13 6371
3225 40 3361 0 149 33 6372
3239 79 6227 1 40 105 6373
3240 15 3376 0 6 88 6374
3240 16 3374 0 102 59 6375
3240 28 3376 0 99 9 6376
3240 6 3376 0 128 40 6377
3240 13 3377 0 109 36 6378
3240 37 3376 0 155 122 6379
3240 21 3378 0 132 13 6380
3240 5 3373 0 96 13 6381
3240 12 3375 0 123 1 6382
3240 12 3375 0 102 36 6383
3240 24 3375 0 140 22 6384
3240 40 3378 0 109 56 6385
3240 10 3376 0 128 96 6386
3240 12 3377 0 99 1 6387
3240 3 3375 0 155 79 6388
3240 6 3376 0 152 41 6389
3240 5 3378 0 95 77 6390
3240 8 3378 0 138 36 6391
3240 13 3375 0 7 35 6392
3240 10 3376 0 105 143 6393
3240 7 3377 0 108 31 6394
3240 6 3376 0 142 143 6395
3240 25 3375 0 149 33 6396
3240 43 3377 0 113 48 6397
3240 33 3376 0 102 140 6398
3240 17 3377 0 166 118 6399
3240 12 3376 0 103 22 6400
3240 11 3374 0 101 26 6401
3240 4 3378 0 117 1 6402
3240 10 3376 0 113 13 6403
3255 6 3392 0 117 40 6404
3255 34 3389 0 2 3 6405
3255 21 3391 0 55 108 6406
3255 13 3391 0 66 169 6407
3255 7 3390 0 138 36 6408
3255 19 3392 0 105 42 6409
3255 41 3391 0 149 33 6410
3255 12 3392 0 113 13 6411
3255 12 3391 0 142 143 6412
3255 22 3393 0 123 1 6413
3255 16 3394 0 140 22 6414
3255 6 3392 0 108 31 6415
3255 6 3392 0 127 27 6416
3255 21 3390 0 118 4 6417
3255 3 3391 0 185 66 6418
3255 7 3392 0 29 60 6419
3255 26 3391 0 63 134 6420
3255 4 3388 0 128 23 6421
3255 3 3392 0 72 194 6422
3255 20 3391 0 132 13 6423
3255 4 3391 0 128 40 6424
3255 13 3393 0 52 37 6425
3255 15 3392 0 166 118 6426
3255 38 3392 0 179 186 6427
3255 14 3392 0 50 121 6428
3255 6 3392 0 96 13 6429
3255 3 3389 0 10 193 6430
3255 11 3392 0 155 52 6431
3255 5 3389 0 152 41 6432
3255 23 3389 0 125 90 6433
3255 9 3390 0 46 189 6434
3255 9 3389 0 24 183 6435
3255 9 3391 0 156 90 6436
3265 66 6250 1 37 7 6437
3270 14 3405 0 25 122 6438
3270 25 3406 0 16 120 6439
3270 33 3404 0 133 152 6440
3270 3 3404 0 10 193 6441
3270 4 3408 0 155 79 6442
3270 5 3408 0 185 66 6443
3270 6 3406 0 7 180 6444
3270 14 3409 0 93 51 6445
3270 6 3405 0 24 195 6446
3270 9 3406 0 105 143 6447
3270 6 3406 0 128 40 6448
3270 34 3405 0 109 56 6449
3270 21 3405 0 86 23 6450
3270 5 3406 0 96 13 6451
3270 6 3407 0 161 34 6452
3270 21 3407 0 123 1 6453
3270 5 3406 0 37 7 6454
3270 22 3406 0 105 42 6455
3270 45 3403 0 155 122 6456
3270 7 3408 0 178 113 6457
3270 14 3406 0 7 35 6458
3270 11 3410 0 63 86 6459
3270 33 3406 0 149 33 6460
3270 12 3406 0 156 90 6461
3270 3 3405 0 72 194 6462
3270 15 3407 0 118 4 6463
3270 20 3405 0 146 119 6464
3270 23 3407 0 128 55 6465
3270 31 3407 0 18 115 6466
3270 7 3405 0 117 40 6467
3285 20 3422 0 99 1 6468
3285 3 3421 0 117 1 6469
3285 6 3422 0 10 193 6470
3285 24 3419 0 194 169 6471
3285 33 3422 0 150 43 6472
3285 26 3424 0 153 145 6473
3285 11 3421 0 101 26 6474
3285 8 3420 0 103 22 6475
3285 8 3419 0 155 52 6476
3285 43 3420 0 179 186 6477
3285 7 3423 0 138 36 6478
3285 16 3419 0 141 56 6479
3285 25 3422 0 123 1 6480
3285 18 3419 0 110 114 6481
3285 11 3420 0 103 1 6482
3285 12 3421 0 105 42 6483
3285 15 3422 0 146 119 6484
3285 11 3418 0 117 40 6485
3285 3 3420 0 127 27 6486
3285 4 3422 0 128 23 6487
3300 6 3436 0 103 1 6488
3300 23 3435 0 102 36 6489
3300 9 3436 0 109 1 6490
3300 41 3437 0 78 150 6491
3300 27 3437 0 99 9 6492
3300 32 3435 0 155 122 6493
3300 15 3435 0 109 36 6494
3300 16 3439 0 123 1 6495
3300 4 3436 0 24 195 6496
3300 9 3435 0 108 31 6497
3300 23 3438 0 128 55 6498
3300 25 3439 0 132 13 6499
3300 5 3437 0 127 27 6500
3300 6 3434 0 155 52 6501
3300 31 3436 0 83 108 6502
3300 6 3436 0 96 13 6503
3300 4 3436 0 117 1 6504
3300 9 3434 0 94 1 6505
3300 18 3439 0 66 169 6506
3300 40 3434 0 102 140 6507
3300 8 3436 0 138 36 6508
3300 3 3437 0 161 34 6509
3300 6 3438 0 156 90 6510
3300 21 3436 0 25 122 6511
3300 43 3435 0 150 43 6512
3300 8 3436 0 148 56 6513
3300 15 3438 0 143 170 6514
3300 8 3437 0 63 86 6515
3300 12 3436 0 128 96 6516
3300 22 3436 0 86 23 6517
3300 3 3435 0 72 194 6518
3300 32 3436 0 63 134 6519
3300 11 3436 0 117 40 6520
3300 6 3437 0 128 23 6521
3300 41 3435 0 113 48 6522
3307 77 6292 1 133 152 6523
3307 58 6293 1 123 1 6524
3312 183 6300 1 155 52 6525
3315 42 3449 0 149 33 6526
3315 3 3453 0 122 58 6527
3315 24 3450 0 13 75 6528
3315 7 3450 0 113 13 6529
3315 5 3448 0 72 194 6530
3315 41 3448 0 182 79 6531
3315 41 3452 0 113 48 6532
3315 20 3451 0 118 4 6533
3315 11 3451 0 138 36 6534
3315 17 3450 0 105 42 6535
3315 5 3449 0 128 40 6536
3315 6 3451 0 63 86 6537
3315 23 3451 0 143 170 6538
3315 6 3452 0 146 159 6539
3315 27 3450 0 109 56 6540
3315 6 3450 0 96 13 6541
3315 6 3451 0 24 183 6542
3315 12 3451 0 132 13 6543
3315 36 3452 0 100 167 6544
3315 4 3451 0 117 1 6545
3315 7 3451 0 101 26 6546
3330 3 3468 0 117 1 6547
3330 34 3467 0 109 56 6548
3330 3 3465 0 127 27 6549
3330 11 3466 0 15 186 6550
3330 13 3466 0 109 36 6551
3330 12 3466 0 173 171 6552
3330 6 3466 0 142 143 6553
3330 9 3468 0 146 159 6554
3330 12 3467 0 166 118 6555
3330 18 3465 0 194 169 6556
3330 33 3470 0 18 115 6557
3330 6 3464 0 128 40 6558
3330 5 3466 0 161 34 6559
3330 20 3464 0 50 121 6560
3330 23 3466 0 132 13 6561
3330 6 3468 0 24 195 6562
3330 15 3466 0 123 1 6563
3330 6 3465 0 103 22 6564
3330 8 3466 0 101 26 6565
3330 7 3465 0 148 56 6566
3330 42 3466 0 16 120 6567
3330 28 3467 0 120 146 6568
3330 29 3466 0 150 43 6569
3330 40 3463 0 113 48 6570
3330 3 3464 0 164 40 6571
3330 18 3466 0 105 42 6572
3330 17 3464 0 13 75 6573
3339 32 6322 1 15 186 6574
3345 18 3478 0 72 131 6575
3345 33 3483 0 150 43 6576
3345 34 3481 0 63 134 6577
3345 22 3481 0 25 122 6578
3345 4 3481 0 152 41 6579
3345 15 3480 0 123 1 6580
3345 22 3481 0 105 42 6581
3345 36 3482 0 179 186 6582
3345 23 3480 0 132 13 6583
3345 15 3482 0 109 36 6584
3345 29 3480 0 78 150 6585
3345 6 3480 0 103 22 6586
3345 20 3482 0 166 118 6587
3345 24 3483 0 198 85 6588
3345 18 3481 0 52 37 6589
3345 12 3480 0 138 36 6590
3345 40 3480 0 182 79 6591
3345 3 3480 0 122 58 6592
3345 18 3481 0 128 55 6593
3345 9 3481 0 108 31 6594
3345 10 3479 0 103 1 6595
3345 24 3484 0 118 4 6596
3345 29 3479 0 2 3 6597
3345 45 3481 0 109 56 6598
3348 79 6336 1 108 31 6599
3350 78 6336 1 22 41 6600
3356 69 6342 1 96 13 6601
3360 8 3495 0 146 159 6602
3360 25 3497 0 149 33 6603
3360 23 3498 0 123 1 6604
3360 5 3497 0 128 23 6605
3360 7 3499 0 108 58 6606
3360 10 3496 0 105 143 6607
3360 5 3496 0 127 27 6608
3360 3 3496 0 7 180 6609
3360 6 3498 0 138 36 6610
3360 12 3497 0 29 60 6611
3360 40 3497 0 120 146 6612
3360 33 3498 0 99 9 6613
3360 12 3498 0 110 114 6614
3360 14 3496 0 105 42 6615
3360 35 3497 0 153 145 6616
3360 6 3496 0 156 90 6617
3360 17 3497 0 125 90 6618
3360 6 3498 0 96 13 6619
3360 11 3497 0 103 22 6620
3360 10 3495 0 182 28 6621
3360 23 3495 0 7 35 6622
3360 14 3496 0 141 56 6623
3360 12 3497 0 132 13 6624
3360 6 3498 0 15 186 6625
3360 16 3495 0 40 59 6626
3360 3 3495 0 122 58 6627
3360 15 3498 0 72 131 6628
3360 24 3496 0 86 23 6629
3360 12 3494 0 188 80 6630
3360 25 3495 0 109 56 6631
3360 19 3497 0 102 36 6632
3360 14 3495 0 194 169 6633
3373 45 6360 1 95 77 6634
3375 3 3510 0 155 79 6635
3375 11 3511 0 15 186 6636
3375 5 3511 0 122 58 6637
3375 12 3511 0 22 41 6638
3375 8 3510 0 113 13 6639
3375 4 3510 0 96 13 6640
3375 6 3508 0 164 40 6641
3375 25 3513 0 50 121 6642
3375 4 3510 0 117 1 6643
3375 5 3513 0 128 23 6644
3375 8 3510 0 94 1 6645
3375 29 3513 0 120 146 6646
3375 25 3512 0 179 186 6647
3375 28 3512 0 99 9 6648
3375 12 3512 0 132 13 6649
3375 21 3511 0 146 119 6650
3375 9 3511 0 128 96 6651
3375 15 3512 0 143 170 6652
3375 16 3509 0 140 22 6653
3375 24 3511 0 86 23 6654
3375 16 3511 0 40 59 6655
3375 5 3511 0 37 7 6656
3375 29 3512 0 63 134 6657
3375 41 3510 0 182 79 6658
3375 32 3513 0 113 48 6659
3375 12 3510 0 118 4 6660
3375 40 3511 0 16 120 6661
3375 38 3511 0 149 33 6662
3375 19 3513 0 123 1 6663
3379 71 6364 1 155 122 6664
3387 68 6371 1 128 40 6665
3390 38 3524 0 2 3 6666
3390 11 3523 0 15 4 6667
3390 7 3528 0 138 36 6668
3390 37 3525 0 179 186 6669
3390 3 3526 0 128 40 6670
3390 18 3525 0 128 55 6671
3390 10 3528 0 22 41 6672
3390 34 3527 0 113 48 6673
3390 27 3527 0 40 105 6674
3390 12 3529 0 92 2 6675
3390 4 3527 0 122 58 6676
3390 32 3527 0 149 33 6677
3390 26 3526 0 109 56 6678
3390 25 3524 0 86 23 6679
3390 40 3527 0 18 115 6680
3390 39 3525 0 153 145 6681
3390 44 3528 0 16 120 6682
3390 4 3524 0 24 195 6683
3390 22 3526 0 140 22 6684
3390 9 3524 0 24 183 6685
3390 17 3526 0 99 1 6686
3390 22 3528 0 123 1 6687
3390 5 3527 0 128 23 6688
3390 9 3523 0 146 159 6689
3390 16 3526 0 102 36 6690
3390 15 3525 0 105 42 6691
3393 182 6381 1 140 22 6692
3405 3 3541 0 72 194 6693
3405 13 3542 0 128 55 6694
3405 5 3541 0 161 34 6695
3405 18 3544 0 40 59 6696
3405 20 3540 0 118 4 6697
3405 15 3542 0 143 170 6698
3405 25 3541 0 13 75 6699
3405 6 3538 0 178 113 6700
3405 29 3542 0 57 122 6701
3405 17 3539 0 194 169 6702
3405 6 3541 0 95 77 6703
3405 3 3542 0 122 58 6704
3405 12 3541 0 92 2 6705
3405 5 3542 0 152 41 6706
3405 34 3542 0 150 43 6707
3405 3 3543 0 164 40 6708
3405 19 3541 0 55 108 6709
3405 40 3539 0 83 108 6710
3405 28 3541 0 149 33 6711
3405 6 3542 0 185 66 6712
3405 34 3539 0 99 9 6713
3405 16 3540 0 109 36 6714
3405 18 3540 0 125 90 6715
3405 6 3540 0 24 183 6716
3405 4 3542 0 117 1 6717
3405 10 3541 0 108 31 6718
3405 6 3541 0 128 40 6719
3405 8 3541 0 101 26 6720
3405 34 3541 0 40 105 6721
3405 24 3540 0 123 1 6722
3405 12 3543 0 50 121 6723
3405 12 3538 0 146 159 6724
3419 44 6406 1 105 143 6725
3420 9 3556 0 63 86 6726
3420 11 3554 0 117 40 6727
3420 36 3555 0 99 9 6728
3420 11 3557 0 94 1 6729
3420 13 3555 0 132 13 6730
3420 7 3555 0 108 31 6731
3420 6 3556 0 122 58 6732
3420 21 3556 0 140 22 6733
3420 10 3555 0 29 60 6734
3420 9 3558 0 182 28 6735
3420 6 3557 0 96 13 6736
3420 32 3553 0 16 120 6737
3420 23 3556 0 25 122 6738
3420 9 3554 0 138 36 6739
3420 8 3555 0 148 56 6740
3420 40 3557 0 113 48 6741
3420 8 3556 0 101 26 6742
3420 37 3556 0 155 122 6743
3420 15 3555 0 110 114 6744
3422 127 6409 1 78 150 6745
3423 49 6410 1 18 115 6746
3432 53 6419 1 152 41 6747
3435 8 3571 0 173 171 6748
3435 33 3567 0 113 48 6749
3435 11 3570 0 178 113 6750
3435 22 3571 0 67 20 6751
3435 66 6422 1 150 43 6752
3435 3 3571 0 127 27 6753
3435 37 3571 0 149 33 6754
3435 8 3571 0 103 22 6755
3435 19 3572 0 109 36 6756
3435 7 3572 0 94 1 6757
3435 24 3569 0 125 90 6758
3435 7 3571 0 63 113 6759
3435 7 3570 0 117 40 6760
3435 4 3572 0 155 79 6761
3435 32 3570 0 109 56 6762
3435 22 3571 0 66 169 6763
3435 6 3570 0 117 1 6764
3435 45 3572 0 16 120 6765
3435 3 3569 0 128 40 6766
3435 38 3567 0 83 108 6767
3435 17 3570 0 132 13 6768
3435 40 3571 0 40 105 6769
3435 37 3571 0 179 186 6770
3435 18 3570 0 118 4 6771
3435 4 3570 0 24 195 6772
3435 42 3572 0 102 140 6773
3435 7 3569 0 15 4 6774
3445 61 6431 1 24 195 6775
3450 9 3587 0 101 26 6776
3450 15 3584 0 86 23 6777
3450 27 3585 0 150 43 6778
3450 6 3588 0 117 40 6779
3450 11 3586 0 103 22 6780
3450 27 3585 0 18 115 6781
3450 31 3586 0 149 33 6782
3450 4 3586 0 152 41 6783
3450 3 3586 0 117 1 6784
3450 34 3584 0 78 150 6785
3450 3 3585 0 128 23 6786
3450 10 3587 0 128 96 6787
3450 15 3585 0 13 75 6788
3450 20 3589 0 93 51 6789
3450 32 3585 0 57 122 6790
3450 23 3587 0 125 90 6791
3450 25 3586 0 140 22 6792
3450 3 3587 0 24 195 6793
3450 23 3585 0 143 170 6794
3450 8 3585 0 146 159 6795
3450 43 3587 0 179 186 6796
3450 4 3588 0 127 27 6797
3450 8 3586 0 15 186 6798
3450 5 3585 0 161 34 6799
3450 25 3586 0 105 42 6800
3450 7 3585 0 182 28 6801
3450 6 3585 0 113 13 6802
3450 9 3586 0 142 143 6803
3450 3 3584 0 164 40 6804
3450 11 3584 0 108 31 6805
3450 15 3585 0 128 55 6806
3462 117 6447 1 66 134 6807
3465 5 3605 0 96 13 6808
3465 6 3601 0 128 23 6809
3465 18 3598 0 67 20 6810
3465 8 3601 0 128 96 6811
3465 5 3601 0 127 27 6812
3465 9 3601 0 63 113 6813
3465 19 3604 0 109 36 6814
3465 6 3603 0 173 171 6815
3465 19 3599 0 128 55 6816
3465 10 3602 0 92 2 6817
3465 3 3598 0 10 193 6818
3465 10 3603 0 94 1 6819
3465 25 3601 0 133 152 6820
3465 10 3601 0 108 31 6821
3465 6 3599 0 24 183 6822
3465 10 3599 0 138 36 6823
3465 3 3599 0 37 7 6824
3465 27 3600 0 149 33 6825
3465 6 3602 0 152 41 6826
3465 6 3603 0 117 40 6827
3465 29 3603 0 18 115 6828
3465 19 3603 0 198 85 6829
3465 10 3602 0 22 41 6830
3465 34 3601 0 100 167 6831
3465 9 3600 0 63 86 6832
3465 12 3603 0 103 22 6833
3465 24 3601 0 99 1 6834
3465 7 3602 0 15 186 6835
3465 9 3602 0 109 1 6836
3465 41 3601 0 182 79 6837
3472 172 6455 1 146 119 6838
3474 32 6458 1 132 13 6839
3475 126 6463 1 94 1 6840
3480 28 3615 0 99 9 6841
3480 38 3615 0 66 134 6842
3480 22 3616 0 13 75 6843
3480 6 3614 0 46 189 6844
3480 20 3616 0 188 80 6845
3480 24 3616 0 123 1 6846
3480 25 3618 0 140 22 6847
3480 7 3618 0 148 56 6848
3480 12 3615 0 117 40 6849
3480 15 3617 0 50 121 6850
3480 22 3614 0 102 36 6851
3480 8 3618 0 142 143 6852
3480 36 3615 0 78 150 6853
3480 12 3618 0 138 36 6854
3480 3 3616 0 127 27 6855
3480 3 3614 0 37 7 6856
3480 28 3618 0 149 33 6857
3480 8 3617 0 101 26 6858
3480 21 3614 0 52 37 6859
3480 22 3618 0 166 118 6860
3480 11 3616 0 113 13 6861
3480 14 3617 0 132 13 6862
3480 20 3618 0 25 122 6863
3480 6 3615 0 96 13 6864
3480 6 3615 0 15 4 6865
3480 12 3616 0 108 31 6866
3480 22 3615 0 128 55 6867
3480 3 3616 0 122 58 6868
3480 42 3616 0 153 145 6869
3495 3 3629 0 161 34 6870
3495 30 3629 0 149 33 6871
3495 20 3631 0 110 114 6872
3495 44 3631 0 113 48 6873
3495 36 3633 0 109 56 6874
3495 18 3631 0 105 42 6875
3495 7 3632 0 22 41 6876
3495 13 3631 0 66 169 6877
3495 11 3630 0 108 31 6878
3495 23 3630 0 118 4 6879
3495 16 3631 0 50 121 6880
3495 5 3632 0 128 40 6881
3495 8 3632 0 142 143 6882
3495 4 3629 0 185 66 6883
3495 5 3631 0 128 23 6884
3495 6 3631 0 96 13 6885
3495 19 3633 0 140 22 6886
3495 25 3630 0 153 145 6887
3495 12 3631 0 24 183 6888
3495 18 3631 0 123 1 6889
3495 8 3631 0 155 52 6890
3495 16 3632 0 132 13 6891
3495 15 3630 0 109 36 6892
3495 7 3632 0 117 40 6893
3495 3 3631 0 117 1 6894
3495 10 3631 0 103 22 6895
3495 13 3633 0 198 85 6896
3495 8 3631 0 113 13 6897
3495 12 3631 0 102 36 6898
3495 8 3632 0 101 26 6899
3495 8 3632 0 138 36 6900
3499 49 6485 1 108 58 6901
3501 166 6488 1 108 31 6902
3510 3 3648 0 122 58 6903
3510 8 3647 0 15 186 6904
3510 14 3646 0 125 90 6905
3510 7 3647 0 108 58 6906
3510 5 3646 0 95 77 6907
3510 38 3644 0 109 56 6908
3510 35 3647 0 83 108 6909
3510 12 3645 0 13 75 6910
3510 32 3647 0 150 43 6911
3510 37 3644 0 57 122 6912
3510 38 3646 0 66 134 6913
3510 6 3648 0 164 40 6914
3510 25 3647 0 166 118 6915
3510 8 3647 0 103 1 6916
3510 41 3648 0 99 9 6917
3510 23 3646 0 118 4 6918
3510 7 3647 0 22 41 6919
3510 11 3645 0 173 171 6920
3510 26 3644 0 155 122 6921
3510 11 3646 0 46 189 6922
3510 10 3645 0 24 183 6923
3510 12 3646 0 146 159 6924
3510 11 3643 0 109 1 6925
3510 14 3646 0 123 1 6926
3510 5 3645 0 10 193 6927
3510 21 3646 0 140 22 6928
3510 45 3647 0 63 134 6929
3510 9 3645 0 138 36 6930
3510 13 3645 0 132 13 6931
3510 12 3645 0 128 96 6932
3510 3 3648 0 152 41 6933
3525 25 3661 0 132 13 6934
3525 20 3661 0 25 122 6935
3525 10 3662 0 94 1 6936
3525 19 3659 0 66 169 6937
3525 22 3662 0 109 36 6938
3525 12 3661 0 108 31 6939
3525 9 3661 0 103 1 6940
3525 4 3661 0 37 7 6941
3525 20 3661 0 93 51 6942
3525 14 3662 0 55 108 6943
3525 3 3660 0 122 58 6944
3525 3 3661 0 128 23 6945
3525 17 3661 0 102 36 6946
3525 3 3660 0 161 34 6947
3525 5 3659 0 72 194 6948
3525 6 3660 0 95 77 6949
3525 33 3660 0 149 33 6950
3525 11 3658 0 29 60 6951
3525 17 3663 0 128 55 6952
3525 40 3662 0 109 56 6953
3525 21 3661 0 105 42 6954
3525 10 3661 0 101 26 6955
3525 8 3663 0 117 40 6956
3525 22 3659 0 118 4 6957
3525 11 3661 0 113 13 6958
3525 16 3661 0 140 22 6959
3525 8 3661 0 109 1 6960
3525 27 3661 0 155 122 6961
3528 51 6517 1 109 56 6962
3540 29 3674 0 57 122 6963
3540 7 3676 0 113 13 6964
3540 23 3674 0 102 36 6965
3540 18 3674 0 128 55 6966
3540 4 3675 0 117 1 6967
3540 9 3677 0 63 113 6968
3540 22 3676 0 166 118 6969
3540 4 3676 0 24 195 6970
3540 22 3677 0 198 85 6971
3540 6 3677 0 128 40 6972
3540 17 3674 0 102 59 6973
3540 36 3675 0 40 105 6974
3540 12 3675 0 138 36 6975
3540 14 3676 0 105 42 6976
3540 4 3674 0 161 34 6977
3540 15 3676 0 146 119 6978
3540 7 3679 0 24 183 6979
3540 24 3676 0 132 13 6980
3540 4 3673 0 128 23 6981
3540 22 3674 0 93 51 6982
3540 6 3674 0 10 193 6983
3540 24 3674 0 140 22 6984
3540 8 3677 0 108 31 6985
3540 42 3676 0 66 134 6986
3540 36 3679 0 113 48 6987
3540 10 3676 0 182 28 6988
3540 6 3676 0 92 2 6989
3540 6 3675 0 22 41 6990
3540 5 3675 0 95 77 6991
3540 40 3676 0 155 122 6992
3540 3 3674 0 122 58 6993
3540 6 3677 0 72 194 6994
3540 36 3678 0 109 56 6995
3540 8 3679 0 101 26 6996
3540 18 3676 0 40 59 6997
3540 9 3679 0 29 60 6998
3540 18 3677 0 50 121 6999
3546 127 6533 1 109 56 7000
3553 44 6540 1 138 36 7001
3555 36 3690 0 100 167 7002
3555 29 3692 0 149 33 7003
3555 7 3692 0 29 60 7004
3555 5 3691 0 128 23 7005
3555 4 3691 0 128 40 7006
3555 9 3691 0 155 52 7007
3555 15 3690 0 123 1 7008
3555 8 3691 0 103 22 7009
3555 18 3691 0 140 22 7010
3555 5 3691 0 122 58 7011
3555 11 3693 0 138 36 7012
3555 17 3690 0 105 42 7013
3555 5 3691 0 96 13 7014
3555 6 3692 0 152 41 7015
3555 12 3690 0 113 13 7016
3555 30 3691 0 83 108 7017
3555 11 3690 0 108 58 7018
3555 4 3691 0 95 77 7019
3555 36 3691 0 113 48 7020
3555 15 3692 0 143 170 7021
3555 8 3690 0 178 113 7022
3555 25 3691 0 132 13 7023
3555 4 3692 0 185 66 7024
3555 44 3693 0 155 122 7025
3555 33 3691 0 57 122 7026
3555 11 3693 0 63 86 7027
3556 37 6542 1 113 48 7028
3569 37 6555 1 55 108 7029
3570 7 3706 0 148 56 7030
3570 6 3707 0 161 34 7031
3570 10 3705 0 146 159 7032
3570 14 3706 0 146 119 7033
3570 9 3706 0 138 36 7034
3570 3 3705 0 96 13 7035
3570 10 3706 0 117 40 7036
3570 29 3707 0 113 48 7037
3570 3 3704 0 72 194 7038
3570 3 3704 0 95 77 7039
3570 13 3706 0 140 22 7040
3570 18 3706 0 105 42 7041
3570 29 3706 0 179 186 7042
3570 8 3708 0 92 2 7043
3570 14 3706 0 25 122 7044
3570 35 3707 0 40 105 7045
3570 14 3708 0 72 131 7046
3570 45 3706 0 109 56 7047
3570 6 3703 0 101 26 7048
3570 11 3704 0 156 90 7049
3570 41 3706 0 155 122 7050
3570 4 3705 0 128 40 7051
3570 14 3705 0 123 1 7052
3570 15 3707 0 102 36 7053
3575 54 6562 1 92 2 7054
3585 18 3722 0 198 85 7055
3585 11 3722 0 103 22 7056
3585 4 3723 0 127 27 7057
3585 33 3722 0 149 33 7058
3585 16 3722 0 166 118 7059
3585 9 3719 0 156 90 7060
3585 12 3721 0 128 55 7061
3585 6 3720 0 24 183 7062
3585 33 3721 0 153 145 7063
3585 21 3723 0 105 42 7064
3585 11 3721 0 101 26 7065
3585 35 3722 0 99 9 7066
3585 9 3721 0 63 86 7067
3585 8 3721 0 29 60 7068
3585 5 3719 0 96 13 7069
3585 28 3720 0 2 3 7070
3585 41 3721 0 109 56 7071
3585 4 3721 0 122 58 7072
3585 21 3722 0 50 121 7073
3585 7 3719 0 109 1 7074
3585 11 3720 0 103 1 7075
3585 3 3719 0 24 195 7076
3585 14 3718 0 132 13 7077
3585 16 3721 0 123 1 7078
3585 6 3723 0 138 36 7079
3585 19 3723 0 72 131 7080
3585 3 3720 0 128 23 7081
3585 12 3722 0 108 31 7082
3592 117 6578 1 148 56 7083
3600 5 3736 0 117 1 7084
3600 7 3737 0 117 40 7085
3600 26 3738 0 83 108 7086
3600 15 3737 0 105 42 7087
3600 20 3738 0 50 121 7088
3600 11 3736 0 15 4 7089
3600 22 3734 0 143 170 7090
3600 23 3736 0 72 131 7091
3600 25 3735 0 118 4 7092
3600 25 3734 0 18 115 7093
3600 43 3738 0 150 43 7094
3600 4 3737 0 164 40 7095
3600 22 3737 0 6 88 7096
3600 4 3736 0 122 58 7097
3600 10 3737 0 46 189 7098
3600 13 3737 0 146 119 7099
3600 8 3736 0 182 28 7100
3600 6 3737 0 127 27 7101
3600 35 6586 1 128 55 7102
3600 6 3734 0 24 183 7103
3600 7 3736 0 92 2 7104
3600 16 3735 0 109 36 7105
3600 25 3736 0 149 33 7106
3600 34 3735 0 2 3 7107
3607 166 6591 1 128 40 7108
3611 47 6597 1 148 56 7109
3615 33 3751 0 113 48 7110
3615 32 3750 0 99 9 7111
3615 20 3749 0 188 80 7112
3615 10 3752 0 128 96 7113
3615 36 3751 0 109 56 7114
3615 5 3749 0 117 1 7115
3615 35 3751 0 40 105 7116
3615 3 3751 0 122 58 7117
3615 24 3753 0 194 169 7118
3615 8 3752 0 101 26 7119
3615 3 3751 0 7 180 7120
3615 3 3750 0 128 40 7121
3615 13 3748 0 109 36 7122
3615 33 3751 0 102 140 7123
3615 7 3750 0 117 40 7124
3615 4 3751 0 128 23 7125
3615 15 3751 0 141 56 7126
3615 7 3751 0 113 13 7127
3615 19 3751 0 140 22 7128
3615 12 3751 0 123 1 7129
3615 20 3752 0 13 75 7130
3615 17 3753 0 146 119 7131
3615 5 3751 0 127 27 7132
3615 7 3750 0 15 4 7133
3615 19 3752 0 166 118 7134
3615 25 3751 0 120 146 7135
3615 25 3751 0 63 134 7136
3615 6 3752 0 96 13 7137
3615 26 3754 0 78 150 7138
3615 24 3751 0 118 4 7139
3630 21 3767 0 146 119 7140
3630 10 3766 0 113 13 7141
3630 10 3767 0 101 26 7142
3630 29 3764 0 133 152 7143
3630 4 3767 0 122 58 7144
3630 21 3767 0 123 1 7145
3630 8 3768 0 109 1 7146
3630 6 3767 0 108 31 7147
3630 34 3765 0 149 33 7148
3630 7 3768 0 103 22 7149
3630 10 3766 0 63 86 7150
3630 6 3768 0 63 113 7151
3630 29 3767 0 153 145 7152
3630 35 3766 0 99 9 7153
3630 13 3766 0 93 51 7154
3630 32 3766 0 120 146 7155
3630 6 3764 0 96 13 7156
3630 4 3768 0 117 1 7157
3630 3 3764 0 72 194 7158
3630 4 3765 0 127 27 7159
3630 24 3768 0 140 22 7160
3630 12 3767 0 138 36 7161
3630 3 3768 0 128 40 7162
3630 17 3765 0 109 36 7163
3635 144 6620 1 63 113 7164
3638 170 6624 1 118 4 7165
3645 24 3781 0 40 59 7166
3645 16 3780 0 110 114 7167
3645 25 3780 0 16 120 7168
3645 19 3780 0 125 90 7169
3645 23 3780 0 99 1 7170
3645 3 3784 0 95 77 7171
3645 4 3781 0 128 23 7172
3645 12 3780 0 123 1 7173
3645 12 3782 0 132 13 7174
3645 17 3781 0 102 36 7175
3645 17 3779 0 105 42 7176
3645 25 3782 0 99 9 7177
3645 6 3779 0 122 58 7178
3645 22 3782 0 102 59 7179
3645 12 3780 0 94 1 7180
3645 5 3780 0 10 193 7181
3645 21 3781 0 7 35 7182
3645 44 3780 0 155 122 7183
3645 10 3780 0 29 60 7184
3645 9 3783 0 108 31 7185
3645 12 3781 0 148 56 7186
3645 42 3781 0 40 105 7187
3645 6 3779 0 146 159 7188
3645 22 3783 0 128 55 7189
3645 19 3780 0 140 22 7190
3645 11 3776 0 103 22 7191
3656 46 6642 1 155 79 7192
3658 188 6644 1 24 183 7193
3660 14 3798 0 102 36 7194
3660 36 3795 0 78 150 7195
3660 9 3795 0 103 22 7196
3660 21 3796 0 118 4 7197
3660 15 3795 0 86 23 7198
3660 6 3796 0 161 34 7199
3660 11 3797 0 138 36 7200
3660 5 3796 0 117 1 7201
3660 21 3795 0 66 169 7202
3660 10 3794 0 92 2 7203
3660 39 3798 0 179 186 7204
3660 16 3794 0 55 108 7205
3660 34 3796 0 149 33 7206
3660 12 3798 0 105 143 7207
3660 31 3797 0 66 134 7208
3660 42 3796 0 120 146 7209
3660 11 3795 0 142 143 7210
3660 17 3796 0 50 121 7211
3660 7 3797 0 15 4 7212
3660 9 3795 0 155 52 7213
3660 44 3795 0 109 56 7214
3660 44 3796 0 99 9 7215
3660 8 3795 0 94 1 7216
3660 6 3794 0 122 58 7217
3660 19 3793 0 67 20 7218
3660 20 3797 0 140 22 7219
3675 42 3813 0 40 105 7220
3675 19 3810 0 141 56 7221
3675 7 3810 0 103 22 7222
3675 12 3812 0 118 4 7223
3675 15 3812 0 128 55 7224
3675 29 3813 0 100 167 7225
3675 13 3812 0 40 59 7226
3675 44 3811 0 16 120 7227
3675 7 3812 0 155 52 7228
3675 8 3811 0 105 143 7229
3675 12 3808 0 125 90 7230
3675 8 3810 0 63 113 7231
3675 3 3809 0 72 194 7232
3675 3 3812 0 117 1 7233
3675 40 3811 0 153 145 7234
3675 6 3810 0 127 27 7235
3675 22 3811 0 123 1 7236
3675 20 3813 0 188 80 7237
3675 28 3812 0 99 9 7238
3675 29 3811 0 149 33 7239
3675 14 3811 0 105 42 7240
3675 35 3812 0 63 134 7241
3675 41 3811 0 113 48 7242
3675 34 3810 0 78 150 7243
3675 32 3809 0 57 122 7244
3675 3 3813 0 10 193 7245
3675 23 3811 0 7 35 7246
3690 21 3827 0 140 22 7247
3690 12 3826 0 132 13 7248
3690 38 3826 0 113 48 7249
3690 3 3823 0 96 13 7250
3690 4 3826 0 117 1 7251
3690 15 3827 0 66 169 7252
3690 18 3825 0 128 55 7253
3690 3 3826 0 127 27 7254
3690 6 3827 0 128 40 7255
3690 8 3826 0 103 1 7256
3690 5 3823 0 7 180 7257
3690 24 3826 0 109 36 7258
3690 10 3826 0 15 186 7259
3690 14 3826 0 7 35 7260
3690 5 3825 0 72 194 7261
3690 37 3826 0 99 9 7262
3690 11 3825 0 113 13 7263
3690 25 3826 0 149 33 7264
3690 9 3826 0 148 56 7265
3690 11 3826 0 103 22 7266
3690 8 3824 0 108 31 7267
3690 36 3826 0 155 122 7268
3690 40 3826 0 78 150 7269
3690 5 3826 0 95 77 7270
3690 22 3827 0 105 42 7271
3690 15 3827 0 102 36 7272
3690 10 3826 0 138 36 7273
3690 18 3827 0 40 59 7274
3690 6 3825 0 164 40 7275
3690 5 3826 0 10 193 7276
3700 68 6685 1 178 113 7277
3705 15 3840 0 132 13 7278
3705 9 3840 0 29 60 7279
3705 19 3843 0 7 35 7280
3705 3 3842 0 161 34 7281
3705 15 3840 0 125 90 7282
3705 29 3842 0 182 79 7283
3705 5 3841 0 95 77 7284
3705 26 3842 0 113 48 7285
3705 7 3842 0 155 52 7286
3705 9 3841 0 142 143 7287
3705 22 3841 0 109 36 7288
3705 5 3840 0 152 41 7289
3705 6 3840 0 109 1 7290
3705 7 3839 0 117 40 7291
3705 8 3842 0 63 86 7292
3705 8 3839 0 156 90 7293
3705 19 3841 0 52 37 7294
3705 10 3839 0 103 22 7295
3705 8 3840 0 178 113 7296
3705 10 3841 0 113 13 7297
3705 41 3843 0 16 120 7298
3705 25 3841 0 109 56 7299
3705 20 3840 0 118 4 7300
3705 34 3841 0 120 146 7301
3705 3 3841 0 127 27 7302
3705 13 3840 0 141 56 7303
3705 10 3843 0 182 28 7304
3705 5 3841 0 122 58 7305
3705 5 3842 0 7 180 7306
3705 44 3843 0 100 167 7307
3717 76 6704 1 146 119 7308
3720 4 3857 0 122 58 7309
3720 34 3859 0 99 9 7310
3720 11 3856 0 101 26 7311
3720 34 3858 0 182 79 7312
3720 12 3855 0 156 90 7313
3720 15 3859 0 132 13 7314
3720 9 3856 0 105 143 7315
3720 12 3856 0 50 121 7316
3720 6 3857 0 103 22 7317
3720 9 3854 0 182 28 7318
3720 24 3855 0 123 1 7319
3720 31 3858 0 149 33 7320
3720 10 3857 0 94 1 7321
3720 11 3856 0 92 2 7322
3720 10 3853 0 142 143 7323
3720 15 3856 0 105 42 7324
3720 3 3854 0 96 13 7325
3720 21 3855 0 118 4 7326
3720 3 3856 0 161 34 7327
3720 22 3858 0 140 22 7328
3720 43 3854 0 109 56 7329
3720 14 3855 0 67 20 7330
3720 15 3857 0 102 36 7331
3720 5 3855 0 155 79 7332
3720 29 3855 0 113 48 7333
3720 3 3856 0 128 40 7334
3735 6 3870 0 63 86 7335
3735 11 3871 0 101 26 7336
3735 23 3871 0 123 1 7337
3735 8 3871 0 108 31 7338
3735 39 3870 0 2 3 7339
3735 20 3872 0 86 23 7340
3735 42 3873 0 182 79 7341
3735 18 3870 0 109 36 7342
3735 4 3870 0 164 40 7343
3735 4 3870 0 117 1 7344
3735 45 3871 0 18 115 7345
3735 23 3870 0 66 169 7346
3735 12 3871 0 22 41 7347
3735 11 3871 0 103 1 7348
3735 6 3872 0 127 27 7349
3735 18 3869 0 67 20 7350
3735 5 3872 0 95 77 7351
3735 19 3870 0 105 42 7352
3735 31 3869 0 133 152 7353
3735 24 3871 0 166 118 7354
3735 9 3872 0 113 13 7355
3735 10 3869 0 138 36 7356
3735 11 3871 0 103 22 7357
3735 26 3871 0 63 134 7358
3735 6 3871 0 128 96 7359
3750 17 3889 0 128 55 7360
3750 11 3887 0 113 13 7361
3750 14 3886 0 93 51 7362
3750 7 3888 0 146 159 7363
3750 10 3886 0 29 60 7364
3750 5 3885 0 122 58 7365
3750 37 3886 0 100 167 7366
3750 5 3887 0 7 180 7367
3750 10 3885 0 109 1 7368
3750 6 3888 0 127 27 7369
3750 26 3888 0 120 146 7370
3750 24 3886 0 102 36 7371
3750 8 3887 0 138 36 7372
3750 45 3886 0 40 105 7373
3750 7 3886 0 178 113 7374
3750 21 3889 0 40 59 7375
3750 15 3886 0 198 85 7376
3750 6 3884 0 37 7 7377
3750 9 3884 0 108 31 7378
3750 7 3886 0 63 113 7379
3750 14 3887 0 123 1 7380
3750 42 3887 0 149 33 7381
3750 12 3887 0 132 13 7382
3750 25 3888 0 25 122 7383
3750 7 3887 0 46 189 7384
3750 20 3886 0 146 119 7385
3750 6 3885 0 161 34 7386
3750 28 3887 0 133 152 7387
3750 22 3889 0 109 36 7388
3750 39 3887 0 83 108 7389
3750 25 3886 0 99 9 7390
3750 6 3885 0 96 13 7391
3750 32 3887 0 113 48 7392
3750 20 3887 0 110 114 7393
3760 137 6745 1 110 114 7394
3761 78 6746 1 140 22 7395
3765 14 3899 0 13 75 7396
3765 16 3903 0 128 55 7397
3765 21 3901 0 7 35 7398
3765 18 3901 0 132 13 7399
3765 6 3900 0 117 40 7400
3765 6 3902 0 113 13 7401
3765 4 3903 0 117 1 7402
3765 32 3899 0 149 33 7403
3765 24 3900 0 141 56 7404
3765 12 3900 0 138 36 7405
3765 33 3903 0 2 3 7406
3765 44 3899 0 113 48 7407
3765 10 3900 0 108 31 7408
3765 11 3901 0 29 60 7409
3765 9 3901 0 101 26 7410
3765 26 3902 0 153 145 7411
3765 4 3904 0 122 58 7412
3765 11 3901 0 155 52 7413
3765 13 3900 0 109 36 7414
3765 45 3900 0 150 43 7415
3765 22 3901 0 118 4 7416
3765 20 3901 0 140 22 7417
3765 29 3901 0 109 56 7418
3765 6 3900 0 127 27 7419
3765 18 3901 0 146 119 7420
3770 61 6756 1 100 167 7421
3771 80 6757 1 117 1 7422
3771 40 6754 1 50 121 7423
3778 59 6765 1 93 51 7424
3780 33 3914 0 149 33 7425
3780 6 3915 0 173 171 7426
3780 42 3918 0 113 48 7427
3780 4 3916 0 117 1 7428
3780 11 3916 0 117 40 7429
3780 6 3917 0 22 41 7430
3780 20 3915 0 198 85 7431
3780 17 3917 0 166 118 7432
3780 23 3915 0 102 36 7433
3780 12 3917 0 101 26 7434
3780 19 3916 0 67 20 7435
3780 32 3916 0 109 56 7436
3780 25 3915 0 125 90 7437
3780 14 3915 0 66 169 7438
3780 37 3918 0 57 122 7439
3780 16 3915 0 141 56 7440
3780 39 3914 0 16 120 7441
3780 8 3916 0 29 60 7442
3780 21 3916 0 123 1 7443
3780 8 3915 0 146 159 7444
3780 15 3915 0 128 55 7445
3780 10 3919 0 109 1 7446
3780 4 3916 0 128 40 7447
3780 10 3914 0 94 1 7448
3780 39 3914 0 133 152 7449
3780 31 3916 0 100 167 7450
3780 12 3916 0 15 186 7451
3780 10 3915 0 128 96 7452
3781 191 6768 1 179 186 7453
3783 40 6768 1 128 96 7454
3784 177 6769 1 152 41 7455
3785 148 6773 1 99 9 7456
3795 28 3934 0 66 134 7457
3795 13 3931 0 118 4 7458
3795 5 3931 0 161 34 7459
3795 11 3931 0 117 40 7460
3795 43 3931 0 133 152 7461
3795 6 3932 0 94 1 7462
3795 3 3931 0 117 1 7463
3795 17 3931 0 102 36 7464
3795 41 3931 0 182 79 7465
3795 9 3929 0 138 36 7466
3795 6 3931 0 128 23 7467
3795 9 3930 0 108 31 7468
3795 36 3930 0 109 56 7469
3795 9 3930 0 101 26 7470
3795 39 3932 0 99 9 7471
3795 21 3929 0 143 170 7472
3795 33 3929 0 149 33 7473
3795 74 6780 1 63 113 7474
3795 18 3930 0 194 169 7475
3795 12 3931 0 105 42 7476
3795 6 3930 0 10 193 7477
3797 46 6782 1 24 183 7478
3810 24 3946 0 143 170 7479
3810 12 3944 0 108 31 7480
3810 3 3945 0 96 13 7481
3810 14 3944 0 118 4 7482
3810 34 3948 0 150 43 7483
3810 14 3944 0 105 42 7484
3810 3 3945 0 95 77 7485
3810 17 3942 0 110 114 7486
3810 45 3949 0 182 79 7487
3810 8 3946 0 103 1 7488
3810 25 3945 0 7 35 7489
3810 6 3947 0 122 58 7490
3810 4 3948 0 7 180 7491
3810 39 3947 0 149 33 7492
3810 25 3946 0 179 186 7493
3810 4 3947 0 127 27 7494
3810 26 3946 0 99 9 7495
3810 7 3946 0 117 40 7496
3810 21 3944 0 132 13 7497
3810 12 3949 0 178 113 7498
3810 5 3946 0 24 195 7499
3810 18 3945 0 52 37 7500
3810 6 3946 0 72 194 7501
3810 28 3945 0 120 146 7502
3810 6 3945 0 155 52 7503
3810 20 3943 0 40 59 7504
3810 6 3947 0 117 1 7505
3810 9 3949 0 128 96 7506
3823 57 6809 1 103 22 7507
3825 40 3963 0 16 120 7508
3825 12 3963 0 22 41 7509
3825 6 3963 0 156 90 7510
3825 5 3961 0 95 77 7511
3825 25 3961 0 102 36 7512
3825 33 3964 0 179 186 7513
3825 16 3961 0 67 20 7514
3825 3 3960 0 185 66 7515
3825 30 3960 0 113 48 7516
3825 10 3961 0 46 189 7517
3825 6 3961 0 117 1 7518
3825 21 3963 0 13 75 7519
3825 6 3961 0 101 26 7520
3825 18 3962 0 118 4 7521
3825 12 3962 0 198 85 7522
3825 11 3962 0 117 40 7523
3825 5 3959 0 161 34 7524
3825 5 3959 0 128 40 7525
3825 12 3961 0 105 42 7526
3825 20 3961 0 123 1 7527
3825 11 3961 0 142 143 7528
3825 43 3963 0 120 146 7529
3825 31 3961 0 109 56 7530
3825 12 3962 0 113 13 7531
3825 21 3960 0 25 122 7532
3826 53 6811 1 105 42 7533
3835 71 6819 1 6 88 7534
3839 57 6825 1 122 58 7535
3840 6 3977 0 178 113 7536
3840 24 3976 0 52 37 7537
3840 6 3978 0 10 193 7538
3840 19 3979 0 93 51 7539
3840 17 3975 0 102 59 7540
3840 4 3977 0 117 1 7541
3840 16 3979 0 66 169 7542
3840 8 3977 0 101 26 7543
3840 18 3974 0 123 1 7544
3840 41 3975 0 179 186 7545
3840 16 3977 0 110 114 7546
3840 9 3976 0 103 22 7547
3840 11 3973 0 138 36 7548
3840 7 3976 0 146 159 7549
3840 8 3977 0 108 31 7550
3840 12 3976 0 92 2 7551
3840 23 3977 0 132 13 7552
3840 17 3974 0 67 20 7553
3840 6 3975 0 7 180 7554
3840 4 3976 0 122 58 7555
3840 4 3976 0 128 23 7556
3840 5 3975 0 96 13 7557
3840 34 3976 0 113 48 7558
3840 36 3976 0 18 115 7559
3840 39 3972 0 99 9 7560
3840 10 3976 0 15 4 7561
3855 33 3990 0 66 134 7562
3855 7 3991 0 117 40 7563
3855 22 3990 0 102 59 7564
3855 19 3990 0 110 114 7565
3855 11 3989 0 101 26 7566
3855 10 3991 0 155 52 7567
3855 24 3992 0 198 85 7568
3855 44 3990 0 109 56 7569
3855 15 3993 0 128 55 7570
3855 5 3991 0 10 193 7571
3855 7 3991 0 148 56 7572
3855 20 3991 0 132 13 7573
3855 38 3989 0 113 48 7574
3855 40 3990 0 155 122 7575
3855 14 3991 0 102 36 7576
3855 9 3989 0 109 1 7577
3855 21 3993 0 72 131 7578
3855 36 3990 0 149 33 7579
3855 11 3991 0 15 4 7580
3855 4 3992 0 95 77 7581
3855 21 3992 0 66 169 7582
3855 13 3991 0 123 1 7583
3855 39 3991 0 179 186 7584
3855 23 3990 0 105 42 7585
3855 41 3992 0 78 150 7586
3855 9 3992 0 146 159 7587
3855 8 3992 0 138 36 7588
3855 9 3992 0 156 90 7589
3855 23 3991 0 166 118 7590
3855 10 3989 0 103 22 7591
3856 68 6841 1 67 20 7592
3865 143 6851 1 86 23 7593
3870 13 4006 0 93 51 7594
3870 34 4007 0 182 79 7595
3870 12 4006 0 29 60 7596
3870 25 4005 0 100 167 7597
3870 25 4006 0 113 48 7598
3870 13 4007 0 123 1 7599
3870 26 4004 0 40 105 7600
3870 19 4008 0 52 37 7601
3870 4 4007 0 155 79 7602
3870 8 4004 0 101 26 7603
3870 4 4007 0 127 27 7604
3870 21 4006 0 86 23 7605
3870 10 4006 0 148 56 7606
3870 8 4005 0 113 13 7607
3870 3 4007 0 95 77 7608
3870 10 4006 0 117 40 7609
3870 39 4010 0 63 134 7610
3870 4 4004 0 122 58 7611
3870 7 4005 0 105 143 7612
3870 12 4007 0 141 56 7613
3870 12 4008 0 103 22 7614
3870 37 4006 0 16 120 7615
3870 7 4003 0 156 90 7616
3870 21 4006 0 166 118 7617
3870 23 4007 0 99 1 7618
3870 3 4009 0 96 13 7619
3870 9 4006 0 142 143 7620
3870 6 4006 0 128 23 7621
3870 7 4008 0 109 1 7622
3870 3 4006 0 128 40 7623
3870 13 4005 0 109 36 7624
3870 17 4005 0 105 42 7625
3870 6 4008 0 7 180 7626
3875 33 6863 1 102 36 7627
3885 5 4022 0 127 27 7628
3885 6 4020 0 161 34 7629
3885 35 4021 0 182 79 7630
3885 42 4021 0 83 108 7631
3885 7 4021 0 63 86 7632
3885 23 4021 0 86 23 7633
3885 6 4022 0 156 90 7634
3885 6 4019 0 122 58 7635
3885 15 4020 0 25 122 7636
3885 33 4019 0 109 56 7637
3885 15 4021 0 132 13 7638
3885 18 4024 0 194 169 7639
3885 8 4021 0 101 26 7640
3885 10 4020 0 178 113 7641
3885 6 4021 0 128 23 7642
3885 37 4020 0 153 145 7643
3885 40 4023 0 99 9 7644
3885 17 4021 0 50 121 7645
3885 36 4022 0 149 33 7646
3885 37 4022 0 113 48 7647
3885 37 4022 0 18 115 7648
3885 12 4024 0 118 4 7649
3885 11 4021 0 15 4 7650
3885 3 4019 0 155 79 7651
3885 11 4021 0 94 1 7652
3885 9 4019 0 24 183 7653
3900 16 4033 0 55 108 7654
3900 45 4035 0 99 9 7655
3900 44 4037 0 113 48 7656
3900 4 4036 0 155 79 7657
3900 13 4035 0 132 13 7658
3900 6 4035 0 128 23 7659
3900 3 4034 0 152 41 7660
3900 5 4038 0 117 1 7661
3900 9 4039 0 138 36 7662
3900 35 6887 1 173 171 7663
3900 7 4034 0 103 22 7664
3900 11 4036 0 15 4 7665
3900 42 4037 0 102 140 7666
3900 5 4035 0 128 40 7667
3900 10 4035 0 101 26 7668
3900 9 4035 0 108 58 7669
3900 30 4037 0 78 150 7670
3900 10 4037 0 108 31 7671
3900 37 4036 0 120 146 7672
3900 16 4035 0 194 169 7673
3914 35 6901 1 15 4 7674
3915 30 4050 0 99 9 7675
3915 9 4048 0 128 96 7676
3915 7 4052 0 173 171 7677
3915 30 4051 0 2 3 7678
3915 25 4050 0 132 13 7679
3915 22 4051 0 93 51 7680
3915 10 4052 0 117 40 7681
3915 5 4050 0 127 27 7682
3915 7 4052 0 22 41 7683
3915 45 4051 0 149 33 7684
3915 28 4049 0 78 150 7685
3915 21 4050 0 86 23 7686
3915 40 4052 0 83 108 7687
3915 7 4049 0 108 58 7688
3915 20 4049 0 123 1 7689
3915 23 4052 0 188 80 7690
3915 11 4051 0 105 143 7691
3915 5 4050 0 122 58 7692
3915 6 4050 0 96 13 7693
3915 24 4051 0 194 169 7694
3915 27 4050 0 40 105 7695
3915 11 4052 0 103 22 7696
3915 7 4049 0 148 56 7697
3915 17 4051 0 109 36 7698
3915 11 4051 0 138 36 7699
3915 25 4052 0 57 122 7700
3915 9 4051 0 109 1 7701
3915 3 4051 0 128 23 7702
3915 22 4048 0 40 59 7703
3930 25 4064 0 7 35 7704
3930 9 4067 0 22 41 7705
3930 4 4068 0 96 13 7706
3930 27 4067 0 153 145 7707
3930 16 4067 0 13 75 7708
3930 17 4068 0 110 114 7709
3930 24 4066 0 140 22 7710
3930 17 4066 0 128 55 7711
3930 10 4066 0 128 96 7712
3930 39 4064 0 150 43 7713
3930 18 4064 0 143 170 7714
3930 5 4066 0 128 40 7715
3930 7 4066 0 15 186 7716
3930 6 4065 0 122 58 7717
3930 24 4066 0 132 13 7718
3930 3 4067 0 152 41 7719
3930 35 4065 0 109 56 7720
3930 23 4067 0 109 36 7721
3930 32 4065 0 182 79 7722
3930 37 4068 0 99 9 7723
3930 3 4068 0 117 1 7724
3930 14 4065 0 102 36 7725
3930 7 4064 0 63 86 7726
3930 3 4064 0 161 34 7727
3930 27 4065 0 149 33 7728
3930 4 4066 0 95 77 7729
3930 28 4065 0 57 122 7730
3930 12 4066 0 109 1 7731
3945 7 4079 0 63 86 7732
3945 29 4080 0 113 48 7733
3945 19 4083 0 109 36 7734
3945 11 4079 0 108 31 7735
3945 9 4081 0 108 58 7736
3945 17 4083 0 140 22 7737
3945 6 4082 0 128 96 7738
3945 40 4080 0 150 43 7739
3945 12 4082 0 110 114 7740
3945 12 4082 0 101 26 7741
3945 12 4084 0 117 40 7742
3945 22 4082 0 105 42 7743
3945 4 4079 0 128 23 7744
3945 21 4082 0 118 4 7745
3945 30 4081 0 63 134 7746
3945 18 4081 0 40 59 7747
3945 4 4082 0 152 41 7748
3945 23 4080 0 132 13 7749
3945 10 4083 0 24 183 7750
3945 37 4081 0 18 115 7751
3945 8 4082 0 156 90 7752
3945 11 4081 0 113 13 7753
3945 3 4080 0 155 79 7754
3945 26 4081 0 109 56 7755
3945 32 4083 0 149 33 7756
3945 12 4083 0 63 113 7757
3945 30 4082 0 57 122 7758
3945 8 4083 0 148 56 7759
3949 49 6935 1 161 34 7760
3960 3 4095 0 152 41 7761
3960 11 4097 0 105 143 7762
3960 18 4096 0 123 1 7763
3960 7 4096 0 46 189 7764
3960 14 4096 0 146 119 7765
3960 22 4095 0 132 13 7766
3960 44 4096 0 99 9 7767
3960 25 4096 0 55 108 7768
3960 39 4097 0 179 186 7769
3960 7 4095 0 148 56 7770
3960 6 4098 0 108 31 7771
3960 20 4095 0 109 36 7772
3960 19 4098 0 72 131 7773
3960 16 4096 0 52 37 7774
3960 7 4096 0 92 2 7775
3960 31 4096 0 113 48 7776
3960 40 4095 0 66 134 7777
3960 4 4096 0 72 194 7778
3960 12 4094 0 29 60 7779
3960 28 4095 0 150 43 7780
3960 6 4097 0 15 4 7781
3960 14 4096 0 110 114 7782
3960 7 4094 0 101 26 7783
3960 22 4097 0 194 169 7784
3960 40 4097 0 153 145 7785
3960 37 4097 0 149 33 7786
3960 6 4098 0 128 23 7787
3973 102 6962 1 178 113 7788
3975 33 4111 0 149 33 7789
3975 25 4110 0 13 75 7790
3975 6 4112 0 46 189 7791
3975 30 4111 0 150 43 7792
3975 12 4113 0 108 31 7793
3975 15 4111 0 109 36 7794
3975 4 4111 0 95 77 7795
3975 17 4108 0 194 169 7796
3975 16 4113 0 6 88 7797
3975 4 4110 0 128 40 7798
3975 29 4111 0 83 108 7799
3975 15 4111 0 125 90 7800
3975 10 4112 0 138 36 7801
3975 30 4110 0 109 56 7802
3975 5 4111 0 72 194 7803
3975 12 4111 0 146 119 7804
3975 29 4110 0 18 115 7805
3975 6 4110 0 122 58 7806
3975 20 4110 0 102 59 7807
3975 25 4113 0 105 42 7808
3975 6 4111 0 117 40 7809
3975 20 4111 0 99 1 7810
3975 4 4111 0 7 180 7811
3975 4 4111 0 128 23 7812
3975 17 4112 0 118 4 7813
3975 5 4113 0 161 34 7814
3975 11 4108 0 128 96 7815
3975 21 4111 0 55 108 7816
3975 22 4113 0 123 1 7817
3984 75 6969 1 63 134 7818
3990 17 4126 0 125 90 7819
3990 42 4125 0 83 108 7820
3990 23 4127 0 13 75 7821
3990 18 4124 0 166 118 7822
3990 14 4127 0 128 55 7823
3990 9 4125 0 113 13 7824
3990 11 4126 0 29 60 7825
3990 6 4127 0 152 41 7826
3990 27 4128 0 120 146 7827
3990 10 4125 0 148 56 7828
3990 6 4129 0 128 23 7829
3990 18 4127 0 93 51 7830
3990 10 4127 0 101 26 7831
3990 25 4127 0 140 22 7832
3990 15 4127 0 109 36 7833
3990 11 4123 0 108 31 7834
3990 6 4126 0 128 40 7835
3990 4 4125 0 24 195 7836
3990 7 4125 0 94 1 7837
3990 5 4127 0 155 79 7838
3990 24 4127 0 105 42 7839
3990 25 4125 0 102 36 7840
4005 6 4139 0 95 77 7841
4005 12 4141 0 146 159 7842
4005 29 4140 0 99 9 7843
4005 15 4140 0 102 36 7844
4005 42 4142 0 182 79 7845
4005 33 4139 0 63 134 7846
4005 35 4141 0 150 43 7847
4005 24 4140 0 52 37 7848
4005 35 4140 0 113 48 7849
4005 7 4140 0 138 36 7850
4005 12 4141 0 110 114 7851
4005 19 4141 0 146 119 7852
4005 9 4141 0 128 96 7853
4005 6 4142 0 108 58 7854
4005 10 4143 0 103 22 7855
4005 20 4141 0 118 4 7856
4005 44 4139 0 155 122 7857
4005 19 4141 0 140 22 7858
4005 9 4140 0 117 40 7859
4005 6 4139 0 108 31 7860
4005 22 4142 0 109 36 7861
4005 16 4145 0 166 118 7862
4005 25 4139 0 66 134 7863
4005 10 4142 0 29 60 7864
4005 16 4138 0 102 59 7865
4005 19 4140 0 143 170 7866
4005 11 4145 0 92 2 7867
4005 12 4141 0 105 42 7868
4005 12 4142 0 101 26 7869
4005 23 4141 0 50 121 7870
4005 5 4141 0 127 27 7871
4005 21 4140 0 128 55 7872
4005 6 4138 0 122 58 7873
4020 3 4155 0 122 58 7874
4020 10 4156 0 108 31 7875
4020 7 4157 0 178 113 7876
4020 8 4157 0 94 1 7877
4020 9 4156 0 117 40 7878
4020 41 4157 0 78 150 7879
4020 8 4155 0 103 1 7880
4020 9 4156 0 108 58 7881
4020 11 4159 0 128 96 7882
4020 5 4155 0 7 180 7883
4020 21 4156 0 118 4 7884
4020 43 4157 0 153 145 7885
4020 10 4155 0 182 28 7886
4020 38 4156 0 179 186 7887
4020 10 4155 0 22 41 7888
4020 6 4156 0 146 159 7889
4020 3 4155 0 185 66 7890
4020 16 4154 0 143 170 7891
4020 37 4157 0 149 33 7892
4020 12 4156 0 155 52 7893
4020 6 4157 0 96 13 7894
4020 17 4156 0 110 114 7895
4020 15 4155 0 132 13 7896
4020 6 4157 0 10 193 7897
4020 6 4157 0 152 41 7898
4020 25 4157 0 2 3 7899
4020 40 4159 0 182 79 7900
4020 9 4155 0 24 183 7901
4020 34 4157 0 109 56 7902
4020 25 4155 0 102 36 7903
4020 6 4156 0 128 40 7904
4020 31 4154 0 113 48 7905
4025 95 7011 1 108 58 7906
4032 175 7019 1 7 35 7907
4033 31 7019 1 141 56 7908
4035 13 4169 0 105 42 7909
4035 6 4170 0 122 58 7910
4035 11 4173 0 155 52 7911
4035 7 4172 0 178 113 7912
4035 22 4173 0 132 13 7913
4035 14 4168 0 141 56 7914
4035 13 4171 0 102 36 7915
4035 19 4171 0 128 55 7916
4035 44 4172 0 63 134 7917
4035 6 4173 0 173 171 7918
4035 18 4168 0 110 114 7919
4035 6 4168 0 15 4 7920
4035 12 4171 0 101 26 7921
4035 10 4171 0 63 113 7922
4035 8 4171 0 138 36 7923
4035 36 4171 0 149 33 7924
4035 10 4171 0 113 13 7925
4035 13 4172 0 123 1 7926
4035 34 4173 0 100 167 7927
4035 12 4171 0 140 22 7928
4035 8 4171 0 63 86 7929
4035 8 4171 0 117 40 7930
4035 6 4171 0 10 193 7931
4035 40 4168 0 99 9 7932
4035 5 4171 0 161 34 7933
4035 7 4172 0 105 143 7934
4035 6 4169 0 103 22 7935
4035 30 4173 0 57 122 7936
4035 12 4170 0 6 88 7937
4035 6 4170 0 95 77 7938
4035 3 4171 0 117 1 7939
4035 15 4173 0 109 36 7940
4035 25 4171 0 153 145 7941
4035 14 4173 0 55 108 7942
4035 19 4173 0 118 4 7943
4035 27 4171 0 109 56 7944
4035 16 4171 0 67 20 7945
4035 23 4170 0 40 59 7946
4035 21 4170 0 102 59 7947
4035 6 4170 0 128 40 7948
4035 13 4171 0 25 122 7949
4050 7 4187 0 94 1 7950
4050 16 4185 0 86 23 7951
4050 36 4188 0 99 9 7952
4050 20 4185 0 118 4 7953
4050 4 4187 0 72 194 7954
4050 10 4188 0 148 56 7955
4050 22 4186 0 109 36 7956
4050 39 4186 0 40 105 7957
4050 44 4186 0 57 122 7958
4050 5 4189 0 128 23 7959
4050 38 4188 0 113 48 7960
4050 9 4185 0 117 40 7961
4050 4 4184 0 95 77 7962
4050 11 4186 0 173 171 7963
4050 5 4187 0 10 193 7964
4050 7 4186 0 24 183 7965
4050 8 4185 0 142 143 7966
4050 9 4187 0 15 186 7967
4050 6 4187 0 105 143 7968
4050 13 4185 0 102 36 7969
4050 4 4185 0 117 1 7970
4050 27 4185 0 2 3 7971
4050 19 4184 0 55 108 7972
4050 25 4186 0 109 56 7973
4050 3 4186 0 152 41 7974
4050 19 4185 0 143 170 7975
4050 11 4188 0 138 36 7976
4050 11 4186 0 156 90 7977
4050 34 4184 0 102 140 7978
4050 7 4187 0 103 22 7979
4050 20 4186 0 123 1 7980
4050 43 4188 0 83 108 7981
4065 18 4202 0 6 88 7982
4065 3 4201 0 96 13 7983
4065 9 4199 0 117 40 7984
4065 8 4200 0 156 90 7985
4065 24 4200 0 140 22 7986
4065 21 4202 0 141 56 7987
4065 16 4200 0 102 36 7988
4065 25 4201 0 132 13 7989
4065 6 4201 0 15 186 7990
4065 37 4203 0 120 146 7991
4065 25 4201 0 109 36 7992
4065 14 4202 0 72 131 7993
4065 16 4205 0 7 35 7994
4065 21 4203 0 123 1 7995
4065 10 4201 0 138 36 7996
4065 12 4200 0 146 159 7997
4065 3 4200 0 24 195 7998
4065 18 4200 0 146 119 7999
4065 27 4201 0 99 9 8000
4065 44 4202 0 18 115 8001
4065 3 4199 0 161 34 8002
4065 21 4201 0 13 75 8003
4065 3 4201 0 95 77 8004
4080 5 4217 0 127 27 8005
4080 17 4215 0 105 42 8006
4080 25 4217 0 102 140 8007
4080 8 4217 0 103 22 8008
4080 20 4217 0 166 118 8009
4080 30 4215 0 99 9 8010
4080 9 4215 0 117 40 8011
4080 39 4216 0 78 150 8012
4080 24 4214 0 99 1 8013
4080 3 4214 0 152 41 8014
4080 17 4215 0 55 108 8015
4080 18 4216 0 13 75 8016
4080 8 4216 0 105 143 8017
4080 44 4216 0 113 48 8018
4080 3 4216 0 72 194 8019
4080 41 4218 0 109 56 8020
4080 7 4215 0 46 189 8021
4080 19 4215 0 102 36 8022
4080 9 4215 0 24 183 8023
4080 9 4213 0 142 143 8024
4080 5 4217 0 164 40 8025
4080 17 4216 0 132 13 8026
4080 25 4216 0 141 56 8027
4080 45 4216 0 150 43 8028
4092 71 7076 1 120 146 8029
4095 11 4232 0 15 4 8030
4095 27 4232 0 99 9 8031
4095 6 4230 0 37 7 8032
4095 14 4232 0 25 122 8033
4095 44 4232 0 179 186 8034
4095 6 4231 0 155 52 8035
4095 5 4231 0 7 180 8036
4095 4 4229 0 128 23 8037
4095 10 4231 0 46 189 8038
4095 11 4231 0 142 143 8039
4095 35 4233 0 120 146 8040
4095 16 4233 0 99 1 8041
4095 4 4231 0 122 58 8042
4095 4 4231 0 155 79 8043
4095 22 4231 0 105 42 8044
4095 42 4230 0 109 56 8045
4095 12 4231 0 138 36 8046
4095 42 4231 0 18 115 8047
4095 16 4231 0 72 131 8048
4095 8 4232 0 109 1 8049
4095 32 4232 0 40 105 8050
4095 9 4230 0 128 96 8051
4095 14 4232 0 110 114 8052
4095 4 4230 0 117 1 8053
4095 4 4231 0 10 193 8054
4095 6 4229 0 113 13 8055
4095 16 4232 0 93 51 8056
4095 10 4233 0 117 40 8057
4095 25 4232 0 182 79 8058
4095 23 4232 0 109 36 8059
4095 4 4234 0 164 40 8060
4095 16 4231 0 7 35 8061
4102 77 7087 1 109 36 8062
4109 76 7097 1 99 9 8063
4109 50 7093 1 66 134 8064
4110 26 4246 0 182 79 8065
4110 10 4244 0 15 186 8066
4110 9 4244 0 15 4 8067
4110 8 4244 0 108 31 8068
4110 13 4244 0 109 36 8069
4110 4 4245 0 117 1 8070
4110 14 4247 0 102 59 8071
4110 39 4244 0 155 122 8072
4110 19 4246 0 123 1 8073
4110 9 4244 0 142 143 8074
4110 9 4245 0 63 86 8075
4110 9 4247 0 113 13 8076
4110 27 4246 0 57 122 8077
4110 11 4244 0 156 90 8078
4110 12 4245 0 188 80 8079
4110 3 4244 0 96 13 8080
4110 39 4247 0 150 43 8081
4110 24 4244 0 198 85 8082
4110 31 4245 0 120 146 8083
4110 22 4245 0 110 114 8084
4110 8 4245 0 103 22 8085
4110 147 7096 1 66 169 8086
4110 12 4245 0 46 189 8087
4110 36 4246 0 63 134 8088
4110 44 4246 0 179 186 8089
4110 7 4246 0 22 41 8090
4110 4 4246 0 128 23 8091
4110 3 4246 0 72 194 8092
4110 29 4244 0 102 140 8093
4110 11 4247 0 138 36 8094
4110 12 4246 0 101 26 8095
4110 5 4246 0 164 40 8096
4110 11 4244 0 92 2 8097
4110 12 4247 0 55 108 8098
4110 30 4245 0 99 9 8099
4110 25 4245 0 140 22 8100
4110 5 4246 0 122 58 8101
4110 45 4247 0 113 48 8102
4110 11 4246 0 146 159 8103
4111 116 7096 1 16 120 8104
4125 34 4262 0 155 122 8105
4125 5 4261 0 95 77 8106
4125 34 4259 0 83 108 8107
4125 10 4259 0 103 22 8108
4125 5 4259 0 122 58 8109
4125 9 4262 0 117 40 8110
4125 22 4262 0 7 35 8111
4125 8 4264 0 101 26 8112
4125 18 4262 0 128 55 8113
4125 13 4259 0 6 88 8114
4125 8 4262 0 108 31 8115
4125 11 4259 0 105 143 8116
4125 9 4263 0 46 189 8117
4125 43 4259 0 182 79 8118
4125 12 4262 0 138 36 8119
4125 30 4257 0 109 56 8120
4125 30 4262 0 149 33 8121
4125 13 4260 0 118 4 8122
4125 25 4261 0 99 9 8123
4125 19 4262 0 140 22 8124
4125 21 4260 0 102 59 8125
4125 7 4261 0 15 4 8126
4125 22 4260 0 109 36 8127
4125 16 4258 0 188 80 8128
4125 6 4262 0 37 7 8129
4125 25 4262 0 2 3 8130
4125 3 4263 0 96 13 8131
4125 4 4262 0 117 1 8132
4127 42 7115 1 102 140 8133
4140 6 4276 0 182 28 8134
4140 12 4276 0 103 22 8135
4140 6 4275 0 138 36 8136
4140 15 4273 0 140 22 8137
4140 24 4275 0 105 42 8138
4140 20 4277 0 13 75 8139
4140 5 4277 0 128 23 8140
4140 12 4278 0 113 13 8141
4140 5 4277 0 37 7 8142
4140 5 4273 0 96 13 8143
4140 3 4275 0 122 58 8144
4140 4 4276 0 127 27 8145
4140 43 4279 0 102 140 8146
4140 6 4279 0 105 143 8147
4140 8 4278 0 101 26 8148
4140 10 4276 0 46 189 8149
4140 7 4276 0 22 41 8150
4140 29 4276 0 109 56 8151
4140 18 4275 0 109 36 8152
4140 25 4276 0 99 9 8153
4140 45 4277 0 149 33 8154
4140 4 4275 0 117 1 8155
4140 44 4276 0 182 79 8156
4140 19 4277 0 55 108 8157
4140 18 4277 0 128 55 8158
4140 35 4275 0 18 115 8159
4140 29 4277 0 66 134 8160
4140 20 4277 0 132 13 8161
4140 37 4278 0 113 48 8162
4140 9 4277 0 103 1 8163
4142 95 7128 1 15 186 8164
4155 21 4292 0 140 22 8165
4155 16 4291 0 128 55 8166
4155 3 4294 0 96 13 8167
4155 32 4293 0 57 122 8168
4155 4 4292 0 7 180 8169
4155 8 4292 0 63 86 8170
4155 3 4289 0 122 58 8171
4155 15 4291 0 143 170 8172
4155 13 4290 0 123 1 8173
4155 17 4290 0 99 1 8174
4155 15 4288 0 93 51 8175
4155 26 4290 0 150 43 8176
4155 6 4289 0 138 36 8177
4155 43 4294 0 113 48 8178
4155 10 4292 0 117 40 8179
4155 4 4292 0 185 66 8180
4155 24 4289 0 118 4 8181
4155 10 4291 0 109 1 8182
4155 38 4292 0 78 150 8183
4155 27 4290 0 179 186 8184
4155 6 4294 0 128 40 8185
4155 9 4292 0 103 22 8186
4155 29 4291 0 149 33 8187
4167 34 7154 1 25 122 8188
4170 18 4305 0 118 4 8189
4170 43 4304 0 100 167 8190
4170 5 4306 0 24 195 8191
4170 14 4308 0 146 119 8192
4170 11 4305 0 103 22 8193
4170 6 4304 0 128 23 8194
4170 28 4306 0 66 134 8195
4170 44 4305 0 2 3 8196
4170 16 4305 0 128 55 8197
4170 14 4308 0 132 13 8198
4170 44 4307 0 40 105 8199
4170 4 4307 0 72 194 8200
4170 12 4307 0 105 143 8201
4170 12 4307 0 101 26 8202
4170 38 4305 0 149 33 8203
4170 25 4308 0 102 36 8204
4170 4 4306 0 128 40 8205
4185 7 4318 0 113 13 8206
4185 5 4320 0 96 13 8207
4185 31 4322 0 100 167 8208
4185 28 4321 0 83 108 8209
4185 3 4320 0 164 40 8210
4185 12 4321 0 108 31 8211
4185 6 4321 0 185 66 8212
4185 3 4320 0 122 58 8213
4185 19 4317 0 66 169 8214
4185 12 4324 0 24 183 8215
4185 39 4321 0 133 152 8216
4185 45 4320 0 113 48 8217
4185 45 4322 0 150 43 8218
4185 20 4322 0 25 122 8219
4185 44 4320 0 57 122 8220
4185 27 4320 0 109 56 8221
4185 12 4321 0 141 56 8222
4185 19 4320 0 7 35 8223
4185 23 4324 0 109 36 8224
4185 44 4321 0 155 122 8225
4185 14 4320 0 102 36 8226
4185 5 4321 0 128 23 8227
4185 22 4321 0 50 121 8228
4185 4 4322 0 24 195 8229
4185 8 4320 0 103 22 8230
4186 193 7171 1 141 56 8231
4188 45 7174 1 146 159 8232
4200 13 4335 0 123 1 8233
4200 36 4337 0 153 145 8234
4200 13 4338 0 40 59 8235
4200 8 4337 0 113 13 8236
4200 6 4335 0 127 27 8237
4200 19 4338 0 110 114 8238
4200 11 4337 0 15 4 8239
4200 41 4335 0 78 150 8240
4200 8 4337 0 103 22 8241
4200 17 4335 0 102 36 8242
4200 8 4337 0 156 90 8243
4200 45 4336 0 99 9 8244
4200 5 4336 0 95 77 8245
4200 18 4336 0 105 42 8246
4200 8 4337 0 94 1 8247
4200 15 4337 0 132 13 8248
4200 25 4336 0 140 22 8249
4200 25 4336 0 86 23 8250
4200 4 4338 0 37 7 8251
4200 5 4334 0 128 40 8252
4200 38 4335 0 2 3 8253
4200 6 4337 0 122 58 8254
4200 10 4335 0 46 189 8255
4200 4 4336 0 96 13 8256
4200 9 4334 0 138 36 8257
4200 31 4335 0 133 152 8258
4200 41 4338 0 182 79 8259
4200 17 4337 0 109 36 8260
4200 21 4337 0 118 4 8261
4200 5 4335 0 128 23 8262
4215 20 4353 0 132 13 8263
4215 9 4351 0 92 2 8264
4215 20 4351 0 123 1 8265
4215 36 4353 0 66 134 8266
4215 10 4351 0 103 22 8267
4215 6 4351 0 113 13 8268
4215 41 4350 0 78 150 8269
4215 15 4354 0 140 22 8270
4215 4 4352 0 128 40 8271
4215 10 4351 0 46 189 8272
4215 9 4351 0 101 26 8273
4215 19 4353 0 125 90 8274
4215 12 4351 0 102 59 8275
4215 6 4353 0 117 1 8276
4215 7 4352 0 138 36 8277
4215 6 4351 0 148 56 8278
4215 36 4350 0 100 167 8279
4215 3 4351 0 122 58 8280
4215 3 4352 0 155 79 8281
4215 18 4350 0 67 20 8282
4215 6 4352 0 127 27 8283
4215 29 4351 0 57 122 8284
4215 32 4352 0 113 48 8285
4215 40 4351 0 99 9 8286
4215 10 4352 0 117 40 8287
4215 25 4352 0 198 85 8288
4215 12 4352 0 178 113 8289
4215 24 4351 0 118 4 8290
4215 5 4353 0 185 66 8291
4215 5 4350 0 128 23 8292
4230 6 4368 0 103 22 8293
4230 6 4365 0 101 26 8294
4230 12 4366 0 103 1 8295
4230 3 4366 0 152 41 8296
4230 4 4368 0 96 13 8297
4230 10 4366 0 117 40 8298
4230 20 4364 0 123 1 8299
4230 3 4365 0 128 40 8300
4230 6 4365 0 94 1 8301
4230 22 4367 0 25 122 8302
4230 40 4367 0 149 33 8303
4230 45 4366 0 109 56 8304
4230 16 4365 0 194 169 8305
4230 3 4366 0 122 58 8306
4230 31 4365 0 40 105 8307
4230 3 4367 0 164 40 8308
4230 6 4365 0 128 23 8309
4230 13 4366 0 99 1 8310
4230 23 4365 0 118 4 8311
4230 3 4367 0 95 77 8312
4230 7 4365 0 24 183 8313
4230 40 4367 0 78 150 8314
4230 17 4365 0 128 55 8315
4233 41 7219 1 63 86 8316
4240 108 7227 1 128 55 8317
4245 7 4383 0 142 143 8318
4245 14 4379 0 118 4 8319
4245 42 4382 0 179 186 8320
4245 11 4381 0 103 22 8321
4245 23 4381 0 128 55 8322
4245 27 4380 0 83 108 8323
4245 27 4381 0 40 105 8324
4245 3 4379 0 37 7 8325
4245 22 4380 0 66 169 8326
4245 13 4382 0 6 88 8327
4245 11 4381 0 108 31 8328
4245 31 4380 0 120 146 8329
4245 6 4381 0 96 13 8330
4245 8 4381 0 182 28 8331
4245 10 4380 0 105 143 8332
4245 7 4380 0 113 13 8333
4245 3 4381 0 164 40 8334
4245 3 4380 0 155 79 8335
4245 18 4381 0 102 59 8336
4245 3 4382 0 128 23 8337
4245 4 4380 0 128 40 8338
4245 6 4381 0 161 34 8339
4245 13 4382 0 132 13 8340
4245 38 4378 0 113 48 8341
4253 43 7239 1 101 26 8342
4260 30 4398 0 18 115 8343
4260 22 4398 0 198 85 8344
4260 20 4397 0 110 114 8345
4260 36 4396 0 99 9 8346
4260 17 4395 0 102 59 8347
4260 4 4395 0 37 7 8348
4260 13 4397 0 140 22 8349
4260 21 4397 0 118 4 8350
4260 6 4395 0 94 1 8351
4260 4 4397 0 72 194 8352
4260 5 4396 0 127 27 8353
4260 25 4397 0 128 55 8354
4260 42 4395 0 16 120 8355
4260 10 4397 0 138 36 8356
4260 15 4395 0 50 121 8357
4260 16 4396 0 99 1 8358
4260 7 4395 0 108 31 8359
4260 25 4393 0 113 48 8360
4260 6 4395 0 95 77 8361
4260 19 4394 0 109 36 8362
4260 3 4397 0 128 23 8363
4260 16 4396 0 123 1 8364
4260 6 4397 0 103 22 8365
4260 6 4395 0 148 56 8366
4260 6 4396 0 128 40 8367
4260 33 4396 0 149 33 8368
4262 56 7248 1 66 169 8369
4265 32 7250 1 185 66 8370
4268 64 7253 1 29 60 8371
4273 76 7261 1 149 33 8372
4275 26 4410 0 78 150 8373
4275 23 4410 0 118 4 8374
4275 6 4412 0 128 40 8375
4275 12 4413 0 113 13 8376
4275 37 4411 0 99 9 8377
4275 4 4410 0 117 1 8378
4275 11 4412 0 142 143 8379
4275 7 4410 0 103 22 8380
4275 4 4410 0 122 58 8381
4275 8 4407 0 108 31 8382
4275 6 4413 0 155 52 8383
4275 38 4412 0 2 3 8384
4275 40 4413 0 149 33 8385
4275 6 4411 0 138 36 8386
4275 36 4410 0 102 140 8387
4275 7 4409 0 15 4 8388
4275 8 4411 0 105 143 8389
4275 25 4411 0 40 59 8390
4275 25 4411 0 132 13 8391
4275 10 4411 0 101 26 8392
4275 25 4411 0 18 115 8393
4275 5 4413 0 7 180 8394
4275 22 4412 0 102 36 8395
4275 17 4412 0 72 131 8396
4275 18 4413 0 55 108 8397
4275 19 4411 0 52 37 8398
4275 36 4412 0 120 146 8399
4275 9 4410 0 29 60 8400
4275 16 4408 0 7 35 8401
4275 4 4411 0 164 40 8402
4275 15 4409 0 6 88 8403
4275 4 4411 0 128 23 8404
4275 19 4413 0 123 1 8405
4275 4 4412 0 185 66 8406
4286 50 7270 1 10 193 8407
4288 69 7274 1 2 3 8408
4290 5 4426 0 128 23 8409
4290 14 4426 0 7 35 8410
4290 41 4426 0 153 145 8411
4290 22 4425 0 143 170 8412
4290 18 4427 0 140 22 8413
4290 37 4426 0 109 56 8414
4290 9 4425 0 101 26 8415
4290 23 4427 0 188 80 8416
4290 21 4427 0 132 13 8417
4290 8 4428 0 178 113 8418
4290 33 4425 0 40 105 8419
4290 9 4428 0 146 159 8420
4290 20 4425 0 110 114 8421
4290 12 4426 0 94 1 8422
4290 10 4427 0 15 4 8423
4290 35 4426 0 99 9 8424
4290 20 4426 0 102 36 8425
4290 33 4426 0 150 43 8426
4290 5 4424 0 96 13 8427
4303 114 7289 1 57 122 8428
4305 12 4441 0 94 1 8429
4305 25 4443 0 188 80 8430
4305 3 4442 0 161 34 8431
4305 39 4439 0 109 56 8432
4305 12 4440 0 25 122 8433
4305 11 4441 0 92 2 8434
4305 10 4440 0 105 143 8435
4305 21 4441 0 72 131 8436
4305 11 4443 0 108 31 8437
4305 27 4440 0 99 9 8438
4305 13 4440 0 109 36 8439
4305 33 4441 0 182 79 8440
4305 7 4441 0 103 22 8441
4305 18 4442 0 146 119 8442
4305 20 4441 0 6 88 8443
4305 25 4443 0 118 4 8444
4305 5 4441 0 128 23 8445
4305 12 4440 0 29 60 8446
4305 6 4441 0 178 113 8447
4305 6 4441 0 96 13 8448
4305 28 4441 0 120 146 8449
4305 7 4443 0 146 159 8450
4305 45 4441 0 57 122 8451
4305 9 4441 0 109 1 8452
4305 35 4442 0 150 43 8453
4305 9 4441 0 101 26 8454
4305 32 4442 0 149 33 8455
4305 9 4441 0 108 58 8456
4305 17 4443 0 132 13 8457
4305 17 4440 0 110 114 8458
4311 183 7293 1 46 189 8459
4316 54 7302 1 198 85 8460
4320 13 4457 0 52 37 8461
4320 37 4456 0 113 48 8462
4320 9 4456 0 92 2 8463
4320 15 4455 0 99 1 8464
4320 13 4456 0 118 4 8465
4320 32 4454 0 99 9 8466
4320 37 4454 0 109 56 8467
4320 20 4456 0 7 35 8468
4320 3 4455 0 122 58 8469
4320 5 4455 0 96 13 8470
4320 34 4455 0 120 146 8471
4320 38 4454 0 182 79 8472
4320 19 4457 0 194 169 8473
4320 3 4454 0 155 79 8474
4320 45 4457 0 149 33 8475
4320 21 4454 0 128 55 8476
4320 12 4455 0 94 1 8477
4320 12 4456 0 108 58 8478
4320 6 4455 0 72 194 8479
4320 22 4458 0 140 22 8480
4320 3 4456 0 10 193 8481
4320 17 4458 0 198 85 8482
4320 12 4456 0 117 40 8483
4320 3 4456 0 127 27 8484
4320 12 4458 0 46 189 8485
4320 39 4456 0 63 134 8486
4320 16 4459 0 40 59 8487
4320 22 4457 0 6 88 8488
4320 10 4454 0 146 159 8489
4320 7 4455 0 108 31 8490
4323 182 7310 1 132 13 8491
4335 6 4472 0 117 1 8492
4335 26 4470 0 179 186 8493
4335 10 4472 0 103 22 8494
4335 37 4470 0 149 33 8495
4335 20 4473 0 110 114 8496
4335 30 4471 0 155 122 8497
4335 28 4469 0 2 3 8498
4335 11 4469 0 117 40 8499
4335 33 4472 0 120 146 8500
4335 4 4471 0 128 23 8501
4335 10 4471 0 63 113 8502
4335 9 4471 0 22 41 8503
4335 6 4470 0 105 143 8504
4335 4 4471 0 127 27 8505
4335 22 4470 0 166 118 8506
4335 45 4471 0 99 9 8507
4335 23 4472 0 143 170 8508
4335 10 4471 0 113 13 8509
4335 5 4473 0 96 13 8510
4335 23 4470 0 198 85 8511
4335 15 4470 0 128 55 8512
4335 12 4473 0 123 1 8513
4335 32 4473 0 133 152 8514
4335 4 4471 0 185 66 8515
4335 25 4472 0 125 90 8516
4335 7 4471 0 108 58 8517
4335 17 4470 0 118 4 8518
4335 44 4473 0 100 167 8519
4335 5 4472 0 7 180 8520
4335 19 4471 0 194 169 8521
4348 44 7335 1 182 28 8522
4349 44 7336 1 13 75 8523
4350 30 4484 0 155 122 8524
4350 39 4484 0 99 9 8525
4350 41 4486 0 149 33 8526
4350 38 4489 0 16 120 8527
4350 18 4485 0 118 4 8528
4350 7 4488 0 46 189 8529
4350 5 4489 0 117 1 8530
4350 9 4487 0 138 36 8531
4350 6 4486 0 94 1 8532
4350 4 4485 0 72 194 8533
4350 35 4486 0 120 146 8534
4350 7 4485 0 63 113 8535
4350 19 4485 0 140 22 8536
4350 34 4487 0 150 43 8537
4350 5 4487 0 96 13 8538
4350 12 4484 0 143 170 8539
4350 12 4484 0 101 26 8540
4350 6 4486 0 128 23 8541
4350 16 4485 0 132 13 8542
4350 17 4487 0 6 88 8543
4350 38 4487 0 109 56 8544
4350 5 4486 0 152 41 8545
4350 19 4487 0 123 1 8546
4350 12 4487 0 113 13 8547
4350 4 4487 0 128 40 8548
4350 4 4487 0 122 58 8549
4352 72 7338 1 109 1 8550
4358 80 7343 1 52 37 8551
4365 14 4500 0 128 55 8552
4365 13 4502 0 140 22 8553
4365 36 4502 0 179 186 8554
4365 5 4502 0 128 23 8555
4365 24 4499 0 99 1 8556
4365 4 4501 0 72 194 8557
4365 8 4498 0 108 58 8558
4365 19 4501 0 66 169 8559
4365 10 4499 0 46 189 8560
4365 9 4499 0 94 1 8561
4365 10 4502 0 101 26 8562
4365 35 4500 0 109 56 8563
4365 5 4499 0 117 1 8564
4365 7 4501 0 128 96 8565
4365 26 4501 0 113 48 8566
4365 8 4503 0 108 31 8567
4365 32 4500 0 99 9 8568
4365 10 4502 0 105 143 8569
4365 12 4500 0 102 59 8570
4365 15 4500 0 123 1 8571
4365 24 4500 0 6 88 8572
4365 38 4502 0 78 150 8573
4378 43 7365 1 113 13 8574
4380 3 4519 0 72 194 8575
4380 12 4515 0 29 60 8576
4380 21 4513 0 166 118 8577
4380 37 4518 0 99 9 8578
4380 13 4515 0 194 169 8579
4380 19 4513 0 109 36 8580
4380 18 4516 0 110 114 8581
4380 24 4516 0 132 13 8582
4380 9 4517 0 142 143 8583
4380 10 4517 0 92 2 8584
4380 12 4514 0 117 40 8585
4380 5 4518 0 128 23 8586
4380 25 4516 0 13 75 8587
4380 9 4517 0 103 22 8588
4380 25 4517 0 105 42 8589
4380 20 4515 0 140 22 8590
4380 18 4517 0 86 23 8591
4380 36 4516 0 149 33 8592
4380 36 4518 0 83 108 8593
4380 3 4515 0 96 13 8594
4380 38 4515 0 109 56 8595
4380 8 4517 0 94 1 8596
4380 7 4518 0 109 1 8597
4380 23 4515 0 128 55 8598
4380 22 4514 0 123 1 8599
4380 6 4516 0 22 41 8600
4380 40 4516 0 113 48 8601
4395 10 4531 0 29 60 8602
4395 10 4531 0 156 90 8603
4395 24 4531 0 198 85 8604
4395 17 4529 0 143 170 8605
4395 17 4530 0 99 1 8606
4395 11 4531 0 103 22 8607
4395 13 4531 0 166 118 8608
4395 34 4531 0 16 120 8609
4395 13 4531 0 86 23 8610
4395 22 4532 0 50 121 8611
4395 23 4529 0 40 59 8612
4395 12 4530 0 105 42 8613
4395 5 4533 0 161 34 8614
4395 38 4530 0 63 134 8615
4395 9 4530 0 138 36 8616
4395 38 4529 0 153 145 8617
4395 6 4531 0 185 66 8618
4395 38 4530 0 113 48 8619
4395 3 4531 0 96 13 8620
4395 16 4532 0 118 4 8621
4395 23 4531 0 6 88 8622
4395 18 4532 0 110 114 8623
4395 13 4530 0 109 36 8624
4395 36 4531 0 99 9 8625
4395 5 4529 0 152 41 8626
4395 25 4532 0 25 122 8627
4395 6 4531 0 7 180 8628
4395 6 4529 0 128 40 8629
4400 52 7387 1 103 1 8630
4410 24 4546 0 13 75 8631
4410 26 4546 0 40 105 8632
4410 9 4546 0 156 90 8633
4410 4 4547 0 7 180 8634
4410 21 4546 0 102 36 8635
4410 29 4548 0 109 56 8636
4410 14 4546 0 7 35 8637
4410 12 4548 0 128 55 8638
4410 6 4545 0 96 13 8639
4410 38 4546 0 120 146 8640
4410 22 4546 0 105 42 8641
4410 11 4545 0 103 22 8642
4410 37 4547 0 149 33 8643
4410 6 4544 0 117 40 8644
4410 6 4545 0 173 171 8645
4410 21 4543 0 66 169 8646
4410 22 4547 0 99 1 8647
4410 41 4546 0 16 120 8648
4410 12 4546 0 101 26 8649
4410 43 4545 0 78 150 8650
4410 25 4548 0 123 1 8651
4410 6 4546 0 108 31 8652
4410 34 4547 0 113 48 8653
4410 6 4545 0 95 77 8654
4410 25 4549 0 143 170 8655
4410 37 4544 0 99 9 8656
4410 15 4543 0 109 36 8657
4410 31 4546 0 102 140 8658
4410 3 4546 0 128 23 8659
4410 25 4548 0 150 43 8660
4421 55 7407 1 128 23 8661
4425 24 4562 0 123 1 8662
4425 11 4562 0 103 22 8663
4425 5 4561 0 122 58 8664
4425 8 4562 0 148 56 8665
4425 22 4561 0 105 42 8666
4425 3 4560 0 127 27 8667
4425 27 4561 0 18 115 8668
4425 29 4562 0 99 9 8669
4425 8 4562 0 63 113 8670
4425 12 4561 0 128 55 8671
4425 4 4561 0 37 7 8672
4425 4 4561 0 96 13 8673
4425 35 4561 0 113 48 8674
4425 16 4561 0 132 13 8675
4425 9 4561 0 108 58 8676
4425 7 4563 0 15 4 8677
4425 29 4560 0 100 167 8678
4425 12 4561 0 138 36 8679
4425 4 4560 0 128 23 8680
4425 12 4561 0 22 41 8681
4425 12 4562 0 146 159 8682
4425 23 4560 0 102 59 8683
4425 12 4562 0 166 118 8684
4425 30 4562 0 2 3 8685
4425 3 4561 0 72 194 8686
4425 6 4562 0 15 186 8687
4425 5 4562 0 24 195 8688
4425 9 4561 0 101 26 8689
4425 25 4563 0 110 114 8690
4425 37 4559 0 133 152 8691
4425 24 4563 0 118 4 8692
4425 21 4562 0 67 20 8693
4440 15 4576 0 25 122 8694
4440 25 4576 0 86 23 8695
4440 39 4577 0 63 134 8696
4440 29 4577 0 16 120 8697
4440 31 4574 0 66 134 8698
4440 19 4575 0 110 114 8699
4440 19 4576 0 102 59 8700
4440 42 4575 0 99 9 8701
4440 37 4576 0 149 33 8702
4440 23 4574 0 118 4 8703
4440 43 4577 0 155 122 8704
4440 13 4576 0 140 22 8705
4440 4 4575 0 161 34 8706
4440 5 4577 0 122 58 8707
4440 6 4576 0 72 194 8708
4440 8 4578 0 108 31 8709
4440 4 4575 0 10 193 8710
4440 33 4576 0 83 108 8711
4440 7 4576 0 105 143 8712
4440 20 4577 0 102 36 8713
4440 8 4578 0 101 26 8714
4440 20 4576 0 132 13 8715
4440 12 4577 0 138 36 8716
4440 10 4576 0 117 40 8717
4447 37 7432 1 152 41 8718
4455 5 4592 0 155 79 8719
4455 14 4590 0 123 1 8720
4455 23 4592 0 50 121 8721
4455 5 4591 0 7 180 8722
4455 17 4590 0 128 55 8723
4455 20 4589 0 25 122 8724
4455 17 4590 0 118 4 8725
4455 29 4591 0 99 9 8726
4455 18 4591 0 7 35 8727
4455 36 4592 0 149 33 8728
4455 18 4591 0 109 36 8729
4455 4 4592 0 128 23 8730
4455 12 4592 0 117 40 8731
4455 10 4592 0 155 52 8732
4455 25 4591 0 140 22 8733
4455 27 4591 0 113 48 8734
4455 6 4591 0 103 22 8735
4455 14 4590 0 188 80 8736
4455 25 4589 0 105 42 8737
4455 9 4593 0 101 26 8738
4455 20 4590 0 40 59 8739
4455 25 4590 0 120 146 8740
4455 20 4592 0 72 131 8741
4455 41 4591 0 16 120 8742
4455 12 4590 0 110 114 8743
4461 37 7446 1 102 59 8744
4467 77 7454 1 155 52 8745
4469 158 7456 1 83 108 8746
4470 25 4605 0 86 23 8747
4470 11 4604 0 108 31 8748
4470 3 4608 0 127 27 8749
4470 17 4604 0 13 75 8750
4470 15 4606 0 40 59 8751
4470 45 4605 0 120 146 8752
4470 10 4605 0 108 58 8753
4470 12 4606 0 182 28 8754
4470 19 4607 0 99 1 8755
4470 9 4607 0 148 56 8756
4470 37 4605 0 113 48 8757
4470 10 4606 0 103 22 8758
4470 4 4606 0 117 1 8759
4470 15 4606 0 72 131 8760
4470 6 4606 0 101 26 8761
4470 30 4606 0 182 79 8762
4470 22 4604 0 110 114 8763
4470 6 4606 0 164 40 8764
4470 33 4607 0 99 9 8765
4470 25 4606 0 109 56 8766
4470 6 4607 0 117 40 8767
4470 6 4605 0 105 143 8768
4470 6 4605 0 161 34 8769
4479 104 7465 1 102 59 8770
4485 17 4624 0 93 51 8771
4485 5 4618 0 127 27 8772
4485 6 4620 0 101 26 8773
4485 37 4622 0 40 105 8774
4485 11 4621 0 178 113 8775
4485 23 4622 0 6 88 8776
4485 27 4622 0 179 186 8777
4485 33 4622 0 2 3 8778
4485 3 4623 0 164 40 8779
4485 56 7470 1 153 145 8780
4485 4 4621 0 122 58 8781
4485 5 4622 0 155 79 8782
4485 3 4621 0 117 1 8783
4485 45 4621 0 150 43 8784
4485 6 4621 0 146 159 8785
4485 7 4620 0 138 36 8786
4485 38 4622 0 16 120 8787
4485 4 4620 0 95 77 8788
4485 11 4619 0 148 56 8789
4485 6 4621 0 96 13 8790
4485 7 4619 0 108 31 8791
4485 35 4622 0 99 9 8792
4485 20 4621 0 102 36 8793
4485 45 4621 0 182 79 8794
4485 43 4620 0 113 48 8795
4485 11 4621 0 182 28 8796
4500 27 4635 0 155 122 8797
4500 23 4635 0 110 114 8798
4500 7 4636 0 103 22 8799
4500 33 4636 0 102 140 8800
4500 8 4636 0 128 96 8801
4500 15 4636 0 25 122 8802
4500 22 4636 0 140 22 8803
4500 6 4638 0 109 1 8804
4500 9 4635 0 178 113 8805
4500 5 4636 0 96 13 8806
4500 6 4636 0 117 1 8807
4500 5 4636 0 152 41 8808
4500 23 4638 0 198 85 8809
4500 10 4636 0 138 36 8810
4500 8 4635 0 182 28 8811
4500 14 4633 0 102 36 8812
4500 5 4637 0 37 7 8813
4500 26 4637 0 150 43 8814
4500 31 4637 0 182 79 8815
4500 16 4637 0 109 36 8816
4500 16 4638 0 102 59 8817
4500 28 4636 0 18 115 8818
4500 6 4636 0 15 4 8819
4500 37 4636 0 109 56 8820
4500 12 4638 0 117 40 8821
4500 16 4636 0 99 1 8822
4500 34 4637 0 149 33 8823
4500 16 4635 0 194 169 8824
4500 25 4635 0 2 3 8825
4514 68 7499 1 40 59 8826
4515 8 4652 0 146 159 8827
4515 6 4650 0 155 52 8828
4515 18 4651 0 105 42 8829
4515 17 4650 0 93 51 8830
4515 4 4652 0 10 193 8831
4515 6 4651 0 122 58 8832
4515 40 4653 0 149 33 8833
4515 14 4650 0 146 119 8834
4515 14 4650 0 118 4 8835
4515 7 4651 0 138 36 8836
4515 5 4651 0 128 23 8837
4515 38 4649 0 99 9 8838
4515 10 4652 0 142 143 8839
4515 14 4652 0 86 23 8840
4515 10 4651 0 113 13 8841
4515 6 4652 0 173 171 8842
4515 7 4652 0 109 1 8843
4515 15 4651 0 140 22 8844
4515 4 4653 0 164 40 8845
4515 12 4651 0 103 1 8846
4515 11 4653 0 105 143 8847
4530 5 4667 0 164 40 8848
4530 43 4667 0 153 145 8849
4530 18 4666 0 166 118 8850
4530 26 4666 0 113 48 8851
4530 9 4664 0 92 2 8852
4530 3 4663 0 24 195 8853
4530 19 4665 0 132 13 8854
4530 23 4666 0 194 169 8855
4530 6 4666 0 94 1 8856
4530 39 4666 0 2 3 8857
4530 25 4666 0 188 80 8858
4530 13 4664 0 6 88 8859
4530 21 4666 0 128 55 8860
4530 5 4663 0 128 23 8861
4530 15 4666 0 7 35 8862
4530 10 4666 0 103 22 8863
4530 8 4666 0 138 36 8864
4530 3 4666 0 128 40 8865
4530 10 4666 0 117 40 8866
4530 10 4668 0 128 96 8867
4530 25 4666 0 102 36 8868
4530 9 4666 0 101 26 8869
4530 26 4667 0 16 120 8870
4530 6 4666 0 96 13 8871
4530 19 4666 0 109 36 8872
4530 23 4669 0 102 59 8873
4530 32 4666 0 57 122 8874
4530 6 4667 0 10 193 8875
4530 5 4665 0 127 27 8876
4545 44 4682 0 120 146 8877
4545 16 4681 0 6 88 8878
4545 8 4681 0 92 2 8879
4545 6 4680 0 152 41 8880
4545 8 4680 0 108 31 8881
4545 22 4680 0 143 170 8882
4545 35 4680 0 150 43 8883
4545 6 4683 0 117 1 8884
4545 33 4681 0 149 33 8885
4545 5 4680 0 96 13 8886
4545 10 4682 0 117 40 8887
4545 22 4681 0 102 59 8888
4545 15 4682 0 52 37 8889
4545 36 4681 0 109 56 8890
4545 9 4680 0 155 52 8891
4545 33 4681 0 2 3 8892
4545 8 4682 0 113 13 8893
4545 23 4682 0 141 56 8894
4545 8 4680 0 105 143 8895
4545 7 4681 0 103 1 8896
4545 5 4681 0 122 58 8897
4545 29 4682 0 155 122 8898
4545 6 4684 0 63 86 8899
4545 21 4680 0 132 13 8900
4545 14 4681 0 99 1 8901
4545 19 4681 0 198 85 8902
4545 9 4682 0 15 4 8903
4545 3 4681 0 128 40 8904
4545 25 4682 0 109 36 8905
4545 6 4681 0 37 7 8906
4545 31 4681 0 113 48 8907
4560 5 4696 0 127 27 8908
4560 7 4696 0 117 40 8909
4560 45 4696 0 66 134 8910
4560 4 4695 0 117 1 8911
4560 9 4695 0 105 143 8912
4560 9 4697 0 63 86 8913
4560 8 4695 0 113 13 8914
4560 12 4697 0 173 171 8915
4560 22 4695 0 143 170 8916
4560 4 4695 0 122 58 8917
4560 13 4697 0 109 36 8918
4560 6 4695 0 128 40 8919
4560 6 4697 0 15 4 8920
4560 7 4696 0 138 36 8921
4560 6 4696 0 29 60 8922
4560 8 4699 0 103 22 8923
4560 24 4697 0 72 131 8924
4560 10 4697 0 108 31 8925
4560 40 4696 0 102 140 8926
4560 23 4697 0 140 22 8927
4560 45 4695 0 99 9 8928
4560 3 4699 0 95 77 8929
4560 32 4694 0 182 79 8930
4560 12 4695 0 123 1 8931
4560 21 4693 0 118 4 8932
4560 12 4698 0 24 183 8933
4560 4 4699 0 164 40 8934
4560 36 4698 0 113 48 8935
4560 6 4698 0 101 26 8936
4566 74 7554 1 24 195 8937
4568 154 7555 1 72 194 8938
4575 6 4709 0 92 2 8939
4575 8 4712 0 117 40 8940
4575 7 4712 0 138 36 8941
4575 14 4711 0 102 59 8942
4575 6 4711 0 101 26 8943
4575 9 4711 0 109 1 8944
4575 12 4712 0 108 31 8945
4575 20 4710 0 118 4 8946
4575 12 4711 0 46 189 8947
4575 6 4710 0 15 4 8948
4575 35 4712 0 182 79 8949
4575 25 4710 0 55 108 8950
4575 25 4711 0 123 1 8951
4575 6 4711 0 15 186 8952
4575 20 4711 0 125 90 8953
4575 13 4709 0 132 13 8954
4575 28 4710 0 155 122 8955
4575 19 4711 0 67 20 8956
4575 5 4713 0 122 58 8957
4575 17 4712 0 141 56 8958
4575 8 4712 0 63 86 8959
4575 3 4713 0 155 79 8960
4590 17 4726 0 128 55 8961
4590 6 4725 0 63 86 8962
4590 23 4727 0 140 22 8963
4590 6 4726 0 10 193 8964
4590 12 4726 0 118 4 8965
4590 7 4726 0 142 143 8966
4590 25 4727 0 50 121 8967
4590 10 4725 0 156 90 8968
4590 22 4727 0 105 42 8969
4590 19 4725 0 102 36 8970
4590 6 4727 0 155 79 8971
4590 6 4725 0 37 7 8972
4590 12 4727 0 15 4 8973
4590 5 4725 0 7 180 8974
4590 8 4726 0 108 31 8975
4590 12 4725 0 123 1 8976
4590 12 4727 0 117 40 8977
4590 10 4728 0 103 22 8978
4590 7 4727 0 105 143 8979
4590 12 4728 0 101 26 8980
4590 19 4727 0 52 37 8981
4599 36 7586 1 86 23 8982
4605 12 4743 0 118 4 8983
4605 41 4741 0 18 115 8984
4605 44 4742 0 83 108 8985
4605 3 4741 0 128 23 8986
4605 5 4740 0 122 58 8987
4605 32 4739 0 99 9 8988
4605 9 4740 0 103 22 8989
4605 30 4740 0 109 56 8990
4605 29 4742 0 40 105 8991
4605 22 4742 0 6 88 8992
4605 6 4740 0 117 1 8993
4605 14 4742 0 123 1 8994
4605 7 4740 0 142 143 8995
4605 3 4743 0 164 40 8996
4605 11 4739 0 113 13 8997
4605 20 4741 0 67 20 8998
4605 25 4740 0 128 55 8999
4605 7 4740 0 63 113 9000
4605 17 4740 0 93 51 9001
4605 19 4740 0 109 36 9002
4605 45 4739 0 57 122 9003
4605 6 4741 0 94 1 9004
4605 9 4741 0 15 186 9005
4605 26 4743 0 155 122 9006
4605 25 4740 0 78 150 9007
4605 5 4739 0 96 13 9008
4605 18 4740 0 102 36 9009
4605 22 4737 0 141 56 9010
4605 38 4742 0 153 145 9011
4620 44 4758 0 63 134 9012
4620 4 4759 0 128 40 9013
4620 10 4756 0 117 40 9014
4620 18 4757 0 13 75 9015
4620 8 4756 0 113 13 9016
4620 12 4756 0 123 1 9017
4620 11 4756 0 24 183 9018
4620 34 4754 0 83 108 9019
4620 23 4756 0 50 121 9020
4620 22 4753 0 132 13 9021
4620 8 4755 0 178 113 9022
4620 22 4756 0 188 80 9023
4620 12 4757 0 109 36 9024
4620 16 4756 0 125 90 9025
4620 25 4758 0 133 152 9026
4620 11 4754 0 138 36 9027
4620 27 4756 0 57 122 9028
4620 4 4755 0 122 58 9029
4620 21 4757 0 118 4 9030
4620 5 4756 0 152 41 9031
4620 9 4755 0 15 186 9032
4620 5 4757 0 96 13 9033
4620 5 4753 0 128 23 9034
4620 13 4756 0 67 20 9035
4620 6 4758 0 24 195 9036
4620 9 4756 0 46 189 9037
4620 14 4758 0 72 131 9038
4620 21 4756 0 99 1 9039
4620 20 4758 0 143 170 9040
4620 14 4756 0 105 42 9041
4620 6 4755 0 92 2 9042
4629 30 7614 1 108 31 9043
4631 65 7617 1 142 143 9044
4633 31 7620 1 194 169 9045
4635 7 4772 0 128 96 9046
4635 5 4770 0 128 40 9047
4635 6 4772 0 108 58 9048
4635 24 4773 0 99 1 9049
4635 8 4771 0 142 143 9050
4635 34 4771 0 100 167 9051
4635 17 4771 0 109 36 9052
4635 12 4771 0 113 13 9053
4635 12 4772 0 72 131 9054
4635 12 4772 0 128 55 9055
4635 7 4772 0 155 52 9056
4635 9 4774 0 117 40 9057
4635 16 4770 0 105 42 9058
4635 4 4771 0 117 1 9059
4635 17 4774 0 110 114 9060
4635 11 4772 0 63 86 9061
4635 4 4771 0 96 13 9062
4635 5 4773 0 152 41 9063
4635 32 4769 0 18 115 9064
4635 21 4769 0 55 108 9065
4635 42 4771 0 99 9 9066
4635 8 4772 0 46 189 9067
4635 12 4770 0 123 1 9068
4635 6 4769 0 164 40 9069
4635 25 4772 0 194 169 9070
4635 43 4771 0 113 48 9071
4635 4 4773 0 37 7 9072
4635 29 4772 0 83 108 9073
4635 32 4772 0 133 152 9074
4635 14 4769 0 25 122 9075
4635 10 4770 0 103 22 9076
4635 18 4771 0 188 80 9077
4635 8 4771 0 24 183 9078
4635 4 4769 0 185 66 9079
4650 23 4786 0 72 131 9080
4650 33 4785 0 133 152 9081
4650 8 4784 0 103 22 9082
4650 6 4786 0 101 26 9083
4650 15 4786 0 140 22 9084
4650 40 4785 0 99 9 9085
4650 26 4785 0 83 108 9086
4650 31 4786 0 102 140 9087
4650 9 4786 0 142 143 9088
4650 23 4784 0 128 55 9089
4650 5 4785 0 72 194 9090
4650 30 4785 0 109 56 9091
4650 5 4785 0 128 23 9092
4650 11 4785 0 155 52 9093
4650 19 4786 0 132 13 9094
4650 20 4786 0 67 20 9095
4650 10 4786 0 117 40 9096
4650 10 4786 0 22 41 9097
4650 7 4784 0 103 1 9098
4650 11 4787 0 24 183 9099
4650 12 4787 0 178 113 9100
4650 6 4786 0 122 58 9101
4665 9 4797 0 182 28 9102
4665 33 4802 0 18 115 9103
4665 3 4802 0 96 13 9104
4665 10 4800 0 105 143 9105
4665 16 4802 0 198 85 9106
4665 15 4802 0 50 121 9107
4665 39 4800 0 109 56 9108
4665 6 4801 0 127 27 9109
4665 3 4802 0 128 23 9110
4665 11 4801 0 108 58 9111
4665 10 4801 0 108 31 9112
4665 36 4801 0 182 79 9113
4665 6 4803 0 95 77 9114
4665 8 4799 0 113 13 9115
4665 17 4802 0 109 36 9116
4665 4 4803 0 128 40 9117
4665 10 4799 0 15 4 9118
4665 3 4801 0 122 58 9119
4665 9 4804 0 109 1 9120
4665 38 4801 0 150 43 9121
4665 13 4800 0 7 35 9122
4665 15 4801 0 67 20 9123
4665 5 4801 0 24 195 9124
4680 35 4814 0 153 145 9125
4680 6 4814 0 164 40 9126
4680 11 4816 0 105 143 9127
4680 43 4815 0 66 134 9128
4680 6 4819 0 63 86 9129
4680 8 4816 0 178 113 9130
4680 22 4815 0 188 80 9131
4680 7 4817 0 29 60 9132
4680 3 4817 0 96 13 9133
4680 34 4815 0 149 33 9134
4680 11 4816 0 109 1 9135
4680 25 4814 0 123 1 9136
4680 44 4815 0 113 48 9137
4680 12 4816 0 67 20 9138
4680 25 4817 0 105 42 9139
4680 14 4815 0 99 1 9140
4680 23 4817 0 146 119 9141
4680 21 4816 0 140 22 9142
4680 8 4817 0 113 13 9143
4680 4 4815 0 7 180 9144
4680 4 4816 0 37 7 9145
4680 16 4817 0 128 55 9146
4680 3 4815 0 117 1 9147
4680 16 4817 0 198 85 9148
4680 17 4816 0 66 169 9149
4680 43 4815 0 155 122 9150
4680 10 4815 0 138 36 9151
4680 6 4817 0 128 23 9152
4680 18 4815 0 50 121 9153
4680 16 4820 0 72 131 9154
4681 51 7667 1 143 170 9155
4695 3 4832 0 96 13 9156
4695 22 4830 0 102 59 9157
4695 44 4831 0 78 150 9158
4695 10 4830 0 117 40 9159
4695 33 4831 0 57 122 9160
4695 10 4828 0 156 90 9161
4695 38 4831 0 83 108 9162
4695 18 4833 0 67 20 9163
4695 16 4831 0 7 35 9164
4695 26 4829 0 102 140 9165
4695 22 4830 0 146 119 9166
4695 22 4830 0 109 36 9167
4695 9 4831 0 155 52 9168
4695 21 4830 0 132 13 9169
4695 6 4832 0 24 183 9170
4695 4 4832 0 24 195 9171
4695 9 4830 0 142 143 9172
4695 7 4832 0 148 56 9173
4695 19 4831 0 194 169 9174
4695 8 4830 0 108 31 9175
4695 37 4831 0 99 9 9176
4695 17 4833 0 55 108 9177
4695 41 4831 0 149 33 9178
4704 135 7692 1 93 51 9179
4710 25 4842 0 6 88 9180
4710 8 4845 0 109 1 9181
4710 14 4845 0 140 22 9182
4710 25 4846 0 146 119 9183
4710 7 4844 0 103 1 9184
4710 6 4846 0 22 41 9185
4710 39 4847 0 109 56 9186
4710 39 4848 0 2 3 9187
4710 6 4847 0 117 1 9188
4710 7 4848 0 63 113 9189
4710 39 4845 0 113 48 9190
4710 8 4845 0 155 52 9191
4710 11 4847 0 117 40 9192
4710 23 4844 0 67 20 9193
4710 5 4846 0 37 7 9194
4710 12 4844 0 103 22 9195
4710 35 4845 0 99 9 9196
4710 6 4846 0 161 34 9197
4710 12 4844 0 101 26 9198
4710 23 4847 0 102 59 9199
4710 42 4848 0 57 122 9200
4710 14 4845 0 132 13 9201
4710 25 4845 0 118 4 9202
4710 3 4844 0 128 40 9203
4710 4 4848 0 10 193 9204
4710 23 4845 0 109 36 9205
4710 6 4847 0 122 58 9206
4725 12 4860 0 25 122 9207
4725 4 4860 0 10 193 9208
4725 28 4859 0 63 134 9209
4725 7 4862 0 128 96 9210
4725 34 4860 0 100 167 9211
4725 12 4861 0 113 13 9212
4725 12 4861 0 138 36 9213
4725 21 4860 0 140 22 9214
4725 24 4860 0 109 36 9215
4725 8 4863 0 103 22 9216
4725 35 4860 0 99 9 9217
4725 8 4860 0 182 28 9218
4725 6 4859 0 29 60 9219
4725 10 4863 0 101 26 9220
4725 7 4861 0 146 159 9221
4725 3 4864 0 96 13 9222
4725 12 4860 0 105 42 9223
4725 10 4862 0 24 183 9224
4725 16 4863 0 128 55 9225
4725 12 4864 0 188 80 9226
4725 25 4860 0 150 43 9227
4725 23 4860 0 55 108 9228
4725 34 4860 0 109 56 9229
4725 36 4860 0 16 120 9230
4725 35 4860 0 113 48 9231
4725 9 4860 0 117 40 9232
4725 28 4862 0 153 145 9233
4725 21 4860 0 40 59 9234
4725 6 4860 0 122 58 9235
4725 6 4863 0 24 195 9236
4740 3 4877 0 128 23 9237
4740 33 4876 0 99 9 9238
4740 12 4875 0 55 108 9239
4740 20 4876 0 188 80 9240
4740 5 4878 0 152 41 9241
4740 6 4877 0 122 58 9242
4740 20 4876 0 6 88 9243
4740 12 4875 0 182 28 9244
4740 4 4876 0 164 40 9245
4740 9 4874 0 103 1 9246
4740 14 4878 0 67 20 9247
4740 35 4877 0 113 48 9248
4740 23 4877 0 123 1 9249
4740 6 4875 0 29 60 9250
4740 7 4874 0 117 40 9251
4740 8 4876 0 103 22 9252
4740 25 4875 0 109 36 9253
4740 24 4876 0 143 170 9254
4740 6 4879 0 24 195 9255
4740 22 4875 0 105 42 9256
4740 19 4878 0 140 22 9257
4740 35 4877 0 78 150 9258
4740 25 4876 0 132 13 9259
4740 8 4875 0 108 31 9260
4740 30 4876 0 109 56 9261
4740 17 4876 0 52 37 9262
4740 4 4875 0 96 13 9263
4740 24 4877 0 13 75 9264
4740 5 4875 0 155 79 9265
4741 170 7730 1 185 66 9266
4755 9 4891 0 101 26 9267
4755 22 4891 0 93 51 9268
4755 17 4891 0 194 169 9269
4755 30 4890 0 120 146 9270
4755 10 4891 0 15 186 9271
4755 30 4892 0 113 48 9272
4755 9 4891 0 22 41 9273
4755 3 4891 0 117 1 9274
4755 44 4892 0 149 33 9275
4755 14 4891 0 102 36 9276
4755 44 4891 0 66 134 9277
4755 26 4889 0 179 186 9278
4755 12 4893 0 94 1 9279
4755 19 4891 0 198 85 9280
4755 41 4892 0 99 9 9281
4755 20 4889 0 125 90 9282
4755 35 4892 0 18 115 9283
4755 9 4889 0 108 31 9284
4755 34 4890 0 83 108 9285
4755 3 4891 0 7 180 9286
4755 9 4893 0 15 4 9287
4755 41 4890 0 40 105 9288
4755 23 4889 0 132 13 9289
4755 28 4891 0 155 122 9290
4755 22 4892 0 7 35 9291
4755 3 4893 0 161 34 9292
4755 5 4892 0 127 27 9293
4755 8 4892 0 24 183 9294
4755 12 4892 0 72 131 9295
4755 25 4892 0 109 36 9296
4755 7 4891 0 128 96 9297
4755 9 4890 0 92 2 9298
4758 106 7743 1 10 193 9299
4760 199 7745 1 109 1 9300
4770 11 4907 0 15 4 9301
4770 15 4906 0 13 75 9302
4770 44 4907 0 120 146 9303
4770 29 4905 0 149 33 9304
4770 6 4905 0 122 58 9305
4770 27 4905 0 99 9 9306
4770 39 4905 0 83 108 9307
4770 4 4905 0 72 194 9308
4770 18 4906 0 132 13 9309
4770 7 4906 0 103 22 9310
4770 12 4907 0 155 52 9311
4770 4 4904 0 10 193 9312
4770 10 4907 0 113 13 9313
4770 39 4905 0 150 43 9314
4770 25 4905 0 123 1 9315
4770 7 4908 0 22 41 9316
4770 24 4905 0 118 4 9317
4770 23 4904 0 109 36 9318
4770 30 4904 0 78 150 9319
4770 23 4906 0 102 36 9320
4770 42 4904 0 153 145 9321
4770 9 4906 0 101 26 9322
4770 11 4907 0 173 171 9323
4770 4 4904 0 128 23 9324
4770 3 4906 0 161 34 9325
4770 12 4906 0 52 37 9326
4770 25 4905 0 109 56 9327
4770 7 4907 0 63 113 9328
4785 17 4922 0 123 1 9329
4785 6 4922 0 29 60 9330
4785 4 4922 0 127 27 9331
4785 12 4920 0 22 41 9332
4785 13 4922 0 132 13 9333
4785 22 4920 0 86 23 9334
4785 11 4921 0 128 96 9335
4785 39 4922 0 133 152 9336
4785 22 4920 0 40 59 9337
4785 25 4921 0 155 122 9338
4785 22 4922 0 7 35 9339
4785 8 4919 0 117 40 9340
4785 4 4921 0 96 13 9341
4785 9 4922 0 15 4 9342
4785 41 4921 0 63 134 9343
4785 9 4919 0 108 58 9344
4785 23 4922 0 105 42 9345
4785 10 4920 0 173 171 9346
4785 4 4920 0 128 23 9347
4785 11 4921 0 109 1 9348
4785 36 4922 0 102 140 9349
4785 25 4918 0 13 75 9350
4785 6 4920 0 37 7 9351
4785 23 4918 0 93 51 9352
4785 10 4921 0 101 26 9353
4785 7 4920 0 94 1 9354
4785 13 4924 0 55 108 9355
4785 25 4923 0 150 43 9356
4785 38 4920 0 149 33 9357
4785 25 4922 0 140 22 9358
4785 16 4921 0 102 36 9359
4785 24 4920 0 109 36 9360
4785 4 4922 0 117 1 9361
4785 9 4921 0 103 1 9362
4785 43 4920 0 113 48 9363
4785 3 4919 0 95 77 9364
4785 31 4921 0 109 56 9365
4785 8 4920 0 63 86 9366
4785 28 4922 0 153 145 9367
4785 44 4922 0 18 115 9368
4785 5 4922 0 161 34 9369
4785 8 4919 0 92 2 9370
4785 24 4920 0 143 170 9371
4785 9 4924 0 113 13 9372
4785 16 4922 0 118 4 9373
4785 19 4922 0 128 55 9374
4793 133 7779 1 6 88 9375
4800 20 4935 0 52 37 9376
4800 20 4936 0 13 75 9377
4800 3 4938 0 96 13 9378
4800 13 4936 0 118 4 9379
4800 7 4934 0 101 26 9380
4800 9 4937 0 108 31 9381
4800 6 4936 0 103 22 9382
4800 40 4936 0 133 152 9383
4800 24 4936 0 140 22 9384
4800 44 4937 0 99 9 9385
4800 6 4937 0 92 2 9386
4800 27 4937 0 83 108 9387
4800 22 4935 0 128 55 9388
4800 32 4935 0 155 122 9389
4800 6 4937 0 72 194 9390
4800 3 4937 0 164 40 9391
4800 5 4937 0 117 1 9392
4800 47 7784 1 178 113 9393
4800 12 4936 0 117 40 9394
4800 15 4932 0 50 121 9395
4800 14 4935 0 105 42 9396
4800 18 4936 0 123 1 9397
4800 8 4941 0 178 113 9398
4800 16 4935 0 86 23 9399
4800 36 4936 0 16 120 9400
4800 17 4936 0 102 36 9401
4814 59 7800 1 125 90 9402
4815 24 4952 0 143 170 9403
4815 25 4950 0 194 169 9404
4815 12 4951 0 155 52 9405
4815 8 4951 0 182 28 9406
4815 35 4950 0 149 33 9407
4815 9 4951 0 103 1 9408
4815 45 4950 0 109 56 9409
4815 6 4949 0 63 113 9410
4815 24 4952 0 40 59 9411
4815 14 4950 0 102 36 9412
4815 5 4949 0 122 58 9413
4815 14 4952 0 109 36 9414
4815 38 4952 0 179 186 9415
4815 25 4952 0 83 108 9416
4815 22 4953 0 141 56 9417
4815 19 4951 0 118 4 9418
4815 21 4951 0 6 88 9419
4815 15 4952 0 146 119 9420
4815 31 4950 0 40 105 9421
4815 7 4952 0 108 58 9422
4815 12 4951 0 15 4 9423
4815 20 4951 0 128 55 9424
4815 8 4953 0 117 40 9425
4815 7 4952 0 113 13 9426
4815 7 4952 0 46 189 9427
4815 12 4949 0 156 90 9428
4815 21 4953 0 140 22 9429
4815 4 4951 0 117 1 9430
4821 135 7808 1 15 4 9431
4822 158 7810 1 117 40 9432
4829 62 7816 1 105 42 9433
4830 97 7819 1 182 79 9434
4830 11 4967 0 101 26 9435
4830 10 4967 0 182 28 9436
4830 10 4967 0 173 171 9437
4830 18 4964 0 102 59 9438
4830 8 4963 0 117 40 9439
4830 6 4967 0 24 195 9440
4830 38 4967 0 120 146 9441
4830 5 4968 0 37 7 9442
4830 37 4967 0 102 140 9443
4830 20 4966 0 13 75 9444
4830 16 4967 0 72 131 9445
4830 6 4967 0 138 36 9446
4830 13 4963 0 67 20 9447
4830 9 4964 0 113 13 9448
4830 11 4965 0 156 90 9449
4830 16 4965 0 143 170 9450
4830 39 4965 0 149 33 9451
4830 22 4966 0 25 122 9452
4830 44 4965 0 2 3 9453
4830 12 4966 0 102 36 9454
4830 29 4965 0 182 79 9455
4830 14 4967 0 109 36 9456
4830 41 4965 0 113 48 9457
4830 42 4965 0 133 152 9458
4830 8 4968 0 146 159 9459
4830 12 4966 0 128 96 9460
4830 4 4965 0 152 41 9461
4830 21 4964 0 55 108 9462
4830 15 4965 0 93 51 9463
4830 25 4965 0 118 4 9464
4830 11 4967 0 103 22 9465
4830 6 4966 0 96 13 9466
4830 24 4968 0 140 22 9467
4830 10 4966 0 63 86 9468
4830 6 4967 0 15 186 9469
4830 22 4965 0 105 42 9470
4830 6 4968 0 117 1 9471
4831 45 7817 1 15 186 9472
4831 150 7818 1 103 22 9473
4836 38 7818 1 99 1 9474
4845 8 4980 0 101 26 9475
4845 6 4981 0 72 194 9476
4845 12 4981 0 7 35 9477
4845 33 4980 0 153 145 9478
4845 22 4980 0 132 13 9479
4845 5 4980 0 96 13 9480
4845 17 4981 0 40 59 9481
4845 16 4981 0 110 114 9482
4845 19 4982 0 194 169 9483
4845 11 4979 0 29 60 9484
4845 11 4981 0 155 52 9485
4845 29 4983 0 40 105 9486
4845 18 4982 0 123 1 9487
4845 21 4980 0 13 75 9488
4845 62 7833 1 78 150 9489
4845 5 4979 0 128 23 9490
4845 5 4982 0 10 193 9491
4845 12 4980 0 103 22 9492
4845 42 4983 0 109 56 9493
4845 33 4980 0 57 122 9494
4845 20 4982 0 146 119 9495
4845 6 4980 0 185 66 9496
4845 17 4981 0 118 4 9497
4845 25 4982 0 149 33 9498
4845 9 4980 0 138 36 9499
4845 6 4981 0 148 56 9500
4845 25 4982 0 52 37 9501
4845 16 4980 0 109 36 9502
4860 5 4998 0 37 7 9503
4860 9 4996 0 92 2 9504
4860 22 4998 0 109 36 9505
4860 5 4995 0 127 27 9506
4860 33 4996 0 102 140 9507
4860 19 4998 0 140 22 9508
4860 24 4996 0 146 119 9509
4860 23 4998 0 7 35 9510
4860 7 4994 0 22 41 9511
4860 39 4996 0 63 134 9512
4860 12 4997 0 66 169 9513
4860 3 4995 0 155 79 9514
4860 11 4997 0 105 143 9515
4860 6 4996 0 117 40 9516
4860 12 4995 0 108 31 9517
4860 34 4997 0 2 3 9518
4860 9 4997 0 63 86 9519
4860 12 4995 0 93 51 9520
4860 39 4995 0 120 146 9521
4860 26 4998 0 149 33 9522
4860 12 4997 0 113 13 9523
4860 3 4996 0 128 40 9524
4860 23 4998 0 102 36 9525
4860 25 4997 0 141 56 9526
4860 21 4995 0 123 1 9527
4860 4 4995 0 122 58 9528
4871 182 7854 1 95 77 9529
4875 16 5012 0 118 4 9530
4875 6 5011 0 127 27 9531
4875 45 5012 0 113 48 9532
4875 27 5010 0 109 56 9533
4875 6 5011 0 10 193 9534
4875 23 5012 0 25 122 9535
4875 18 5011 0 55 108 9536
4875 37 5010 0 149 33 9537
4875 6 5011 0 95 77 9538
4875 42 5011 0 63 134 9539
4875 36 5011 0 40 105 9540
4875 35 5013 0 150 43 9541
4875 20 5011 0 7 35 9542
4875 43 5013 0 66 134 9543
4875 5 5009 0 117 1 9544
4875 11 5011 0 113 13 9545
4875 3 5010 0 24 195 9546
4875 5 5012 0 152 41 9547
4875 22 5009 0 123 1 9548
4875 45 5011 0 182 79 9549
4875 9 5012 0 173 171 9550
4875 42 5009 0 57 122 9551
4875 25 5011 0 110 114 9552
4875 6 5011 0 182 28 9553
4875 5 5010 0 96 13 9554
4883 173 7869 1 100 167 9555
4890 15 5026 0 99 1 9556
4890 26 5024 0 18 115 9557
4890 24 5027 0 128 55 9558
4890 37 5024 0 113 48 9559
4890 20 5025 0 7 35 9560
4890 3 5026 0 128 40 9561
4890 9 5026 0 103 22 9562
4890 23 5024 0 132 13 9563
4890 23 5027 0 140 22 9564
4890 43 5028 0 109 56 9565
4890 12 5025 0 102 36 9566
4890 42 5026 0 99 9 9567
4890 10 5026 0 108 31 9568
4890 18 5026 0 146 119 9569
4890 6 5028 0 127 27 9570
4890 7 5026 0 138 36 9571
4890 4 5027 0 96 13 9572
4890 31 5027 0 179 186 9573
4890 18 5029 0 13 75 9574
4890 6 5027 0 72 194 9575
4890 9 5026 0 108 58 9576
4890 27 5025 0 63 134 9577
4890 25 5026 0 66 169 9578
4890 24 5025 0 105 42 9579
4905 34 5040 0 150 43 9580
4905 12 5041 0 103 22 9581
4905 22 5039 0 123 1 9582
4905 39 5041 0 100 167 9583
4905 37 5042 0 120 146 9584
4905 26 5040 0 182 79 9585
4905 12 5041 0 128 55 9586
4905 7 5042 0 103 1 9587
4905 12 5043 0 156 90 9588
4905 30 5040 0 16 120 9589
4905 4 5039 0 122 58 9590
4905 4 5039 0 185 66 9591
4905 12 5043 0 55 108 9592
4905 9 5039 0 113 13 9593
4905 24 5041 0 125 90 9594
4905 31 5042 0 99 9 9595
4905 40 5042 0 102 140 9596
4905 7 5042 0 128 96 9597
4905 4 5041 0 127 27 9598
4905 7 5042 0 138 36 9599
4905 17 5041 0 13 75 9600
4905 16 5041 0 72 131 9601
4905 15 5040 0 66 169 9602
4905 34 5042 0 133 152 9603
4905 11 5042 0 146 159 9604
4905 12 5039 0 7 35 9605
4905 6 5040 0 29 60 9606
4905 23 5041 0 102 36 9607
4905 22 5042 0 50 121 9608
4905 22 5042 0 118 4 9609
4905 3 5041 0 128 23 9610
4905 17 5042 0 102 59 9611
4905 6 5040 0 155 52 9612
4905 32 5040 0 113 48 9613
4905 15 5042 0 140 22 9614
4905 19 5041 0 25 122 9615
4905 10 5041 0 24 183 9616
4905 20 5040 0 166 118 9617
4910 44 7898 1 179 186 9618
4920 45 5059 0 179 186 9619
4920 22 5057 0 146 119 9620
4920 35 5055 0 66 134 9621
4920 40 5054 0 113 48 9622
4920 5 5055 0 127 27 9623
4920 25 5055 0 52 37 9624
4920 6 5056 0 95 77 9625
4920 16 5056 0 93 51 9626
4920 22 5056 0 118 4 9627
4920 37 5058 0 109 56 9628
4920 5 5056 0 128 23 9629
4920 17 5056 0 6 88 9630
4920 4 5055 0 122 58 9631
4920 5 5055 0 155 79 9632
4920 6 5058 0 113 13 9633
4920 6 5056 0 152 41 9634
4920 16 5057 0 123 1 9635
4920 4 5056 0 117 1 9636
4920 20 5056 0 67 20 9637
4920 7 5057 0 101 26 9638
4920 5 5056 0 72 194 9639
4920 33 5057 0 182 79 9640
4920 27 5054 0 133 152 9641
4920 41 5057 0 155 122 9642
4920 6 5056 0 103 22 9643
4929 59 7914 1 6 88 9644
4935 21 5071 0 146 119 9645
4935 8 5072 0 128 96 9646
4935 7 5071 0 103 1 9647
4935 3 5069 0 128 40 9648
4935 25 5073 0 99 9 9649
4935 21 5072 0 7 35 9650
4935 15 5071 0 166 118 9651
4935 15 5069 0 109 36 9652
4935 12 5071 0 132 13 9653
4935 22 5070 0 194 169 9654
4935 22 5074 0 188 80 9655
4935 18 5071 0 140 22 9656
4935 4 5072 0 122 58 9657
4935 6 5070 0 161 34 9658
4935 5 5069 0 10 193 9659
4935 17 5074 0 128 55 9660
4935 10 5070 0 105 143 9661
4935 33 5071 0 57 122 9662
4935 3 5070 0 164 40 9663
4935 4 5071 0 95 77 9664
4935 4 5073 0 96 13 9665
4935 5 5071 0 72 194 9666
4935 9 5070 0 108 31 9667
4935 12 5071 0 198 85 9668
4950 4 5087 0 128 23 9669
4950 3 5084 0 10 193 9670
4950 23 5087 0 166 118 9671
4950 42 5086 0 40 105 9672
4950 23 5086 0 105 42 9673
4950 74 7936 1 150 43 9674
4950 6 5086 0 24 195 9675
4950 4 5087 0 95 77 9676
4950 8 5086 0 109 1 9677
4950 9 5086 0 148 56 9678
4950 32 5085 0 16 120 9679
4950 12 5085 0 128 55 9680
4950 11 5084 0 108 58 9681
4950 28 5085 0 63 134 9682
4950 7 5084 0 138 36 9683
4950 20 5085 0 132 13 9684
4950 32 5086 0 102 140 9685
4950 20 5086 0 66 169 9686
4950 18 5088 0 140 22 9687
4950 24 5086 0 109 36 9688
4950 11 5085 0 113 13 9689
4950 5 5086 0 117 1 9690
4950 6 5087 0 72 194 9691
4950 32 5087 0 99 9 9692
4950 21 5085 0 146 119 9693
4950 9 5086 0 101 26 9694
4950 4 5083 0 122 58 9695
4950 39 5084 0 149 33 9696
4950 18 5087 0 102 36 9697
4950 6 5088 0 96 13 9698
4950 6 5087 0 185 66 9699
4950 12 5084 0 25 122 9700
4950 18 5087 0 118 4 9701
4950 7 5086 0 103 22 9702
4963 34 7948 1 100 167 9703
4965 12 5102 0 117 40 9704
4965 11 5102 0 142 143 9705
4965 3 5101 0 7 180 9706
4965 3 5101 0 128 23 9707
4965 41 5100 0 78 150 9708
4965 25 5100 0 102 140 9709
4965 15 5101 0 140 22 9710
4965 7 5102 0 155 52 9711
4965 30 5101 0 155 122 9712
4965 3 5100 0 161 34 9713
4965 12 5101 0 29 60 9714
4965 6 5101 0 103 22 9715
4965 10 5102 0 15 4 9716
4965 22 5101 0 105 42 9717
4965 39 5100 0 149 33 9718
4965 15 5101 0 198 85 9719
4965 5 5102 0 185 66 9720
4965 14 5101 0 132 13 9721
4965 5 5099 0 128 40 9722
4965 6 5102 0 94 1 9723
4965 8 5101 0 103 1 9724
4965 14 5101 0 143 170 9725
4965 6 5098 0 156 90 9726
4965 12 5102 0 118 4 9727
4965 10 5103 0 63 86 9728
4965 25 5100 0 128 55 9729
4972 80 7957 1 117 40 9730
4979 156 7966 1 2 3 9731
4980 12 5115 0 109 1 9732
4980 38 5114 0 179 186 9733
4980 6 5117 0 101 26 9734
4980 9 5115 0 46 189 9735
4980 41 5117 0 2 3 9736
4980 6 5116 0 128 23 9737
4980 15 5116 0 25 122 9738
4980 11 5116 0 103 1 9739
4980 25 5118 0 105 42 9740
4980 25 5114 0 128 55 9741
4980 25 5115 0 149 33 9742
4980 20 5115 0 40 59 9743
4980 20 5115 0 50 121 9744
4980 4 5117 0 155 79 9745
4980 6 5118 0 148 56 9746
4980 5 5117 0 117 1 9747
4980 17 5115 0 140 22 9748
4980 5 5117 0 7 180 9749
4980 41 5118 0 40 105 9750
4983 189 7971 1 96 13 9751
4992 189 7979 1 125 90 9752
4995 3 5130 0 185 66 9753
4995 26 5129 0 113 48 9754
4995 21 5128 0 55 108 9755
4995 6 5129 0 113 13 9756
4995 26 5130 0 78 150 9757
4995 10 5130 0 146 159 9758
4995 5 5131 0 95 77 9759
4995 11 5133 0 63 86 9760
4995 3 5130 0 117 1 9761
4995 6 5133 0 108 31 9762
4995 12 5132 0 101 26 9763
4995 4 5131 0 164 40 9764
4995 17 5132 0 198 85 9765
4995 15 5130 0 146 119 9766
4995 17 5129 0 86 23 9767
4995 31 5132 0 99 9 9768
4995 20 5133 0 105 42 9769
4995 43 5132 0 16 120 9770
4995 14 5129 0 50 121 9771
4995 5 5130 0 7 180 9772
4995 6 5132 0 103 22 9773
5005 40 7992 1 72 194 9774
5010 6 5147 0 117 1 9775
5010 7 5146 0 94 1 9776
5010 10 5147 0 103 22 9777
5010 5 5146 0 10 193 9778
5010 5 5147 0 164 40 9779
5010 25 5148 0 123 1 9780
5010 15 5146 0 140 22 9781
5010 32 5146 0 100 167 9782
5010 5 5147 0 127 27 9783
5010 23 5147 0 146 119 9784
5010 22 5147 0 128 55 9785
5010 34 5145 0 133 152 9786
5010 9 5146 0 113 13 9787
5010 25 5146 0 2 3 9788
5010 7 5146 0 108 31 9789
5010 23 5146 0 40 59 9790
5010 10 5146 0 101 26 9791
5010 10 5146 0 173 171 9792
5010 6 5144 0 185 66 9793
5010 3 5147 0 122 58 9794
5010 5 5149 0 128 40 9795
5010 26 5144 0 16 120 9796
5010 8 5146 0 117 40 9797
5010 45 5144 0 99 9 9798
5010 33 5149 0 102 140 9799
5010 12 5145 0 55 108 9800
5010 25 5147 0 194 169 9801
5025 3 5159 0 7 180 9802
5025 3 5160 0 37 7 9803
5025 33 5159 0 99 9 9804
5025 11 5161 0 101 26 9805
5025 13 5161 0 198 85 9806
5025 4 5162 0 152 41 9807
5025 3 5162 0 96 13 9808
5025 3 5161 0 185 66 9809
5025 10 5161 0 108 31 9810
5025 19 5164 0 52 37 9811
5025 3 5159 0 72 194 9812
5025 10 5162 0 155 52 9813
5025 8 5159 0 156 90 9814
5025 6 5159 0 128 23 9815
5025 11 5160 0 146 159 9816
5025 12 5162 0 22 41 9817
5025 6 5161 0 15 186 9818
5025 33 5159 0 109 56 9819
5025 3 5160 0 155 79 9820
5025 5 5161 0 128 40 9821
5025 8 5162 0 63 113 9822
5025 7 5161 0 178 113 9823
5025 9 5161 0 128 96 9824
5025 39 5162 0 16 120 9825
5025 12 5162 0 173 171 9826
5025 33 5162 0 2 3 9827
5025 17 5162 0 105 42 9828
5025 16 5163 0 140 22 9829
5025 9 5162 0 117 40 9830
5025 43 5162 0 63 134 9831
5025 19 5162 0 6 88 9832
5025 44 5161 0 18 115 9833
5025 13 5160 0 188 80 9834
5035 59 8021 1 95 77 9835
5040 22 5176 0 50 121 9836
5040 8 5174 0 63 113 9837
5040 32 5176 0 99 9 9838
5040 20 5175 0 6 88 9839
5040 9 5175 0 108 31 9840
5040 22 5178 0 67 20 9841
5040 10 5178 0 142 143 9842
5040 23 5179 0 52 37 9843
5040 22 5176 0 143 170 9844
5040 9 5177 0 101 26 9845
5040 16 5176 0 109 36 9846
5040 7 5175 0 113 13 9847
5040 22 5176 0 140 22 9848
5040 19 5176 0 25 122 9849
5040 4 5178 0 96 13 9850
5040 33 5175 0 63 134 9851
5040 19 5175 0 102 36 9852
5040 6 5175 0 63 86 9853
5040 12 5176 0 155 52 9854
5040 30 5176 0 100 167 9855
5040 18 5178 0 123 1 9856
5040 37 5175 0 109 56 9857
5040 6 5176 0 46 189 9858
5040 45 5176 0 120 146 9859
5040 6 5177 0 127 27 9860
5055 23 5190 0 109 36 9861
5055 4 5192 0 128 23 9862
5055 22 5190 0 105 42 9863
5055 7 5188 0 103 22 9864
5055 37 5193 0 78 150 9865
5055 25 5193 0 146 119 9866
5055 43 5191 0 102 140 9867
5055 13 5192 0 72 131 9868
5055 11 5193 0 155 52 9869
5055 12 5192 0 6 88 9870
5055 6 5189 0 7 180 9871
5055 15 5189 0 188 80 9872
5055 29 5190 0 153 145 9873
5055 5 5187 0 96 13 9874
5055 12 5193 0 142 143 9875
5055 16 5192 0 102 59 9876
5055 35 5191 0 40 105 9877
5055 28 5192 0 109 56 9878
5055 33 5190 0 83 108 9879
5055 5 5193 0 128 40 9880
5055 4 5192 0 72 194 9881
5055 37 5191 0 113 48 9882
5055 10 5192 0 148 56 9883
5055 43 5189 0 18 115 9884
5055 10 5191 0 156 90 9885
5055 10 5189 0 138 36 9886
5055 9 5191 0 63 113 9887
5055 12 5193 0 113 13 9888
5055 8 5188 0 117 40 9889
5055 16 5189 0 25 122 9890
5070 17 5205 0 194 169 9891
5070 11 5209 0 182 28 9892
5070 4 5206 0 152 41 9893
5070 42 5206 0 149 33 9894
5070 19 5208 0 198 85 9895
5070 9 5206 0 63 113 9896
5070 25 5205 0 132 13 9897
5070 10 5208 0 108 31 9898
5070 15 5207 0 93 51 9899
5070 10 5206 0 103 1 9900
5070 7 5208 0 142 143 9901
5070 11 5206 0 15 4 9902
5070 6 5206 0 96 13 9903
5070 6 5206 0 24 195 9904
5070 4 5206 0 128 40 9905
5070 12 5206 0 103 22 9906
5070 40 5206 0 99 9 9907
5070 6 5205 0 128 23 9908
5070 22 5204 0 125 90 9909
5070 8 5206 0 22 41 9910
5070 12 5206 0 13 75 9911
5070 16 5207 0 109 36 9912
5070 5 5206 0 127 27 9913
5070 28 5206 0 113 48 9914
5070 29 5206 0 2 3 9915
5070 10 5206 0 138 36 9916
5078 159 8064 1 188 80 9917
5085 40 5221 0 66 134 9918
5085 6 5221 0 15 186 9919
5085 24 5221 0 102 36 9920
5085 29 5222 0 18 115 9921
5085 9 5221 0 113 13 9922
5085 5 5221 0 122 58 9923
5085 6 5219 0 117 1 9924
5085 27 5222 0 113 48 9925
5085 14 5222 0 128 55 9926
5085 24 5221 0 118 4 9927
5085 13 5222 0 143 170 9928
5085 5 5221 0 152 41 9929
5085 33 5222 0 149 33 9930
5085 28 5219 0 133 152 9931
5085 12 5218 0 123 1 9932
5085 4 5220 0 37 7 9933
5085 15 5220 0 105 42 9934
5085 32 5224 0 78 150 9935
5085 19 5220 0 102 59 9936
5085 20 5220 0 66 169 9937
5085 58 8072 1 140 22 9938
5085 26 5221 0 83 108 9939
5085 22 5221 0 132 13 9940
5085 12 5219 0 182 28 9941
5085 28 5221 0 40 105 9942
5085 4 5221 0 128 23 9943
5085 16 5223 0 141 56 9944
5085 3 5222 0 72 194 9945
5085 10 5222 0 15 4 9946
5085 34 5221 0 99 9 9947
5100 25 5236 0 128 55 9948
5100 26 5239 0 63 134 9949
5100 17 5235 0 125 90 9950
5100 12 5236 0 101 26 9951
5100 11 5237 0 148 56 9952
5100 35 5235 0 18 115 9953
5100 36 5235 0 109 56 9954
5100 11 5236 0 138 36 9955
5100 13 5238 0 140 22 9956
5100 7 5237 0 109 1 9957
5100 5 5236 0 7 180 9958
5100 36 5236 0 99 9 9959
5100 20 5236 0 102 36 9960
5100 42 5236 0 150 43 9961
5100 3 5238 0 117 1 9962
5100 6 5237 0 63 86 9963
5100 6 5235 0 105 143 9964
5100 17 5236 0 109 36 9965
5100 16 5236 0 102 59 9966
5100 5 5236 0 24 195 9967
5100 26 5238 0 120 146 9968
5100 10 5236 0 113 13 9969
5100 9 5235 0 108 31 9970
5100 3 5237 0 122 58 9971
5100 11 5237 0 103 22 9972
5100 41 5237 0 40 105 9973
5100 8 5235 0 178 113 9974
5100 19 5238 0 132 13 9975
5100 15 5235 0 55 108 9976
5100 19 5236 0 105 42 9977
5100 23 5236 0 67 20 9978
5102 42 8088 1 96 13 9979
5110 50 8097 1 63 113 9980
5115 7 5251 0 178 113 9981
5115 18 5251 0 123 1 9982
5115 12 5251 0 6 88 9983
5115 16 5251 0 118 4 9984
5115 36 5250 0 155 122 9985
5115 6 5251 0 15 186 9986
5115 12 5252 0 63 113 9987
5115 3 5251 0 24 195 9988
5115 9 5251 0 103 22 9989
5115 14 5254 0 55 108 9990
5115 14 5251 0 166 118 9991
5115 15 5249 0 7 35 9992
5115 12 5253 0 141 56 9993
5115 6 5253 0 24 183 9994
5115 6 5249 0 142 143 9995
5115 39 5250 0 100 167 9996
5115 7 5249 0 146 159 9997
5115 15 5251 0 132 13 9998
5115 6 5250 0 96 13 9999
5115 8 5252 0 113 13 10000
5115 11 5251 0 155 52 10001
5115 5 5251 0 122 58 10002
5115 4 5250 0 152 41 10003
5115 36 5251 0 99 9 10004
5115 28 5252 0 78 150 10005
5115 7 5252 0 92 2 10006
5115 19 5249 0 188 80 10007
5115 25 5251 0 102 36 10008
5115 4 5250 0 117 1 10009
5115 32 5254 0 102 140 10010
5115 36 5252 0 133 152 10011
5115 23 5251 0 109 36 10012
5115 12 5251 0 140 22 10013
5117 49 8103 1 166 118 10014
5122 50 8108 1 127 27 10015
5128 35 8113 1 182 79 10016
5130 37 5269 0 16 120 10017
5130 6 5266 0 128 96 10018
5130 13 5267 0 99 1 10019
5130 3 5266 0 128 23 10020
5130 11 5267 0 138 36 10021
5130 24 5268 0 67 20 10022
5130 36 5267 0 182 79 10023
5130 12 5269 0 13 75 10024
5130 14 5268 0 132 13 10025
5130 5 5268 0 37 7 10026
5130 10 5266 0 101 26 10027
5130 40 5266 0 113 48 10028
5130 24 5264 0 6 88 10029
5130 21 5267 0 198 85 10030
5130 4 5266 0 127 27 10031
5130 5 5266 0 117 1 10032
5130 22 5265 0 140 22 10033
5130 28 5266 0 109 56 10034
5130 20 5265 0 25 122 10035
5130 44 5265 0 78 150 10036
5130 23 5267 0 125 90 10037
5130 11 5265 0 108 31 10038
5130 25 5266 0 143 170 10039
5130 7 5266 0 113 13 10040
5130 11 5267 0 92 2 10041
5130 23 5266 0 118 4 10042
5130 15 5266 0 194 169 10043
5130 4 5267 0 164 40 10044
5130 11 5264 0 146 159 10045
5130 34 5267 0 153 145 10046
5130 6 5266 0 72 194 10047
5131 162 8118 1 120 146 10048
5134 38 8119 1 94 1 10049
5145 12 5280 0 92 2 10050
5145 12 5279 0 105 143 10051
5145 42 5280 0 179 186 10052
5145 4 5280 0 152 41 10053
5145 11 5280 0 117 40 10054
5145 26 5281 0 2 3 10055
5145 23 5281 0 40 59 10056
5145 45 5282 0 100 167 10057
5145 7 5283 0 182 28 10058
5145 8 5282 0 146 159 10059
5145 7 5281 0 15 186 10060
5145 24 5279 0 109 36 10061
5145 36 5281 0 133 152 10062
5145 24 5283 0 99 1 10063
5145 22 5280 0 72 131 10064
5145 6 5281 0 24 183 10065
5145 43 5280 0 99 9 10066
5145 39 5281 0 66 134 10067
5145 10 5280 0 138 36 10068
5145 25 5282 0 143 170 10069
5145 7 5279 0 103 1 10070
5145 20 5283 0 105 42 10071
5145 4 5280 0 127 27 10072
5145 5 5280 0 128 23 10073
5145 11 5282 0 178 113 10074
5145 10 5279 0 103 22 10075
5145 5 5281 0 122 58 10076
5145 3 5281 0 117 1 10077
5145 6 5282 0 95 77 10078
5155 77 8139 1 108 58 10079
5160 21 5294 0 102 59 10080
5160 4 5296 0 96 13 10081
5160 6 5298 0 117 40 10082
5160 25 5297 0 110 114 10083
5160 22 5296 0 86 23 10084
5160 33 5297 0 109 56 10085
5160 21 5294 0 105 42 10086
5160 10 5297 0 63 86 10087
5160 37 5298 0 99 9 10088
5160 43 5296 0 179 186 10089
5160 18 5296 0 118 4 10090
5160 6 5295 0 24 195 10091
5160 6 5297 0 10 193 10092
5160 6 5298 0 122 58 10093
5160 6 5294 0 127 27 10094
5160 5 5296 0 128 40 10095
5160 17 5297 0 123 1 10096
5160 29 5296 0 66 134 10097
5160 29 5294 0 63 134 10098
5160 37 5297 0 149 33 10099
5160 16 5295 0 102 36 10100
5160 26 5293 0 113 48 10101
5160 12 5295 0 109 36 10102
5160 9 5297 0 15 186 10103
5160 14 5296 0 55 108 10104
5160 34 5296 0 120 146 10105
5160 6 5298 0 113 13 10106
5160 5 5295 0 164 40 10107
5160 6 5297 0 108 31 10108
5160 7 5295 0 156 90 10109
5160 4 5297 0 128 23 10110
5167 59 8155 1 66 134 10111
5175 45 5312 0 63 134 10112
5175 3 5310 0 164 40 10113
5175 4 5313 0 128 23 10114
5175 11 5312 0 182 28 10115
5175 10 5310 0 138 36 10116
5175 14 5313 0 123 1 10117
5175 6 5311 0 15 186 10118
5175 11 5313 0 22 41 10119
5175 39 5312 0 179 186 10120
5175 11 5310 0 101 26 10121
5175 17 5309 0 109 36 10122
5175 20 5311 0 118 4 10123
5175 10 5311 0 24 183 10124
5175 6 5311 0 63 113 10125
5175 25 5311 0 149 33 10126
5175 11 5308 0 105 143 10127
5175 9 5312 0 108 58 10128
5175 6 5312 0 122 58 10129
5175 43 5311 0 100 167 10130
5175 4 5309 0 117 1 10131
5175 10 5312 0 178 113 10132
5175 20 5310 0 102 59 10133
5175 8 5312 0 155 52 10134
5175 25 5311 0 40 59 10135
5175 7 5311 0 117 40 10136
5175 5 5313 0 127 27 10137
5175 6 5312 0 24 195 10138
5175 4 5312 0 72 194 10139
5175 11 5310 0 108 31 10140
5190 6 5326 0 24 183 10141
5190 25 5327 0 118 4 10142
5190 38 5326 0 149 33 10143
5190 16 5326 0 72 131 10144
5190 44 5327 0 113 48 10145
5190 23 5324 0 102 59 10146
5190 15 5325 0 99 1 10147
5190 3 5326 0 96 13 10148
5190 9 5329 0 182 28 10149
5190 44 5326 0 2 3 10150
5190 10 5327 0 113 13 10151
5190 18 5328 0 128 55 10152
5190 16 5326 0 105 42 10153
5190 3 5328 0 7 180 10154
5190 11 5325 0 92 2 10155
5190 3 5324 0 127 27 10156
5190 22 5328 0 146 119 10157
5190 30 5327 0 99 9 10158
5190 6 5326 0 128 40 10159
5190 10 5326 0 138 36 10160
5190 15 5327 0 188 80 10161
5190 33 5326 0 63 134 10162
5190 23 5326 0 6 88 10163
5190 19 5327 0 66 169 10164
5190 11 5327 0 105 143 10165
5190 3 5326 0 122 58 10166
5190 25 5323 0 67 20 10167
5190 12 5327 0 94 1 10168
5190 12 5325 0 103 22 10169
5196 38 8181 1 164 40 10170
5205 6 5343 0 155 79 10171
5205 15 5340 0 132 13 10172
5205 8 5342 0 117 40 10173
5205 19 5342 0 128 55 10174
5205 15 5340 0 102 36 10175
5205 15 5341 0 143 170 10176
5205 37 5343 0 100 167 10177
5205 24 5343 0 102 59 10178
5205 9 5342 0 108 31 10179
5205 4 5342 0 164 40 10180
5205 6 5340 0 96 13 10181
5205 27 5340 0 63 134 10182
5205 41 5341 0 113 48 10183
5205 4 5339 0 128 23 10184
5205 24 5339 0 109 36 10185
5205 13 5341 0 13 75 10186
5205 13 5341 0 66 169 10187
5205 15 5344 0 72 131 10188
5205 3 5343 0 185 66 10189
5205 43 5341 0 102 140 10190
5205 7 5340 0 22 41 10191
5205 18 5341 0 118 4 10192
5205 23 5340 0 99 1 10193
5205 40 5343 0 99 9 10194
5205 43 5339 0 57 122 10195
5205 25 5341 0 52 37 10196
5205 12 5341 0 103 1 10197
5205 26 5343 0 109 56 10198
5212 117 8198 1 7 180 10199
5220 39 5356 0 150 43 10200
5220 31 5356 0 113 48 10201
5220 12 5357 0 103 22 10202
5220 20 5355 0 110 114 10203
5220 8 5356 0 113 13 10204
5220 19 5355 0 198 85 10205
5220 10 5355 0 103 1 10206
5220 6 5357 0 10 193 10207
5220 12 5357 0 138 36 10208
5220 10 5356 0 155 52 10209
5220 3 5357 0 155 79 10210
5220 16 5355 0 146 119 10211
5220 6 5354 0 7 180 10212
5220 23 5357 0 99 1 10213
5220 19 5355 0 132 13 10214
5220 16 5354 0 52 37 10215
5220 6 5358 0 95 77 10216
5220 14 5356 0 140 22 10217
5220 9 5357 0 117 40 10218
5220 6 5355 0 122 58 10219
5220 14 5358 0 6 88 10220
5220 40 8208 1 117 1 10221
5220 25 5355 0 57 122 10222
5220 14 5356 0 50 121 10223
5220 8 5355 0 148 56 10224
5220 7 5356 0 63 86 10225
5220 8 5355 0 22 41 10226
5220 10 5358 0 101 26 10227
5220 25 5355 0 109 56 10228
5220 34 5358 0 149 33 10229
5220 12 5356 0 178 113 10230
5235 18 5372 0 102 59 10231
5235 6 5373 0 178 113 10232
5235 6 5371 0 108 31 10233
5235 12 5369 0 113 13 10234
5235 6 5371 0 164 40 10235
5235 37 5371 0 120 146 10236
5235 13 5373 0 105 42 10237
5235 7 5372 0 138 36 10238
5235 6 5370 0 128 40 10239
5235 37 5368 0 113 48 10240
5235 22 5371 0 123 1 10241
5235 10 5372 0 46 189 10242
5235 25 5373 0 109 36 10243
5235 40 5369 0 63 134 10244
5235 18 5371 0 166 118 10245
5235 16 5371 0 72 131 10246
5235 40 5370 0 109 56 10247
5235 10 5372 0 94 1 10248
5235 15 5370 0 102 36 10249
5235 3 5370 0 152 41 10250
5235 38 5371 0 150 43 10251
5235 3 5372 0 117 1 10252
5235 7 5370 0 155 52 10253
5239 40 8223 1 55 108 10254
5250 9 5387 0 113 13 10255
5250 21 5386 0 102 36 10256
5250 12 5386 0 105 42 10257
5250 3 5387 0 127 27 10258
5250 7 5388 0 142 143 10259
5250 13 5387 0 146 119 10260
5250 7 5385 0 92 2 10261
5250 8 5387 0 109 1 10262
5250 10 5387 0 105 143 10263
5250 3 5386 0 117 1 10264
5250 20 5387 0 6 88 10265
5250 20 5386 0 109 36 10266
5250 43 5385 0 99 9 10267
5250 43 5387 0 179 186 10268
5250 27 5384 0 102 140 10269
5250 12 5388 0 86 23 10270
5250 8 5384 0 101 26 10271
5250 8 5384 0 24 183 10272
5250 43 5386 0 149 33 10273
5250 31 5386 0 109 56 10274
5250 7 5385 0 148 56 10275
5250 3 5386 0 185 66 10276
5250 11 5388 0 94 1 10277
5250 12 5387 0 108 31 10278
5250 15 5386 0 194 169 10279
5250 20 5386 0 128 55 10280
5250 6 5386 0 122 58 10281
5250 26 5384 0 2 3 10282
5250 44 5387 0 78 150 10283
5265 7 5403 0 101 26 10284
5265 23 5399 0 146 119 10285
5265 12 5402 0 63 113 10286
5265 6 5400 0 96 13 10287
5265 19 5401 0 93 51 10288
5265 19 5400 0 118 4 10289
5265 6 5403 0 92 2 10290
5265 5 5402 0 155 79 10291
5265 17 5401 0 66 169 10292
5265 11 5401 0 63 86 10293
5265 25 5401 0 109 56 10294
5265 4 5401 0 128 40 10295
5265 43 5399 0 149 33 10296
5265 12 5401 0 141 56 10297
5265 12 5402 0 15 4 10298
5265 21 5402 0 7 35 10299
5265 5 5401 0 117 1 10300
5265 6 5400 0 113 13 10301
5265 40 5401 0 150 43 10302
5265 20 5399 0 143 170 10303
5265 6 5402 0 127 27 10304
5265 12 5399 0 94 1 10305
5265 19 5401 0 102 36 10306
5268 84 8253 1 133 152 10307
5273 48 8258 1 99 9 10308
5280 12 5416 0 6 88 10309
5280 24 5416 0 105 42 10310
5280 33 5416 0 102 140 10311
5280 17 5416 0 86 23 10312
5280 11 5417 0 113 13 10313
5280 30 5418 0 120 146 10314
5280 6 5414 0 117 1 10315
5280 33 5416 0 99 9 10316
5280 25 5418 0 7 35 10317
5280 12 5418 0 63 86 10318
5280 12 5416 0 140 22 10319
5280 3 5416 0 122 58 10320
5280 3 5415 0 128 23 10321
5280 6 5416 0 117 40 10322
5280 3 5415 0 95 77 10323
5280 6 5417 0 72 194 10324
5280 24 5415 0 109 36 10325
5280 24 5415 0 13 75 10326
5280 8 5414 0 105 143 10327
5280 35 5414 0 109 56 10328
5280 20 5416 0 67 20 10329
5280 5 5416 0 127 27 10330
5280 9 5414 0 108 58 10331
5280 8 5417 0 108 31 10332
5280 35 5417 0 149 33 10333
5280 13 5414 0 128 55 10334
5280 13 5416 0 194 169 10335
5280 8 5417 0 138 36 10336
5280 6 5415 0 101 26 10337
5280 19 5414 0 102 36 10338
5280 6 5419 0 10 193 10339
5280 9 5417 0 29 60 10340
5280 3 5417 0 128 40 10341
5291 152 8274 1 67 20 10342
5295 33 5431 0 149 33 10343
5295 39 5431 0 83 108 10344
5295 15 5429 0 118 4 10345
5295 6 5428 0 173 171 10346
5295 27 5431 0 153 145 10347
5295 3 5430 0 117 1 10348
5295 6 5430 0 101 26 10349
5295 42 5432 0 99 9 10350
5295 30 5430 0 102 140 10351
5295 13 5430 0 102 36 10352
5295 6 5432 0 155 52 10353
5295 6 5429 0 113 13 10354
5295 41 5432 0 133 152 10355
5295 7 5429 0 148 56 10356
5295 5 5431 0 164 40 10357
5295 22 5429 0 194 169 10358
5295 13 5431 0 198 85 10359
5295 12 5432 0 103 22 10360
5295 37 5430 0 113 48 10361
5295 41 5431 0 78 150 10362
5295 8 5433 0 63 113 10363
5295 12 5431 0 108 58 10364
5295 5 5432 0 155 79 10365
5295 21 5430 0 109 36 10366
5295 28 5430 0 40 105 10367
5295 23 5430 0 13 75 10368
5295 21 5431 0 166 118 10369
5310 30 5445 0 109 56 10370
5310 23 5446 0 13 75 10371
5310 25 5447 0 143 170 10372
5310 21 5447 0 66 169 10373
5310 15 5448 0 102 59 10374
5310 3 5447 0 128 40 10375
5310 24 5446 0 105 42 10376
5310 7 5446 0 108 31 10377
5310 3 5446 0 127 27 10378
5310 12 5446 0 113 13 10379
5310 4 5445 0 96 13 10380
5310 44 5447 0 57 122 10381
5310 9 5447 0 15 186 10382
5310 38 5448 0 78 150 10383
5310 17 5446 0 123 1 10384
5310 14 5445 0 140 22 10385
5310 23 5446 0 50 121 10386
5310 12 5444 0 109 36 10387
5310 14 5445 0 128 55 10388
5310 7 5447 0 15 4 10389
5310 35 5447 0 102 140 10390
5310 38 5446 0 18 115 10391
5310 12 5446 0 101 26 10392
5310 12 5447 0 156 90 10393
5325 24 5463 0 13 75 10394
5325 6 5464 0 152 41 10395
5325 18 5461 0 105 42 10396
5325 5 5460 0 127 27 10397
5325 3 5463 0 95 77 10398
5325 5 5462 0 122 58 10399
5325 3 5462 0 24 195 10400
5325 41 5462 0 16 120 10401
5325 11 5461 0 128 96 10402
5325 11 5461 0 138 36 10403
5325 15 5462 0 143 170 10404
5325 31 5463 0 153 145 10405
5325 7 5459 0 94 1 10406
5325 11 5461 0 105 143 10407
5325 14 5462 0 140 22 10408
5325 8 5463 0 63 86 10409
5325 6 5460 0 15 186 10410
5325 3 5464 0 37 7 10411
5325 4 5461 0 96 13 10412
5325 7 5462 0 113 13 10413
5325 20 5460 0 118 4 10414
5325 16 5461 0 194 169 10415
5325 7 5459 0 29 60 10416
5325 24 5460 0 132 13 10417
5325 23 5462 0 99 1 10418
5325 5 5461 0 164 40 10419
5325 3 5461 0 72 194 10420
5325 6 5462 0 117 40 10421
5325 34 5460 0 100 167 10422
5340 15 5476 0 102 59 10423
5340 23 5477 0 128 55 10424
5340 35 5478 0 66 134 10425
5340 20 5475 0 166 118 10426
5340 31 5476 0 109 56 10427
5340 14 5476 0 123 1 10428
5340 7 5475 0 103 1 10429
5340 3 5477 0 128 40 10430
5340 12 5476 0 22 41 10431
5340 3 5475 0 117 1 10432
5340 6 5479 0 128 23 10433
5340 26 5476 0 155 122 10434
5340 40 5475 0 16 120 10435
5340 9 5478 0 138 36 10436
5340 39 5475 0 57 122 10437
5340 24 5476 0 99 1 10438
5340 6 5477 0 7 180 10439
5340 35 5476 0 99 9 10440
5340 8 5475 0 103 22 10441
5340 3 5476 0 127 27 10442
5340 6 5476 0 37 7 10443
5340 11 5478 0 142 143 10444
5340 18 5476 0 132 13 10445
5340 42 5475 0 2 3 10446
5340 28 5475 0 78 150 10447
5340 19 5475 0 102 36 10448
5340 25 5476 0 118 4 10449
5340 6 5477 0 24 183 10450
5340 12 5476 0 101 26 10451
5340 29 5476 0 102 140 10452
5340 33 5476 0 149 33 10453
5340 12 5477 0 105 143 10454
5340 12 5474 0 173 171 10455
5340 13 5479 0 125 90 10456
5340 19 5477 0 109 36 10457
5340 11 5476 0 94 1 10458
5343 67 8328 1 29 60 10459
5355 19 5490 0 118 4 10460
5355 22 5492 0 67 20 10461
5355 22 5491 0 93 51 10462
5355 4 5492 0 96 13 10463
5355 6 5492 0 138 36 10464
5355 12 5490 0 108 58 10465
5355 8 5491 0 101 26 10466
5355 5 5493 0 152 41 10467
5355 17 5493 0 132 13 10468
5355 8 5491 0 63 113 10469
5355 4 5491 0 161 34 10470
5355 11 5491 0 173 171 10471
5355 15 5493 0 128 55 10472
5355 30 5491 0 109 56 10473
5355 34 5490 0 66 134 10474
5355 3 5492 0 185 66 10475
5355 3 5492 0 122 58 10476
5355 13 5492 0 125 90 10477
5355 26 5490 0 150 43 10478
5355 11 5492 0 108 31 10479
5355 21 5492 0 123 1 10480
5355 14 5491 0 109 36 10481
5355 28 5493 0 133 152 10482
5355 24 5491 0 140 22 10483
5355 6 5490 0 128 40 10484
5355 3 5490 0 128 23 10485
5355 8 5492 0 103 1 10486
5365 63 8351 1 113 48 10487
5370 23 5505 0 109 36 10488
5370 11 5506 0 138 36 10489
5370 4 5507 0 127 27 10490
5370 3 5508 0 185 66 10491
5370 25 5504 0 141 56 10492
5370 39 5506 0 149 33 10493
5370 43 5505 0 113 48 10494
5370 4 5508 0 10 193 10495
5370 6 5506 0 103 1 10496
5370 18 5506 0 52 37 10497
5370 3 5505 0 128 40 10498
5370 15 5506 0 105 42 10499
5370 22 5507 0 40 59 10500
5370 21 5508 0 123 1 10501
5370 12 5508 0 29 60 10502
5370 20 5505 0 128 55 10503
5370 42 5506 0 99 9 10504
5370 15 5505 0 118 4 10505
5370 6 5507 0 109 1 10506
5370 32 5508 0 16 120 10507
5370 11 5505 0 108 58 10508
5370 6 5507 0 117 1 10509
5370 22 5505 0 93 51 10510
5370 6 5505 0 37 7 10511
5370 7 5507 0 113 13 10512
5370 33 5504 0 2 3 10513
5370 25 5505 0 83 108 10514
5370 29 5505 0 40 105 10515
5370 11 5507 0 15 4 10516
5370 20 5504 0 140 22 10517
5371 35 8354 1 25 122 10518
5385 24 5523 0 52 37 10519
5385 4 5522 0 128 23 10520
5385 25 5521 0 123 1 10521
5385 5 5521 0 122 58 10522
5385 12 5520 0 128 96 10523
5385 31 5520 0 150 43 10524
5385 19 5522 0 40 59 10525
5385 6 5518 0 155 79 10526
5385 6 5520 0 185 66 10527
5385 20 5520 0 140 22 10528
5385 11 5520 0 155 52 10529
5385 42 5521 0 83 108 10530
5385 10 5522 0 46 189 10531
5385 3 5523 0 24 195 10532
5385 22 5521 0 102 59 10533
5385 10 5521 0 113 13 10534
5385 6 5520 0 146 159 10535
5385 11 5523 0 105 143 10536
5385 6 5519 0 164 40 10537
5385 3 5519 0 96 13 10538
5385 6 5519 0 173 171 10539
5385 18 5520 0 109 36 10540
5385 5 5521 0 152 41 10541
5385 25 5520 0 105 42 10542
5385 42 5520 0 16 120 10543
5400 15 5537 0 194 169 10544
5400 12 5536 0 24 183 10545
5400 7 5537 0 92 2 10546
5400 5 5535 0 117 1 10547
5400 4 5535 0 10 193 10548
5400 36 5536 0 99 9 10549
5400 3 5537 0 7 180 10550
5400 36 5537 0 113 48 10551
5400 7 5537 0 101 26 10552
5400 44 5535 0 57 122 10553
5400 37 5536 0 149 33 10554
5400 25 5537 0 198 85 10555
5400 6 5538 0 109 1 10556
5400 16 5537 0 110 114 10557
5400 19 5535 0 123 1 10558
5400 15 5535 0 52 37 10559
5400 7 5536 0 46 189 10560
5400 10 5538 0 178 113 10561
5400 6 5536 0 29 60 10562
5400 24 5538 0 143 170 10563
5400 12 5535 0 6 88 10564
5400 44 5535 0 155 122 10565
5400 44 5535 0 109 56 10566
5400 3 5534 0 128 40 10567
5400 20 5539 0 132 13 10568
5400 22 5535 0 140 22 10569
5400 12 5537 0 108 31 10570
5400 16 5536 0 118 4 10571
5400 10 5536 0 156 90 10572
5400 7 5536 0 103 22 10573
5405 53 8393 1 156 90 10574
5415 14 5551 0 55 108 10575
5415 9 5552 0 113 13 10576
5415 42 5553 0 153 145 10577
5415 3 5550 0 128 23 10578
5415 38 5551 0 40 105 10579
5415 9 5550 0 138 36 10580
5415 19 5549 0 143 170 10581
5415 8 5554 0 15 186 10582
5415 20 5551 0 123 1 10583
5415 6 5551 0 152 41 10584
5415 24 5552 0 66 169 10585
5415 8 5553 0 103 1 10586
5415 74 8401 1 24 183 10587
5415 40 5551 0 109 56 10588
5415 23 5549 0 109 36 10589
5415 22 5551 0 128 55 10590
5415 24 5551 0 166 118 10591
5415 12 5550 0 156 90 10592
5415 15 5553 0 140 22 10593
5415 25 5552 0 133 152 10594
5415 6 5553 0 122 58 10595
5415 31 5549 0 78 150 10596
5415 5 5552 0 161 34 10597
5415 14 5552 0 132 13 10598
5415 11 5552 0 103 22 10599
5415 4 5551 0 117 1 10600
5415 6 5553 0 24 195 10601
5415 12 5549 0 102 36 10602
5415 12 5551 0 117 40 10603
5415 40 5551 0 83 108 10604
5416 57 8401 1 7 35 10605
5430 4 5567 0 161 34 10606
5430 31 5567 0 149 33 10607
5430 5 5566 0 72 194 10608
5430 28 5564 0 109 56 10609
5430 7 5567 0 46 189 10610
5430 24 5566 0 140 22 10611
5430 17 5567 0 188 80 10612
5430 6 5565 0 122 58 10613
5430 12 5567 0 109 1 10614
5430 6 5565 0 96 13 10615
5430 25 5564 0 99 1 10616
5430 5 5566 0 37 7 10617
5430 17 5566 0 102 59 10618
5430 6 5567 0 10 193 10619
5430 14 5566 0 102 36 10620
5430 9 5564 0 108 58 10621
5430 33 5567 0 83 108 10622
5430 4 5565 0 117 1 10623
5430 16 5565 0 198 85 10624
5430 6 5567 0 15 4 10625
5430 22 5568 0 7 35 10626
5430 23 5565 0 110 114 10627
5430 32 5565 0 153 145 10628
5430 8 5568 0 105 143 10629
5430 13 5568 0 118 4 10630
5430 12 5566 0 123 1 10631
5430 4 5567 0 128 23 10632
5430 45 5564 0 66 134 10633
5430 6 5565 0 128 96 10634
5430 12 5567 0 148 56 10635
5445 4 5580 0 10 193 10636
5445 8 5583 0 108 58 10637
5445 6 5580 0 108 31 10638
5445 21 5580 0 25 122 10639
5445 8 5581 0 101 26 10640
5445 3 5581 0 155 79 10641
5445 40 5582 0 99 9 10642
5445 17 5581 0 13 75 10643
5445 21 5578 0 132 13 10644
5445 12 5581 0 103 22 10645
5445 8 5581 0 182 28 10646
5445 30 5581 0 150 43 10647
5445 3 5581 0 96 13 10648
5445 31 5582 0 153 145 10649
5445 35 5579 0 149 33 10650
5445 17 5583 0 194 169 10651
5445 36 5581 0 102 140 10652
5445 36 5579 0 109 56 10653
5445 39 5582 0 182 79 10654
5445 24 5582 0 140 22 10655
5445 24 5582 0 6 88 10656
5445 14 5582 0 110 114 10657
5445 5 5582 0 128 23 10658
5445 43 5583 0 133 152 10659
5445 20 5580 0 141 56 10660
5445 9 5580 0 113 13 10661
5445 10 5582 0 109 1 10662
5459 34 8445 1 83 108 10663
5460 10 5597 0 108 58 10664
5460 4 5596 0 128 23 10665
5460 3 5595 0 152 41 10666
5460 15 5597 0 50 121 10667
5460 23 5595 0 55 108 10668
5460 25 5596 0 83 108 10669
5460 24 5599 0 102 59 10670
5460 25 5596 0 150 43 10671
5460 40 5597 0 133 152 10672
5460 12 5598 0 63 86 10673
5460 25 5596 0 109 56 10674
5460 24 5595 0 194 169 10675
5460 13 5597 0 105 42 10676
5460 7 5596 0 103 1 10677
5460 6 5595 0 155 52 10678
5460 13 5594 0 13 75 10679
5460 21 5596 0 118 4 10680
5460 19 5597 0 66 169 10681
5460 13 5597 0 67 20 10682
5460 7 5596 0 24 183 10683
5460 18 5595 0 109 36 10684
5460 7 5596 0 101 26 10685
5460 37 5595 0 63 134 10686
5460 12 5596 0 140 22 10687
5460 3 5596 0 128 40 10688
5460 12 5594 0 128 96 10689
5460 17 5594 0 132 13 10690
5460 4 5597 0 127 27 10691
5460 15 5597 0 146 119 10692
5460 45 5597 0 120 146 10693
5460 6 5596 0 10 193 10694
5460 5 5597 0 164 40 10695
5460 8 5596 0 15 4 10696
5460 12 5593 0 128 55 10697
5460 12 5595 0 25 122 10698
5460 10 5595 0 108 31 10699
5475 7 5609 0 155 52 10700
5475 7 5614 0 103 22 10701
5475 31 5611 0 99 9 10702
5475 5 5611 0 95 77 10703
5475 8 5610 0 105 143 10704
5475 5 5609 0 122 58 10705
5475 35 5613 0 66 134 10706
5475 6 5611 0 128 40 10707
5475 5 5612 0 37 7 10708
5475 4 5611 0 128 23 10709
5475 7 5611 0 128 96 10710
5475 22 5614 0 93 51 10711
5475 20 5610 0 118 4 10712
5475 13 5610 0 102 36 10713
5475 6 5610 0 161 34 10714
5475 44 5612 0 120 146 10715
5475 4 5612 0 96 13 10716
5475 44 5611 0 155 122 10717
5475 31 5610 0 78 150 10718
5475 6 5612 0 113 13 10719
5475 11 5612 0 108 31 10720
5475 37 5611 0 113 48 10721
5475 25 5613 0 140 22 10722
5475 21 5609 0 25 122 10723
5475 36 5612 0 40 105 10724
5475 24 5610 0 110 114 10725
5475 34 5613 0 102 140 10726
5475 9 5613 0 94 1 10727
5485 53 8471 1 57 122 10728
5490 12 5624 0 86 23 10729
5490 19 5626 0 40 59 10730
5490 5 5627 0 37 7 10731
5490 9 5626 0 178 113 10732
5490 19 5628 0 128 55 10733
5490 10 5625 0 128 96 10734
5490 29 5624 0 155 122 10735
5490 5 5626 0 152 41 10736
5490 40 5627 0 109 56 10737
5490 24 5626 0 66 169 10738
5490 12 5624 0 108 31 10739
5490 14 5628 0 188 80 10740
5490 3 5626 0 128 23 10741
5490 11 5626 0 108 58 10742
5490 6 5627 0 96 13 10743
5490 20 5626 0 118 4 10744
5490 11 5625 0 101 26 10745
5490 43 5628 0 120 146 10746
5490 16 5626 0 99 1 10747
5490 7 5626 0 117 40 10748
5490 19 5626 0 123 1 10749
5490 3 5625 0 185 66 10750
5490 15 5626 0 105 42 10751
5490 19 5625 0 132 13 10752
5490 14 5626 0 109 36 10753
5490 4 5628 0 128 40 10754
5490 18 5626 0 102 36 10755
5505 4 5640 0 185 66 10756
5505 17 5641 0 128 55 10757
5505 16 5642 0 40 59 10758
5505 4 5642 0 96 13 10759
5505 6 5640 0 161 34 10760
5505 7 5641 0 138 36 10761
5505 20 5642 0 86 23 10762
5505 32 5641 0 63 134 10763
5505 34 5640 0 66 134 10764
5505 43 5639 0 153 145 10765
5505 11 5639 0 101 26 10766
5505 9 5641 0 117 40 10767
5505 40 8491 1 128 96 10768
5505 11 5642 0 103 22 10769
5505 22 5642 0 123 1 10770
5505 26 5641 0 40 105 10771
5505 25 5638 0 166 118 10772
5505 6 5642 0 10 193 10773
5505 23 5641 0 102 59 10774
5505 11 5641 0 108 31 10775
5505 20 5641 0 198 85 10776
5505 38 5639 0 149 33 10777
5505 11 5640 0 155 52 10778
5505 9 5640 0 113 13 10779
5505 10 5643 0 173 171 10780
5505 11 5643 0 105 143 10781
5505 13 5639 0 146 119 10782
5505 39 5641 0 16 120 10783
5505 17 5639 0 118 4 10784
5505 45 5642 0 102 140 10785
5505 23 5642 0 109 36 10786
5505 5 5641 0 127 27 10787
5505 33 5641 0 182 79 10788
5505 5 5642 0 117 1 10789
5511 57 8496 1 198 85 10790
5520 10 5655 0 156 90 10791
5520 37 5658 0 100 167 10792
5520 11 5656 0 138 36 10793
5520 16 5654 0 102 59 10794
5520 19 5657 0 194 169 10795
5520 6 5655 0 95 77 10796
5520 6 5655 0 108 58 10797
5520 12 5655 0 117 40 10798
5520 20 5656 0 13 75 10799
5520 19 5656 0 25 122 10800
5520 21 5657 0 40 59 10801
5520 4 5655 0 122 58 10802
5520 3 5657 0 128 40 10803
5520 4 5653 0 128 23 10804
5520 12 5657 0 113 13 10805
5520 3 5654 0 117 1 10806
5520 22 5657 0 140 22 10807
5520 23 5655 0 128 55 10808
5520 24 5656 0 66 169 10809
5520 7 5654 0 24 183 10810
5520 19 5654 0 118 4 10811
5520 12 5657 0 108 31 10812
5520 29 5655 0 153 145 10813
5520 10 5654 0 142 143 10814
5520 45 5657 0 109 56 10815
5520 41 5655 0 113 48 10816
5520 10 5656 0 173 171 10817
5520 17 5658 0 50 121 10818
5520 7 5655 0 103 22 10819
5520 12 5656 0 132 13 10820
5520 24 5657 0 146 119 10821
5520 17 5656 0 93 51 10822
5520 22 5656 0 67 20 10823
5529 39 8517 1 16 120 10824
5535 24 5671 0 25 122 10825
5535 19 5671 0 140 22 10826
5535 33 5672 0 155 122 10827
5535 5 5672 0 128 23 10828
5535 39 5670 0 78 150 10829
5535 12 5671 0 110 114 10830
5535 6 5668 0 46 189 10831
5535 25 5672 0 102 140 10832
5535 12 5672 0 148 56 10833
5535 4 5669 0 117 1 10834
5535 42 5670 0 99 9 10835
5535 3 5671 0 185 66 10836
5535 6 5671 0 109 1 10837
5535 15 5669 0 188 80 10838
5535 34 5670 0 153 145 10839
5535 15 5670 0 86 23 10840
5535 9 5672 0 142 143 10841
5535 10 5670 0 156 90 10842
5535 12 5670 0 93 51 10843
5535 15 5670 0 132 13 10844
5535 21 5673 0 123 1 10845
5535 13 5669 0 67 20 10846
5535 17 5671 0 105 42 10847
5535 45 5671 0 16 120 10848
5535 11 5671 0 15 4 10849
5535 27 5670 0 109 56 10850
5535 32 5670 0 40 105 10851
5535 4 5672 0 161 34 10852
5535 13 5674 0 102 36 10853
5546 65 8532 1 110 114 10854
5550 42 5685 0 149 33 10855
5550 12 5687 0 113 13 10856
5550 7 5687 0 155 52 10857
5550 45 5686 0 99 9 10858
5550 31 5689 0 109 56 10859
5550 25 5686 0 118 4 10860
5550 7 5686 0 92 2 10861
5550 9 5686 0 117 40 10862
5550 9 5688 0 108 31 10863
5550 10 5687 0 103 22 10864
5550 18 5687 0 40 59 10865
5550 5 5686 0 37 7 10866
5550 4 5685 0 24 195 10867
5550 5 5686 0 155 79 10868
5550 8 5686 0 138 36 10869
5550 17 5685 0 128 55 10870
5550 5 5686 0 117 1 10871
5550 11 5686 0 94 1 10872
5550 11 5687 0 29 60 10873
5550 3 5686 0 128 40 10874
5550 19 5686 0 7 35 10875
5550 22 5685 0 102 36 10876
5550 20 5687 0 198 85 10877
5550 6 5687 0 103 1 10878
5550 20 5687 0 132 13 10879
5550 22 5685 0 123 1 10880
5550 6 5687 0 15 186 10881
5550 6 5686 0 128 23 10882
5550 6 5688 0 101 26 10883
5550 42 5687 0 40 105 10884
5557 70 8541 1 37 7 10885
5565 11 5701 0 94 1 10886
5565 32 5702 0 155 122 10887
5565 13 5702 0 67 20 10888
5565 12 5700 0 105 143 10889
5565 16 5704 0 99 1 10890
5565 4 5701 0 72 194 10891
5565 12 5701 0 103 1 10892
5565 15 5701 0 102 36 10893
5565 9 5699 0 138 36 10894
5565 14 5702 0 105 42 10895
5565 10 5702 0 178 113 10896
5565 10 5700 0 156 90 10897
5565 23 5699 0 125 90 10898
5565 22 5703 0 141 56 10899
5565 4 5701 0 96 13 10900
5565 11 5702 0 128 96 10901
5565 9 5701 0 109 1 10902
5565 39 5700 0 113 48 10903
5565 16 5699 0 143 170 10904
5565 35 5702 0 83 108 10905
5565 5 5702 0 24 195 10906
5565 5 5703 0 117 1 10907
5565 35 5701 0 16 120 10908
5565 29 5702 0 149 33 10909
5568 30 8553 1 93 51 10910
5568 104 8555 1 166 118 10911
5568 38 8554 1 153 145 10912
5580 3 5714 0 117 1 10913
5580 5 5719 0 7 180 10914
5580 10 5716 0 29 60 10915
5580 7 5718 0 63 86 10916
5580 21 5716 0 102 36 10917
5580 10 5715 0 148 56 10918
5580 12 5714 0 94 1 10919
5580 8 5716 0 15 186 10920
5580 6 5716 0 113 13 10921
5580 7 5716 0 146 159 10922
5580 23 5714 0 72 131 10923
5580 6 5716 0 152 41 10924
5580 32 5715 0 109 56 10925
5580 37 5718 0 99 9 10926
5580 3 5714 0 24 195 10927
5580 13 5715 0 67 20 10928
5580 12 5718 0 103 22 10929
5580 7 5715 0 105 143 10930
5580 12 5718 0 140 22 10931
5580 23 5716 0 132 13 10932
5580 18 5717 0 194 169 10933
5580 10 5715 0 182 28 10934
5580 16 5715 0 102 59 10935
5580 5 5714 0 128 23 10936
5580 18 5716 0 143 170 10937
5580 29 5716 0 57 122 10938
5580 42 5717 0 113 48 10939
5580 7 5715 0 15 4 10940
5580 3 5714 0 128 40 10941
5580 9 5715 0 117 40 10942
5583 71 8570 1 173 171 10943
5595 24 5731 0 132 13 10944
5595 6 5731 0 128 23 10945
5595 11 5732 0 29 60 10946
5595 18 5732 0 93 51 10947
5595 9 5732 0 108 58 10948
5595 35 5729 0 66 134 10949
5595 3 5731 0 117 1 10950
5595 14 5732 0 128 55 10951
5595 21 5731 0 25 122 10952
5595 12 5728 0 117 40 10953
5595 45 5733 0 102 140 10954
5595 4 5731 0 24 195 10955
5595 6 5731 0 128 40 10956
5595 24 5731 0 66 169 10957
5595 25 5731 0 182 79 10958
5595 4 5732 0 127 27 10959
5595 21 5731 0 86 23 10960
5595 33 5729 0 149 33 10961
5595 23 5732 0 110 114 10962
5595 3 5733 0 161 34 10963
5608 32 8593 1 109 56 10964
5610 11 5745 0 92 2 10965
5610 4 5745 0 128 23 10966
5610 129 8593 1 149 33 10967
5610 3 5746 0 117 1 10968
5610 42 5746 0 109 56 10969
5610 13 5747 0 102 36 10970
5610 38 5743 0 100 167 10971
5610 14 5747 0 109 36 10972
5610 7 5746 0 108 31 10973
5610 4 5747 0 37 7 10974
5610 18 5746 0 110 114 10975
5610 7 5746 0 103 22 10976
5610 18 5748 0 105 42 10977
5610 4 5747 0 122 58 10978
5610 15 5748 0 146 119 10979
5610 37 5745 0 150 43 10980
5610 9 5747 0 108 58 10981
5610 25 5748 0 118 4 10982
5618 48 8604 1 72 131 10983
5625 12 5759 0 141 56 10984
5625 30 5761 0 113 48 10985
5625 11 5759 0 117 40 10986
5625 18 5759 0 52 37 10987
5625 5 5760 0 10 193 10988
5625 43 5761 0 78 150 10989
5625 34 5760 0 150 43 10990
5625 13 5761 0 109 36 10991
5625 22 5757 0 102 36 10992
5625 9 5762 0 108 31 10993
5625 31 5762 0 99 9 10994
5625 25 5762 0 40 59 10995
5625 4 5760 0 122 58 10996
5625 4 5759 0 128 40 10997
5625 13 5762 0 132 13 10998
5625 9 5761 0 103 22 10999
5625 7 5761 0 92 2 11000
5625 6 5762 0 37 7 11001
5625 45 5763 0 120 146 11002
5625 19 5759 0 143 170 11003
5625 12 5761 0 22 41 11004
5625 6 5761 0 113 13 11005
5625 6 5759 0 15 186 11006
5625 45 5760 0 109 56 11007
5625 21 5763 0 146 119 11008
5625 6 5761 0 182 28 11009
5625 25 5761 0 102 59 11010
5640 18 5777 0 109 36 11011
5640 30 5776 0 149 33 11012
5640 34 5776 0 113 48 11013
5640 24 5777 0 118 4 11014
5640 6 5779 0 155 52 11015
5640 7 5773 0 173 171 11016
5640 8 5777 0 113 13 11017
5640 13 5776 0 125 90 11018
5640 15 5776 0 52 37 11019
5640 20 5776 0 123 1 11020
5640 6 5776 0 164 40 11021
5640 11 5775 0 178 113 11022
5640 25 5775 0 67 20 11023
5640 5 5777 0 128 23 11024
5640 7 5774 0 103 22 11025
5640 44 5777 0 99 9 11026
5640 24 5776 0 105 42 11027
5640 7 5776 0 117 40 11028
5640 17 5777 0 86 23 11029
5640 6 5775 0 146 159 11030
5640 41 5777 0 109 56 11031
5640 13 5775 0 25 122 11032
5640 5 5775 0 24 195 11033
5640 24 5777 0 66 169 11034
5640 14 5775 0 13 75 11035
5640 5 5778 0 96 13 11036
5640 15 5777 0 128 55 11037
5640 21 5775 0 198 85 11038
5640 6 5776 0 109 1 11039
5640 5 5778 0 155 79 11040
5655 4 5792 0 155 79 11041
5655 20 5792 0 13 75 11042
5655 9 5790 0 138 36 11043
5655 7 5792 0 108 31 11044
5655 4 5788 0 128 23 11045
5655 6 5791 0 128 40 11046
5655 38 5790 0 120 146 11047
5655 9 5792 0 101 26 11048
5655 6 5792 0 103 22 11049
5655 3 5790 0 122 58 11050
5655 18 5790 0 105 42 11051
5655 6 5792 0 182 28 11052
5655 19 5791 0 102 36 11053
5655 45 5791 0 113 48 11054
5655 5 5793 0 185 66 11055
5655 18 5792 0 128 55 11056
5655 36 5791 0 109 56 11057
5655 4 5792 0 96 13 11058
5655 23 5790 0 188 80 11059
5655 18 5789 0 123 1 11060
5655 10 5793 0 146 159 11061
5655 26 5790 0 153 145 11062
5655 8 5792 0 156 90 11063
5655 22 5791 0 146 119 11064
5655 18 5795 0 118 4 11065
5655 15 5791 0 140 22 11066
5655 17 5790 0 52 37 11067
5670 5 5807 0 95 77 11068
5670 16 5806 0 109 36 11069
5670 44 5808 0 113 48 11070
5670 22 5806 0 25 122 11071
5670 11 5805 0 173 171 11072
5670 19 5808 0 146 119 11073
5670 11 5805 0 15 4 11074
5670 34 5805 0 182 79 11075
5670 9 5803 0 24 183 11076
5670 8 5806 0 63 113 11077
5670 20 5804 0 123 1 11078
5670 12 5805 0 132 13 11079
5670 23 5807 0 140 22 11080
5670 5 5806 0 96 13 11081
5670 11 5809 0 29 60 11082
5670 5 5804 0 117 1 11083
5670 38 5805 0 133 152 11084
5670 6 5807 0 7 180 11085
5670 6 5806 0 128 40 11086
5670 44 5807 0 18 115 11087
5670 11 5807 0 94 1 11088
5670 4 5805 0 128 23 11089
5670 5 5807 0 10 193 11090
5678 37 8663 1 142 143 11091
5685 10 5821 0 113 13 11092
5685 13 5820 0 55 108 11093
5685 19 5824 0 66 169 11094
5685 20 5822 0 132 13 11095
5685 45 5819 0 113 48 11096
5685 12 5822 0 24 183 11097
5685 25 5822 0 25 122 11098
5685 3 5822 0 161 34 11099
5685 42 5823 0 149 33 11100
5685 12 5821 0 156 90 11101
5685 4 5820 0 96 13 11102
5685 6 5822 0 37 7 11103
5685 6 5821 0 122 58 11104
5685 18 5821 0 50 121 11105
5685 10 5822 0 146 159 11106
5685 21 5823 0 146 119 11107
5685 25 5821 0 150 43 11108
5685 14 5819 0 118 4 11109
5685 12 5821 0 140 22 11110
5685 3 5822 0 10 193 11111
5685 25 5821 0 102 36 11112
5685 15 5821 0 123 1 11113
5685 14 5821 0 198 85 11114
5685 29 5822 0 99 9 11115
5685 5 5821 0 72 194 11116
5685 12 5820 0 22 41 11117
5685 7 5819 0 101 26 11118
5685 8 5823 0 103 22 11119
5686 76 8671 1 102 140 11120
5700 9 5839 0 101 26 11121
5700 21 5836 0 118 4 11122
5700 4 5836 0 161 34 11123
5700 20 5835 0 102 59 11124
5700 26 5834 0 78 150 11125
5700 6 5836 0 37 7 11126
5700 27 5835 0 109 56 11127
5700 4 5835 0 127 27 11128
5700 45 5836 0 63 134 11129
5700 5 5835 0 117 1 11130
5700 16 5837 0 128 55 11131
5700 17 5835 0 13 75 11132
5700 5 5836 0 128 23 11133
5700 4 5836 0 152 41 11134
5700 12 5836 0 166 118 11135
5700 15 5836 0 99 1 11136
5700 3 5838 0 122 58 11137
5700 5 5840 0 24 195 11138
5700 14 5836 0 67 20 11139
5700 17 5837 0 146 119 11140
5700 16 5835 0 132 13 11141
5700 10 5836 0 117 40 11142
5700 25 5835 0 123 1 11143
5700 8 5838 0 103 22 11144
5715 43 5852 0 109 56 11145
5715 4 5848 0 24 195 11146
5715 11 5853 0 109 1 11147
5715 6 5849 0 94 1 11148
5715 20 5848 0 102 36 11149
5715 8 5851 0 117 40 11150
5715 6 5850 0 128 23 11151
5715 21 5850 0 110 114 11152
5715 4 5852 0 7 180 11153
5715 38 5849 0 99 9 11154
5715 6 5850 0 117 1 11155
5715 22 5849 0 198 85 11156
5715 8 5850 0 108 58 11157
5715 5 5851 0 96 13 11158
5715 4 5851 0 155 79 11159
5715 24 5853 0 125 90 11160
5715 31 5851 0 113 48 11161
5715 20 5852 0 118 4 11162
5715 10 5850 0 101 26 11163
5715 23 5850 0 40 59 11164
5715 12 5850 0 109 36 11165
5715 10 5854 0 103 22 11166
5715 12 5851 0 156 90 11167
5715 40 5850 0 102 140 11168
5715 12 5849 0 113 13 11169
5715 26 5850 0 149 33 11170
5715 19 5852 0 128 55 11171
5717 129 8703 1 72 131 11172
5717 80 8704 1 148 56 11173
5730 15 5865 0 140 22 11174
5730 15 5864 0 102 36 11175
5730 8 5867 0 63 113 11176
5730 17 5865 0 118 4 11177
5730 5 5866 0 128 40 11178
5730 32 5864 0 179 186 11179
5730 10 5868 0 138 36 11180
5730 10 5867 0 108 31 11181
5730 15 5867 0 123 1 11182
5730 4 5865 0 72 194 11183
5730 37 5865 0 99 9 11184
5730 44 5865 0 109 56 11185
5730 9 5866 0 117 40 11186
5730 17 5864 0 66 169 11187
5730 27 5865 0 66 134 11188
5730 10 5865 0 113 13 11189
5730 38 5865 0 102 140 11190
5730 19 5866 0 40 59 11191
5730 3 5866 0 96 13 11192
5730 11 5868 0 15 4 11193
5730 21 5866 0 188 80 11194
5730 13 5868 0 50 121 11195
5730 15 5867 0 102 59 11196
5730 26 5866 0 149 33 11197
5730 6 5864 0 182 28 11198
5730 8 5867 0 101 26 11199
5730 6 5867 0 24 183 11200
5730 23 5866 0 93 51 11201
5730 42 5867 0 113 48 11202
5731 35 8719 1 185 66 11203
5733 59 8718 1 133 152 11204
5745 5 5879 0 128 40 11205
5745 17 5881 0 102 59 11206
5745 31 5883 0 149 33 11207
5745 32 5882 0 102 140 11208
5745 20 5883 0 40 59 11209
5745 10 5879 0 101 26 11210
5745 7 5881 0 113 13 11211
5745 9 5881 0 128 96 11212
5745 25 5881 0 125 90 11213
5745 15 5878 0 105 42 11214
5745 8 5881 0 103 22 11215
5745 18 5880 0 198 85 11216
5745 18 5881 0 123 1 11217
5745 16 5882 0 118 4 11218
5745 14 5880 0 128 55 11219
5745 6 5881 0 22 41 11220
5745 32 5882 0 99 9 11221
5745 10 5881 0 117 40 11222
5745 15 5879 0 66 169 11223
5745 24 5881 0 132 13 11224
5745 28 5880 0 182 79 11225
5745 3 5880 0 127 27 11226
5745 11 5881 0 94 1 11227
5745 3 5882 0 10 193 11228
5746 32 8734 1 188 80 11229
5760 23 5894 0 25 122 11230
5760 19 5894 0 141 56 11231
5760 24 5897 0 109 36 11232
5760 4 5895 0 127 27 11233
5760 9 5896 0 108 31 11234
5760 39 5899 0 155 122 11235
5760 10 5897 0 113 13 11236
5760 38 5895 0 102 140 11237
5760 4 5896 0 161 34 11238
5760 18 5897 0 86 23 11239
5760 10 5897 0 156 90 11240
5760 30 5894 0 99 9 11241
5760 17 5897 0 132 13 11242
5760 19 5897 0 140 22 11243
5760 14 5894 0 72 131 11244
5760 18 5896 0 194 169 11245
5760 6 5894 0 117 40 11246
5760 7 5896 0 94 1 11247
5760 7 5897 0 46 189 11248
5760 25 5898 0 40 59 11249
5760 17 5898 0 50 121 11250
5760 15 5896 0 123 1 11251
5760 8 5898 0 138 36 11252
5760 12 5896 0 108 58 11253
5774 48 8759 1 155 122 11254
5775 7 5911 0 103 1 11255
5775 15 5912 0 109 36 11256
5775 28 5911 0 109 56 11257
5775 21 5911 0 25 122 11258
5775 13 5912 0 52 37 11259
5775 39 5911 0 63 134 11260
5775 37 5909 0 40 105 11261
5775 12 5912 0 105 42 11262
5775 19 5911 0 166 118 11263
5775 23 5911 0 7 35 11264
5775 3 5910 0 128 23 11265
5775 25 5911 0 86 23 11266
5775 25 5911 0 102 140 11267
5775 36 5913 0 99 9 11268
5775 20 5914 0 123 1 11269
5775 4 5911 0 155 79 11270
5775 14 5909 0 102 59 11271
5775 12 5910 0 146 159 11272
5775 12 5910 0 113 13 11273
5775 5 5911 0 37 7 11274
5775 9 5912 0 46 189 11275
5775 9 5911 0 178 113 11276
5775 9 5911 0 108 31 11277
5775 21 5912 0 194 169 11278
5775 27 5911 0 113 48 11279
5775 5 5911 0 127 27 11280
5775 12 5911 0 138 36 11281
5775 7 5911 0 22 41 11282
5775 24 5913 0 102 36 11283
5775 11 5910 0 148 56 11284
5775 4 5912 0 117 1 11285
5775 10 5912 0 103 22 11286
5790 11 5925 0 22 41 11287
5790 13 5927 0 132 13 11288
5790 12 5925 0 146 159 11289
5790 3 5925 0 37 7 11290
5790 25 5927 0 16 120 11291
5790 6 5925 0 95 77 11292
5790 3 5925 0 128 40 11293
5790 5 5926 0 72 194 11294
5790 13 5926 0 6 88 11295
5790 10 5925 0 108 58 11296
5790 16 5927 0 40 59 11297
5790 21 5924 0 109 36 11298
5790 13 5926 0 93 51 11299
5790 14 5925 0 50 121 11300
5790 41 5925 0 63 134 11301
5790 24 5925 0 110 114 11302
5790 15 5928 0 194 169 11303
5790 37 5925 0 109 56 11304
5790 6 5927 0 161 34 11305
5790 8 5927 0 108 31 11306
5790 6 5926 0 103 1 11307
5790 8 5926 0 117 40 11308
5790 21 5928 0 123 1 11309
5790 3 5928 0 164 40 11310
5790 3 5926 0 117 1 11311
5790 19 5926 0 105 42 11312
5790 7 5924 0 113 13 11313
5790 6 5927 0 10 193 11314
5790 6 5926 0 128 23 11315
5790 33 5925 0 78 150 11316
5790 41 5926 0 149 33 11317
5790 5 5926 0 155 79 11318
5800 33 8785 1 113 13 11319
5805 39 5941 0 133 152 11320
5805 12 5942 0 94 1 11321
5805 4 5942 0 122 58 11322
5805 3 5943 0 152 41 11323
5805 3 5940 0 96 13 11324
5805 21 5941 0 7 35 11325
5805 4 5941 0 128 40 11326
5805 37 5943 0 66 134 11327
5805 23 5942 0 6 88 11328
5805 24 5941 0 123 1 11329
5805 8 5943 0 103 22 11330
5805 40 5941 0 149 33 11331
5805 4 5942 0 10 193 11332
5805 21 5942 0 128 55 11333
5805 28 5939 0 109 56 11334
5805 4 5940 0 161 34 11335
5805 6 5941 0 109 1 11336
5805 11 5942 0 138 36 11337
5805 4 5940 0 185 66 11338
5805 13 5941 0 132 13 11339
5805 6 5942 0 127 27 11340
5805 16 5942 0 25 122 11341
5820 35 5957 0 113 48 11342
5820 37 5956 0 66 134 11343
5820 10 5958 0 15 186 11344
5820 11 5957 0 103 1 11345
5820 15 5956 0 40 59 11346
5820 12 5956 0 178 113 11347
5820 19 5957 0 13 75 11348
5820 6 5955 0 128 40 11349
5820 12 5958 0 113 13 11350
5820 30 5957 0 57 122 11351
5820 26 5955 0 102 140 11352
5820 24 5956 0 143 170 11353
5820 3 5957 0 155 79 11354
5820 25 5955 0 6 88 11355
5820 23 5957 0 55 108 11356
5820 24 5956 0 132 13 11357
5820 21 5958 0 52 37 11358
5820 41 5956 0 120 146 11359
5820 3 5954 0 127 27 11360
5820 23 5955 0 166 118 11361
5820 4 5953 0 128 23 11362
5820 6 5956 0 142 143 11363
5820 32 5956 0 182 79 11364
5820 34 5956 0 100 167 11365
5820 41 5956 0 149 33 11366
5820 23 5956 0 67 20 11367
5820 14 5956 0 194 169 11368
5820 12 5958 0 148 56 11369
5820 6 5956 0 63 86 11370
5820 4 5956 0 96 13 11371
5820 14 5956 0 118 4 11372
5820 23 5956 0 99 1 11373
5827 40 8813 1 7 180 11374
5835 41 5971 0 66 134 11375
5835 12 5973 0 132 13 11376
5835 18 5972 0 55 108 11377
5835 10 5972 0 103 22 11378
5835 39 5971 0 149 33 11379
5835 4 5970 0 122 58 11380
5835 10 5972 0 113 13 11381
5835 33 5971 0 99 9 11382
5835 7 5971 0 117 40 11383
5835 25 5972 0 123 1 11384
5835 23 5970 0 72 131 11385
5835 24 5974 0 25 122 11386
5835 13 5971 0 118 4 11387
5835 7 5972 0 101 26 11388
5835 4 5971 0 96 13 11389
5835 11 5972 0 178 113 11390
5835 4 5969 0 161 34 11391
5835 17 5972 0 102 36 11392
5835 12 5970 0 24 183 11393
5835 4 5969 0 127 27 11394
5835 33 5973 0 113 48 11395
5835 18 5971 0 109 36 11396
5835 18 5972 0 140 22 11397
5835 20 5969 0 128 55 11398
5835 4 5970 0 128 23 11399
5835 3 5969 0 95 77 11400
5848 80 8834 1 15 4 11401
5850 7 5987 0 46 189 11402
5850 4 5989 0 128 23 11403
5850 11 5986 0 108 31 11404
5850 9 5987 0 94 1 11405
5850 6 5988 0 138 36 11406
5850 24 5986 0 140 22 11407
5850 13 5989 0 105 42 11408
5850 25 5984 0 118 4 11409
5850 28 5985 0 133 152 11410
5850 12 5985 0 132 13 11411
5850 18 5985 0 109 36 11412
5850 6 5987 0 164 40 11413
5850 15 5984 0 50 121 11414
5850 8 5988 0 101 26 11415
5850 6 5987 0 22 41 11416
5850 4 5985 0 96 13 11417
5850 5 5988 0 152 41 11418
5850 11 5987 0 15 186 11419
5850 25 5988 0 100 167 11420
5850 14 5986 0 55 108 11421
5850 15 5985 0 102 36 11422
5850 40 5986 0 16 120 11423
5850 16 5984 0 125 90 11424
5850 3 5986 0 117 1 11425
5850 26 5987 0 153 145 11426
5850 12 5987 0 52 37 11427
5850 11 5988 0 103 22 11428
5850 38 5986 0 182 79 11429
5850 13 5987 0 123 1 11430
5850 22 5987 0 143 170 11431
5857 89 8844 1 101 26 11432
5858 71 8845 1 132 13 11433
5863 75 8847 1 118 4 11434
5865 11 6000 0 63 113 11435
5865 5 6004 0 185 66 11436
5865 10 6002 0 29 60 11437
5865 3 5999 0 128 23 11438
5865 16 6002 0 52 37 11439
5865 34 6000 0 63 134 11440
5865 10 6001 0 22 41 11441
5865 3 6000 0 122 58 11442
5865 22 5999 0 132 13 11443
5865 24 6002 0 118 4 11444
5865 4 5998 0 117 1 11445
5865 15 6002 0 72 131 11446
5865 11 6002 0 117 40 11447
5865 38 6000 0 133 152 11448
5865 6 6000 0 7 180 11449
5865 45 6002 0 40 105 11450
5865 36 6001 0 150 43 11451
5865 11 6000 0 108 31 11452
5865 6 6001 0 155 79 11453
5865 14 6001 0 125 90 11454
5865 36 6000 0 153 145 11455
5865 19 6002 0 102 36 11456
5865 20 6001 0 109 36 11457
5865 9 6004 0 113 13 11458
5865 6 6000 0 103 22 11459
5865 5 6001 0 37 7 11460
5865 8 6000 0 173 171 11461
5865 21 6000 0 123 1 11462
5865 6 6002 0 94 1 11463
5865 32 6000 0 83 108 11464
5865 12 6001 0 142 143 11465
5865 6 6003 0 101 26 11466
5865 32 6001 0 149 33 11467
5865 4 6002 0 127 27 11468
5868 40 8853 1 22 41 11469
5880 11 6017 0 63 113 11470
5880 4 6016 0 164 40 11471
5880 10 6017 0 103 1 11472
5880 31 6015 0 2 3 11473
5880 21 6015 0 67 20 11474
5880 19 6016 0 143 170 11475
5880 22 6017 0 102 36 11476
5880 6 6016 0 92 2 11477
5880 39 6015 0 66 134 11478
5880 4 6014 0 128 23 11479
5880 6 6017 0 46 189 11480
5880 6 6016 0 101 26 11481
5880 12 6014 0 109 1 11482
5880 10 6017 0 155 52 11483
5880 32 6017 0 120 146 11484
5880 23 6015 0 102 59 11485
5880 43 6018 0 57 122 11486
5880 25 6017 0 149 33 11487
5880 4 6017 0 122 58 11488
5880 11 6015 0 103 22 11489
5880 41 6017 0 100 167 11490
5880 6 6015 0 156 90 11491
5880 7 6015 0 113 13 11492
5880 39 6016 0 113 48 11493
5880 20 6018 0 109 36 11494
5880 6 6017 0 94 1 11495
5880 12 6017 0 182 28 11496
5880 22 6017 0 132 13 11497
5880 19 6015 0 105 42 11498
5880 16 6016 0 72 131 11499
5888 30 8872 1 155 79 11500
5895 27 6031 0 102 140 11501
5895 20 6031 0 128 55 11502
5895 12 6030 0 182 28 11503
5895 12 6031 0 101 26 11504
5895 12 6031 0 24 183 11505
5895 5 6031 0 185 66 11506
5895 12 6031 0 148 56 11507
5895 8 6030 0 29 60 11508
5895 12 6031 0 140 22 11509
5895 36 6029 0 57 122 11510
5895 23 6030 0 72 131 11511
5895 39 6029 0 109 56 11512
5895 3 6032 0 127 27 11513
5895 33 6031 0 179 186 11514
5895 18 6031 0 109 36 11515
5895 8 6031 0 105 143 11516
5895 38 6032 0 40 105 11517
5895 35 6031 0 113 48 11518
5895 6 6031 0 155 79 11519
5895 19 6029 0 125 90 11520
5895 35 6032 0 99 9 11521
5895 11 6031 0 146 159 11522
5895 5 6030 0 128 40 11523
5907 84 8893 1 52 37 11524
5910 5 6048 0 164 40 11525
5910 24 6045 0 123 1 11526
5910 27 6046 0 57 122 11527
5910 12 6047 0 29 60 11528
5910 21 6046 0 93 51 11529
5910 39 6046 0 150 43 11530
5910 10 6045 0 108 31 11531
5910 21 6047 0 110 114 11532
5910 4 6044 0 117 1 11533
5910 23 6048 0 99 1 11534
5910 6 6044 0 138 36 11535
5910 25 6045 0 2 3 11536
5910 12 6045 0 156 90 11537
5910 16 6048 0 72 131 11538
5910 33 6045 0 109 56 11539
5910 7 6046 0 15 4 11540
5910 41 6047 0 113 48 11541
5910 5 6046 0 96 13 11542
5910 4 6046 0 128 40 11543
5910 18 6046 0 143 170 11544
5910 25 6045 0 50 121 11545
5910 3 6047 0 37 7 11546
5910 6 6045 0 128 23 11547
5910 7 6046 0 182 28 11548
5910 3 6043 0 24 195 11549
5910 8 6046 0 109 1 11550
5910 44 6047 0 66 134 11551
5910 22 6044 0 105 42 11552
5910 31 6045 0 155 122 11553
5910 10 6046 0 63 113 11554
5915 76 8901 1 99 1 11555
5916 124 8902 1 24 195 11556
5925 12 6060 0 117 40 11557
5925 23 6062 0 102 36 11558
5925 22 6061 0 105 42 11559
5925 12 6062 0 6 88 11560
5925 25 6062 0 109 36 11561
5925 6 6059 0 95 77 11562
5925 13 6062 0 86 23 11563
5925 31 6065 0 16 120 11564
5925 33 6061 0 182 79 11565
5925 8 6061 0 103 22 11566
5925 21 6060 0 25 122 11567
5925 7 6061 0 15 4 11568
5925 7 6065 0 101 26 11569
5925 3 6059 0 37 7 11570
5925 41 6063 0 102 140 11571
5925 6 6061 0 128 40 11572
5925 42 6063 0 109 56 11573
5925 10 6061 0 29 60 11574
5925 23 6060 0 166 118 11575
5925 35 6061 0 150 43 11576
5925 24 6059 0 132 13 11577
5925 7 6060 0 113 13 11578
5925 15 6060 0 140 22 11579
5925 30 6063 0 99 9 11580
5925 23 6062 0 125 90 11581
5925 20 6060 0 67 20 11582
5925 24 6061 0 123 1 11583
5925 5 6063 0 7 180 11584
5925 5 6061 0 96 13 11585
5925 5 6061 0 152 41 11586
5925 12 6058 0 173 171 11587
5925 24 6062 0 52 37 11588
5925 18 6061 0 118 4 11589
5925 12 6062 0 128 55 11590
5925 4 6061 0 185 66 11591
5932 68 8918 1 138 36 11592
5939 65 8928 1 125 90 11593
5940 14 6078 0 128 55 11594
5940 12 6076 0 108 58 11595
5940 3 6077 0 127 27 11596
5940 35 6076 0 99 9 11597
5940 6 6076 0 122 58 11598
5940 22 6076 0 198 85 11599
5940 8 6076 0 101 26 11600
5940 9 6075 0 92 2 11601
5940 7 6078 0 113 13 11602
5940 26 6074 0 102 140 11603
5940 23 6078 0 40 59 11604
5940 19 6078 0 105 42 11605
5940 15 6075 0 102 36 11606
5940 9 6075 0 29 60 11607
5940 5 6076 0 128 23 11608
5940 38 6076 0 63 134 11609
5940 25 6076 0 55 108 11610
5940 25 6077 0 13 75 11611
5940 33 6074 0 113 48 11612
5940 7 6075 0 103 22 11613
5940 3 6074 0 152 41 11614
5940 3 6073 0 96 13 11615
5940 18 6076 0 123 1 11616
5940 12 6078 0 15 186 11617
5940 9 6078 0 146 159 11618
5940 31 6076 0 109 56 11619
5940 33 6077 0 149 33 11620
5955 4 6091 0 96 13 11621
5955 5 6092 0 7 180 11622
5955 8 6092 0 108 58 11623
5955 29 6088 0 66 134 11624
5955 38 6091 0 153 145 11625
5955 20 6091 0 99 1 11626
5955 6 6092 0 128 40 11627
5955 17 6090 0 25 122 11628
5955 14 6091 0 188 80 11629
5955 24 6093 0 102 36 11630
5955 4 6090 0 161 34 11631
5955 7 6091 0 108 31 11632
5955 6 6090 0 185 66 11633
5955 3 6090 0 117 1 11634
5955 6 6090 0 63 86 11635
5955 6 6091 0 10 193 11636
5955 5 6091 0 127 27 11637
5955 27 6093 0 99 9 11638
5955 6 6089 0 122 58 11639
5955 39 6093 0 83 108 11640
5955 35 6089 0 133 152 11641
5955 45 6090 0 120 146 11642
5955 36 6091 0 40 105 11643
5955 11 6090 0 117 40 11644
5955 11 6090 0 101 26 11645
5955 15 6091 0 50 121 11646
5955 9 6094 0 46 189 11647
5955 45 6090 0 149 33 11648
5955 29 6090 0 18 115 11649
5955 6 6090 0 24 183 11650
5955 9 6091 0 63 113 11651
5955 22 6092 0 146 119 11652
5955 22 6094 0 118 4 11653
5955 29 6090 0 2 3 11654
5955 34 6091 0 78 150 11655
5955 23 6091 0 194 169 11656
5955 15 6088 0 6 88 11657
5955 16 6091 0 166 118 11658
5955 30 6092 0 100 167 11659
5955 9 6091 0 22 41 11660
5962 60 8947 1 24 195 11661
5970 6 6106 0 108 58 11662
5970 9 6108 0 113 13 11663
5970 39 6107 0 149 33 11664
5970 5 6106 0 128 23 11665
5970 24 6107 0 123 1 11666
5970 21 6108 0 141 56 11667
5970 8 6105 0 108 31 11668
5970 3 6105 0 96 13 11669
5970 21 6104 0 6 88 11670
5970 11 6105 0 182 28 11671
5970 36 6105 0 113 48 11672
5970 10 6105 0 103 22 11673
5970 13 6107 0 25 122 11674
5970 7 6105 0 63 113 11675
5970 8 6106 0 109 1 11676
5970 4 6107 0 127 27 11677
5970 15 6105 0 102 36 11678
5970 38 6105 0 109 56 11679
5970 5 6106 0 122 58 11680
5970 32 6104 0 63 134 11681
5985 7 6122 0 108 31 11682
5985 6 6122 0 127 27 11683
5985 34 6119 0 133 152 11684
5985 20 6121 0 109 36 11685
5985 7 6121 0 155 52 11686
5985 6 6121 0 117 1 11687
5985 34 6123 0 109 56 11688
5985 11 6123 0 142 143 11689
5985 16 6120 0 66 169 11690
5985 18 6121 0 118 4 11691
5985 15 6120 0 132 13 11692
5985 6 6123 0 24 195 11693
5985 38 6122 0 100 167 11694
5985 40 6119 0 102 140 11695
5985 3 6122 0 128 23 11696
5985 8 6125 0 109 1 11697
5985 24 6120 0 40 59 11698
5985 16 6119 0 99 1 11699
5985 22 6122 0 125 90 11700
5985 12 6120 0 128 96 11701
5985 7 6122 0 108 58 11702
5985 35 6121 0 149 33 11703
5985 10 6123 0 105 143 11704
5985 12 6122 0 117 40 11705
5985 22 6121 0 141 56 11706
5985 4 6123 0 37 7 11707
5985 12 6120 0 86 23 11708
5985 5 6119 0 122 58 11709
5985 180 8972 1 113 13 11710
6000 6 6136 0 95 77 11711
6000 5 6136 0 10 193 11712
6000 28 6137 0 149 33 11713
6000 34 6137 0 113 48 11714
6000 43 6137 0 83 108 11715
6000 5 6135 0 185 66 11716
6000 3 6136 0 161 34 11717
6000 31 6135 0 120 146 11718
6000 18 6138 0 66 169 11719
6000 57 8986 1 6 88 11720
6000 13 6136 0 140 22 11721
6000 9 6137 0 109 1 11722
6000 21 6137 0 25 122 11723
6000 7 6138 0 173 171 11724
6000 23 6135 0 109 36 11725
6000 39 6133 0 16 120 11726
6000 27 6137 0 57 122 11727
6000 18 6137 0 198 85 11728
6000 8 6137 0 101 26 11729
6000 12 6135 0 24 183 11730
6000 24 6134 0 67 20 11731
6000 3 6136 0 37 7 11732
6000 8 6137 0 94 1 11733
6000 4 6136 0 96 13 11734
6000 16 6136 0 105 42 11735
6000 15 6137 0 132 13 11736
6000 8 6135 0 156 90 11737
6000 8 6135 0 117 40 11738
6000 21 6138 0 102 36 11739
6000 37 6137 0 40 105 11740
6000 24 6136 0 52 37 11741
6000 11 6135 0 63 86 11742
6000 7 6136 0 103 22 11743
6000 6 6137 0 72 194 11744
6000 12 6136 0 108 31 11745
6000 23 6135 0 125 90 11746
6000 9 6136 0 178 113 11747
6000 35 6134 0 99 9 11748
6015 4 6152 0 122 58 11749
6015 21 6152 0 132 13 11750
6015 5 6151 0 127 27 11751
6015 15 6150 0 102 36 11752
6015 6 6148 0 185 66 11753
6015 12 6150 0 198 85 11754
6015 3 6153 0 95 77 11755
6015 27 6150 0 99 9 11756
6015 6 6153 0 101 26 11757
6015 12 6150 0 22 41 11758
6015 23 6151 0 105 42 11759
6015 8 6151 0 156 90 11760
6015 12 6154 0 117 40 11761
6015 36 6150 0 66 134 11762
6015 12 6150 0 113 13 11763
6015 35 6151 0 149 33 11764
6015 18 6152 0 67 20 11765
6015 8 6150 0 182 28 11766
6015 8 6150 0 138 36 11767
6015 43 6151 0 2 3 11768
6015 17 6152 0 118 4 11769
6015 37 6151 0 113 48 11770
6015 20 6153 0 55 108 11771
6015 6 6151 0 108 31 11772
6015 17 6151 0 13 75 11773
6015 15 6152 0 66 169 11774
6015 22 6151 0 188 80 11775
6015 6 6153 0 7 180 11776
6030 6 6166 0 108 58 11777
6030 6 6164 0 117 1 11778
6030 11 6165 0 156 90 11779
6030 31 6167 0 182 79 11780
6030 6 6168 0 146 159 11781
6030 4 6163 0 96 13 11782
6030 39 6167 0 100 167 11783
6030 9 6167 0 117 40 11784
6030 15 6166 0 132 13 11785
6030 10 6166 0 138 36 11786
6030 39 6168 0 57 122 11787
6030 40 6167 0 99 9 11788
6030 27 6167 0 149 33 11789
6030 12 6165 0 123 1 11790
6030 7 6167 0 108 31 11791
6030 16 6168 0 52 37 11792
6030 12 6165 0 6 88 11793
6030 18 6165 0 25 122 11794
6030 6 6166 0 173 171 11795
6030 21 6165 0 118 4 11796
6030 4 6166 0 128 23 11797
6030 32 6165 0 16 120 11798
6030 22 6168 0 105 42 11799
6030 9 6164 0 105 143 11800
6030 4 6167 0 161 34 11801
6030 6 6165 0 122 58 11802
6030 5 6167 0 155 79 11803
6030 29 6167 0 133 152 11804
6030 4 6166 0 127 27 11805
6030 12 6166 0 109 36 11806
6030 30 6166 0 153 145 11807
6039 39 9022 1 103 22 11808
6045 20 6180 0 6 88 11809
6045 6 6180 0 122 58 11810
6045 25 6181 0 63 134 11811
6045 45 6181 0 83 108 11812
6045 11 6180 0 92 2 11813
6045 37 6181 0 149 33 11814
6045 6 6180 0 155 79 11815
6045 6 6179 0 7 180 11816
6045 36 6182 0 40 105 11817
6045 15 6180 0 198 85 11818
6045 21 6181 0 93 51 11819
6045 3 6180 0 96 13 11820
6045 3 6179 0 72 194 11821
6045 5 6181 0 117 1 11822
6045 14 6180 0 7 35 11823
6045 12 6180 0 173 171 11824
6045 13 6181 0 143 170 11825
6045 28 6185 0 18 115 11826
6045 11 6182 0 63 113 11827
6045 20 6182 0 128 55 11828
6045 6 6182 0 128 23 11829
6045 43 6180 0 113 48 11830
6045 8 6180 0 46 189 11831
6045 23 6181 0 166 118 11832
6045 19 6184 0 109 36 11833
6045 14 6181 0 66 169 11834
6045 12 6181 0 117 40 11835
6045 8 6180 0 101 26 11836
6045 4 6182 0 127 27 11837
6045 14 6179 0 140 22 11838
6045 11 6179 0 138 36 11839
6045 12 6181 0 72 131 11840
6045 19 6181 0 105 42 11841
6045 40 6179 0 182 79 11842
6045 9 6182 0 94 1 11843
6045 14 6181 0 188 80 11844
6053 106 9041 1 29 60 11845
6058 30 9043 1 46 189 11846
6060 35 6195 0 153 145 11847
6060 5 6193 0 152 41 11848
6060 13 6196 0 132 13 11849
6060 16 6197 0 67 20 11850
6060 6 6196 0 185 66 11851
6060 31 6196 0 99 9 11852
6060 23 6196 0 128 55 11853
6060 3 6195 0 127 27 11854
6060 22 6196 0 143 170 11855
6060 10 6196 0 146 159 11856
6060 4 6196 0 37 7 11857
6060 24 6195 0 141 56 11858
6060 33 6194 0 2 3 11859
6060 11 6193 0 128 96 11860
6060 6 6196 0 108 58 11861
6060 30 6197 0 83 108 11862
6060 3 6196 0 122 58 11863
6060 12 6197 0 108 31 11864
6060 26 6197 0 109 56 11865
6060 45 6195 0 149 33 11866
6060 32 6194 0 155 122 11867
6060 18 6195 0 123 1 11868
6060 19 6196 0 109 36 11869
6060 19 6195 0 166 118 11870
6060 20 6196 0 25 122 11871
6060 12 6199 0 6 88 11872
6060 3 6197 0 161 34 11873
6075 42 6210 0 109 56 11874
6075 37 6212 0 66 134 11875
6075 42 6209 0 133 152 11876
6075 11 6210 0 103 22 11877
6075 12 6212 0 113 13 11878
6075 5 6211 0 161 34 11879
6075 17 6208 0 194 169 11880
6075 31 6209 0 63 134 11881
6075 36 6212 0 179 186 11882
6075 15 6209 0 198 85 11883
6075 41 6212 0 99 9 11884
6075 10 6210 0 117 40 11885
6075 17 6210 0 125 90 11886
6075 6 6212 0 24 195 11887
6075 11 6210 0 146 159 11888
6075 3 6213 0 127 27 11889
6075 9 6210 0 105 143 11890
6075 22 6212 0 140 22 11891
6075 25 6210 0 66 169 11892
6075 20 6212 0 128 55 11893
6075 12 6211 0 141 56 11894
6075 34 6211 0 102 140 11895
6075 4 6210 0 122 58 11896
6075 100 9060 1 113 48 11897
6075 18 6211 0 55 108 11898
6075 6 6212 0 178 113 11899
6075 6 6213 0 63 113 11900
6075 5 6211 0 164 40 11901
6075 14 6212 0 146 119 11902
6075 5 6212 0 128 23 11903
6075 6 6211 0 182 28 11904
6075 8 6211 0 156 90 11905
6075 18 6209 0 110 114 11906
6075 6 6214 0 94 1 11907
6087 31 9073 1 123 1 11908
6090 39 6226 0 40 105 11909
6090 21 6226 0 86 23 11910
6090 35 6226 0 2 3 11911
6090 26 6228 0 113 48 11912
6090 17 6228 0 123 1 11913
6090 22 6227 0 194 169 11914
6090 7 6227 0 117 40 11915
6090 21 6224 0 128 55 11916
6090 7 6226 0 138 36 11917
6090 34 6226 0 66 134 11918
6090 42 6224 0 153 145 11919
6090 22 6227 0 132 13 11920
6090 6 6227 0 96 13 11921
6090 26 6224 0 99 9 11922
6090 20 6228 0 109 36 11923
6090 13 6226 0 7 35 11924
6090 45 6225 0 133 152 11925
6090 39 6228 0 149 33 11926
6090 35 6228 0 63 134 11927
6090 7 6226 0 46 189 11928
6090 25 6225 0 110 114 11929
6090 41 6225 0 182 79 11930
6090 11 6227 0 29 60 11931
6090 10 6226 0 103 22 11932
6090 25 6227 0 109 56 11933
6090 24 6225 0 140 22 11934
6090 3 6229 0 161 34 11935
6090 4 6225 0 95 77 11936
6090 45 6224 0 155 122 11937
6090 12 6225 0 101 26 11938
6090 30 6226 0 16 120 11939
6090 24 6226 0 25 122 11940
6105 45 6242 0 113 48 11941
6105 3 6241 0 128 23 11942
6105 23 6244 0 67 20 11943
6105 38 6242 0 63 134 11944
6105 22 6241 0 118 4 11945
6105 5 6242 0 164 40 11946
6105 42 6241 0 155 122 11947
6105 7 6240 0 105 143 11948
6105 3 6242 0 7 180 11949
6105 8 6242 0 46 189 11950
6105 13 6241 0 132 13 11951
6105 12 6242 0 155 52 11952
6105 42 6241 0 150 43 11953
6105 16 6242 0 102 36 11954
6105 9 6240 0 108 31 11955
6105 14 6239 0 72 131 11956
6105 12 6242 0 146 159 11957
6105 22 6242 0 125 90 11958
6105 25 6241 0 109 56 11959
6105 5 6240 0 117 1 11960
6105 6 6240 0 10 193 11961
6105 9 6239 0 92 2 11962
6105 13 6241 0 105 42 11963
6105 6 6240 0 122 58 11964
6105 11 6242 0 117 40 11965
6105 25 6241 0 99 1 11966
6105 6 6239 0 128 40 11967
6105 38 6240 0 102 140 11968
6105 13 6239 0 25 122 11969
6105 44 6240 0 66 134 11970
6105 10 6240 0 103 22 11971
6111 69 9098 1 67 20 11972
6113 43 9098 1 105 143 11973
6114 69 9101 1 146 119 11974
6118 72 9103 1 50 121 11975
6120 8 6259 0 63 113 11976
6120 16 6258 0 143 170 11977
6120 4 6255 0 122 58 11978
6120 25 6254 0 50 121 11979
6120 40 6256 0 63 134 11980
6120 6 6258 0 109 1 11981
6120 12 6255 0 15 4 11982
6120 13 6257 0 109 36 11983
6120 44 6257 0 78 150 11984
6120 32 6255 0 57 122 11985
6120 38 6256 0 182 79 11986
6120 27 6256 0 113 48 11987
6120 6 6256 0 29 60 11988
6120 3 6256 0 95 77 11989
6120 5 6255 0 161 34 11990
6120 23 6255 0 102 36 11991
6120 20 6252 0 194 169 11992
6120 42 6258 0 66 134 11993
6120 6 6255 0 156 90 11994
6120 35 6256 0 2 3 11995
6120 6 6255 0 138 36 11996
6120 7 6258 0 142 143 11997
6120 26 6255 0 18 115 11998
6120 10 6253 0 117 40 11999
6120 5 6257 0 152 41 12000
6135 4 6272 0 152 41 12001
6135 43 6271 0 2 3 12002
6135 9 6269 0 46 189 12003
6135 3 6273 0 161 34 12004
6135 11 6271 0 15 4 12005
6135 33 6273 0 113 48 12006
6135 35 6269 0 83 108 12007
6135 11 6271 0 24 183 12008
6135 10 6270 0 108 58 12009
6135 21 6273 0 67 20 12010
6135 14 6270 0 194 169 12011
6135 31 6269 0 100 167 12012
6135 16 6270 0 72 131 12013
6135 3 6269 0 164 40 12014
6135 11 6271 0 103 22 12015
6135 13 6270 0 25 122 12016
6135 8 6270 0 117 40 12017
6135 13 6270 0 128 55 12018
6135 14 6271 0 105 42 12019
6135 8 6273 0 138 36 12020
6135 12 6272 0 63 86 12021
6135 7 6271 0 113 13 12022
6135 15 6269 0 86 23 12023
6135 32 6272 0 66 134 12024
6135 23 6271 0 66 169 12025
6135 31 6271 0 179 186 12026
6135 7 6269 0 101 26 12027
6135 20 6273 0 132 13 12028
6135 17 6271 0 140 22 12029
6135 6 6271 0 103 1 12030
6135 4 6271 0 122 58 12031
6135 13 6273 0 198 85 12032
6135 44 6271 0 109 56 12033
6150 6 6286 0 72 194 12034
6150 3 6285 0 128 40 12035
6150 28 6289 0 18 115 12036
6150 6 6287 0 128 23 12037
6150 8 6287 0 148 56 12038
6150 23 6283 0 194 169 12039
6150 16 6287 0 67 20 12040
6150 21 6288 0 123 1 12041
6150 18 6289 0 132 13 12042
6150 22 6285 0 125 90 12043
6150 12 6286 0 156 90 12044
6150 19 6287 0 6 88 12045
6150 21 6286 0 109 36 12046
6150 25 6287 0 198 85 12047
6150 31 6286 0 66 134 12048
6150 16 6288 0 105 42 12049
6150 13 6287 0 128 55 12050
6150 25 6286 0 109 56 12051
6150 39 6286 0 179 186 12052
6150 7 6285 0 15 186 12053
6150 14 6285 0 7 35 12054
6165 6 6299 0 117 1 12055
6165 23 6301 0 188 80 12056
6165 5 6301 0 127 27 12057
6165 7 6301 0 15 186 12058
6165 3 6301 0 152 41 12059
6165 24 6303 0 123 1 12060
6165 29 6301 0 150 43 12061
6165 21 6301 0 125 90 12062
6165 8 6301 0 156 90 12063
6165 21 6302 0 66 169 12064
6165 9 6303 0 22 41 12065
6165 6 6302 0 113 13 12066
6165 3 6299 0 96 13 12067
6165 20 6302 0 72 131 12068
6165 6 6299 0 108 31 12069
6165 22 6301 0 140 22 12070
6165 8 6303 0 103 1 12071
6165 39 6301 0 40 105 12072
6165 21 6303 0 105 42 12073
6165 22 6301 0 143 170 12074
6165 10 6300 0 15 4 12075
6165 12 6301 0 182 28 12076
6165 37 6301 0 113 48 12077
6165 23 6301 0 102 59 12078
6165 23 6302 0 118 4 12079
6165 14 6299 0 198 85 12080
6165 12 6302 0 173 171 12081
6165 6 6299 0 128 40 12082
6165 25 6301 0 109 36 12083
6165 6 6304 0 122 58 12084
6165 20 6300 0 93 51 12085
6165 9 6299 0 92 2 12086
6165 10 6300 0 117 40 12087
6165 10 6301 0 138 36 12088
6165 24 6300 0 86 23 12089
6165 12 6302 0 178 113 12090
6165 15 6303 0 194 169 12091
6180 12 6317 0 93 51 12092
6180 12 6318 0 148 56 12093
6180 4 6314 0 155 79 12094
6180 3 6318 0 127 27 12095
6180 16 6317 0 128 55 12096
6180 7 6317 0 108 31 12097
6180 4 6316 0 96 13 12098
6180 13 6316 0 123 1 12099
6180 9 6317 0 105 143 12100
6180 20 6317 0 86 23 12101
6180 8 6317 0 117 40 12102
6180 4 6315 0 122 58 12103
6180 22 6316 0 109 36 12104
6180 28 6316 0 63 134 12105
6180 44 6318 0 100 167 12106
6180 12 6316 0 103 22 12107
6180 35 6317 0 179 186 12108
6180 6 6317 0 37 7 12109
6180 41 6317 0 16 120 12110
6180 39 6316 0 153 145 12111
6180 9 6317 0 155 52 12112
6180 37 6316 0 83 108 12113
6180 6 6314 0 10 193 12114
6180 7 6316 0 46 189 12115
6180 9 6315 0 138 36 12116
6180 9 6317 0 113 13 12117
6180 19 6318 0 194 169 12118
6184 68 9171 1 128 23 12119
6186 56 9170 1 105 42 12120
6195 22 6331 0 194 169 12121
6195 6 6329 0 7 180 12122
6195 38 6331 0 109 56 12123
6195 6 6330 0 63 113 12124
6195 6 6330 0 15 4 12125
6195 19 6331 0 118 4 12126
6195 15 6333 0 86 23 12127
6195 42 6331 0 16 120 12128
6195 17 6331 0 102 59 12129
6195 26 6332 0 99 9 12130
6195 12 6330 0 138 36 12131
6195 5 6331 0 128 40 12132
6195 15 6330 0 102 36 12133
6195 11 6327 0 63 86 12134
6195 34 6329 0 149 33 12135
6195 35 6332 0 113 48 12136
6195 22 6331 0 110 114 12137
6195 6 6332 0 72 194 12138
6195 24 6330 0 72 131 12139
6195 15 6332 0 13 75 12140
6195 4 6331 0 161 34 12141
6195 9 6331 0 101 26 12142
6195 28 6334 0 78 150 12143
6195 6 6333 0 96 13 12144
6195 6 6329 0 103 22 12145
6195 11 6331 0 103 1 12146
6195 12 6332 0 24 183 12147
6195 3 6328 0 128 23 12148
6195 17 6330 0 40 59 12149
6199 33 9186 1 66 169 12150
6210 3 6345 0 96 13 12151
6210 24 6346 0 140 22 12152
6210 7 6345 0 113 13 12153
6210 12 6345 0 99 1 12154
6210 29 6346 0 113 48 12155
6210 7 6345 0 178 113 12156
6210 4 6346 0 72 194 12157
6210 15 6347 0 102 36 12158
6210 7 6345 0 29 60 12159
6210 22 6347 0 143 170 12160
6210 12 6345 0 108 31 12161
6210 4 6347 0 128 23 12162
6210 12 6347 0 103 22 12163
6210 22 6344 0 128 55 12164
6210 4 6347 0 155 79 12165
6210 32 6347 0 182 79 12166
6210 23 6346 0 52 37 12167
6210 3 6347 0 7 180 12168
6210 21 6345 0 123 1 12169
6210 8 6344 0 173 171 12170
6210 14 6348 0 109 36 12171
6210 8 6346 0 109 1 12172
6210 6 6346 0 122 58 12173
6210 7 6346 0 92 2 12174
6210 26 6345 0 149 33 12175
6210 18 6344 0 141 56 12176
6210 5 6346 0 117 1 12177
6210 40 6346 0 120 146 12178
6210 27 6347 0 99 9 12179
6210 30 6346 0 40 105 12180
6213 80 9199 1 92 2 12181
6217 46 9203 1 40 105 12182
6225 14 6361 0 141 56 12183
6225 6 6362 0 24 195 12184
6225 24 6361 0 166 118 12185
6225 11 6361 0 146 159 12186
6225 3 6362 0 37 7 12187
6225 11 6362 0 94 1 12188
6225 28 6362 0 100 167 12189
6225 5 6360 0 122 58 12190
6225 6 6362 0 96 13 12191
6225 14 6362 0 132 13 12192
6225 4 6361 0 10 193 12193
6225 9 6359 0 101 26 12194
6225 14 6362 0 146 119 12195
6225 33 6359 0 149 33 12196
6225 12 6361 0 102 36 12197
6225 11 6362 0 63 86 12198
6225 30 6361 0 40 105 12199
6225 45 6360 0 66 134 12200
6225 11 6361 0 46 189 12201
6225 12 6361 0 24 183 12202
6225 3 6362 0 127 27 12203
6225 12 6360 0 173 171 12204
6225 14 6360 0 123 1 12205
6225 21 6361 0 128 55 12206
6225 36 6360 0 150 43 12207
6225 44 6360 0 113 48 12208
6240 10 6378 0 182 28 12209
6240 20 6376 0 99 1 12210
6240 8 6376 0 24 183 12211
6240 25 6378 0 120 146 12212
6240 26 6376 0 153 145 12213
6240 25 6375 0 125 90 12214
6240 25 6377 0 123 1 12215
6240 6 6376 0 128 96 12216
6240 4 6376 0 96 13 12217
6240 16 6375 0 132 13 12218
6240 43 6375 0 149 33 12219
6240 20 6376 0 188 80 12220
6240 44 6378 0 2 3 12221
6240 16 6377 0 194 169 12222
6240 5 6376 0 127 27 12223
6240 19 6376 0 140 22 12224
6240 37 6377 0 63 134 12225
6240 11 6375 0 101 26 12226
6240 34 6374 0 179 186 12227
6240 5 6376 0 7 180 12228
6240 11 6377 0 155 52 12229
6240 6 6376 0 122 58 12230
6255 34 6390 0 109 56 12231
6255 13 6390 0 118 4 12232
6255 33 6388 0 102 140 12233
6255 22 6392 0 86 23 12234
6255 4 6393 0 96 13 12235
6255 39 6389 0 113 48 12236
6255 4 6392 0 127 27 12237
6255 21 6391 0 6 88 12238
6255 11 6391 0 108 31 12239
6255 17 6391 0 110 114 12240
6255 25 6392 0 194 169 12241
6255 37 6391 0 83 108 12242
6255 8 6391 0 117 40 12243
6255 34 6393 0 16 120 12244
6255 41 6391 0 149 33 12245
6255 6 6393 0 138 36 12246
6255 21 6393 0 128 55 12247
6255 12 6390 0 94 1 12248
6255 17 6390 0 93 51 12249
6255 31 6392 0 153 145 12250
6255 6 6391 0 10 193 12251
6255 11 6393 0 148 56 12252
6255 32 6391 0 182 79 12253
6256 46 9243 1 95 77 12254
6270 5 6406 0 122 58 12255
6270 15 6406 0 125 90 12256
6270 24 6404 0 110 114 12257
6270 7 6405 0 113 13 12258
6270 6 6407 0 108 31 12259
6270 7 6407 0 138 36 12260
6270 6 6405 0 63 86 12261
6270 23 6405 0 102 36 12262
6270 12 6407 0 156 90 12263
6270 9 6405 0 173 171 12264
6270 21 6406 0 105 42 12265
6270 24 6405 0 109 36 12266
6270 10 6408 0 46 189 12267
6270 32 6405 0 99 9 12268
6270 5 6407 0 127 27 12269
6270 3 6408 0 185 66 12270
6270 22 6406 0 55 108 12271
6270 35 6408 0 179 186 12272
6270 22 6407 0 40 59 12273
6270 5 6407 0 155 79 12274
6270 9 6406 0 29 60 12275
6270 16 6408 0 140 22 12276
6270 6 6407 0 182 28 12277
6270 11 6405 0 101 26 12278
6270 22 6404 0 102 59 12279
6277 64 9263 1 128 40 12280
6279 57 9266 1 86 23 12281
6285 37 6422 0 113 48 12282
6285 11 6421 0 173 171 12283
6285 44 6420 0 83 108 12284
6285 21 6422 0 102 36 12285
6285 5 6420 0 128 23 12286
6285 10 6421 0 29 60 12287
6285 6 6422 0 96 13 12288
6285 18 6421 0 118 4 12289
6285 23 6420 0 143 170 12290
6285 43 6422 0 149 33 12291
6285 9 6421 0 103 22 12292
6285 6 6421 0 92 2 12293
6285 5 6424 0 117 1 12294
6285 10 6422 0 178 113 12295
6285 9 6423 0 117 40 12296
6285 9 6422 0 101 26 12297
6285 4 6420 0 127 27 12298
6285 22 6422 0 132 13 12299
6285 12 6419 0 110 114 12300
6285 3 6421 0 72 194 12301
6285 11 6420 0 142 143 12302
6285 19 6422 0 50 121 12303
6285 9 6422 0 113 13 12304
6285 17 6421 0 7 35 12305
6285 13 6420 0 198 85 12306
6285 11 6420 0 138 36 12307
6285 6 6420 0 128 40 12308
6285 18 6419 0 105 42 12309
6285 29 6421 0 133 152 12310
6285 39 6419 0 78 150 12311
6297 36 9282 1 18 115 12312
6300 37 6437 0 40 105 12313
6300 25 6436 0 40 59 12314
6300 30 6435 0 155 122 12315
6300 6 6433 0 128 23 12316
6300 12 6436 0 63 113 12317
6300 32 6435 0 150 43 12318
6300 20 6436 0 128 55 12319
6300 43 6435 0 18 115 12320
6300 45 6437 0 153 145 12321
6300 16 6435 0 123 1 12322
6300 23 6437 0 166 118 12323
6300 18 6434 0 125 90 12324
6300 6 6435 0 10 193 12325
6300 15 6436 0 99 1 12326
6300 32 6436 0 149 33 12327
6300 12 6437 0 198 85 12328
6300 36 6435 0 2 3 12329
6300 4 6434 0 122 58 12330
6300 3 6435 0 95 77 12331
6300 13 6434 0 93 51 12332
6300 26 6438 0 100 167 12333
6300 11 6437 0 63 86 12334
6300 17 6437 0 143 170 12335
6300 12 6436 0 108 31 12336
6300 25 6437 0 110 114 12337
6300 9 6436 0 155 52 12338
6300 8 6435 0 182 28 12339
6300 5 6436 0 185 66 12340
6300 39 6435 0 99 9 12341
6300 24 6436 0 13 75 12342
6315 12 6449 0 182 28 12343
6315 28 6451 0 153 145 12344
6315 9 6451 0 105 143 12345
6315 6 6452 0 161 34 12346
6315 13 6451 0 67 20 12347
6315 34 6451 0 57 122 12348
6315 9 6451 0 108 31 12349
6315 6 6451 0 128 23 12350
6315 9 6453 0 156 90 12351
6315 45 6452 0 100 167 12352
6315 25 6450 0 123 1 12353
6315 17 6451 0 7 35 12354
6315 28 6451 0 99 9 12355
6315 25 6451 0 102 36 12356
6315 23 6450 0 102 59 12357
6315 33 6449 0 83 108 12358
6315 39 6453 0 149 33 12359
6315 4 6450 0 152 41 12360
6315 11 6452 0 113 13 12361
6315 22 6451 0 128 55 12362
6315 6 6451 0 128 40 12363
6315 17 6450 0 198 85 12364
6315 23 6450 0 99 1 12365
6315 6 6452 0 96 13 12366
6330 17 6465 0 105 42 12367
6330 9 6466 0 109 1 12368
6330 19 6466 0 132 13 12369
6330 24 6466 0 143 170 12370
6330 5 6465 0 10 193 12371
6330 10 6466 0 113 13 12372
6330 14 6468 0 102 59 12373
6330 3 6464 0 96 13 12374
6330 20 6466 0 102 36 12375
6330 12 6465 0 138 36 12376
6330 7 6467 0 63 86 12377
6330 25 6465 0 194 169 12378
6330 25 6465 0 113 48 12379
6330 34 6466 0 57 122 12380
6330 11 6466 0 103 22 12381
6330 12 6467 0 86 23 12382
6330 39 6466 0 155 122 12383
6330 9 6464 0 94 1 12384
6330 43 6468 0 83 108 12385
6330 44 6466 0 40 105 12386
6330 40 6465 0 78 150 12387
6330 39 6466 0 100 167 12388
6330 23 6464 0 99 1 12389
6330 32 6466 0 18 115 12390
6330 35 6465 0 150 43 12391
6336 51 9322 1 155 52 12392
6345 25 6480 0 128 55 12393
6345 25 6479 0 143 170 12394
6345 40 6479 0 150 43 12395
6345 11 6481 0 148 56 12396
6345 17 6480 0 99 1 12397
6345 25 6483 0 120 146 12398
6345 25 6480 0 66 169 12399
6345 12 6478 0 113 13 12400
6345 22 6483 0 72 131 12401
6345 3 6480 0 117 1 12402
6345 4 6480 0 127 27 12403
6345 6 6482 0 128 96 12404
6345 10 6482 0 182 28 12405
6345 15 6482 0 105 42 12406
6345 3 6479 0 152 41 12407
6345 42 6481 0 63 134 12408
6345 36 6481 0 2 3 12409
6345 34 6480 0 66 134 12410
6345 15 6481 0 194 169 12411
6345 6 6480 0 63 113 12412
6345 32 6480 0 18 115 12413
6345 41 6479 0 113 48 12414
6345 23 6479 0 132 13 12415
6345 6 6480 0 10 193 12416
6345 8 6480 0 117 40 12417
6345 3 6481 0 72 194 12418
6345 25 6483 0 109 56 12419
6345 20 6481 0 86 23 12420
6345 25 6480 0 133 152 12421
6360 44 6497 0 83 108 12422
6360 4 6492 0 10 193 12423
6360 14 6496 0 128 55 12424
6360 25 6496 0 146 119 12425
6360 15 6497 0 6 88 12426
6360 21 6492 0 40 59 12427
6360 17 6496 0 118 4 12428
6360 44 6497 0 16 120 12429
6360 6 6497 0 152 41 12430
6360 6 6496 0 103 1 12431
6360 27 6495 0 99 9 12432
6360 21 6497 0 123 1 12433
6360 41 6496 0 109 56 12434
6360 12 6496 0 52 37 12435
6360 4 6498 0 95 77 12436
6360 7 6495 0 138 36 12437
6360 16 6497 0 109 36 12438
6360 10 6496 0 101 26 12439
6360 23 6498 0 188 80 12440
6360 8 6498 0 94 1 12441
6360 22 6495 0 166 118 12442
6360 5 6497 0 122 58 12443
6360 33 6495 0 63 134 12444
6360 45 6494 0 149 33 12445
6360 25 6495 0 55 108 12446
6360 7 6497 0 128 96 12447
6360 12 6497 0 108 31 12448
6360 22 6497 0 132 13 12449
6361 145 9348 1 143 170 12450
6365 76 9350 1 63 113 12451
6375 4 6512 0 24 195 12452
6375 5 6512 0 122 58 12453
6375 10 6511 0 108 58 12454
6375 3 6511 0 128 40 12455
6375 6 6510 0 29 60 12456
6375 12 6512 0 113 13 12457
6375 25 6513 0 99 1 12458
6375 10 6512 0 142 143 12459
6375 11 6513 0 103 1 12460
6375 11 6510 0 22 41 12461
6375 13 6511 0 166 118 12462
6375 14 6509 0 13 75 12463
6375 42 6511 0 109 56 12464
6375 11 6511 0 173 171 12465
6375 8 6510 0 146 159 12466
6375 11 6511 0 108 31 12467
6375 16 6510 0 118 4 12468
6375 16 6510 0 50 121 12469
6375 32 6511 0 149 33 12470
6375 12 6510 0 105 143 12471
6375 5 6512 0 117 1 12472
6375 3 6511 0 7 180 12473
6375 37 6511 0 66 134 12474
6375 6 6508 0 127 27 12475
6375 40 6513 0 40 105 12476
6375 35 6511 0 99 9 12477
6375 25 6511 0 63 134 12478
6375 34 6511 0 18 115 12479
6375 15 6511 0 67 20 12480
6375 9 6512 0 24 183 12481
6375 4 6511 0 96 13 12482
6375 23 6514 0 140 22 12483
6375 18 6511 0 128 55 12484
6375 12 6511 0 93 51 12485
6380 80 9368 1 117 1 12486
6390 6 6527 0 117 40 12487
6390 14 6526 0 141 56 12488
6390 10 6525 0 173 171 12489
6390 12 6526 0 118 4 12490
6390 3 6527 0 127 27 12491
6390 33 6525 0 78 150 12492
6390 21 6527 0 7 35 12493
6390 6 6524 0 92 2 12494
6390 3 6527 0 128 23 12495
6390 45 6525 0 149 33 12496
6390 19 6527 0 102 36 12497
6390 5 6525 0 96 13 12498
6390 4 6527 0 117 1 12499
6390 24 6526 0 128 55 12500
6390 9 6525 0 108 58 12501
6390 10 6527 0 15 4 12502
6390 5 6528 0 10 193 12503
6390 8 6524 0 113 13 12504
6390 6 6524 0 128 40 12505
6390 9 6527 0 29 60 12506
6390 5 6525 0 164 40 12507
6390 6 6524 0 122 58 12508
6390 7 6529 0 138 36 12509
6396 41 9382 1 102 36 12510
6405 10 6540 0 103 1 12511
6405 11 6542 0 92 2 12512
6405 7 6541 0 15 4 12513
6405 8 6543 0 108 58 12514
6405 6 6541 0 152 41 12515
6405 25 6541 0 102 59 12516
6405 3 6540 0 164 40 12517
6405 14 6539 0 102 36 12518
6405 43 6539 0 109 56 12519
6405 6 6540 0 117 40 12520
6405 16 6542 0 109 36 12521
6405 10 6540 0 103 22 12522
6405 4 6542 0 127 27 12523
6405 10 6539 0 156 90 12524
6405 21 6540 0 93 51 12525
6405 4 6540 0 128 40 12526
6405 23 6543 0 66 169 12527
6405 18 6541 0 123 1 12528
6405 20 6543 0 132 13 12529
6405 3 6542 0 95 77 12530
6405 44 6542 0 113 48 12531
6405 10 6542 0 101 26 12532
6405 16 6543 0 141 56 12533
6405 6 6540 0 108 31 12534
6405 14 6541 0 143 170 12535
6405 12 6542 0 142 143 12536
6405 12 6541 0 15 186 12537
6405 8 6540 0 146 159 12538
6405 6 6542 0 178 113 12539
6405 19 6539 0 118 4 12540
6420 6 6557 0 63 113 12541
6420 7 6558 0 24 183 12542
6420 4 6554 0 128 40 12543
6420 6 6554 0 113 13 12544
6420 27 6557 0 153 145 12545
6420 5 6556 0 155 79 12546
6420 5 6555 0 96 13 12547
6420 43 6557 0 40 105 12548
6420 12 6557 0 128 55 12549
6420 4 6556 0 72 194 12550
6420 6 6557 0 127 27 12551
6420 19 6555 0 72 131 12552
6420 10 6558 0 101 26 12553
6420 25 6557 0 100 167 12554
6420 25 6555 0 50 121 12555
6420 7 6558 0 138 36 12556
6420 38 6556 0 99 9 12557
6420 3 6557 0 128 23 12558
6420 7 6557 0 117 40 12559
6420 26 6555 0 182 79 12560
6420 25 6556 0 132 13 12561
6420 11 6555 0 182 28 12562
6420 10 6553 0 92 2 12563
6422 66 9408 1 161 34 12564
6435 17 6572 0 118 4 12565
6435 45 6573 0 109 56 12566
6435 7 6571 0 103 22 12567
6435 12 6571 0 7 35 12568
6435 4 6572 0 117 1 12569
6435 24 6570 0 67 20 12570
6435 13 6570 0 140 22 12571
6435 6 6571 0 101 26 12572
6435 11 6569 0 148 56 12573
6435 42 6570 0 100 167 12574
6435 24 6569 0 50 121 12575
6435 20 6571 0 6 88 12576
6435 9 6572 0 117 40 12577
6435 15 6572 0 128 55 12578
6435 14 6570 0 52 37 12579
6435 22 6569 0 143 170 12580
6435 11 6571 0 29 60 12581
6435 28 6573 0 150 43 12582
6435 15 6570 0 86 23 12583
6435 16 6573 0 13 75 12584
6435 44 6571 0 40 105 12585
6435 11 6570 0 105 143 12586
6435 15 6571 0 166 118 12587
6435 14 6571 0 102 36 12588
6435 21 6571 0 105 42 12589
6435 17 6571 0 93 51 12590
6435 32 6572 0 155 122 12591
6435 41 6570 0 113 48 12592
6435 13 6571 0 132 13 12593
6435 3 6571 0 155 79 12594
6435 36 6573 0 63 134 12595
6435 31 6570 0 99 9 12596
6435 6 6573 0 128 23 12597
6435 4 6571 0 96 13 12598
6435 11 6570 0 15 186 12599
6446 56 9431 1 10 193 12600
6450 13 6585 0 109 36 12601
6450 20 6587 0 105 42 12602
6450 18 6585 0 118 4 12603
6450 41 6586 0 153 145 12604
6450 6 6584 0 113 13 12605
6450 32 6586 0 2 3 12606
6450 9 6585 0 146 159 12607
6450 42 6586 0 100 167 12608
6450 4 6586 0 117 1 12609
6450 13 6590 0 188 80 12610
6450 9 6585 0 138 36 12611
6450 5 6585 0 122 58 12612
6450 6 6584 0 95 77 12613
6450 35 6587 0 155 122 12614
6450 25 6584 0 110 114 12615
6450 4 6588 0 37 7 12616
6450 38 6585 0 179 186 12617
6450 21 6585 0 194 169 12618
6450 6 6589 0 127 27 12619
6450 16 6587 0 140 22 12620
6450 4 6586 0 24 195 12621
6450 6 6586 0 7 180 12622
6450 12 6585 0 15 186 12623
6450 16 6588 0 123 1 12624
6450 14 6586 0 198 85 12625
6450 19 6585 0 102 36 12626
6450 20 6586 0 102 59 12627
6450 11 6585 0 46 189 12628
6450 12 6589 0 117 40 12629
6450 6 6586 0 24 183 12630
6465 6 6602 0 101 26 12631
6465 13 6599 0 125 90 12632
6465 11 6602 0 142 143 12633
6465 3 6604 0 122 58 12634
6465 3 6601 0 10 193 12635
6465 4 6601 0 128 40 12636
6465 3 6600 0 96 13 12637
6465 22 6602 0 40 59 12638
6465 45 6601 0 113 48 12639
6465 5 6602 0 37 7 12640
6465 27 6601 0 2 3 12641
6465 11 6603 0 29 60 12642
6465 11 6601 0 148 56 12643
6465 15 6599 0 132 13 12644
6465 5 6601 0 152 41 12645
6465 36 6603 0 63 134 12646
6465 43 6598 0 40 105 12647
6465 7 6602 0 178 113 12648
6465 8 6600 0 92 2 12649
6465 15 6602 0 105 42 12650
6465 24 6600 0 7 35 12651
6465 44 6601 0 149 33 12652
6465 42 6600 0 78 150 12653
6480 19 6614 0 110 114 12654
6480 12 6616 0 105 143 12655
6480 30 6617 0 99 9 12656
6480 18 6616 0 25 122 12657
6480 39 6617 0 109 56 12658
6480 9 6616 0 178 113 12659
6480 24 6616 0 118 4 12660
6480 7 6615 0 108 58 12661
6480 17 6618 0 143 170 12662
6480 13 6616 0 123 1 12663
6480 3 6617 0 96 13 12664
6480 22 6614 0 188 80 12665
6480 43 6615 0 182 79 12666
6480 19 6616 0 102 59 12667
6480 12 6616 0 94 1 12668
6480 35 6618 0 63 134 12669
6480 30 6614 0 16 120 12670
6480 12 6615 0 101 26 12671
6480 13 6617 0 141 56 12672
6480 5 6616 0 10 193 12673
6480 9 6617 0 108 31 12674
6480 8 6616 0 156 90 12675
6480 25 6615 0 128 55 12676
6480 23 6616 0 86 23 12677
6480 8 6617 0 142 143 12678
6480 32 6615 0 133 152 12679
6480 6 6614 0 22 41 12680
6483 43 9471 1 166 118 12681
6485 195 9470 1 138 36 12682
6495 5 6633 0 7 180 12683
6495 45 6631 0 100 167 12684
6495 3 6630 0 128 23 12685
6495 3 6631 0 127 27 12686
6495 11 6630 0 103 22 12687
6495 21 6631 0 140 22 12688
6495 15 6632 0 198 85 12689
6495 15 6631 0 123 1 12690
6495 7 6631 0 101 26 12691
6495 15 6629 0 146 119 12692
6495 18 6633 0 143 170 12693
6495 6 6632 0 156 90 12694
6495 25 6631 0 155 122 12695
6495 29 6634 0 109 56 12696
6495 22 6630 0 93 51 12697
6495 14 6630 0 118 4 12698
6495 8 6631 0 63 86 12699
6495 9 6632 0 128 96 12700
6495 23 6631 0 72 131 12701
6495 8 6632 0 113 13 12702
6495 26 6630 0 57 122 12703
6495 6 6633 0 15 4 12704
6495 44 6631 0 113 48 12705
6504 54 9491 1 63 134 12706
6510 32 6645 0 16 120 12707
6510 15 6648 0 105 42 12708
6510 7 6645 0 105 143 12709
6510 40 6646 0 99 9 12710
6510 7 6647 0 156 90 12711
6510 31 6648 0 100 167 12712
6510 24 6646 0 102 36 12713
6510 6 6647 0 108 31 12714
6510 25 6646 0 113 48 12715
6510 3 6648 0 161 34 12716
6510 7 6646 0 113 13 12717
6510 11 6645 0 117 40 12718
6510 4 6645 0 128 23 12719
6510 17 6646 0 109 36 12720
6510 6 6644 0 37 7 12721
6510 19 6645 0 128 55 12722
6510 45 6648 0 2 3 12723
6510 12 6647 0 103 1 12724
6510 6 6646 0 185 66 12725
6510 12 6648 0 103 22 12726
6510 15 6645 0 140 22 12727
6510 4 6646 0 127 27 12728
6510 20 6646 0 7 35 12729
6510 33 9498 1 103 1 12730
6510 15 6647 0 99 1 12731
6510 18 6648 0 198 85 12732
6510 3 6645 0 152 41 12733
6510 22 6647 0 50 121 12734
6513 77 9498 1 72 194 12735
6525 7 6661 0 113 13 12736
6525 41 6661 0 109 56 12737
6525 23 6662 0 105 42 12738
6525 25 6662 0 141 56 12739
6525 14 6661 0 25 122 12740
6525 12 6660 0 15 186 12741
6525 4 6662 0 37 7 12742
6525 4 6662 0 7 180 12743
6525 20 6661 0 132 13 12744
6525 22 6663 0 123 1 12745
6525 11 6664 0 29 60 12746
6525 36 6660 0 150 43 12747
6525 18 6661 0 109 36 12748
6525 16 6660 0 140 22 12749
6525 21 6661 0 146 119 12750
6525 28 6661 0 120 146 12751
6525 14 6661 0 52 37 12752
6525 25 6657 0 128 55 12753
6525 33 6661 0 66 134 12754
6525 7 6660 0 142 143 12755
6525 7 6661 0 173 171 12756
6525 15 6661 0 86 23 12757
6525 6 6659 0 72 194 12758
6525 18 6662 0 118 4 12759
6540 45 6677 0 100 167 12760
6540 3 6677 0 72 194 12761
6540 6 6676 0 127 27 12762
6540 9 6675 0 117 40 12763
6540 11 6677 0 103 1 12764
6540 45 6675 0 99 9 12765
6540 5 6678 0 10 193 12766
6540 20 6679 0 86 23 12767
6540 8 6674 0 22 41 12768
6540 6 6676 0 128 40 12769
6540 16 6676 0 128 55 12770
6540 5 6675 0 128 23 12771
6540 12 6676 0 7 35 12772
6540 12 6677 0 103 22 12773
6540 14 6678 0 102 36 12774
6540 10 6675 0 101 26 12775
6540 6 6675 0 117 1 12776
6540 14 6675 0 40 59 12777
6540 37 6675 0 16 120 12778
6540 40 6677 0 109 56 12779
6540 40 6676 0 57 122 12780
6540 5 6674 0 152 41 12781
6540 32 6676 0 83 108 12782
6540 6 6674 0 96 13 12783
6540 27 6675 0 78 150 12784
6540 20 6676 0 118 4 12785
6540 26 6679 0 182 79 12786
6546 73 9531 1 128 55 12787
6555 7 6694 0 117 40 12788
6555 29 6690 0 149 33 12789
6555 12 6690 0 102 36 12790
6555 8 6689 0 108 31 12791
6555 25 6693 0 109 56 12792
6555 19 6691 0 55 108 12793
6555 11 6690 0 109 1 12794
6555 13 6690 0 6 88 12795
6555 21 6692 0 118 4 12796
6555 10 6691 0 146 159 12797
6555 3 6692 0 10 193 12798
6555 10 6690 0 103 22 12799
6555 9 6691 0 63 86 12800
6555 10 6691 0 101 26 12801
6555 26 6692 0 40 105 12802
6555 7 6692 0 46 189 12803
6555 22 6691 0 132 13 12804
6555 4 6691 0 96 13 12805
6555 3 6691 0 7 180 12806
6555 24 6690 0 52 37 12807
6555 40 6692 0 113 48 12808
6555 12 6694 0 138 36 12809
6555 12 6693 0 109 36 12810
6555 25 6692 0 123 1 12811
6560 188 9545 1 156 90 12812
6570 35 6707 0 83 108 12813
6570 8 6708 0 117 40 12814
6570 7 6707 0 142 143 12815
6570 7 6705 0 128 96 12816
6570 6 6706 0 152 41 12817
6570 18 6709 0 99 1 12818
6570 3 6707 0 122 58 12819
6570 18 6707 0 188 80 12820
6570 24 6707 0 123 1 12821
6570 8 6706 0 138 36 12822
6570 6 6706 0 155 79 12823
6570 37 6709 0 99 9 12824
6570 9 6708 0 103 22 12825
6570 4 6706 0 117 1 12826
6570 25 6706 0 105 42 12827
6570 9 6705 0 15 186 12828
6570 42 6705 0 182 79 12829
6570 20 6704 0 140 22 12830
6570 4 6703 0 127 27 12831
6570 12 6706 0 125 90 12832
6570 22 6707 0 72 131 12833
6570 4 6705 0 128 23 12834
6570 29 6706 0 155 122 12835
6570 33 6704 0 109 56 12836
6570 27 6706 0 78 150 12837
6570 8 6705 0 101 26 12838
6570 23 6707 0 86 23 12839
6570 3 6707 0 185 66 12840
6570 20 6705 0 102 36 12841
6570 7 6705 0 105 143 12842
6570 20 6706 0 25 122 12843
6585 42 6721 0 133 152 12844
6585 18 6722 0 105 42 12845
6585 20 6720 0 72 131 12846
6585 19 6722 0 188 80 12847
6585 32 6721 0 18 115 12848
6585 37 6721 0 113 48 12849
6585 12 6718 0 140 22 12850
6585 11 6719 0 138 36 12851
6585 12 6719 0 46 189 12852
6585 6 6721 0 127 27 12853
6585 25 6719 0 102 36 12854
6585 25 6721 0 13 75 12855
6585 10 6722 0 24 183 12856
6585 36 6721 0 109 56 12857
6585 25 6718 0 67 20 12858
6585 11 6720 0 146 159 12859
6585 34 6722 0 100 167 12860
6585 10 6719 0 101 26 12861
6585 6 6720 0 178 113 12862
6585 29 6721 0 63 134 12863
6585 27 6720 0 40 105 12864
6585 20 6719 0 141 56 12865
6585 19 6720 0 55 108 12866
6585 44 6720 0 57 122 12867
6585 6 6721 0 128 40 12868
6585 4 6721 0 37 7 12869
6585 4 6718 0 122 58 12870
6600 11 6738 0 94 1 12871
6600 44 6737 0 109 56 12872
6600 9 6736 0 22 41 12873
6600 7 6737 0 29 60 12874
6600 10 6737 0 173 171 12875
6600 5 6735 0 72 194 12876
6600 25 6735 0 78 150 12877
6600 3 6735 0 164 40 12878
6600 12 6735 0 194 169 12879
6600 7 6736 0 108 58 12880
6600 6 6738 0 101 26 12881
6600 12 6735 0 46 189 12882
6600 36 6735 0 102 140 12883
6600 12 6738 0 86 23 12884
6600 10 6735 0 117 40 12885
6600 3 6739 0 128 23 12886
6600 25 6736 0 133 152 12887
6600 9 6736 0 128 96 12888
6600 7 6738 0 148 56 12889
6600 7 6738 0 108 31 12890
6600 6 6736 0 7 180 12891
6600 44 6738 0 57 122 12892
6600 23 6735 0 50 121 12893
6609 68 9594 1 102 59 12894
6615 16 6754 0 140 22 12895
6615 29 6751 0 149 33 12896
6615 18 6751 0 50 121 12897
6615 34 6751 0 113 48 12898
6615 4 6751 0 155 79 12899
6615 14 6752 0 118 4 12900
6615 35 6752 0 83 108 12901
6615 25 6750 0 102 59 12902
6615 9 6750 0 94 1 12903
6615 3 6752 0 128 40 12904
6615 13 6749 0 105 42 12905
6615 3 6750 0 185 66 12906
6615 15 6752 0 166 118 12907
6615 8 6751 0 103 1 12908
6615 7 6751 0 156 90 12909
6615 6 6752 0 128 23 12910
6615 4 6752 0 96 13 12911
6615 25 6750 0 109 56 12912
6615 13 6751 0 66 169 12913
6615 3 6750 0 122 58 12914
6615 5 6750 0 37 7 12915
6615 14 6752 0 52 37 12916
6615 15 6754 0 128 55 12917
6615 15 6752 0 194 169 12918
6615 39 6750 0 2 3 12919
6615 5 6751 0 127 27 12920
6615 23 6752 0 7 35 12921
6615 7 6751 0 92 2 12922
6615 3 6752 0 10 193 12923
6615 38 6752 0 63 134 12924
6615 38 6751 0 78 150 12925
6615 5 6749 0 24 195 12926
6615 7 6751 0 182 28 12927
6615 10 6750 0 178 113 12928
6615 7 6751 0 108 31 12929
6630 7 6764 0 103 22 12930
6630 40 6766 0 150 43 12931
6630 8 6766 0 15 4 12932
6630 25 6765 0 40 59 12933
6630 6 6769 0 138 36 12934
6630 21 6767 0 123 1 12935
6630 41 6766 0 120 146 12936
6630 9 6766 0 94 1 12937
6630 25 6768 0 102 59 12938
6630 16 6769 0 146 119 12939
6630 6 6767 0 173 171 12940
6630 39 6765 0 149 33 12941
6630 10 6766 0 108 31 12942
6630 10 6765 0 92 2 12943
6630 12 6765 0 113 13 12944
6630 74 9616 1 117 40 12945
6630 17 6768 0 25 122 12946
6630 35 6768 0 2 3 12947
6630 12 6766 0 63 86 12948
6630 15 6767 0 188 80 12949
6630 19 6764 0 13 75 12950
6630 37 6764 0 109 56 12951
6630 10 6765 0 29 60 12952
6630 7 6765 0 146 159 12953
6630 5 6767 0 10 193 12954
6630 6 6768 0 96 13 12955
6641 34 9626 1 37 7 12956
6645 20 6780 0 50 121 12957
6645 42 6784 0 153 145 12958
6645 11 6780 0 103 22 12959
6645 7 6781 0 155 52 12960
6645 17 6780 0 188 80 12961
6645 7 6780 0 105 143 12962
6645 28 6782 0 99 9 12963
6645 42 6781 0 182 79 12964
6645 23 6781 0 105 42 12965
6645 3 6779 0 155 79 12966
6645 6 6783 0 117 1 12967
6645 9 6781 0 138 36 12968
6645 15 6781 0 198 85 12969
6645 4 6782 0 127 27 12970
6645 43 6782 0 83 108 12971
6645 44 6779 0 113 48 12972
6645 18 6782 0 72 131 12973
6645 23 6783 0 128 55 12974
6645 12 6780 0 118 4 12975
6645 9 6779 0 29 60 12976
6645 8 6778 0 146 159 12977
6645 42 6780 0 149 33 12978
6650 68 9635 1 24 183 12979
6654 64 9643 1 178 113 12980
6656 40 9644 1 66 134 12981
6660 4 6796 0 122 58 12982
6660 9 6796 0 178 113 12983
6660 5 6797 0 128 40 12984
6660 9 6794 0 117 40 12985
6660 7 6796 0 155 52 12986
6660 12 6797 0 92 2 12987
6660 6 6798 0 161 34 12988
6660 14 6796 0 105 42 12989
6660 28 6794 0 113 48 12990
6660 21 6798 0 102 36 12991
6660 12 6797 0 63 86 12992
6660 41 6796 0 66 134 12993
6660 19 6799 0 166 118 12994
6660 10 6798 0 101 26 12995
6660 6 6796 0 24 195 12996
6660 15 6794 0 40 59 12997
6660 6 6797 0 182 28 12998
6660 5 6794 0 128 23 12999
6660 28 6796 0 120 146 13000
6660 7 6796 0 108 58 13001
6660 6 6796 0 127 27 13002
6660 11 6794 0 173 171 13003
6660 15 6797 0 143 170 13004
6660 15 6796 0 140 22 13005
6660 36 6797 0 179 186 13006
6660 34 6796 0 150 43 13007
6660 4 6796 0 7 180 13008
6660 3 6797 0 37 7 13009
6660 15 6795 0 25 122 13010
6660 22 6796 0 188 80 13011
6660 14 6795 0 141 56 13012
6660 23 6796 0 55 108 13013
6661 43 9646 1 16 120 13014
6661 73 9648 1 179 186 13015
6675 6 6811 0 103 22 13016
6675 5 6810 0 164 40 13017
6675 37 6810 0 102 140 13018
6675 7 6812 0 108 58 13019
6675 6 6810 0 128 23 13020
6675 19 6811 0 102 36 13021
6675 28 6811 0 149 33 13022
6675 30 6810 0 113 48 13023
6675 45 6812 0 99 9 13024
6675 11 6808 0 113 13 13025
6675 17 6812 0 118 4 13026
6675 6 6813 0 122 58 13027
6675 44 6810 0 40 105 13028
6675 4 6810 0 72 194 13029
6675 17 6811 0 128 55 13030
6675 16 6811 0 109 36 13031
6675 25 6813 0 55 108 13032
6675 6 6812 0 95 77 13033
6675 4 6810 0 117 1 13034
6675 12 6811 0 63 86 13035
6675 36 6810 0 155 122 13036
6675 10 6814 0 182 28 13037
6675 29 6812 0 150 43 13038
6675 9 6811 0 148 56 13039
6675 11 6810 0 46 189 13040
6675 7 6811 0 173 171 13041
6675 40 6812 0 182 79 13042
6675 19 6811 0 105 42 13043
6675 23 6811 0 67 20 13044
6675 11 6813 0 142 143 13045
6675 6 6810 0 108 31 13046
6677 36 9663 1 156 90 13047
6690 13 6826 0 50 121 13048
6690 3 6826 0 7 180 13049
6690 8 6826 0 178 113 13050
6690 45 6827 0 57 122 13051
6690 41 6827 0 109 56 13052
6690 3 6826 0 117 1 13053
6690 5 6827 0 122 58 13054
6690 27 6826 0 66 134 13055
6690 24 6824 0 109 36 13056
6690 5 6826 0 10 193 13057
6690 14 6824 0 141 56 13058
6690 19 6825 0 13 75 13059
6690 6 6825 0 95 77 13060
6690 8 6827 0 108 31 13061
6690 14 6826 0 128 55 13062
6690 12 6827 0 24 183 13063
6690 32 6828 0 113 48 13064
6690 8 6826 0 156 90 13065
6690 33 6826 0 63 134 13066
6690 15 6825 0 25 122 13067
6690 4 6827 0 96 13 13068
6690 6 6826 0 128 40 13069
6690 17 6826 0 102 36 13070
6690 9 6824 0 148 56 13071
6690 41 6826 0 155 122 13072
6690 4 6826 0 161 34 13073
6690 6 6825 0 128 23 13074
6690 18 6824 0 52 37 13075
6690 12 6826 0 138 36 13076
6705 21 6840 0 66 169 13077
6705 3 6841 0 161 34 13078
6705 25 6841 0 86 23 13079
6705 35 6843 0 109 56 13080
6705 10 6840 0 103 22 13081
6705 45 6840 0 150 43 13082
6705 6 6842 0 24 195 13083
6705 14 6842 0 50 121 13084
6705 41 6840 0 182 79 13085
6705 45 6842 0 179 186 13086
6705 31 6840 0 16 120 13087
6705 10 6841 0 105 143 13088
6705 15 6841 0 166 118 13089
6705 7 6840 0 103 1 13090
6705 10 6843 0 63 86 13091
6705 12 6842 0 148 56 13092
6705 17 6842 0 72 131 13093
6705 10 6842 0 138 36 13094
6705 12 6844 0 123 1 13095
6705 8 6841 0 117 40 13096
6705 7 6843 0 15 4 13097
6705 37 6841 0 99 9 13098
6705 40 6842 0 113 48 13099
6705 6 6839 0 96 13 13100
6705 10 6841 0 46 189 13101
6705 21 6842 0 7 35 13102
6705 10 6840 0 101 26 13103
6705 12 6841 0 178 113 13104
6705 21 6842 0 132 13 13105
6705 3 6840 0 122 58 13106
6705 25 6841 0 109 36 13107
6705 6 6840 0 72 194 13108
6705 9 6841 0 108 31 13109
6705 26 6841 0 149 33 13110
6705 25 6841 0 128 55 13111
6705 4 6844 0 10 193 13112
6714 85 9701 1 155 52 13113
6720 13 6859 0 55 108 13114
6720 5 6858 0 127 27 13115
6720 3 6854 0 128 40 13116
6720 18 6855 0 123 1 13117
6720 20 6856 0 66 169 13118
6720 23 6855 0 72 131 13119
6720 27 6856 0 113 48 13120
6720 15 6857 0 141 56 13121
6720 4 6856 0 96 13 13122
6720 25 6857 0 128 55 13123
6720 35 6857 0 78 150 13124
6720 8 6857 0 46 189 13125
6720 6 6857 0 108 31 13126
6720 3 6857 0 128 23 13127
6720 10 6854 0 24 183 13128
6720 30 6855 0 155 122 13129
6720 8 6858 0 101 26 13130
6720 22 6857 0 132 13 13131
6720 12 6856 0 155 52 13132
6720 4 6856 0 164 40 13133
6720 22 6858 0 125 90 13134
6720 18 6856 0 140 22 13135
6720 13 6858 0 118 4 13136
6720 23 6854 0 146 119 13137
6720 25 6856 0 66 134 13138
6720 12 6856 0 178 113 13139
6720 12 6855 0 103 1 13140
6720 42 6858 0 109 56 13141
6720 12 6856 0 198 85 13142
6720 22 6855 0 40 59 13143
6720 8 6857 0 117 40 13144
6720 3 6856 0 155 79 13145
6725 57 9710 1 182 79 13146
6729 43 9714 1 100 167 13147
6735 21 6871 0 7 35 13148
6735 14 6870 0 198 85 13149
6735 4 6872 0 95 77 13150
6735 18 6874 0 72 131 13151
6735 6 6869 0 127 27 13152
6735 7 6870 0 24 183 13153
6735 6 6873 0 24 195 13154
6735 13 6871 0 188 80 13155
6735 9 6871 0 46 189 13156
6735 35 6870 0 120 146 13157
6735 11 6872 0 173 171 13158
6735 20 6872 0 66 169 13159
6735 12 6872 0 140 22 13160
6735 4 6871 0 117 1 13161
6735 6 6871 0 15 186 13162
6735 6 6869 0 7 180 13163
6735 7 6869 0 101 26 13164
6735 39 6868 0 99 9 13165
6735 20 6873 0 141 56 13166
6735 18 6871 0 109 36 13167
6735 20 6870 0 128 55 13168
6735 6 6871 0 96 13 13169
6735 6 6870 0 128 40 13170
6735 8 6873 0 156 90 13171
6735 15 6871 0 40 59 13172
6735 7 6871 0 117 40 13173
6735 4 6868 0 161 34 13174
6735 6 6872 0 92 2 13175
6735 24 6871 0 13 75 13176
6735 27 6871 0 133 152 13177
6735 10 6870 0 103 22 13178
6745 91 9730 1 128 96 13179
6748 38 9733 1 128 96 13180
6750 5 6887 0 7 180 13181
6750 8 6886 0 146 159 13182
6750 3 6887 0 152 41 13183
6750 20 6885 0 99 1 13184
6750 8 6884 0 113 13 13185
6750 12 6887 0 55 108 13186
6750 22 6887 0 188 80 13187
6750 34 6884 0 66 134 13188
6750 29 6887 0 155 122 13189
6750 3 6887 0 127 27 13190
6750 30 6885 0 16 120 13191
6750 9 6884 0 103 22 13192
6750 18 6886 0 72 131 13193
6750 8 6885 0 108 31 13194
6750 14 6885 0 105 42 13195
6750 6 6886 0 22 41 13196
6750 12 6885 0 105 143 13197
6750 17 6885 0 125 90 13198
6750 4 6886 0 164 40 13199
6750 8 6888 0 128 96 13200
6750 19 6885 0 93 51 13201
6750 43 6888 0 109 56 13202
6750 11 6885 0 138 36 13203
6750 5 6886 0 128 23 13204
6750 20 6886 0 123 1 13205
6750 45 6885 0 2 3 13206
6750 5 6885 0 72 194 13207
6750 4 6889 0 96 13 13208
6756 65 9742 1 146 159 13209
6759 77 9746 1 182 28 13210
6765 32 6901 0 57 122 13211
6765 9 6900 0 117 40 13212
6765 7 6901 0 15 186 13213
6765 7 6901 0 155 52 13214
6765 5 6901 0 128 40 13215
6765 25 6901 0 102 59 13216
6765 12 6900 0 188 80 13217
6765 7 6902 0 103 22 13218
6765 6 6902 0 142 143 13219
6765 34 6901 0 155 122 13220
6765 6 6902 0 138 36 13221
6765 23 6901 0 25 122 13222
6765 41 6901 0 99 9 13223
6765 33 6899 0 102 140 13224
6765 18 6899 0 123 1 13225
6765 9 6902 0 113 13 13226
6765 29 6903 0 113 48 13227
6765 9 6901 0 92 2 13228
6765 4 6900 0 161 34 13229
6765 39 6900 0 149 33 13230
6765 6 6901 0 122 58 13231
6765 4 6901 0 185 66 13232
6765 6 6900 0 152 41 13233
6765 5 6900 0 127 27 13234
6765 4 6902 0 72 194 13235
6765 14 6902 0 146 119 13236
6765 32 6899 0 16 120 13237
6765 16 6901 0 143 170 13238
6765 17 6902 0 198 85 13239
6780 8 6918 0 155 52 13240
6780 28 6917 0 149 33 13241
6780 40 6914 0 113 48 13242
6780 8 6917 0 182 28 13243
6780 13 6917 0 141 56 13244
6780 24 6915 0 50 121 13245
6780 17 6916 0 52 37 13246
6780 18 6914 0 109 36 13247
6780 22 6915 0 123 1 13248
6780 13 6913 0 93 51 13249
6780 11 6916 0 138 36 13250
6780 6 6915 0 24 195 13251
6780 4 6916 0 72 194 13252
6780 32 6913 0 2 3 13253
6780 33 6915 0 109 56 13254
6780 17 6915 0 140 22 13255
6780 4 6914 0 122 58 13256
6780 36 6917 0 133 152 13257
6780 6 6918 0 128 40 13258
6780 7 6916 0 178 113 13259
6780 6 6916 0 15 186 13260
6780 35 6918 0 66 134 13261
6780 31 6914 0 100 167 13262
6780 20 6917 0 143 170 13263
6780 33 6916 0 155 122 13264
6780 19 6914 0 132 13 13265
6780 8 6914 0 108 31 13266
6780 22 6916 0 105 42 13267
6794 63 9781 1 140 22 13268
6795 12 6930 0 182 28 13269
6795 9 6931 0 148 56 13270
6795 12 6933 0 117 40 13271
6795 9 6933 0 29 60 13272
6795 10 6930 0 103 22 13273
6795 39 6930 0 109 56 13274
6795 10 6929 0 101 26 13275
6795 40 6929 0 120 146 13276
6795 40 6930 0 150 43 13277
6795 6 6929 0 10 193 13278
6795 12 6931 0 86 23 13279
6795 18 6928 0 140 22 13280
6795 22 6932 0 125 90 13281
6795 32 6933 0 16 120 13282
6795 39 6929 0 40 105 13283
6795 41 6931 0 155 122 13284
6795 43 6932 0 66 134 13285
6795 11 6931 0 94 1 13286
6795 38 6931 0 149 33 13287
6795 6 6932 0 142 143 13288
6795 18 6931 0 118 4 13289
6795 15 6931 0 105 42 13290
6795 10 6930 0 24 183 13291
6795 18 6930 0 102 36 13292
6795 9 6929 0 138 36 13293
6795 24 6932 0 93 51 13294
6795 6 6934 0 128 23 13295
6795 5 6932 0 122 58 13296
6795 6 6931 0 113 13 13297
6808 31 9792 1 63 86 13298
6810 4 6946 0 155 79 13299
6810 8 6946 0 94 1 13300
6810 15 6946 0 125 90 13301
6810 11 6947 0 138 36 13302
6810 12 6946 0 13 75 13303
6810 31 6948 0 153 145 13304
6810 22 6945 0 105 42 13305
6810 15 6948 0 146 119 13306
6810 6 6945 0 63 86 13307
6810 12 6947 0 155 52 13308
6810 3 6945 0 161 34 13309
6810 6 6947 0 128 40 13310
6810 4 6946 0 10 193 13311
6810 4 6947 0 95 77 13312
6810 24 6946 0 67 20 13313
6810 6 6947 0 96 13 13314
6810 6 6945 0 108 58 13315
6810 7 6945 0 113 13 13316
6810 11 6945 0 15 4 13317
6810 21 6949 0 128 55 13318
6810 7 6947 0 101 26 13319
6810 12 6946 0 142 143 13320
6810 6 6947 0 15 186 13321
6810 31 6945 0 179 186 13322
6810 23 6945 0 102 36 13323
6810 22 6947 0 7 35 13324
6810 23 6947 0 140 22 13325
6810 6 6946 0 156 90 13326
6810 21 6944 0 118 4 13327
6814 77 9801 1 133 152 13328
6817 58 9803 1 141 56 13329
6817 45 9803 1 122 58 13330
6825 12 6962 0 140 22 13331
6825 39 6962 0 182 79 13332
6825 6 6962 0 117 1 13333
6825 38 6961 0 109 56 13334
6825 3 6961 0 128 40 13335
6825 23 6960 0 93 51 13336
6825 33 6963 0 99 9 13337
6825 5 6961 0 128 23 13338
6825 8 6960 0 113 13 13339
6825 6 6961 0 156 90 13340
6825 41 6960 0 102 140 13341
6825 13 6960 0 118 4 13342
6825 3 6962 0 152 41 13343
6825 8 6962 0 138 36 13344
6825 13 6959 0 141 56 13345
6825 6 6961 0 96 13 13346
6825 43 6961 0 179 186 13347
6825 9 6961 0 146 159 13348
6825 44 6960 0 83 108 13349
6825 21 6959 0 194 169 13350
6825 12 6961 0 99 1 13351
6825 11 6961 0 117 40 13352
6825 22 6960 0 128 55 13353
6825 19 6962 0 143 170 13354
6825 33 6961 0 63 134 13355
6825 11 6961 0 128 96 13356
6825 7 6963 0 142 143 13357
6829 58 9814 1 2 3 13358
6840 11 6976 0 29 60 13359
6840 8 6978 0 15 186 13360
6840 35 6978 0 179 186 13361
6840 28 6975 0 149 33 13362
6840 3 6977 0 72 194 13363
6840 10 6976 0 15 4 13364
6840 23 6976 0 102 59 13365
6840 12 6976 0 105 143 13366
6840 9 6976 0 142 143 13367
6840 8 6976 0 113 13 13368
6840 32 6975 0 2 3 13369
6840 5 6978 0 128 23 13370
6840 14 6976 0 123 1 13371
6840 3 6978 0 10 193 13372
6840 27 6976 0 63 134 13373
6840 7 6975 0 117 40 13374
6840 6 6977 0 146 159 13375
6840 4 6976 0 127 27 13376
6840 32 6976 0 150 43 13377
6840 17 6976 0 132 13 13378
6840 25 6975 0 118 4 13379
6840 40 6976 0 153 145 13380
6840 10 6975 0 46 189 13381
6840 21 6976 0 55 108 13382
6840 43 6976 0 99 9 13383
6840 9 6974 0 182 28 13384
6840 14 6976 0 140 22 13385
6840 15 6977 0 93 51 13386
6840 10 6977 0 101 26 13387
6840 44 6976 0 113 48 13388
6840 10 6974 0 63 113 13389
6855 3 6991 0 37 7 13390
6855 21 6991 0 72 131 13391
6855 36 6991 0 182 79 13392
6855 12 6991 0 148 56 13393
6855 20 6989 0 109 36 13394
6855 44 6991 0 83 108 13395
6855 30 6991 0 133 152 13396
6855 7 6991 0 103 22 13397
6855 37 6990 0 120 146 13398
6855 44 6991 0 150 43 13399
6855 9 6991 0 24 183 13400
6855 20 6990 0 6 88 13401
6855 12 6993 0 138 36 13402
6855 7 6993 0 94 1 13403
6855 4 6992 0 152 41 13404
6855 18 6990 0 105 42 13405
6855 15 6991 0 146 119 13406
6855 37 6992 0 40 105 13407
6855 8 6990 0 173 171 13408
6855 21 6989 0 102 59 13409
6855 4 6991 0 96 13 13410
6855 33 6991 0 99 9 13411
6855 9 6991 0 182 28 13412
6855 7 6990 0 105 143 13413
6855 23 6992 0 86 23 13414
6855 12 6990 0 113 13 13415
6855 5 6992 0 122 58 13416
6855 23 6989 0 118 4 13417
6855 24 6992 0 67 20 13418
6855 6 6988 0 156 90 13419
6855 4 6992 0 127 27 13420
6855 45 6992 0 109 56 13421
6855 41 6992 0 113 48 13422
6870 42 7006 0 120 146 13423
6870 42 7004 0 113 48 13424
6870 31 7006 0 66 134 13425
6870 11 7006 0 128 96 13426
6870 42 7005 0 83 108 13427
6870 18 7005 0 67 20 13428
6870 3 7006 0 117 1 13429
6870 42 7006 0 2 3 13430
6870 23 7006 0 118 4 13431
6870 45 7007 0 63 134 13432
6870 22 7007 0 128 55 13433
6870 3 7006 0 128 40 13434
6870 12 7006 0 182 28 13435
6870 8 7005 0 117 40 13436
6870 52 9856 1 149 33 13437
6870 6 7007 0 127 27 13438
6870 6 7005 0 101 26 13439
6870 16 7005 0 123 1 13440
6870 4 7007 0 72 194 13441
6870 6 7006 0 22 41 13442
6870 24 7007 0 109 36 13443
6879 34 9865 1 198 85 13444
6885 16 7022 0 194 169 13445
6885 3 7021 0 161 34 13446
6885 22 7021 0 105 42 13447
6885 17 7021 0 125 90 13448
6885 5 7022 0 117 1 13449
6885 17 7021 0 86 23 13450
6885 8 7021 0 101 26 13451
6885 9 7021 0 103 1 13452
6885 45 7021 0 113 48 13453
6885 23 7018 0 13 75 13454
6885 11 7020 0 178 113 13455
6885 38 7023 0 149 33 13456
6885 14 7021 0 102 36 13457
6885 23 7021 0 99 1 13458
6885 21 7021 0 52 37 13459
6885 7 7022 0 117 40 13460
6885 23 7021 0 109 36 13461
6885 43 7022 0 150 43 13462
6885 20 7019 0 132 13 13463
6885 9 7022 0 108 31 13464
6885 11 7018 0 138 36 13465
6885 21 7022 0 118 4 13466
6885 6 7021 0 128 23 13467
6885 3 7022 0 185 66 13468
6885 34 7019 0 57 122 13469
6895 55 9884 1 83 108 13470
6896 32 9884 1 185 66 13471
6900 33 7036 0 120 146 13472
6900 17 7036 0 109 36 13473
6900 6 7036 0 37 7 13474
6900 23 7037 0 146 119 13475
6900 10 7035 0 103 22 13476
6900 10 7038 0 142 143 13477
6900 12 7037 0 128 55 13478
6900 10 7037 0 146 159 13479
6900 11 7035 0 117 40 13480
6900 16 7035 0 6 88 13481
6900 20 7037 0 110 114 13482
6900 5 7037 0 127 27 13483
6900 16 7034 0 132 13 13484
6900 26 7038 0 99 9 13485
6900 6 7037 0 96 13 13486
6900 23 7035 0 67 20 13487
6900 13 7036 0 118 4 13488
6900 18 7035 0 105 42 13489
6900 23 7035 0 194 169 13490
6900 6 7035 0 185 66 13491
6900 14 7036 0 86 23 13492
6900 4 7035 0 128 40 13493
6900 6 7037 0 164 40 13494
6900 6 7039 0 128 23 13495
6900 9 7033 0 155 52 13496
6900 12 7036 0 108 31 13497
6900 26 7036 0 113 48 13498
6900 40 7037 0 149 33 13499
6900 40 7037 0 179 186 13500
6900 7 7035 0 24 183 13501
6900 38 7034 0 83 108 13502
6901 76 9886 1 93 51 13503
6910 32 9896 1 52 37 13504
6915 6 7049 0 138 36 13505
6915 11 7052 0 15 186 13506
6915 6 7052 0 122 58 13507
6915 9 7051 0 15 4 13508
6915 25 7050 0 102 36 13509
6915 6 7049 0 105 143 13510
6915 17 7051 0 194 169 13511
6915 20 7050 0 128 55 13512
6915 9 7051 0 173 171 13513
6915 4 7049 0 128 23 13514
6915 24 7051 0 72 131 13515
6915 31 7052 0 109 56 13516
6915 12 7049 0 46 189 13517
6915 4 7052 0 128 40 13518
6915 44 7051 0 150 43 13519
6915 25 7050 0 132 13 13520
6915 32 7049 0 113 48 13521
6915 9 7052 0 117 40 13522
6915 4 7052 0 96 13 13523
6915 40 7051 0 100 167 13524
6915 6 7052 0 182 28 13525
6915 19 7049 0 140 22 13526
6915 25 7050 0 166 118 13527
6915 21 7051 0 146 119 13528
6915 28 7051 0 133 152 13529
6923 64 9910 1 120 146 13530
6930 17 7067 0 140 22 13531
6930 11 7067 0 46 189 13532
6930 23 7067 0 7 35 13533
6930 24 7065 0 123 1 13534
6930 6 7067 0 128 96 13535
6930 3 7068 0 128 23 13536
6930 29 7065 0 2 3 13537
6930 3 7065 0 24 195 13538
6930 21 7068 0 132 13 13539
6930 10 7067 0 117 40 13540
6930 4 7066 0 152 41 13541
6930 11 7066 0 101 26 13542
6930 3 7066 0 7 180 13543
6930 20 7067 0 102 36 13544
6930 12 7064 0 105 143 13545
6930 45 7066 0 182 79 13546
6930 5 7066 0 127 27 13547
6930 3 7065 0 95 77 13548
6930 9 7065 0 148 56 13549
6930 29 7066 0 99 9 13550
6930 8 7065 0 29 60 13551
6930 7 7066 0 103 22 13552
6930 26 7067 0 179 186 13553
6930 6 7067 0 96 13 13554
6945 40 7081 0 113 48 13555
6945 14 7080 0 128 55 13556
6945 11 7082 0 101 26 13557
6945 12 7082 0 92 2 13558
6945 38 7082 0 149 33 13559
6945 21 7081 0 7 35 13560
6945 3 7082 0 24 195 13561
6945 16 7079 0 72 131 13562
6945 25 7082 0 109 36 13563
6945 9 7082 0 24 183 13564
6945 21 7081 0 50 121 13565
6945 25 7079 0 93 51 13566
6945 10 7080 0 117 40 13567
6945 24 7082 0 140 22 13568
6945 37 7082 0 83 108 13569
6945 13 7081 0 188 80 13570
6945 42 7081 0 40 105 13571
6945 7 7081 0 113 13 13572
6945 9 7080 0 138 36 13573
6945 25 7082 0 105 42 13574
6945 21 7080 0 25 122 13575
6945 12 7081 0 128 96 13576
6945 23 7083 0 166 118 13577
6945 12 7081 0 198 85 13578
6945 3 7081 0 127 27 13579
6945 16 7081 0 102 36 13580
6960 10 7096 0 138 36 13581
6960 24 7097 0 72 131 13582
6960 32 7098 0 57 122 13583
6960 44 7098 0 120 146 13584
6960 25 7095 0 55 108 13585
6960 8 7095 0 63 86 13586
6960 3 7095 0 7 180 13587
6960 44 7096 0 102 140 13588
6960 40 7096 0 150 43 13589
6960 12 7095 0 173 171 13590
6960 34 7095 0 66 134 13591
6960 7 7095 0 22 41 13592
6960 21 7097 0 118 4 13593
6960 3 7095 0 128 23 13594
6960 13 7096 0 6 88 13595
6960 6 7098 0 105 143 13596
6960 4 7094 0 164 40 13597
6960 6 7095 0 96 13 13598
6960 7 7096 0 108 31 13599
6960 7 7095 0 142 143 13600
6960 12 7095 0 123 1 13601
6960 3 7098 0 128 40 13602
6960 19 7096 0 132 13 13603
6960 8 7095 0 29 60 13604
6960 17 7096 0 105 42 13605
6960 12 7093 0 102 59 13606
6960 6 7098 0 156 90 13607
6975 19 7112 0 198 85 13608
6975 40 7113 0 109 56 13609
6975 10 7108 0 101 26 13610
6975 9 7111 0 94 1 13611
6975 44 7111 0 99 9 13612
6975 6 7110 0 7 180 13613
6975 6 7110 0 173 171 13614
6975 34 7110 0 120 146 13615
6975 4 7112 0 37 7 13616
6975 9 7112 0 178 113 13617
6975 10 7109 0 46 189 13618
6975 17 7110 0 146 119 13619
6975 6 7112 0 24 195 13620
6975 29 7112 0 153 145 13621
6975 41 7110 0 113 48 13622
6975 5 7111 0 128 23 13623
6975 12 7110 0 108 31 13624
6975 25 7111 0 102 36 13625
6975 25 7112 0 123 1 13626
6975 12 7111 0 109 36 13627
6975 14 7111 0 6 88 13628
6975 12 7111 0 113 13 13629
6975 30 7112 0 78 150 13630
6975 20 7109 0 118 4 13631
6975 32 7112 0 102 140 13632
6975 18 7111 0 128 55 13633
6975 6 7111 0 117 1 13634
6975 20 7110 0 188 80 13635
6975 5 7108 0 96 13 13636
6978 146 9964 1 66 134 13637
6990 44 7125 0 63 134 13638
6990 16 7126 0 140 22 13639
6990 25 7127 0 102 59 13640
6990 12 7123 0 113 13 13641
6990 43 7126 0 113 48 13642
6990 30 7126 0 100 167 13643
6990 44 7126 0 83 108 13644
6990 30 7124 0 109 56 13645
6990 3 7123 0 128 23 13646
6990 24 7127 0 66 169 13647
6990 6 7124 0 37 7 13648
6990 5 7126 0 155 79 13649
6990 3 7124 0 7 180 13650
6990 45 7126 0 40 105 13651
6990 28 7126 0 99 9 13652
6990 25 7124 0 66 134 13653
6990 17 7126 0 123 1 13654
6990 16 7126 0 166 118 13655
6990 6 7127 0 15 186 13656
6990 39 7128 0 133 152 13657
6990 7 7125 0 101 26 13658
6990 25 7123 0 141 56 13659
6991 50 9976 1 109 36 13660
7005 11 7142 0 117 40 13661
7005 5 7138 0 96 13 13662
7005 9 7141 0 46 189 13663
7005 11 7142 0 142 143 13664
7005 16 7141 0 132 13 13665
7005 43 7141 0 78 150 13666
7005 14 7138 0 118 4 13667
7005 42 7141 0 99 9 13668
7005 25 7141 0 150 43 13669
7005 12 7142 0 6 88 13670
7005 6 7141 0 37 7 13671
7005 16 7138 0 128 55 13672
7005 42 7140 0 149 33 13673
7005 7 7141 0 101 26 13674
7005 8 7141 0 94 1 13675
7005 9 7142 0 156 90 13676
7005 10 7141 0 103 22 13677
7005 6 7140 0 95 77 13678
7005 15 7141 0 72 131 13679
7005 11 7142 0 113 13 13680
7005 6 7142 0 117 1 13681
7005 23 7141 0 194 169 13682
7005 29 7139 0 109 56 13683
7005 15 7140 0 105 42 13684
7005 11 7141 0 138 36 13685
7005 22 7139 0 125 90 13686
7005 3 7141 0 10 193 13687
7019 62 10000 1 13 75 13688
7020 39 7156 0 109 56 13689
7020 26 7156 0 40 105 13690
7020 6 7158 0 122 58 13691
7020 19 7156 0 123 1 13692
7020 18 7154 0 140 22 13693
7020 31 7157 0 16 120 13694
7020 11 7156 0 128 96 13695
7020 6 7156 0 72 194 13696
7020 11 7156 0 148 56 13697
7020 5 7156 0 128 40 13698
7020 19 7156 0 99 1 13699
7020 8 7159 0 22 41 13700
7020 6 7157 0 178 113 13701
7020 38 7157 0 133 152 13702
7020 24 7157 0 105 42 13703
7020 4 7157 0 117 1 13704
7020 21 7155 0 52 37 13705
7020 22 7155 0 102 36 13706
7020 5 7158 0 7 180 13707
7020 5 7155 0 37 7 13708
7020 15 7156 0 13 75 13709
7020 12 7155 0 101 26 13710
7020 25 7154 0 113 48 13711
7020 31 7156 0 2 3 13712
7020 12 7155 0 92 2 13713
7020 7 7156 0 146 159 13714
7035 6 7172 0 101 26 13715
7035 21 7168 0 188 80 13716
7035 7 7171 0 63 86 13717
7035 6 7169 0 24 183 13718
7035 4 7170 0 185 66 13719
7035 20 7173 0 93 51 13720
7035 9 7170 0 108 31 13721
7035 12 7171 0 22 41 13722
7035 6 7172 0 46 189 13723
7035 27 7171 0 57 122 13724
7035 8 7171 0 117 40 13725
7035 9 7169 0 138 36 13726
7035 18 7170 0 105 42 13727
7035 6 7170 0 156 90 13728
7035 11 7171 0 113 13 13729
7035 11 7170 0 108 58 13730
7035 12 7172 0 123 1 13731
7035 37 7174 0 149 33 13732
7035 26 7169 0 109 56 13733
7035 17 7169 0 141 56 13734
7035 21 7171 0 109 36 13735
7035 21 7171 0 140 22 13736
7035 41 7172 0 63 134 13737
7035 5 7171 0 164 40 13738
7035 6 7171 0 105 143 13739
7035 33 7170 0 66 134 13740
7035 25 7173 0 113 48 13741
7035 6 7167 0 142 143 13742
7035 4 7170 0 96 13 13743
7035 5 7173 0 10 193 13744
7045 82 10000 1 40 59 13745
7050 12 7187 0 7 35 13746
7050 6 7186 0 117 1 13747
7050 7 7186 0 138 36 13748
7050 25 7186 0 113 48 13749
7050 12 7188 0 102 59 13750
7050 27 7186 0 100 167 13751
7050 15 7184 0 110 114 13752
7050 4 7186 0 128 23 13753
7050 8 7185 0 108 31 13754
7050 20 7188 0 141 56 13755
7050 30 7185 0 109 56 13756
7050 24 7186 0 86 23 13757
7050 16 7186 0 143 170 13758
7050 12 7188 0 103 22 13759
7050 12 7184 0 24 183 13760
7050 25 7186 0 179 186 13761
7050 25 7187 0 118 4 13762
7050 3 7186 0 128 40 13763
7050 6 7186 0 15 186 13764
7050 10 7187 0 103 1 13765
7050 6 7186 0 72 194 13766
7050 14 7187 0 132 13 13767
7059 143 10000 1 142 143 13768
7064 58 10000 1 6 88 13769
7065 26 7199 0 109 56 13770
7065 10 7202 0 138 36 13771
7065 9 7200 0 24 183 13772
7065 11 7203 0 103 1 13773
7065 24 7201 0 52 37 13774
7065 21 7203 0 123 1 13775
7065 3 7199 0 7 180 13776
7065 14 7201 0 140 22 13777
7065 20 7201 0 128 55 13778
7065 24 7201 0 109 36 13779
7065 10 7203 0 108 31 13780
7065 43 7200 0 63 134 13781
7065 35 7202 0 149 33 13782
7065 15 7202 0 99 1 13783
7065 41 7201 0 133 152 13784
7065 5 7200 0 155 79 13785
7065 10 7204 0 156 90 13786
7065 39 7200 0 102 140 13787
7065 8 7201 0 101 26 13788
7065 8 7199 0 22 41 13789
7065 12 7201 0 63 86 13790
7065 19 7197 0 13 75 13791
7065 3 7199 0 37 7 13792
7065 40 7202 0 16 120 13793
7065 18 7200 0 50 121 13794
7065 45 7200 0 113 48 13795
7065 36 7198 0 78 150 13796
7065 26 7200 0 155 122 13797
7065 5 7202 0 10 193 13798
7065 38 7200 0 99 9 13799
7065 3 7202 0 117 1 13800
7065 25 7200 0 102 36 13801
7065 12 7202 0 166 118 13802
7065 13 7201 0 188 80 13803
7080 18 7215 0 7 35 13804
7080 4 7218 0 117 1 13805
7080 7 7217 0 94 1 13806
7080 15 7215 0 118 4 13807
7080 12 7217 0 108 58 13808
7080 22 7218 0 102 36 13809
7080 25 7220 0 102 140 13810
7080 3 7216 0 127 27 13811
7080 36 7215 0 149 33 13812
7080 12 7216 0 63 86 13813
7080 40 7216 0 109 56 13814
7080 20 7217 0 140 22 13815
7080 31 7217 0 120 146 13816
7080 23 7217 0 99 1 13817
7080 11 7215 0 182 28 13818
7080 20 7216 0 102 59 13819
7080 4 7218 0 96 13 13820
7080 8 7215 0 173 171 13821
7080 18 7217 0 109 36 13822
7080 21 7218 0 67 20 13823
7080 6 7216 0 122 58 13824
7080 8 7216 0 101 26 13825
7080 16 7216 0 194 169 13826
7080 12 7215 0 138 36 13827
7080 9 7216 0 113 13 13828
7080 3 7216 0 128 23 13829
7080 6 7213 0 92 2 13830
7080 5 7219 0 155 79 13831
7084 62 10000 1 78 150 13832
7085 39 10000 1 153 145 13833
7095 14 7232 0 123 1 13834
7095 25 7231 0 132 13 13835
7095 3 7230 0 96 13 13836
7095 45 7232 0 66 134 13837
7095 24 7231 0 110 114 13838
7095 34 7233 0 113 48 13839
7095 3 7231 0 10 193 13840
7095 12 7232 0 63 86 13841
7095 6 7231 0 173 171 13842
7095 4 7232 0 127 27 13843
7095 24 7232 0 109 36 13844
7095 31 7233 0 102 140 13845
7095 11 7227 0 101 26 13846
7095 12 7232 0 117 40 13847
7095 10 7232 0 113 13 13848
7095 12 7228 0 94 1 13849
7095 11 7231 0 63 113 13850
7095 30 7230 0 2 3 13851
7095 19 7230 0 128 55 13852
7095 25 7232 0 102 36 13853
7110 6 7246 0 148 56 13854
7110 8 7246 0 103 22 13855
7110 4 7246 0 96 13 13856
7110 21 7247 0 109 36 13857
7110 43 7248 0 153 145 13858
7110 11 7248 0 92 2 13859
7110 27 7244 0 149 33 13860
7110 7 7244 0 101 26 13861
7110 41 7247 0 18 115 13862
7110 3 7245 0 117 1 13863
7110 5 7244 0 128 23 13864
7110 15 7244 0 140 22 13865
7110 12 7247 0 113 13 13866
7110 7 7245 0 15 4 13867
7110 10 7244 0 24 183 13868
7110 15 7248 0 128 55 13869
7110 23 7247 0 188 80 13870
7110 7 7243 0 108 58 13871
7110 16 7246 0 118 4 13872
7110 3 7247 0 185 66 13873
7110 9 7243 0 108 31 13874
7110 33 7247 0 113 48 13875
7110 41 7246 0 57 122 13876
7110 5 7248 0 127 27 13877
7110 6 7246 0 37 7 13878
7125 11 7263 0 148 56 13879
7125 40 7259 0 109 56 13880
7125 25 7262 0 149 33 13881
7125 13 7262 0 128 55 13882
7125 16 7263 0 102 36 13883
7125 6 7260 0 127 27 13884
7125 6 7260 0 122 58 13885
7125 21 7263 0 105 42 13886
7125 16 7261 0 140 22 13887
7125 22 7262 0 109 36 13888
7125 29 7261 0 18 115 13889
7125 4 7261 0 128 23 13890
7125 37 7260 0 16 120 13891
7125 3 7259 0 164 40 13892
7125 18 7260 0 188 80 13893
7125 7 7260 0 138 36 13894
7125 13 7261 0 93 51 13895
7125 11 7261 0 63 113 13896
7125 19 7262 0 7 35 13897
7125 16 7263 0 118 4 13898
7125 28 7261 0 155 122 13899
7125 3 7263 0 96 13 13900
7125 6 7260 0 117 1 13901
7125 25 7262 0 194 169 13902
7125 4 7260 0 161 34 13903
7125 11 7262 0 182 28 13904
7125 10 7261 0 178 113 13905
7125 10 7260 0 117 40 13906
7125 42 7262 0 63 134 13907
7137 35 10000 1 148 56 13908
7140 22 7274 0 105 42 13909
7140 36 7276 0 18 115 13910
7140 11 7273 0 103 1 13911
7140 39 7277 0 109 56 13912
7140 8 7276 0 113 13 13913
7140 27 7275 0 150 43 13914
7140 10 7276 0 178 113 13915
7140 5 7276 0 117 1 13916
7140 5 7275 0 122 58 13917
7140 8 7278 0 63 86 13918
7140 18 7275 0 67 20 13919
7140 40 7277 0 83 108 13920
7140 27 7276 0 66 134 13921
7140 5 7278 0 72 194 13922
7140 3 7276 0 95 77 13923
7140 31 7277 0 113 48 13924
7140 4 7275 0 128 23 13925
7140 28 7274 0 16 120 13926
7140 3 7276 0 7 180 13927
7140 44 7275 0 99 9 13928
7140 15 7276 0 7 35 13929
7140 22 7276 0 25 122 13930
7140 14 7278 0 102 36 13931
7140 3 7278 0 128 40 13932
7140 4 7276 0 37 7 13933
7140 24 7277 0 141 56 13934
7140 9 7277 0 173 171 13935
7140 4 7275 0 161 34 13936
7140 28 7276 0 63 134 13937
7140 22 7276 0 66 169 13938
7140 12 7276 0 101 26 13939
7140 23 7278 0 128 55 13940
7140 48 10000 1 101 26 13941
7140 36 7279 0 102 140 13942
7142 77 10000 1 22 41 13943
7143 71 10000 1 173 171 13944
7144 142 10000 1 63 86 13945
7152 34 10000 1 40 59 13946
7155 15 7291 0 141 56 13947
7155 24 7291 0 128 55 13948
7155 26 7290 0 99 9 13949
7155 4 7291 0 185 66 13950
7155 6 7292 0 96 13 13951
7155 20 7292 0 105 42 13952
7155 13 7292 0 7 35 13953
7155 7 7293 0 128 96 13954
7155 15 7290 0 110 114 13955
7155 25 7290 0 67 20 13956
7155 6 7291 0 7 180 13957
7155 11 7290 0 108 31 13958
7155 30 7292 0 83 108 13959
7155 34 7292 0 18 115 13960
7155 22 7289 0 55 108 13961
7155 12 7290 0 22 41 13962
7155 11 7290 0 103 22 13963
7155 32 7291 0 78 150 13964
7155 20 7291 0 140 22 13965
7155 6 7291 0 155 79 13966
7155 13 7293 0 109 36 13967
7155 5 7293 0 152 41 13968
7155 6 7293 0 113 13 13969
7155 40 7294 0 149 33 13970
7155 4 7292 0 24 195 13971
7155 5 7292 0 128 23 13972
7155 38 7293 0 109 56 13973
7155 26 7292 0 100 167 13974
7155 16 7291 0 118 4 13975
7155 3 7290 0 164 40 13976
7155 19 7289 0 123 1 13977
7155 3 7290 0 95 77 13978
7155 13 7290 0 13 75 13979
7155 6 7292 0 122 58 13980
7155 6 7290 0 72 194 13981
7155 3 7290 0 117 1 13982
7155 21 7291 0 146 119 13983
7155 9 7292 0 63 113 13984
7170 6 7306 0 15 186 13985
7170 5 7308 0 10 193 13986
7170 21 7306 0 140 22 13987
7170 45 7305 0 153 145 13988
7170 3 7306 0 117 1 13989
7170 9 7307 0 103 22 13990
7170 25 7304 0 118 4 13991
7170 13 7307 0 102 36 13992
7170 23 7307 0 93 51 13993
7170 7 7304 0 108 31 13994
7170 6 7307 0 22 41 13995
7170 16 7305 0 125 90 13996
7170 26 7307 0 99 9 13997
7170 9 7306 0 138 36 13998
7170 27 7304 0 149 33 13999
7170 25 7305 0 123 1 14000
7170 8 7305 0 155 52 14001
7170 4 7306 0 128 40 14002
7170 43 7307 0 102 140 14003
7170 9 7304 0 108 58 14004
7170 3 7304 0 128 23 14005
7170 6 7308 0 122 58 14006
7170 21 7307 0 128 55 14007
7170 16 7304 0 132 13 14008
7170 40 7304 0 109 56 14009
7178 34 10000 1 94 1 14010
7183 37 10000 1 15 186 14011
7185 7 7322 0 113 13 14012
7185 8 7321 0 103 22 14013
7185 19 7321 0 102 59 14014
7185 45 7323 0 83 108 14015
7185 37 7321 0 2 3 14016
7185 8 7321 0 63 113 14017
7185 30 7320 0 113 48 14018
7185 43 7321 0 109 56 14019
7185 4 7321 0 117 1 14020
7185 16 7322 0 13 75 14021
7185 18 7322 0 105 42 14022
7185 33 7320 0 149 33 14023
7185 16 7321 0 86 23 14024
7185 16 7322 0 143 170 14025
7185 14 7322 0 128 55 14026
7185 20 7321 0 40 59 14027
7185 35 7320 0 63 134 14028
7185 14 7324 0 140 22 14029
7185 8 7322 0 117 40 14030
7185 5 7322 0 128 40 14031
7185 8 7321 0 142 143 14032
7185 36 7321 0 179 186 14033
7185 34 7320 0 16 120 14034
7200 8 7336 0 117 40 14035
7200 8 7338 0 142 143 14036
7200 12 7337 0 105 42 14037
7200 31 7336 0 18 115 14038
7200 10 7334 0 128 96 14039
7200 40 7334 0 113 48 14040
7200 13 7337 0 25 122 14041
7200 29 7335 0 100 167 14042
7200 19 7334 0 141 56 14043
7200 18 7336 0 123 1 14044
7200 4 7338 0 128 23 14045
7200 24 7336 0 132 13 14046
7200 12 7336 0 40 59 14047
7200 6 7337 0 96 13 14048
7200 6 7338 0 127 27 14049
7200 8 7337 0 29 60 14050
7200 19 7334 0 118 4 14051
7200 35 7337 0 66 134 14052
7200 4 7335 0 155 79 14053
7200 34 7335 0 2 3 14054
7200 31 7334 0 179 186 14055
7200 20 7336 0 128 55 14056
7215 17 7350 0 109 36 14057
7215 24 7354 0 52 37 14058
7215 5 7352 0 37 7 14059
7215 34 7351 0 120 146 14060
7215 21 7348 0 6 88 14061
7215 12 7351 0 46 189 14062
7215 9 7351 0 182 28 14063
7215 12 7349 0 105 42 14064
7215 39 7353 0 153 145 14065
7215 9 7352 0 103 22 14066
7215 34 7352 0 40 105 14067
7215 8 7352 0 63 86 14068
7215 25 7351 0 86 23 14069
7215 12 7353 0 92 2 14070
7215 25 7351 0 118 4 14071
7215 19 7351 0 102 36 14072
7215 13 7353 0 166 118 14073
7215 25 7353 0 57 122 14074
7215 3 7353 0 128 40 14075
7215 28 7351 0 18 115 14076
7215 3 7352 0 10 193 14077
7215 12 7351 0 108 31 14078
7215 7 7348 0 128 96 14079
7215 13 7350 0 102 59 14080
7215 27 7351 0 150 43 14081
7215 42 7350 0 149 33 14082
7215 42 7350 0 109 56 14083
7215 25 7351 0 25 122 14084
7230 10 7367 0 173 171 14085
7230 28 7366 0 149 33 14086
7230 11 7365 0 182 28 14087
7230 12 7365 0 118 4 14088
7230 3 7366 0 128 23 14089
7230 20 7365 0 132 13 14090
7230 16 7365 0 7 35 14091
7230 25 7365 0 155 122 14092
7230 21 7367 0 188 80 14093
7230 45 7365 0 120 146 14094
7230 18 7366 0 102 36 14095
7230 10 7368 0 92 2 14096
7230 3 7365 0 117 1 14097
7230 12 7366 0 166 118 14098
7230 6 7365 0 164 40 14099
7230 15 7365 0 198 85 14100
7230 45 7363 0 63 134 14101
7230 21 7367 0 194 169 14102
7230 10 7369 0 108 31 14103
7230 8 7366 0 22 41 14104
7230 6 7366 0 152 41 14105
7230 9 7364 0 113 13 14106
7230 4 7364 0 122 58 14107
7230 42 7366 0 66 134 14108
7236 38 10000 1 152 41 14109
7245 25 7382 0 86 23 14110
7245 19 7379 0 118 4 14111
7245 10 7380 0 24 183 14112
7245 4 7380 0 128 40 14113
7245 8 7380 0 138 36 14114
7245 14 7382 0 50 121 14115
7245 19 7381 0 188 80 14116
7245 8 7382 0 15 186 14117
7245 5 7383 0 95 77 14118
7245 18 7381 0 166 118 14119
7245 20 7380 0 67 20 14120
7245 4 7381 0 122 58 14121
7245 16 7381 0 102 36 14122
7245 12 7381 0 108 31 14123
7245 11 7382 0 142 143 14124
7245 8 7380 0 46 189 14125
7245 16 7381 0 123 1 14126
7245 13 7379 0 125 90 14127
7245 27 7381 0 99 9 14128
7245 5 7381 0 96 13 14129
7245 27 7380 0 155 122 14130
7245 22 7381 0 132 13 14131
7245 24 7380 0 141 56 14132
7245 3 7380 0 152 41 14133
7245 27 7380 0 133 152 14134
7245 25 7382 0 105 42 14135
7245 27 7380 0 109 56 14136
7245 44 7380 0 2 3 14137
7245 13 7380 0 143 170 14138
7245 18 7381 0 140 22 14139
7245 28 7381 0 149 33 14140
7245 6 7381 0 127 27 14141
7245 5 7379 0 117 1 14142
7245 6 7380 0 24 195 14143
7245 7 7382 0 22 41 14144
7252 38 10000 1 109 1 14145
7260 10 7395 0 138 36 14146
7260 37 7394 0 149 33 14147
7260 25 7397 0 66 169 14148
7260 34 7396 0 109 56 14149
7260 4 7393 0 24 195 14150
7260 17 7395 0 40 59 14151
7260 18 7397 0 132 13 14152
7260 24 7396 0 140 22 14153
7260 25 7397 0 67 20 14154
7260 16 7396 0 72 131 14155
7260 29 7395 0 100 167 14156
7260 43 7393 0 16 120 14157
7260 7 7396 0 117 40 14158
7260 4 7396 0 128 23 14159
7260 19 7397 0 128 55 14160
7260 22 7397 0 166 118 14161
7260 31 7398 0 153 145 14162
7260 24 7397 0 102 36 14163
7260 3 7396 0 155 79 14164
7260 44 7395 0 179 186 14165
7260 7 7397 0 101 26 14166
7260 18 7397 0 105 42 14167
7262 67 10000 1 103 22 14168
7272 139 10000 1 155 79 14169
7275 40 7413 0 120 146 14170
7275 11 7412 0 103 22 14171
7275 24 7413 0 7 35 14172
7275 6 7411 0 101 26 14173
7275 29 7411 0 155 122 14174
7275 11 7407 0 24 183 14175
7275 9 7409 0 22 41 14176
7275 6 7412 0 185 66 14177
7275 32 7412 0 40 105 14178
7275 44 7408 0 179 186 14179
7275 7 7412 0 156 90 14180
7275 11 7412 0 63 86 14181
7275 25 7409 0 128 55 14182
7275 16 7413 0 125 90 14183
7275 33 7410 0 149 33 14184
7275 32 7411 0 99 9 14185
7275 8 7410 0 113 13 14186
7275 25 7412 0 109 56 14187
7275 9 7409 0 117 40 14188
7275 12 7412 0 141 56 14189
7275 3 7409 0 128 40 14190
7275 6 7412 0 182 28 14191
7275 37 7410 0 2 3 14192
7275 9 7411 0 138 36 14193
7275 28 7412 0 102 140 14194
7275 9 7412 0 63 113 14195
7275 14 7413 0 132 13 14196
7275 19 7414 0 110 114 14197
7275 23 7410 0 140 22 14198
7275 3 7413 0 155 79 14199
7290 15 7429 0 132 13 14200
7290 10 7427 0 101 26 14201
7290 27 7424 0 109 56 14202
7290 12 7423 0 109 36 14203
7290 5 7428 0 117 1 14204
7290 12 7424 0 55 108 14205
7290 8 7428 0 148 56 14206
7290 5 7429 0 128 23 14207
7290 5 7425 0 96 13 14208
7290 16 7426 0 13 75 14209
7290 18 7426 0 141 56 14210
7290 25 7427 0 188 80 14211
7290 35 7425 0 40 105 14212
7290 35 7429 0 100 167 14213
7290 16 7427 0 25 122 14214
7290 39 7426 0 63 134 14215
7290 5 7425 0 7 180 14216
7290 25 7425 0 140 22 14217
7290 23 7426 0 125 90 14218
7290 6 7424 0 178 113 14219
7290 8 7428 0 63 113 14220
7290 10 7425 0 105 143 14221
7290 12 7426 0 108 58 14222
7290 18 7426 0 67 20 14223
7294 96 10000 1 164 40 14224
7305 7 7441 0 173 171 14225
7305 14 7440 0 109 36 14226
7305 39 7441 0 40 105 14227
7305 42 7440 0 66 134 14228
7305 24 7440 0 25 122 14229
7305 11 7442 0 138 36 14230
7305 20 7442 0 118 4 14231
7305 4 7441 0 96 13 14232
7305 5 7441 0 152 41 14233
7305 9 7443 0 46 189 14234
7305 3 7441 0 117 1 14235
7305 5 7441 0 128 40 14236
7305 9 7438 0 148 56 14237
7305 24 7440 0 123 1 14238
7305 20 7439 0 7 35 14239
7305 9 7443 0 117 40 14240
7305 25 7440 0 132 13 14241
7305 43 7441 0 63 134 14242
7305 6 7439 0 178 113 14243
7305 43 7438 0 120 146 14244
7305 30 7440 0 99 9 14245
7305 11 7442 0 103 22 14246
7305 8 7442 0 15 4 14247
7305 31 7440 0 83 108 14248
7305 3 7441 0 127 27 14249
7305 33 7440 0 102 140 14250
7305 8 7440 0 105 143 14251
7305 14 7440 0 13 75 14252
7305 20 7444 0 102 59 14253
7305 12 7440 0 15 186 14254
7320 10 7454 0 46 189 14255
7320 13 7454 0 109 36 14256
7320 17 7457 0 55 108 14257
7320 29 7454 0 149 33 14258
7320 25 7458 0 128 55 14259
7320 6 7456 0 122 58 14260
7320 24 7455 0 143 170 14261
7320 25 7455 0 155 122 14262
7320 21 7457 0 194 169 14263
7320 9 7456 0 108 31 14264
7320 9 7455 0 24 183 14265
7320 4 7457 0 95 77 14266
7320 25 7458 0 99 9 14267
7320 22 7455 0 72 131 14268
7320 29 7456 0 113 48 14269
7320 15 7456 0 118 4 14270
7320 13 7453 0 13 75 14271
7320 8 7457 0 92 2 14272
7320 23 7455 0 102 36 14273
7320 6 7456 0 156 90 14274
7320 11 7458 0 63 113 14275
7320 8 7455 0 94 1 14276
7320 12 7456 0 117 40 14277
7320 10 7456 0 128 96 14278
7320 39 7458 0 102 140 14279
7320 6 7460 0 101 26 14280
7320 19 7456 0 67 20 14281
7320 7 7455 0 178 113 14282
7320 10 7456 0 113 13 14283
7320 6 7456 0 138 36 14284
7320 5 7455 0 96 13 14285
7320 10 7455 0 182 28 14286
7323 70 10000 1 150 43 14287
7335 12 7471 0 102 36 14288
7335 6 7471 0 182 28 14289
7335 27 7472 0 2 3 14290
7335 25 7470 0 13 75 14291
7335 6 7473 0 95 77 14292
7335 17 7471 0 110 114 14293
7335 17 7471 0 109 36 14294
7335 10 7472 0 109 1 14295
7335 5 7472 0 128 40 14296
7335 39 7472 0 99 9 14297
7335 12 7471 0 128 55 14298
7335 16 7470 0 105 42 14299
7335 18 7472 0 166 118 14300
7335 11 7471 0 103 1 14301
7335 36 7471 0 102 140 14302
7335 4 7470 0 128 23 14303
7335 20 7471 0 99 1 14304
7335 36 7472 0 150 43 14305
7335 32 7473 0 113 48 14306
7335 6 7473 0 127 27 14307
7335 44 7471 0 109 56 14308
7335 32 7469 0 16 120 14309
7335 15 7470 0 102 59 14310
7335 10 7470 0 24 183 14311
7335 6 7471 0 108 31 14312
7335 14 7471 0 132 13 14313
7335 3 7472 0 37 7 14314
7335 22 7472 0 50 121 14315
7335 25 7472 0 100 167 14316
7335 6 7472 0 122 58 14317
7335 28 7471 0 63 134 14318
7335 44 7473 0 57 122 14319
7350 33 7483 0 100 167 14320
7350 4 7488 0 117 1 14321
7350 8 7485 0 94 1 14322
7350 36 7486 0 109 56 14323
7350 32 7487 0 102 140 14324
7350 44 7488 0 149 33 14325
7350 8 7484 0 103 1 14326
7350 6 7486 0 127 27 14327
7350 16 7485 0 123 1 14328
7350 42 7487 0 99 9 14329
7350 45 7486 0 2 3 14330
7350 42 7484 0 18 115 14331
7350 4 7487 0 128 23 14332
7350 17 7486 0 99 1 14333
7350 7 7483 0 128 96 14334
7350 20 7485 0 50 121 14335
7350 37 7486 0 83 108 14336
7350 4 7486 0 7 180 14337
7350 32 7485 0 155 122 14338
7350 3 7486 0 37 7 14339
7350 24 7487 0 6 88 14340
7350 44 7485 0 57 122 14341
7350 9 7485 0 148 56 14342
7350 18 7485 0 141 56 14343
7350 26 7486 0 78 150 14344
7350 19 7486 0 110 114 14345
7350 3 7487 0 122 58 14346
7350 42 7485 0 133 152 14347
7355 42 10000 1 142 143 14348
7365 40 7500 0 109 56 14349
7365 8 7501 0 103 22 14350
7365 22 7503 0 72 131 14351
7365 27 7501 0 120 146 14352
7365 25 7502 0 198 85 14353
7365 9 7500 0 105 143 14354
7365 12 7498 0 108 58 14355
7365 13 7501 0 105 42 14356
7365 27 7501 0 99 9 14357
7365 8 7500 0 101 26 14358
7365 7 7500 0 113 13 14359
7365 12 7500 0 15 186 14360
7365 4 7502 0 128 23 14361
7365 39 7499 0 133 152 14362
7365 4 7500 0 122 58 14363
7365 4 7501 0 185 66 14364
7365 14 7501 0 140 22 14365
7365 23 7499 0 67 20 14366
7365 9 7502 0 108 31 14367
7365 6 7501 0 96 13 14368
7365 16 7503 0 194 169 14369
7365 4 7502 0 7 180 14370
7365 17 7501 0 123 1 14371
7365 6 7501 0 156 90 14372
7365 5 7502 0 37 7 14373
7365 8 7503 0 138 36 14374
7375 69 10000 1 108 31 14375
7380 10 7515 0 117 40 14376
7380 12 7519 0 198 85 14377
7380 24 7515 0 102 36 14378
7380 20 7514 0 109 36 14379
7380 4 7514 0 117 1 14380
7380 4 7517 0 161 34 14381
7380 6 7517 0 37 7 14382
7380 7 7515 0 128 96 14383
7380 33 7516 0 182 79 14384
7380 5 7516 0 122 58 14385
7380 45 7516 0 113 48 14386
7380 26 7516 0 109 56 14387
7380 9 7516 0 148 56 14388
7380 27 7517 0 179 186 14389
7380 40 7518 0 149 33 14390
7380 9 7516 0 15 186 14391
7380 4 7515 0 95 77 14392
7380 15 7515 0 140 22 14393
7380 7 7516 0 105 143 14394
7380 5 7514 0 24 195 14395
7380 28 7515 0 2 3 14396
7380 12 7515 0 15 4 14397
7380 5 7517 0 128 23 14398
7380 11 7515 0 113 13 14399
7380 34 7515 0 120 146 14400
7380 37 7516 0 133 152 14401
7380 18 7517 0 50 121 14402
7380 24 7514 0 110 114 14403
7380 5 7518 0 72 194 14404
7380 21 7516 0 105 42 14405
7380 3 7516 0 127 27 14406
7380 3 7516 0 155 79 14407
7389 50 10000 1 95 77 14408
7393 44 10000 1 55 108 14409
7395 36 7531 0 57 122 14410
7395 13 7534 0 132 13 14411
7395 24 7532 0 118 4 14412
7395 7 7530 0 138 36 14413
7395 34 7531 0 83 108 14414
7395 41 7530 0 99 9 14415
7395 4 7532 0 128 23 14416
7395 6 7531 0 7 180 14417
7395 5 7532 0 127 27 14418
7395 3 7530 0 96 13 14419
7395 10 7531 0 103 1 14420
7395 12 7529 0 108 31 14421
7395 37 7531 0 179 186 14422
7395 30 7532 0 113 48 14423
7395 11 7531 0 142 143 14424
7395 6 7532 0 173 171 14425
7395 8 7532 0 109 1 14426
7395 24 7533 0 194 169 14427
7395 22 7531 0 140 22 14428
7395 6 7530 0 105 143 14429
7395 23 7531 0 86 23 14430
7395 10 7533 0 24 183 14431
7395 13 7530 0 50 121 14432
7406 198 10000 1 128 55 14433
7410 12 7546 0 92 2 14434
7410 9 7546 0 15 186 14435
7410 10 7548 0 138 36 14436
7410 44 7546 0 149 33 14437
7410 21 7547 0 67 20 14438
7410 16 7547 0 140 22 14439
7410 11 7545 0 15 4 14440
7410 17 7547 0 72 131 14441
7410 20 7548 0 128 55 14442
7410 6 7547 0 29 60 14443
7410 45 7546 0 182 79 14444
7410 24 7546 0 102 36 14445
7410 57 10000 1 146 119 14446
7410 33 7547 0 150 43 14447
7410 12 7546 0 22 41 14448
7410 20 7546 0 123 1 14449
7410 10 7546 0 155 52 14450
7410 24 7547 0 105 42 14451
7410 9 7545 0 173 171 14452
7410 7 7546 0 101 26 14453
7410 6 7546 0 103 22 14454
7410 24 7548 0 86 23 14455
7410 13 7544 0 66 169 14456
7410 18 7545 0 40 59 14457
7410 6 7547 0 10 193 14458
7410 27 7547 0 83 108 14459
7410 26 7546 0 16 120 14460
7410 9 7544 0 63 113 14461
7410 4 7546 0 37 7 14462
7410 7 7547 0 108 58 14463
7410 3 7546 0 128 23 14464
7410 6 7545 0 113 13 14465
7410 3 7547 0 72 194 14466
7410 25 7546 0 52 37 14467
7410 13 7547 0 132 13 14468
7416 55 10000 1 86 23 14469
7425 5 7562 0 117 1 14470
7425 8 7562 0 105 143 14471
7425 35 7560 0 150 43 14472
7425 22 7562 0 140 22 14473
7425 5 7561 0 155 79 14474
7425 4 7561 0 24 195 14475
7425 21 7562 0 109 36 14476
7425 9 7561 0 156 90 14477
7425 25 7559 0 149 33 14478
7425 4 7558 0 95 77 14479
7425 10 7562 0 101 26 14480
7425 6 7561 0 128 40 14481
7425 22 7561 0 105 42 14482
7425 43 7561 0 102 140 14483
7425 9 7560 0 173 171 14484
7425 29 7562 0 99 9 14485
7425 22 7561 0 128 55 14486
7425 5 7561 0 122 58 14487
7425 44 7561 0 2 3 14488
7425 35 7562 0 16 120 14489
7425 6 7563 0 127 27 14490
7425 15 7560 0 40 59 14491
7425 3 7560 0 161 34 14492
7425 31 7562 0 109 56 14493
7425 22 7560 0 123 1 14494
7425 19 7561 0 132 13 14495
7425 34 7560 0 133 152 14496
7425 15 7562 0 86 23 14497
7425 5 7560 0 10 193 14498
7430 79 10000 1 118 4 14499
7439 95 10000 1 128 23 14500
7440 12 7576 0 148 56 14501
7440 16 7576 0 72 131 14502
7440 7 7573 0 92 2 14503
7440 10 7577 0 63 113 14504
7440 6 7577 0 128 96 14505
7440 23 7577 0 86 23 14506
7440 16 7576 0 93 51 14507
7440 4 7578 0 37 7 14508
7440 4 7574 0 185 66 14509
7440 14 7576 0 188 80 14510
7440 44 7576 0 113 48 14511
7440 18 7577 0 128 55 14512
7440 7 7577 0 108 31 14513
7440 20 7575 0 140 22 14514
7440 4 7573 0 7 180 14515
7440 5 7577 0 128 40 14516
7440 32 7576 0 182 79 14517
7440 5 7576 0 128 23 14518
7440 3 7576 0 155 79 14519
7440 26 7576 0 149 33 14520
7440 43 7577 0 133 152 14521
7440 9 7577 0 15 186 14522
7440 3 7577 0 127 27 14523
7440 7 7576 0 109 1 14524
7440 36 7575 0 150 43 14525
7455 15 7590 0 110 114 14526
7455 45 7593 0 133 152 14527
7455 24 7590 0 86 23 14528
7455 22 7592 0 99 1 14529
7455 25 7591 0 109 36 14530
7455 25 7590 0 72 131 14531
7455 8 7589 0 46 189 14532
7455 22 7593 0 25 122 14533
7455 17 7591 0 52 37 14534
7455 7 7592 0 109 1 14535
7455 25 7592 0 2 3 14536
7455 8 7591 0 113 13 14537
7455 25 7591 0 50 121 14538
7455 10 7590 0 94 1 14539
7455 4 7590 0 164 40 14540
7455 20 7590 0 102 36 14541
7455 6 7589 0 122 58 14542
7455 21 7593 0 13 75 14543
7455 4 7590 0 96 13 14544
7455 6 7591 0 138 36 14545
7455 9 7589 0 155 52 14546
7455 6 7591 0 178 113 14547
7455 11 7591 0 105 143 14548
7455 10 7592 0 108 58 14549
7455 12 7590 0 117 40 14550
7455 18 7590 0 188 80 14551
7455 45 7591 0 109 56 14552
7470 4 7605 0 95 77 14553
7470 41 7607 0 83 108 14554
7470 12 7606 0 101 26 14555
7470 11 7605 0 117 40 14556
7470 27 7607 0 179 186 14557
7470 38 7606 0 100 167 14558
7470 29 7605 0 40 105 14559
7470 6 7606 0 128 40 14560
7470 17 7607 0 140 22 14561
7470 19 7606 0 118 4 14562
7470 21 7605 0 188 80 14563
7470 24 7605 0 25 122 14564
7470 8 7603 0 63 113 14565
7470 13 7606 0 123 1 14566
7470 5 7605 0 122 58 14567
7470 8 7605 0 103 1 14568
7470 16 7606 0 125 90 14569
7470 44 7604 0 63 134 14570
7470 20 7607 0 128 55 14571
7470 12 7606 0 146 159 14572
7470 8 7606 0 142 143 14573
7470 26 7604 0 182 79 14574
7470 14 7606 0 102 36 14575
7470 6 7606 0 127 27 14576
7470 23 7607 0 93 51 14577
7470 10 7606 0 156 90 14578
7470 10 7608 0 155 52 14579
7470 16 7606 0 50 121 14580
7472 50 10000 1 25 122 14581
7483 125 10000 1 94 1 14582
7485 33 7624 0 149 33 14583
7485 41 7621 0 109 56 14584
7485 13 7621 0 102 59 14585
7485 28 7622 0 102 140 14586
7485 8 7620 0 138 36 14587
7485 10 7620 0 105 143 14588
7485 6 7621 0 164 40 14589
7485 16 7622 0 102 36 14590
7485 22 7620 0 140 22 14591
7485 15 7621 0 128 55 14592
7485 22 7621 0 118 4 14593
7485 33 7622 0 18 115 14594
7485 12 7621 0 105 42 14595
7485 43 7620 0 57 122 14596
7485 4 7621 0 128 23 14597
7485 12 7621 0 109 1 14598
7485 10 7621 0 101 26 14599
7485 5 7619 0 152 41 14600
7485 24 7623 0 123 1 14601
7485 24 7621 0 194 169 14602
7485 4 7621 0 128 40 14603
7485 15 7620 0 198 85 14604
7485 3 7623 0 117 1 14605
7485 6 7622 0 22 41 14606
7485 6 7621 0 108 31 14607
7485 4 7619 0 96 13 14608
7485 8 7620 0 63 113 14609
7485 6 7619 0 127 27 14610
7485 12 7620 0 188 80 14611
7485 9 7622 0 15 4 14612
7487 39 10000 1 194 169 14613
7493 146 10000 1 22 41 14614
7500 34 7639 0 78 150 14615
7500 3 7636 0 128 40 14616
7500 6 7636 0 101 26 14617
7500 11 7636 0 29 60 14618
7500 9 7637 0 63 86 14619
7500 36 7636 0 109 56 14620
7500 18 7637 0 50 121 14621
7500 10 7634 0 117 40 14622
7500 36 7634 0 179 186 14623
7500 6 7635 0 128 23 14624
7500 14 7635 0 118 4 14625
7500 39 7637 0 149 33 14626
7500 39 7637 0 99 9 14627
7500 22 7634 0 132 13 14628
7500 7 7637 0 15 4 14629
7500 9 7635 0 103 22 14630
7500 11 7635 0 46 189 14631
7500 6 7635 0 37 7 14632
7500 17 7637 0 166 118 14633
7500 12 7635 0 146 159 14634
7500 15 7637 0 141 56 14635
7500 10 7638 0 92 2 14636
7500 7 7636 0 108 31 14637
7500 3 7634 0 185 66 14638
7500 23 7636 0 128 55 14639
7500 13 7636 0 13 75 14640
7512 78 10000 1 127 27 14641
7515 42 7652 0 179 186 14642
7515 12 7652 0 142 143 14643
7515 10 7650 0 117 40 14644
7515 26 7649 0 57 122 14645
7515 38 7651 0 109 56 14646
7515 19 7651 0 140 22 14647
7515 16 7649 0 128 55 14648
7515 41 7653 0 99 9 14649
7515 31 7649 0 63 134 14650
7515 6 7651 0 7 180 14651
7515 38 7652 0 155 122 14652
7515 20 7651 0 110 114 14653
7515 7 7652 0 155 52 14654
7515 23 7651 0 55 108 14655
7515 12 7650 0 109 1 14656
7515 3 7650 0 152 41 14657
7515 12 7651 0 146 159 14658
7515 11 7654 0 148 56 14659
7515 11 7651 0 128 96 14660
7515 13 7650 0 6 88 14661
7515 8 7650 0 103 22 14662
7515 32 7653 0 149 33 14663
7515 3 7653 0 128 23 14664
7515 28 7648 0 113 48 14665
7515 34 7648 0 83 108 14666
7515 20 7650 0 102 36 14667
7515 39 7650 0 78 150 14668
7515 14 7653 0 86 23 14669
7515 14 7651 0 102 59 14670
7530 5 7666 0 96 13 14671
7530 13 7665 0 166 118 14672
7530 45 7666 0 113 48 14673
7530 34 7666 0 2 3 14674
7530 10 7666 0 146 159 14675
7530 26 7664 0 66 134 14676
7530 13 7666 0 128 55 14677
7530 24 7667 0 55 108 14678
7530 6 7666 0 103 22 14679
7530 18 7669 0 194 169 14680
7530 22 7666 0 105 42 14681
7530 14 7666 0 99 1 14682
7530 23 7667 0 40 59 14683
7530 7 7666 0 138 36 14684
7530 42 7666 0 83 108 14685
7530 5 7665 0 128 23 14686
7530 10 7666 0 117 40 14687
7530 9 7666 0 105 143 14688
7530 8 7666 0 101 26 14689
7530 40 7665 0 149 33 14690
7530 45 7669 0 16 120 14691
7530 5 7665 0 24 195 14692
7530 19 7664 0 132 13 14693
7530 12 7667 0 25 122 14694
7530 23 7666 0 146 119 14695
7545 3 7682 0 152 41 14696
7545 44 7680 0 2 3 14697
7545 12 7680 0 117 40 14698
7545 34 7682 0 109 56 14699
7545 15 7682 0 166 118 14700
7545 9 7680 0 113 13 14701
7545 25 7683 0 140 22 14702
7545 5 7681 0 37 7 14703
7545 15 7683 0 109 36 14704
7545 22 7681 0 102 36 14705
7545 12 7682 0 108 31 14706
7545 43 7681 0 66 134 14707
7545 8 7682 0 173 171 14708
7545 6 7682 0 95 77 14709
7545 41 7680 0 100 167 14710
7545 8 7682 0 138 36 14711
7545 39 7682 0 150 43 14712
7545 31 7683 0 179 186 14713
7545 13 7681 0 143 170 14714
7545 4 7680 0 122 58 14715
7545 7 7681 0 15 186 14716
7545 12 7682 0 67 20 14717
7545 6 7682 0 7 180 14718
7545 17 7681 0 123 1 14719
7545 17 7680 0 128 55 14720
7560 10 7698 0 105 143 14721
7560 4 7697 0 128 40 14722
7560 36 7697 0 109 56 14723
7560 44 7697 0 2 3 14724
7560 23 7699 0 140 22 14725
7560 11 7695 0 117 40 14726
7560 11 7697 0 178 113 14727
7560 28 7697 0 120 146 14728
7560 3 7697 0 37 7 14729
7560 20 7695 0 105 42 14730
7560 16 7696 0 128 55 14731
7560 14 7697 0 146 119 14732
7560 12 7693 0 132 13 14733
7560 5 7697 0 96 13 14734
7560 16 7699 0 109 36 14735
7560 10 7694 0 94 1 14736
7560 9 7696 0 24 183 14737
7560 25 7695 0 102 36 14738
7560 14 7698 0 123 1 14739
7560 5 7694 0 128 23 14740
7560 6 7695 0 127 27 14741
7560 11 7693 0 108 58 14742
7560 35 7696 0 57 122 14743
7560 19 7697 0 198 85 14744
7560 11 7695 0 63 86 14745
7560 13 7696 0 118 4 14746
7560 15 7696 0 143 170 14747
7560 10 7694 0 138 36 14748
7560 6 7699 0 122 58 14749
7575 21 7711 0 123 1 14750
7575 28 7710 0 66 134 14751
7575 8 7710 0 103 22 14752
7575 20 7712 0 105 42 14753
7575 23 7713 0 7 35 14754
7575 11 7711 0 15 186 14755
7575 34 7713 0 155 122 14756
7575 18 7710 0 140 22 14757
7575 16 7709 0 110 114 14758
7575 4 7710 0 96 13 14759
7575 11 7712 0 22 41 14760
7575 9 7711 0 113 13 14761
7575 33 7712 0 99 9 14762
7575 12 7713 0 24 183 14763
7575 13 7713 0 118 4 14764
7575 12 7711 0 148 56 14765
7575 9 7711 0 101 26 14766
7575 3 7711 0 128 40 14767
7575 5 7711 0 10 193 14768
7575 7 7712 0 178 113 14769
7575 9 7710 0 138 36 14770
7575 3 7710 0 185 66 14771
7590 39 7725 0 18 115 14772
7590 15 7727 0 166 118 14773
7590 25 7725 0 125 90 14774
7590 8 7723 0 94 1 14775
7590 13 7727 0 132 13 14776
7590 17 7725 0 102 36 14777
7590 12 7725 0 113 13 14778
7590 20 7726 0 123 1 14779
7590 11 7726 0 92 2 14780
7590 5 7725 0 128 23 14781
7590 33 7724 0 155 122 14782
7590 6 7726 0 122 58 14783
7590 19 7724 0 188 80 14784
7590 6 7727 0 117 1 14785
7590 3 7728 0 10 193 14786
7590 25 7726 0 99 9 14787
7590 5 7727 0 128 40 14788
7590 42 7726 0 120 146 14789
7590 15 7725 0 66 169 14790
7590 5 7727 0 37 7 14791
7590 6 7727 0 152 41 14792
7590 9 7725 0 103 22 14793
7590 12 7728 0 142 143 14794
7590 3 7725 0 72 194 14795
7590 15 7728 0 40 59 14796
7596 57 10000 1 155 52 14797
7605 17 7741 0 72 131 14798
7605 4 7740 0 96 13 14799
7605 13 7739 0 188 80 14800
7605 12 7741 0 15 186 14801
7605 6 7740 0 24 195 14802
7605 27 7740 0 102 140 14803
7605 6 7743 0 117 1 14804
7605 9 7738 0 117 40 14805
7605 14 7741 0 140 22 14806
7605 25 7740 0 16 120 14807
7605 11 7741 0 63 113 14808
7605 12 7742 0 108 31 14809
7605 37 7743 0 113 48 14810
7605 45 7740 0 99 9 14811
7605 9 7742 0 63 86 14812
7605 40 7741 0 149 33 14813
7605 17 7738 0 132 13 14814
7605 3 7741 0 72 194 14815
7605 15 7742 0 93 51 14816
7605 17 7739 0 109 36 14817
7605 34 7740 0 63 134 14818
7605 43 7740 0 182 79 14819
7605 25 7740 0 146 119 14820
7605 10 7739 0 92 2 14821
7605 6 7744 0 122 58 14822
7605 4 7744 0 7 180 14823
7608 70 10000 1 99 1 14824
7609 46 10000 1 99 9 14825
7615 65 10000 1 7 35 14826
7620 6 7757 0 96 13 14827
7620 18 7758 0 109 36 14828
7620 45 7756 0 2 3 14829
7620 13 7758 0 128 55 14830
7620 38 7756 0 99 9 14831
7620 18 7755 0 99 1 14832
7620 5 7755 0 122 58 14833
7620 33 7756 0 109 56 14834
7620 19 7756 0 118 4 14835
7620 44 7753 0 113 48 14836
7620 25 7755 0 123 1 14837
7620 5 7755 0 7 180 14838
7620 7 7756 0 117 40 14839
7620 20 7756 0 25 122 14840
7620 18 7755 0 7 35 14841
7620 12 7756 0 15 4 14842
7620 25 7755 0 6 88 14843
7620 5 7756 0 117 1 14844
7620 4 7758 0 127 27 14845
7620 6 7757 0 185 66 14846
7620 10 7754 0 182 28 14847
7620 10 7756 0 22 41 14848
7620 33 7755 0 83 108 14849
7620 8 7755 0 24 183 14850
7620 6 7757 0 10 193 14851
7620 32 7754 0 150 43 14852
7620 14 7754 0 143 170 14853
7620 5 7756 0 128 23 14854
7620 6 7756 0 103 22 14855
7627 63 10000 1 125 90 14856
7628 49 10000 1 66 169 14857
7635 35 7771 0 63 134 14858
7635 13 7770 0 105 42 14859
7635 39 7770 0 18 115 14860
7635 10 7772 0 15 4 14861
7635 6 7771 0 95 77 14862
7635 14 7771 0 109 36 14863
7635 6 7772 0 24 183 14864
7635 12 7772 0 103 22 14865
7635 41 7772 0 102 140 14866
7635 39 7771 0 120 146 14867
7635 6 7772 0 142 143 14868
7635 7 7772 0 46 189 14869
7635 18 7769 0 166 118 14870
7635 7 7772 0 108 31 14871
7635 5 7771 0 152 41 14872
7635 3 7770 0 122 58 14873
7635 5 7772 0 161 34 14874
7635 14 7770 0 125 90 14875
7635 15 7769 0 52 37 14876
7635 21 7771 0 194 169 14877
7635 10 7772 0 101 26 14878
7635 4 7773 0 128 40 14879
7635 23 7772 0 123 1 14880
7635 5 7771 0 117 1 14881
7635 11 7771 0 29 60 14882
7635 23 7773 0 110 114 14883
7635 5 7770 0 127 27 14884
7635 34 7773 0 179 186 14885
7635 41 7774 0 113 48 14886
7635 20 7770 0 118 4 14887
7635 27 7773 0 149 33 14888
7640 79 10000 1 10 193 14889
7650 6 7786 0 156 90 14890
7650 3 7786 0 7 180 14891
7650 24 7785 0 6 88 14892
7650 4 7788 0 128 23 14893
7650 37 7785 0 109 56 14894
7650 25 7786 0 194 169 14895
7650 12 7787 0 108 58 14896
7650 11 7784 0 178 113 14897
7650 27 7787 0 113 48 14898
7650 4 7787 0 161 34 14899
7650 5 7787 0 122 58 14900
7650 3 7786 0 72 194 14901
7650 15 7785 0 118 4 14902
7650 17 7785 0 132 13 14903
7650 17 7785 0 93 51 14904
7650 34 7788 0 78 150 14905
7650 13 7787 0 128 55 14906
7650 5 7785 0 95 77 14907
7650 8 7787 0 146 159 14908
7650 27 7785 0 63 134 14909
7650 12 7785 0 105 42 14910
7650 32 7784 0 153 145 14911
7650 6 7785 0 103 22 14912
7650 11 7785 0 24 183 14913
7650 14 7786 0 146 119 14914
7650 18 7788 0 55 108 14915
7650 3 7786 0 155 79 14916
7656 48 10000 1 57 122 14917
7665 24 7802 0 109 36 14918
7665 17 7799 0 128 55 14919
7665 3 7802 0 128 23 14920
7665 6 7800 0 128 40 14921
7665 33 7801 0 179 186 14922
7665 19 7799 0 123 1 14923
7665 13 7802 0 13 75 14924
7665 8 7801 0 113 13 14925
7665 23 7801 0 132 13 14926
7665 7 7802 0 103 22 14927
7665 9 7800 0 138 36 14928
7665 13 7801 0 66 169 14929
7665 13 7802 0 6 88 14930
7665 26 7802 0 109 56 14931
7665 8 7799 0 155 52 14932
7665 45 7800 0 57 122 14933
7665 12 7801 0 156 90 14934
7665 11 7803 0 117 40 14935
7665 5 7801 0 96 13 14936
7665 37 7801 0 40 105 14937
7665 7 7800 0 101 26 14938
7665 38 7799 0 149 33 14939
7665 21 7801 0 25 122 14940
7665 22 7801 0 40 59 14941
7665 3 7800 0 117 1 14942
7665 12 7800 0 148 56 14943
7665 44 7802 0 113 48 14944
7665 8 7800 0 24 183 14945
7676 80 10000 1 96 13 14946
7680 6 7817 0 128 40 14947
7680 18 7815 0 118 4 14948
7680 5 7816 0 128 23 14949
7680 4 7815 0 127 27 14950
7680 5 7817 0 24 195 14951
7680 20 7817 0 128 55 14952
7680 33 7817 0 153 145 14953
7680 16 7814 0 123 1 14954
7680 10 7816 0 113 13 14955
7680 23 7816 0 40 59 14956
7680 27 7816 0 109 56 14957
7680 4 7816 0 96 13 14958
7680 18 7817 0 102 59 14959
7680 11 7814 0 109 1 14960
7680 24 7816 0 102 36 14961
7680 33 7817 0 2 3 14962
7680 4 7815 0 117 1 14963
7680 6 7815 0 161 34 14964
7680 15 7817 0 166 118 14965
7680 10 7815 0 24 183 14966
7680 11 7816 0 182 28 14967
7680 12 7815 0 173 171 14968
7680 45 7816 0 179 186 14969
7680 8 7814 0 101 26 14970
7680 3 7816 0 185 66 14971
7680 33 7816 0 40 105 14972
7680 11 7816 0 108 31 14973
7681 68 10000 1 143 170 14974
7695 11 7833 0 117 40 14975
7695 6 7832 0 95 77 14976
7695 18 7832 0 25 122 14977
7695 4 7831 0 122 58 14978
7695 37 7831 0 40 105 14979
7695 4 7830 0 128 23 14980
7695 18 7832 0 128 55 14981
7695 33 7832 0 99 9 14982
7695 16 7829 0 140 22 14983
7695 12 7832 0 15 186 14984
7695 4 7832 0 117 1 14985
7695 3 7829 0 127 27 14986
7695 37 7830 0 149 33 14987
7695 12 7829 0 6 88 14988
7695 9 7832 0 101 26 14989
7695 24 7832 0 13 75 14990
7695 13 7830 0 110 114 14991
7695 18 7831 0 66 169 14992
7695 30 7829 0 120 146 14993
7695 16 7831 0 118 4 14994
7695 17 7830 0 102 36 14995
7695 7 7833 0 113 13 14996
7695 44 7830 0 109 56 14997
7695 22 7832 0 141 56 14998
7695 20 7834 0 105 42 14999
7710 17 7845 0 110 114 15000
7710 32 7846 0 83 108 15001
7710 18 7846 0 194 169 15002
7710 4 7847 0 117 1 15003
7710 12 7846 0 113 13 15004
7710 22 7845 0 146 119 15005
7710 36 7845 0 153 145 15006
7710 14 7846 0 118 4 15007
7710 8 7846 0 101 26 15008
7710 4 7846 0 128 40 15009
7710 34 7849 0 66 134 15010
7710 16 7845 0 72 131 15011
7710 11 7847 0 15 4 15012
7710 44 7846 0 99 9 15013
7710 12 7846 0 105 42 15014
7710 3 7847 0 7 180 15015
7710 10 7846 0 138 36 15016
7710 12 7844 0 63 86 15017
7710 4 7845 0 122 58 15018
7710 38 7847 0 133 152 15019
7710 24 7847 0 132 13 15020
7710 5 7846 0 161 34 15021
7710 11 7846 0 182 28 15022
7710 15 7845 0 109 36 15023
7710 15 7849 0 7 35 15024
7710 38 7846 0 100 167 15025
7725 37 10000 1 40 105 15026
7725 9 7857 0 117 40 15027
7725 25 7863 0 128 55 15028
7725 18 7862 0 110 114 15029
7725 9 7862 0 105 143 15030
7725 12 7861 0 173 171 15031
7725 3 7860 0 95 77 15032
7725 27 7861 0 155 122 15033
7725 5 7860 0 128 40 15034
7725 12 7864 0 66 169 15035
7725 19 7861 0 52 37 15036
7725 33 7861 0 83 108 15037
7725 7 7861 0 109 1 15038
7725 20 7860 0 102 36 15039
7725 4 7860 0 96 13 15040
7725 12 7860 0 138 36 15041
7725 24 7861 0 123 1 15042
7725 42 7862 0 63 134 15043
7725 11 7860 0 29 60 15044
7725 3 7860 0 185 66 15045
7725 11 7863 0 155 52 15046
7725 7 7862 0 22 41 15047
7725 17 7861 0 194 169 15048
7725 5 7862 0 128 23 15049
7725 12 7863 0 141 56 15050
7725 12 7861 0 113 13 15051
7725 3 7862 0 122 58 15052
7740 5 7877 0 24 195 15053
7740 10 7877 0 29 60 15054
7740 12 7875 0 63 86 15055
7740 7 7876 0 92 2 15056
7740 44 7874 0 133 152 15057
7740 31 7877 0 18 115 15058
7740 11 7875 0 128 96 15059
7740 8 7875 0 105 143 15060
7740 7 7876 0 108 58 15061
7740 17 7876 0 125 90 15062
7740 9 7875 0 94 1 15063
7740 12 7878 0 132 13 15064
7740 6 7876 0 109 1 15065
7740 13 7875 0 128 55 15066
7740 12 7876 0 103 22 15067
7740 23 7877 0 118 4 15068
7740 21 7877 0 72 131 15069
7740 30 7876 0 102 140 15070
7740 23 7878 0 55 108 15071
7740 9 7876 0 117 40 15072
7740 22 7877 0 6 88 15073
7740 34 7876 0 149 33 15074
7740 12 7876 0 173 171 15075
7740 34 7877 0 155 122 15076
7740 45 7876 0 16 120 15077
7740 7 7875 0 101 26 15078
7740 4 7876 0 155 79 15079
7740 23 7875 0 25 122 15080
7748 53 10000 1 117 40 15081
7755 4 7893 0 128 23 15082
7755 8 7889 0 15 186 15083
7755 16 7893 0 67 20 15084
7755 6 7890 0 117 1 15085
7755 23 7892 0 50 121 15086
7755 5 7890 0 72 194 15087
7755 43 7891 0 150 43 15088
7755 11 7891 0 63 86 15089
7755 35 7891 0 179 186 15090
7755 6 7891 0 173 171 15091
7755 36 7892 0 109 56 15092
7755 28 7892 0 149 33 15093
7755 13 7890 0 105 42 15094
7755 11 7891 0 138 36 15095
7755 9 7891 0 101 26 15096
7755 6 7891 0 128 40 15097
7755 12 7893 0 109 36 15098
7755 4 7893 0 164 40 15099
7755 6 7890 0 63 113 15100
7755 20 7891 0 7 35 15101
7755 41 7889 0 18 115 15102
7755 11 7891 0 15 4 15103
7755 4 7890 0 95 77 15104
7755 4 7892 0 155 79 15105
7755 7 7889 0 108 58 15106
7755 11 7890 0 108 31 15107
7755 8 7891 0 103 22 15108
7770 21 7903 0 109 36 15109
7770 12 7907 0 141 56 15110
7770 23 7906 0 140 22 15111
7770 42 7908 0 109 56 15112
7770 6 7904 0 96 13 15113
7770 23 7907 0 102 36 15114
7770 42 7906 0 99 9 15115
7770 6 7905 0 117 1 15116
7770 6 7907 0 138 36 15117
7770 6 7905 0 63 113 15118
7770 7 7903 0 63 86 15119
7770 10 7907 0 109 1 15120
7770 12 7905 0 22 41 15121
7770 10 7905 0 101 26 15122
7770 11 7906 0 117 40 15123
7770 42 7905 0 78 150 15124
7770 10 7906 0 15 4 15125
7770 25 7906 0 110 114 15126
7770 10 7906 0 108 31 15127
7770 27 7907 0 66 134 15128
7770 23 7907 0 66 169 15129
7770 27 7907 0 18 115 15130
7770 34 7905 0 113 48 15131
7770 5 7907 0 128 40 15132
7770 10 7905 0 105 143 15133
7770 39 7905 0 133 152 15134
7770 5 7908 0 122 58 15135
7770 11 7910 0 113 13 15136
7770 42 7906 0 149 33 15137
7770 16 7909 0 132 13 15138
7770 3 7907 0 128 23 15139
7770 14 7906 0 93 51 15140
7781 40 10000 1 188 80 15141
7785 39 7918 0 133 152 15142
7785 10 7921 0 103 22 15143
7785 14 7922 0 118 4 15144
7785 11 7919 0 128 96 15145
7785 32 7920 0 149 33 15146
7785 6 7923 0 10 193 15147
7785 8 7920 0 178 113 15148
7785 31 7921 0 113 48 15149
7785 9 7922 0 103 1 15150
7785 27 7922 0 57 122 15151
7785 6 7920 0 122 58 15152
7785 12 7921 0 105 143 15153
7785 12 7921 0 25 122 15154
7785 25 7921 0 109 56 15155
7785 5 7922 0 128 40 15156
7785 22 7921 0 132 13 15157
7785 4 7921 0 128 23 15158
7785 20 7919 0 140 22 15159
7785 6 7922 0 164 40 15160
7785 4 7919 0 117 1 15161
7785 12 7921 0 148 56 15162
7785 25 7923 0 128 55 15163
7785 38 7922 0 18 115 15164
7785 13 7922 0 7 35 15165
7785 21 7919 0 105 42 15166
7785 5 7922 0 24 195 15167
7785 4 7921 0 152 41 15168
7785 7 7919 0 142 143 15169
7789 162 10000 1 122 58 15170
7800 6 7936 0 128 23 15171
7800 24 7935 0 146 119 15172
7800 3 7936 0 72 194 15173
7800 17 7936 0 109 36 15174
7800 6 7934 0 108 31 15175
7800 16 7935 0 118 4 15176
7800 4 7935 0 152 41 15177
7800 6 7939 0 127 27 15178
7800 12 7939 0 113 13 15179
7800 11 7937 0 156 90 15180
7800 32 7934 0 18 115 15181
7800 5 7935 0 96 13 15182
7800 35 7936 0 109 56 15183
7800 22 7936 0 102 36 15184
7800 6 7938 0 94 1 15185
7800 8 7938 0 46 189 15186
7800 12 7937 0 105 143 15187
7800 5 7935 0 128 40 15188
7800 37 7936 0 83 108 15189
7800 5 7935 0 7 180 15190
7800 11 7935 0 178 113 15191
7800 37 7937 0 179 186 15192
7800 25 7937 0 110 114 15193
7800 4 7937 0 37 7 15194
7800 4 7937 0 122 58 15195
7800 22 7936 0 140 22 15196
7815 5 7951 0 24 195 15197
7815 18 7952 0 143 170 15198
7815 37 7952 0 149 33 15199
7815 6 7952 0 113 13 15200
7815 6 7951 0 128 96 15201
7815 44 7953 0 109 56 15202
7815 16 7951 0 25 122 15203
7815 25 7951 0 133 152 15204
7815 6 7951 0 128 23 15205
7815 3 7953 0 127 27 15206
7815 5 7952 0 152 41 15207
7815 16 7951 0 102 36 15208
7815 16 7952 0 123 1 15209
7815 16 7951 0 7 35 15210
7815 14 7949 0 141 56 15211
7815 39 7952 0 155 122 15212
7815 24 7952 0 72 131 15213
7815 36 7951 0 57 122 15214
7815 38 7950 0 102 140 15215
7815 39 7950 0 99 9 15216
7815 10 7952 0 15 186 15217
7815 22 7950 0 140 22 15218
7815 8 7950 0 117 40 15219
7815 5 7952 0 10 193 15220
7815 4 7950 0 128 40 15221
7815 7 7952 0 101 26 15222
7815 12 7951 0 108 31 15223
7815 28 7953 0 179 186 15224
7826 50 10000 1 113 48 15225
7830 34 7966 0 99 9 15226
7830 6 7965 0 113 13 15227
7830 11 7965 0 108 31 15228
7830 3 7966 0 128 40 15229
7830 6 7966 0 117 1 15230
7830 9 7966 0 46 189 15231
7830 16 7966 0 102 59 15232
7830 15 7965 0 105 42 15233
7830 29 7966 0 113 48 15234
7830 6 7966 0 103 1 15235
7830 17 7968 0 102 36 15236
7830 40 7966 0 155 122 15237
7830 23 7967 0 110 114 15238
7830 7 7967 0 101 26 15239
7830 16 7966 0 146 119 15240
7830 9 7966 0 15 186 15241
7830 21 7963 0 99 1 15242
7830 15 7968 0 109 36 15243
7830 25 7966 0 18 115 15244
7830 22 7964 0 67 20 15245
7830 23 7967 0 188 80 15246
7830 3 7966 0 164 40 15247
7830 10 7965 0 94 1 15248
7830 5 7965 0 122 58 15249
7844 41 10000 1 141 56 15250
7845 6 7980 0 117 40 15251
7845 8 7982 0 109 1 15252
7845 31 7980 0 133 152 15253
7845 8 7982 0 29 60 15254
7845 6 7982 0 103 22 15255
7845 4 7980 0 128 23 15256
7845 9 7980 0 178 113 15257
7845 6 7980 0 152 41 15258
7845 15 7977 0 86 23 15259
7845 8 7978 0 182 28 15260
7845 8 7981 0 101 26 15261
7845 24 7983 0 6 88 15262
7845 35 7981 0 149 33 15263
7845 28 7982 0 40 105 15264
7845 25 7981 0 120 146 15265
7845 8 7981 0 108 58 15266
7845 36 7982 0 100 167 15267
7845 6 7982 0 128 40 15268
7845 32 7981 0 150 43 15269
7845 13 7982 0 128 55 15270
7845 5 7981 0 96 13 15271
7845 18 7982 0 66 169 15272
7845 10 7979 0 148 56 15273
7845 11 7980 0 138 36 15274
7845 23 7979 0 109 36 15275
7845 5 7981 0 117 1 15276
7845 19 7982 0 194 169 15277
7845 36 7982 0 102 140 15278
7860 25 7995 0 118 4 15279
7860 7 7997 0 101 26 15280
7860 12 7997 0 15 186 15281
7860 14 7997 0 194 169 15282
7860 9 7996 0 22 41 15283
7860 3 7997 0 72 194 15284
7860 24 7996 0 105 42 15285
7860 22 7997 0 86 23 15286
7860 7 7996 0 29 60 15287
7860 3 7995 0 185 66 15288
7860 45 7996 0 109 56 15289
7860 37 7994 0 18 115 15290
7860 12 7995 0 146 159 15291
7860 20 7997 0 132 13 15292
7860 8 7995 0 46 189 15293
7860 11 7996 0 138 36 15294
7860 20 7997 0 109 36 15295
7860 25 7997 0 182 79 15296
7860 32 7999 0 40 105 15297
7860 6 7997 0 109 1 15298
7860 30 7996 0 120 146 15299
7860 34 7997 0 179 186 15300
7860 3 7995 0 7 180 15301
7860 29 7996 0 155 122 15302
7860 28 7996 0 78 150 15303
7860 11 7998 0 103 22 15304
7860 14 7995 0 188 80 15305
7860 4 7995 0 128 40 15306
7860 18 7996 0 166 118 15307
7875 6 8013 0 103 22 15308
7875 5 8011 0 185 66 15309
7875 21 8009 0 40 59 15310
7875 16 8010 0 109 36 15311
7875 9 8011 0 109 1 15312
7875 8 8010 0 63 113 15313
7875 6 8010 0 101 26 15314
7875 25 8009 0 2 3 15315
7875 11 8011 0 117 40 15316
7875 5 8013 0 155 79 15317
7875 24 8012 0 102 36 15318
7875 25 8011 0 83 108 15319
7875 4 8012 0 161 34 15320
7875 3 8011 0 128 40 15321
7875 20 8010 0 118 4 15322
7875 34 8012 0 99 9 15323
7875 15 8010 0 128 55 15324
7875 35 8011 0 120 146 15325
7875 15 8012 0 102 59 15326
7875 24 8011 0 52 37 15327
7875 33 8012 0 113 48 15328
7875 41 8014 0 153 145 15329
7875 19 8012 0 132 13 15330
7875 3 8012 0 122 58 15331
7875 4 8013 0 10 193 15332
7875 6 8014 0 146 159 15333
7875 26 8012 0 18 115 15334
7875 7 8009 0 142 143 15335
7875 4 8010 0 117 1 15336
7875 38 8011 0 149 33 15337
7875 3 8011 0 164 40 15338
7875 14 8010 0 198 85 15339
7878 80 10000 1 72 131 15340
7881 47 10000 1 128 23 15341
7884 113 10000 1 50 121 15342
7890 8 8025 0 138 36 15343
7890 31 8027 0 2 3 15344
7890 12 8025 0 52 37 15345
7890 10 8024 0 63 86 15346
7890 20 8027 0 123 1 15347
7890 6 8027 0 155 79 15348
7890 12 8027 0 128 96 15349
7890 17 8028 0 93 51 15350
7890 9 8026 0 117 40 15351
7890 17 8027 0 166 118 15352
7890 25 8026 0 109 56 15353
7890 9 8026 0 148 56 15354
7890 23 8026 0 86 23 15355
7890 17 8026 0 128 55 15356
7890 22 8025 0 132 13 15357
7890 24 8027 0 141 56 15358
7890 9 8023 0 155 52 15359
7890 4 8024 0 161 34 15360
7890 14 8029 0 105 42 15361
7890 23 8025 0 140 22 15362
7890 16 8025 0 25 122 15363
7890 12 8025 0 103 22 15364
7890 8 8026 0 15 186 15365
7890 9 8027 0 142 143 15366
7890 3 8024 0 117 1 15367
7890 4 8026 0 96 13 15368
7905 7 8042 0 155 52 15369
7905 12 8039 0 148 56 15370
7905 6 8040 0 103 22 15371
7905 9 8040 0 173 171 15372
7905 24 8042 0 198 85 15373
7905 7 8041 0 117 40 15374
7905 6 8040 0 164 40 15375
7905 23 8039 0 52 37 15376
7905 33 8044 0 78 150 15377
7905 25 8041 0 133 152 15378
7905 20 8041 0 132 13 15379
7905 37 8041 0 16 120 15380
7905 39 8041 0 149 33 15381
7905 7 8039 0 108 31 15382
7905 32 8044 0 153 145 15383
7905 5 8041 0 152 41 15384
7905 35 8040 0 66 134 15385
7905 23 8042 0 99 1 15386
7905 39 8041 0 120 146 15387
7905 7 8042 0 113 13 15388
7905 12 8041 0 67 20 15389
7905 9 8041 0 156 90 15390
7905 25 8039 0 93 51 15391
7905 35 8045 0 109 56 15392
7905 7 8043 0 101 26 15393
7905 35 8043 0 2 3 15394
7920 28 8058 0 182 79 15395
7920 3 8058 0 96 13 15396
7920 35 8056 0 16 120 15397
7920 25 8055 0 118 4 15398
7920 13 8056 0 132 13 15399
7920 17 8057 0 102 59 15400
7920 19 8058 0 72 131 15401
7920 16 8055 0 52 37 15402
7920 24 8055 0 123 1 15403
7920 31 8055 0 113 48 15404
7920 8 8056 0 148 56 15405
7920 32 8054 0 102 140 15406
7920 8 8055 0 101 26 15407
7920 11 8055 0 92 2 15408
7920 7 8055 0 182 28 15409
7920 7 8056 0 113 13 15410
7920 38 8056 0 109 56 15411
7920 23 8056 0 166 118 15412
7920 6 8057 0 128 23 15413
7920 10 8055 0 117 40 15414
7920 5 8058 0 155 79 15415
7920 23 8058 0 140 22 15416
7920 22 8058 0 67 20 15417
7920 43 8056 0 63 134 15418
7920 36 8058 0 149 33 15419
7920 44 8056 0 99 9 15420
7921 70 10000 1 117 1 15421
7935 38 8069 0 78 150 15422
7935 7 8071 0 146 159 15423
7935 11 8072 0 15 186 15424
7935 17 8071 0 140 22 15425
7935 4 8069 0 95 77 15426
7935 10 8071 0 105 143 15427
7935 6 8070 0 128 23 15428
7935 36 8070 0 63 134 15429
7935 10 8069 0 113 13 15430
7935 4 8071 0 152 41 15431
7935 42 8073 0 149 33 15432
7935 17 8072 0 110 114 15433
7935 8 8069 0 109 1 15434
7935 35 8073 0 99 9 15435
7935 5 8073 0 117 1 15436
7935 8 8072 0 103 22 15437
7935 6 8071 0 161 34 15438
7935 7 8072 0 108 31 15439
7935 24 8074 0 128 55 15440
7935 43 8072 0 155 122 15441
7935 21 8072 0 102 36 15442
7935 6 8070 0 122 58 15443
7935 43 8070 0 109 56 15444
7950 17 8085 0 50 121 15445
7950 7 8086 0 108 58 15446
7950 3 8085 0 122 58 15447
7950 11 8085 0 108 31 15448
7950 16 8088 0 128 55 15449
7950 14 8087 0 86 23 15450
7950 3 8085 0 128 23 15451
7950 12 8086 0 128 96 15452
7950 14 8084 0 25 122 15453
7950 3 8083 0 117 1 15454
7950 26 8086 0 182 79 15455
7950 27 8086 0 109 56 15456
7950 16 8084 0 102 36 15457
7950 6 8086 0 101 26 15458
7950 6 8086 0 72 194 15459
7950 9 8087 0 103 1 15460
7950 5 8084 0 161 34 15461
7950 7 8087 0 117 40 15462
7950 42 8087 0 100 167 15463
7950 13 8085 0 166 118 15464
7950 5 8087 0 7 180 15465
7950 11 8087 0 63 86 15466
7950 21 8086 0 52 37 15467
7950 4 8085 0 96 13 15468
7950 29 8088 0 150 43 15469
7950 20 8087 0 123 1 15470
7950 6 8088 0 127 27 15471
7950 10 8088 0 15 4 15472
7950 44 8085 0 153 145 15473
7950 13 8085 0 118 4 15474
7950 16 8086 0 72 131 15475
7950 7 8084 0 113 13 15476
7950 31 8086 0 18 115 15477
7950 17 8087 0 140 22 15478
7950 10 8085 0 173 171 15479
7962 62 10000 1 15 4 15480
7965 6 8099 0 15 186 15481
7965 24 8102 0 40 59 15482
7965 11 8100 0 178 113 15483
7965 37 8102 0 109 56 15484
7965 6 8100 0 15 4 15485
7965 3 8101 0 185 66 15486
7965 5 8100 0 72 194 15487
7965 45 8102 0 100 167 15488
7965 16 8101 0 141 56 15489
7965 9 8100 0 142 143 15490
7965 8 8101 0 113 13 15491
7965 19 8101 0 118 4 15492
7965 6 8102 0 92 2 15493
7965 25 8100 0 194 169 15494
7965 43 8104 0 133 152 15495
7965 9 8099 0 173 171 15496
7965 19 8103 0 123 1 15497
7965 25 8101 0 52 37 15498
7965 7 8100 0 138 36 15499
7965 6 8100 0 94 1 15500
7965 25 8099 0 153 145 15501
7965 7 8099 0 101 26 15502
7965 5 8102 0 122 58 15503
7965 25 8102 0 18 115 15504
7965 7 8102 0 148 56 15505
7965 17 8102 0 66 169 15506
7965 8 8101 0 156 90 15507
7965 15 8102 0 102 36 15508
7965 25 8101 0 55 108 15509
7965 24 8101 0 6 88 15510
7965 37 8101 0 149 33 15511
7979 76 10000 1 108 58 15512
7980 18 8118 0 132 13 15513
7980 20 8117 0 198 85 15514
7980 40 8117 0 102 140 15515
7980 8 8117 0 103 22 15516
7980 10 8116 0 92 2 15517
7980 7 8116 0 117 40 15518
7980 28 8119 0 18 115 15519
7980 7 8116 0 108 58 15520
7980 25 8116 0 40 105 15521
7980 14 8116 0 102 36 15522
7980 6 8116 0 63 86 15523
7980 3 8115 0 96 13 15524
7980 7 8114 0 146 159 15525
7980 14 8119 0 50 121 15526
7980 34 8115 0 153 145 15527
7980 14 8116 0 128 55 15528
7980 20 8116 0 6 88 15529
7980 25 8116 0 188 80 15530
7980 32 8117 0 109 56 15531
7980 10 8114 0 128 96 15532
7980 20 8117 0 105 42 15533
7980 6 8114 0 105 143 15534
7980 7 8115 0 22 41 15535
7980 29 8117 0 149 33 15536
7995 19 8133 0 128 55 15537
7995 9 8131 0 138 36 15538
7995 17 8132 0 93 51 15539
7995 12 8130 0 94 1 15540
7995 160 10000 1 150 43 15541
7995 15 8132 0 146 119 15542
7995 6 8131 0 96 13 15543
7995 12 8132 0 118 4 15544
7995 18 8129 0 66 169 15545
7995 16 8131 0 109 36 15546
7995 11 8129 0 15 4 15547
7995 12 8133 0 108 31 15548
7995 25 8130 0 78 150 15549
7995 14 8130 0 140 22 15550
7995 15 8132 0 102 59 15551
7995 6 8129 0 101 26 15552
7995 18 8132 0 110 114 15553
7995 12 8131 0 148 56 15554
7995 13 8132 0 143 170 15555
7995 11 8132 0 29 60 15556
7995 10 8131 0 103 22 15557
7995 40 8129 0 153 145 15558
7995 5 8130 0 164 40 15559
7995 18 8133 0 86 23 15560
7995 5 8131 0 128 40 15561
7995 5 8132 0 152 41 15562
7995 32 8132 0 113 48 15563
8000 32 10000 1 105 143 15564
8002 40 10000 1 178 113 15565
8010 45 8146 0 113 48 15566
8010 41 8147 0 78 150 15567
8010 16 8144 0 118 4 15568
8010 7 8143 0 138 36 15569
8010 12 8144 0 55 108 15570
8010 14 8147 0 123 1 15571
8010 18 8147 0 132 13 15572
8010 9 8146 0 182 28 15573
8010 13 8146 0 140 22 15574
8010 29 8147 0 40 105 15575
8010 32 8147 0 179 186 15576
8010 23 8144 0 110 114 15577
8010 9 8146 0 63 86 15578
8010 11 8146 0 128 96 15579
8010 11 8147 0 101 26 15580
8010 25 8145 0 146 119 15581
8010 13 8147 0 198 85 15582
8010 11 8146 0 22 41 15583
8010 3 8146 0 128 40 15584
8010 12 8145 0 94 1 15585
8010 19 8147 0 128 55 15586
8010 23 8146 0 166 118 15587
8010 10 8146 0 108 58 15588
8010 7 8144 0 117 40 15589
8010 3 8146 0 24 195 15590
8010 16 8147 0 66 169 15591
8025 32 8160 0 149 33 15592
8025 21 8158 0 110 114 15593
8025 12 8163 0 40 59 15594
8025 27 8161 0 57 122 15595
8025 12 8160 0 24 183 15596
8025 24 8161 0 102 36 15597
8025 5 8163 0 127 27 15598
8025 3 8163 0 7 180 15599
8025 17 8162 0 25 122 15600
8025 4 8162 0 117 1 15601
8025 29 8159 0 99 9 15602
8025 6 8161 0 22 41 15603
8025 6 8163 0 128 23 15604
8025 25 8162 0 13 75 15605
8025 4 8161 0 152 41 15606
8025 6 8162 0 103 1 15607
8025 9 8162 0 117 40 15608
8025 9 8162 0 103 22 15609
8025 15 8159 0 109 36 15610
8025 41 8162 0 109 56 15611
8025 3 8162 0 10 193 15612
8025 17 8159 0 128 55 15613
8025 3 8165 0 96 13 15614
8025 25 8161 0 18 115 15615
8025 12 8160 0 138 36 15616
8025 6 8161 0 92 2 15617
8025 28 8161 0 133 152 15618
8025 20 8161 0 123 1 15619
8025 16 8162 0 102 59 15620
8025 41 8161 0 83 108 15621
8025 4 8159 0 161 34 15622
8028 54 10000 1 140 22 15623
8028 62 10000 1 185 66 15624
8040 5 8176 0 164 40 15625
8040 30 8175 0 113 48 15626
8040 23 8177 0 99 1 15627
8040 24 8178 0 66 169 15628
8040 19 8176 0 128 55 15629
8040 14 8178 0 102 59 15630
8040 32 8176 0 155 122 15631
8040 10 8176 0 15 186 15632
8040 8 8175 0 105 143 15633
8040 5 8176 0 96 13 15634
8040 3 8174 0 185 66 15635
8040 12 8177 0 50 121 15636
8040 26 8175 0 66 134 15637
8040 5 8178 0 7 180 15638
8040 41 8175 0 109 56 15639
8040 29 8177 0 102 140 15640
8040 32 8175 0 40 105 15641
8040 6 8175 0 122 58 15642
8040 20 8175 0 198 85 15643
8040 17 8176 0 67 20 15644
8040 12 8174 0 63 113 15645
8040 28 8176 0 133 152 15646
8040 6 8176 0 117 1 15647
8040 25 8176 0 105 42 15648
8040 25 8177 0 102 36 15649
8040 11 8176 0 24 183 15650
8040 36 8175 0 149 33 15651
8040 23 8178 0 140 22 15652
8040 6 8177 0 152 41 15653
8040 33 8173 0 57 122 15654
8040 6 8178 0 101 26 15655
8040 7 8176 0 15 4 15656
8048 77 10000 1 164 40 15657
8055 3 8191 0 185 66 15658
8055 7 8190 0 29 60 15659
8055 25 8193 0 128 55 15660
8055 16 8191 0 118 4 15661
8055 9 8192 0 155 52 15662
8055 9 8191 0 92 2 15663
8055 20 8191 0 55 108 15664
8055 6 8190 0 117 40 15665
8055 5 8190 0 128 40 15666
8055 4 8191 0 127 27 15667
8055 22 8193 0 7 35 15668
8055 28 8192 0 83 108 15669
8055 9 8193 0 173 171 15670
8055 40 8191 0 133 152 15671
8055 6 8191 0 148 56 15672
8055 19 8190 0 105 42 15673
8055 7 8190 0 182 28 15674
8055 15 8191 0 140 22 15675
8055 3 8193 0 122 58 15676
8055 6 8191 0 15 4 15677
8055 25 8190 0 113 48 15678
8055 21 8191 0 188 80 15679
8055 28 8192 0 100 167 15680
8055 6 8192 0 96 13 15681
8055 6 8191 0 128 23 15682
8055 30 8194 0 109 56 15683
8055 42 8189 0 99 9 15684
8069 74 10000 1 63 86 15685
8070 5 8205 0 117 1 15686
8070 6 8204 0 113 13 15687
8070 6 8205 0 103 22 15688
8070 9 8206 0 142 143 15689
8070 3 8206 0 185 66 15690
8070 23 8208 0 86 23 15691
8070 10 8204 0 92 2 15692
8070 33 8205 0 149 33 15693
8070 10 8206 0 108 31 15694
8070 3 8206 0 10 193 15695
8070 16 8207 0 13 75 15696
8070 9 8206 0 101 26 15697
8070 30 8203 0 16 120 15698
8070 20 8204 0 132 13 15699
8070 10 8207 0 29 60 15700
8070 15 8205 0 146 119 15701
8070 24 8207 0 123 1 15702
8070 31 8208 0 102 140 15703
8070 3 8205 0 37 7 15704
8070 10 8204 0 148 56 15705
8070 80 10000 1 2 3 15706
8070 14 8207 0 118 4 15707
8070 12 8206 0 128 55 15708
8070 3 8203 0 127 27 15709
8085 37 8219 0 133 152 15710
8085 12 8222 0 102 36 15711
8085 28 8221 0 57 122 15712
8085 11 8221 0 138 36 15713
8085 7 8221 0 108 31 15714
8085 5 8222 0 152 41 15715
8085 33 8223 0 78 150 15716
8085 34 8223 0 113 48 15717
8085 10 8222 0 103 1 15718
8085 3 8221 0 72 194 15719
8085 6 8220 0 185 66 15720
8085 23 8220 0 141 56 15721
8085 6 8223 0 128 40 15722
8085 15 8220 0 194 169 15723
8085 12 8221 0 166 118 15724
8085 7 8221 0 108 58 15725
8085 13 8222 0 55 108 15726
8085 18 8222 0 188 80 15727
8085 18 8221 0 102 59 15728
8085 5 8222 0 164 40 15729
8085 16 8220 0 86 23 15730
8085 8 8219 0 109 1 15731
8085 8 8221 0 173 171 15732
8085 41 8222 0 149 33 15733
8085 23 8221 0 140 22 15734
8085 6 8221 0 105 143 15735
8085 20 8222 0 132 13 15736
8085 16 8220 0 123 1 15737
8085 9 8221 0 94 1 15738
8085 7 8217 0 15 186 15739
8085 4 8221 0 96 13 15740
8092 67 10000 1 155 79 15741
8096 51 10000 1 198 85 15742
8100 6 8235 0 94 1 15743
8100 14 8237 0 146 119 15744
8100 3 8237 0 72 194 15745
8100 21 8235 0 72 131 15746
8100 22 8236 0 166 118 15747
8100 25 8235 0 66 169 15748
8100 5 8234 0 127 27 15749
8100 18 8236 0 55 108 15750
8100 6 8234 0 128 40 15751
8100 35 8236 0 99 9 15752
8100 22 8237 0 118 4 15753
8100 10 8235 0 182 28 15754
8100 28 8235 0 150 43 15755
8100 3 8236 0 185 66 15756
8100 45 8236 0 2 3 15757
8100 21 8234 0 132 13 15758
8100 12 8236 0 108 31 15759
8100 6 8236 0 10 193 15760
8100 27 8236 0 133 152 15761
8100 17 8235 0 123 1 15762
8100 8 8236 0 138 36 15763
8100 9 8238 0 113 13 15764
8100 15 8234 0 128 55 15765
8100 12 8237 0 101 26 15766
8115 11 8252 0 128 96 15767
8115 6 8249 0 122 58 15768
8115 26 8253 0 99 9 15769
8115 3 8252 0 24 195 15770
8115 23 8252 0 118 4 15771
8115 12 8254 0 132 13 15772
8115 21 8252 0 146 119 15773
8115 6 8250 0 127 27 15774
8115 23 8254 0 55 108 15775
8115 4 8253 0 152 41 15776
8115 22 8251 0 52 37 15777
8115 3 8252 0 7 180 15778
8115 22 8251 0 128 55 15779
8115 7 8251 0 15 186 15780
8115 12 8250 0 146 159 15781
8115 12 8252 0 123 1 15782
8115 17 8252 0 140 22 15783
8115 12 8252 0 105 42 15784
8115 18 8252 0 102 36 15785
8115 35 8252 0 78 150 15786
8115 14 8252 0 93 51 15787
8115 45 8251 0 40 105 15788
8115 8 8252 0 117 40 15789
8115 6 8250 0 46 189 15790
8115 10 8250 0 108 31 15791
8115 29 8250 0 63 134 15792
8115 11 8251 0 103 22 15793
8115 19 8250 0 99 1 15794
8130 18 8266 0 93 51 15795
8130 11 8266 0 156 90 15796
8130 7 8265 0 94 1 15797
8130 4 8266 0 10 193 15798
8130 7 8266 0 108 31 15799
8130 19 8268 0 132 13 15800
8130 22 8264 0 194 169 15801
8130 22 8267 0 128 55 15802
8130 6 8267 0 128 23 15803
8130 33 8266 0 18 115 15804
8130 4 8266 0 152 41 15805
8130 36 8267 0 179 186 15806
8130 4 8265 0 117 1 15807
8130 22 8264 0 99 1 15808
8130 5 8265 0 122 58 15809
8130 12 8266 0 148 56 15810
8130 21 8266 0 140 22 15811
8130 44 8265 0 83 108 15812
8130 9 8266 0 142 143 15813
8130 5 8264 0 128 40 15814
8130 9 8266 0 15 186 15815
8130 12 8266 0 101 26 15816
8136 150 10000 1 102 140 15817
8140 121 10000 1 117 1 15818
8145 19 8281 0 86 23 15819
8145 9 8282 0 101 26 15820
8145 24 8279 0 102 36 15821
8145 7 8280 0 103 1 15822
8145 14 8279 0 143 170 15823
8145 9 8281 0 63 113 15824
8145 12 8282 0 103 22 15825
8145 40 8284 0 182 79 15826
8145 26 8278 0 78 150 15827
8145 14 8281 0 50 121 15828
8145 3 8279 0 122 58 15829
8145 18 8282 0 93 51 15830
8145 43 8280 0 100 167 15831
8145 28 8281 0 113 48 15832
8145 44 8282 0 109 56 15833
8145 17 8280 0 132 13 15834
8145 24 8280 0 25 122 15835
8145 9 8281 0 46 189 15836
8145 7 8280 0 138 36 15837
8158 47 10000 1 7 180 15838
8160 21 8296 0 102 36 15839
8160 3 8295 0 128 40 15840
8160 43 8297 0 63 134 15841
8160 19 8294 0 140 22 15842
8160 6 8295 0 109 1 15843
8160 7 8297 0 63 86 15844
8160 21 8297 0 123 1 15845
8160 8 8296 0 101 26 15846
8160 31 8297 0 182 79 15847
8160 34 8294 0 18 115 15848
8160 43 8296 0 109 56 15849
8160 5 8294 0 122 58 15850
8160 38 8297 0 133 152 15851
8160 26 8299 0 66 134 15852
8160 9 8296 0 173 171 15853
8160 8 8297 0 178 113 15854
8160 10 8293 0 15 4 15855
8160 25 8295 0 166 118 15856
8160 6 8295 0 128 23 15857
8160 7 8296 0 46 189 15858
8160 5 8297 0 127 27 15859
8160 38 8296 0 99 9 15860
8160 23 8296 0 118 4 15861
8160 22 8293 0 188 80 15862
8160 8 8295 0 15 186 15863
8160 28 8294 0 179 186 15864
8160 7 8296 0 103 1 15865
8160 3 8295 0 37 7 15866
8160 29 8293 0 150 43 15867
8160 22 8294 0 6 88 15868
8160 21 8298 0 198 85 15869
8160 9 8298 0 182 28 15870
8175 10 8312 0 146 159 15871
8175 24 8311 0 55 108 15872
8175 14 8312 0 109 36 15873
8175 18 8312 0 128 55 15874
8175 13 8310 0 132 13 15875
8175 15 8311 0 140 22 15876
8175 8 8310 0 108 31 15877
8175 30 8312 0 153 145 15878
8175 37 8312 0 113 48 15879
8175 43 8312 0 109 56 15880
8175 12 8310 0 155 52 15881
8175 6 8313 0 24 195 15882
8175 10 8309 0 113 13 15883
8175 5 8313 0 117 1 15884
8175 19 8311 0 118 4 15885
8175 16 8312 0 188 80 15886
8175 42 8311 0 150 43 15887
8175 15 8310 0 198 85 15888
8175 44 8311 0 182 79 15889
8175 20 8312 0 125 90 15890
8175 43 8309 0 57 122 15891
8175 21 8311 0 102 36 15892
8175 11 8308 0 103 22 15893
8175 7 8311 0 138 36 15894
8175 3 8309 0 127 27 15895
8175 7 8312 0 15 186 15896
8175 36 8311 0 2 3 15897
8175 5 8310 0 10 193 15898
8175 20 8309 0 123 1 15899
8175 17 8310 0 166 118 15900
8175 10 8311 0 109 1 15901
8175 10 8309 0 63 86 15902
8176 31 10000 1 29 60 15903
8190 3 8325 0 155 79 15904
8190 15 8328 0 93 51 15905
8190 20 8326 0 55 108 15906
8190 8 8325 0 156 90 15907
8190 6 8326 0 96 13 15908
8190 3 8324 0 185 66 15909
8190 6 8325 0 127 27 15910
8190 12 8325 0 92 2 15911
8190 6 8326 0 117 1 15912
8190 6 8326 0 128 40 15913
8190 13 8327 0 105 42 15914
8190 6 8324 0 94 1 15915
8190 10 8325 0 15 186 15916
8190 18 8325 0 128 55 15917
8190 11 8328 0 101 26 15918
8190 5 8327 0 24 195 15919
8190 19 8326 0 72 131 15920
8190 35 8326 0 109 56 15921
8190 11 8326 0 138 36 15922
8190 42 8327 0 99 9 15923
8190 22 8325 0 123 1 15924
8190 25 8328 0 102 140 15925
8190 12 8328 0 108 58 15926
8190 37 8325 0 63 134 15927
8190 10 8328 0 103 22 15928
8190 6 8326 0 122 58 15929
8190 6 8327 0 29 60 15930
8190 11 8327 0 117 40 15931
8190 22 8326 0 25 122 15932
8204 39 10000 1 63 134 15933
8205 5 8342 0 127 27 15934
8205 6 8342 0 142 143 15935
8205 8 8341 0 156 90 15936
8205 22 8339 0 55 108 15937
8205 15 8341 0 66 169 15938
8205 17 8340 0 52 37 15939
8205 15 8344 0 109 36 15940
8205 27 8341 0 63 134 15941
8205 34 8341 0 99 9 15942
8205 8 8341 0 94 1 15943
8205 31 8341 0 109 56 15944
8205 29 8341 0 179 186 15945
8205 26 8341 0 149 33 15946
8205 6 8341 0 24 183 15947
8205 19 8340 0 102 59 15948
8205 3 8341 0 128 23 15949
8205 21 8341 0 141 56 15950
8205 5 8340 0 164 40 15951
8205 43 8341 0 182 79 15952
8205 7 8342 0 108 31 15953
8205 22 8341 0 140 22 15954
8205 12 8340 0 182 28 15955
8205 7 8339 0 103 1 15956
8205 16 8340 0 72 131 15957
8205 12 8342 0 109 1 15958
8205 10 8341 0 113 13 15959
8205 25 8340 0 166 118 15960
8205 6 8339 0 185 66 15961
8205 5 8342 0 96 13 15962
8220 15 8356 0 143 170 15963
8220 9 8356 0 63 86 15964
8220 9 8354 0 146 159 15965
8220 33 8355 0 149 33 15966
8220 19 8354 0 102 36 15967
8220 42 8357 0 153 145 15968
8220 20 8356 0 102 59 15969
8220 4 8355 0 128 40 15970
8220 36 8358 0 99 9 15971
8220 7 8355 0 138 36 15972
8220 19 8354 0 110 114 15973
8220 6 8355 0 105 143 15974
8220 13 8357 0 109 36 15975
8220 18 8357 0 141 56 15976
8220 5 8355 0 152 41 15977
8220 24 8355 0 132 13 15978
8220 24 8357 0 72 131 15979
8220 6 8356 0 127 27 15980
8220 4 8356 0 155 79 15981
8220 6 8355 0 96 13 15982
8220 28 8357 0 18 115 15983
8220 5 8357 0 122 58 15984
8220 9 8355 0 142 143 15985
8220 12 8357 0 29 60 15986
8220 8 8356 0 46 189 15987
8220 22 8357 0 99 1 15988
8220 19 8354 0 86 23 15989
8220 24 8357 0 67 20 15990
8220 6 8356 0 101 26 15991
8220 6 8356 0 128 23 15992
8228 60 10000 1 113 13 15993
8235 7 8370 0 146 159 15994
8235 10 8371 0 108 31 15995
8235 21 8370 0 105 42 15996
8235 6 8369 0 127 27 15997
8235 10 8369 0 138 36 15998
8235 21 8373 0 25 122 15999
8235 12 8373 0 108 58 16000
8235 4 8372 0 96 13 16001
8235 10 8373 0 101 26 16002
8235 38 8372 0 16 120 16003
8235 14 8371 0 166 118 16004
8235 13 8371 0 13 75 16005
8235 11 8371 0 182 28 16006
8235 63 10000 1 132 13 16007
8235 25 8370 0 67 20 16008
8235 4 8372 0 37 7 16009
8235 7 8369 0 63 113 16010
8235 5 8370 0 117 1 16011
8235 9 8370 0 24 183 16012
8235 23 8370 0 198 85 16013
8235 15 8371 0 6 88 16014
8235 6 8372 0 173 171 16015
8235 4 8373 0 128 40 16016
8235 43 8369 0 153 145 16017
8235 39 8372 0 120 146 16018
8235 30 8371 0 99 9 16019
8235 36 8371 0 109 56 16020
8235 6 8371 0 94 1 16021
8235 20 8371 0 128 55 16022
8235 11 8369 0 103 22 16023
8235 17 8371 0 66 169 16024
8235 9 8369 0 117 40 16025
8235 8 8370 0 113 13 16026
8245 57 10000 1 93 51 16027
8250 24 8387 0 102 36 16028
8250 9 8385 0 113 13 16029
8250 22 8387 0 105 42 16030
8250 40 8386 0 2 3 16031
8250 37 8386 0 16 120 16032
8250 23 8385 0 140 22 16033
8250 11 8384 0 63 86 16034
8250 6 8386 0 122 58 16035
8250 19 8385 0 123 1 16036
8250 11 8387 0 15 4 16037
8250 11 8388 0 156 90 16038
8250 45 8387 0 150 43 16039
8250 4 8388 0 117 1 16040
8250 6 8386 0 128 23 16041
8250 40 8384 0 149 33 16042
8250 39 8386 0 99 9 16043
8250 9 8386 0 94 1 16044
8250 14 8384 0 40 59 16045
8250 6 8386 0 117 40 16046
8250 15 8384 0 25 122 16047
8250 6 8386 0 127 27 16048
8250 11 8385 0 103 22 16049
8250 21 8387 0 93 51 16050
8250 15 8387 0 188 80 16051
8250 12 8387 0 92 2 16052
8250 24 8386 0 86 23 16053
8250 3 8387 0 72 194 16054
8250 19 8385 0 128 55 16055
8250 6 8385 0 164 40 16056
8250 12 8386 0 138 36 16057
8250 42 8386 0 133 152 16058
8265 25 8401 0 2 3 16059
8265 24 8404 0 102 36 16060
8265 23 8398 0 132 13 16061
8265 18 8401 0 105 42 16062
8265 6 8400 0 127 27 16063
8265 5 8401 0 72 194 16064
8265 6 8401 0 108 31 16065
8265 44 8402 0 57 122 16066
8265 15 8400 0 128 55 16067
8265 4 8401 0 152 41 16068
8265 6 8403 0 146 159 16069
8265 36 8400 0 109 56 16070
8265 20 8400 0 6 88 16071
8265 43 8401 0 83 108 16072
8265 24 8401 0 55 108 16073
8265 40 8403 0 63 134 16074
8265 4 8400 0 95 77 16075
8265 8 8402 0 128 96 16076
8265 9 8401 0 15 186 16077
8265 24 8403 0 7 35 16078
8265 22 8402 0 109 36 16079
8265 12 8397 0 142 143 16080
8265 29 8401 0 100 167 16081
8265 3 8400 0 128 40 16082
8265 10 8397 0 46 189 16083
8265 29 8401 0 99 9 16084
8265 3 8402 0 24 195 16085
8265 5 8400 0 117 1 16086
8265 8 8402 0 108 58 16087
8265 18 8400 0 118 4 16088
8265 12 8401 0 188 80 16089
8265 10 8403 0 113 13 16090
8265 11 8400 0 103 22 16091
8265 16 8398 0 123 1 16092
8265 31 8399 0 149 33 16093
8280 17 8416 0 143 170 16094
8280 44 8416 0 149 33 16095
8280 5 8416 0 117 1 16096
8280 9 8415 0 138 36 16097
8280 45 8417 0 109 56 16098
8280 4 8415 0 72 194 16099
8280 13 8415 0 146 119 16100
8280 10 8416 0 113 13 16101
8280 4 8415 0 127 27 16102
8280 16 8415 0 132 13 16103
8280 6 8415 0 117 40 16104
8280 25 8416 0 66 169 16105
8280 22 8415 0 123 1 16106
8280 13 8414 0 109 36 16107
8280 29 8414 0 40 105 16108
8280 3 8415 0 24 195 16109
8280 10 8416 0 15 4 16110
8280 6 8416 0 96 13 16111
8280 10 8415 0 29 60 16112
8280 12 8416 0 15 186 16113
8280 35 8416 0 120 146 16114
8280 25 8418 0 105 42 16115
8280 7 8417 0 173 171 16116
8280 16 8417 0 93 51 16117
8280 12 8417 0 148 56 16118
8280 31 8417 0 182 79 16119
8280 5 8415 0 7 180 16120
8280 39 8415 0 133 152 16121
8280 4 8415 0 122 58 16122
8295 12 8432 0 103 1 16123
8295 34 8431 0 133 152 16124
8295 7 8430 0 178 113 16125
8295 5 8431 0 10 193 16126
8295 29 8432 0 113 48 16127
8295 41 8431 0 99 9 16128
8295 24 8431 0 13 75 16129
8295 15 8429 0 52 37 16130
8295 10 8432 0 101 26 16131
8295 24 8430 0 72 131 16132
8295 22 8431 0 109 36 16133
8295 34 8430 0 149 33 16134
8295 5 8429 0 164 40 16135
8295 12 8431 0 93 51 16136
8295 10 8432 0 63 113 16137
8295 7 8431 0 108 31 16138
8295 4 8432 0 96 13 16139
8295 5 8432 0 128 23 16140
8295 12 8433 0 188 80 16141
8295 36 8428 0 155 122 16142
8295 7 8430 0 155 52 16143
8295 16 8431 0 102 59 16144
8295 13 8431 0 6 88 16145
8295 3 8431 0 128 40 16146
8295 11 8430 0 142 143 16147
8295 7 8431 0 113 13 16148
8295 25 8431 0 118 4 16149
8310 6 8446 0 63 113 16150
8310 7 8446 0 103 22 16151
8310 17 8445 0 93 51 16152
8310 4 8447 0 152 41 16153
8310 12 8447 0 148 56 16154
8310 6 8448 0 156 90 16155
8310 12 8448 0 146 159 16156
8310 12 8447 0 101 26 16157
8310 44 8447 0 120 146 16158
8310 25 8445 0 109 36 16159
8310 6 8446 0 109 1 16160
8310 8 8446 0 15 4 16161
8310 12 8445 0 155 52 16162
8310 23 8446 0 132 13 16163
8310 17 8447 0 66 169 16164
8310 4 8447 0 164 40 16165
8310 12 8446 0 15 186 16166
8310 5 8447 0 185 66 16167
8310 6 8446 0 138 36 16168
8310 24 8444 0 140 22 16169
8310 12 8444 0 182 28 16170
8310 12 8447 0 188 80 16171
8310 30 8447 0 109 56 16172
8310 16 8447 0 128 55 16173
8310 34 8445 0 57 122 16174
8310 6 8446 0 108 31 16175
8310 3 8443 0 72 194 16176
8310 25 8446 0 6 88 16177
8325 15 8462 0 102 59 16178
8325 34 8463 0 102 140 16179
8325 12 8462 0 108 31 16180
8325 27 8461 0 149 33 16181
8325 10 8462 0 142 143 16182
8325 7 8461 0 117 40 16183
8325 10 8462 0 46 189 16184
8325 4 8463 0 10 193 16185
8325 24 8460 0 50 121 16186
8325 36 8461 0 113 48 16187
8325 39 8460 0 120 146 16188
8325 12 8459 0 93 51 16189
8325 21 8460 0 188 80 16190
8325 33 8460 0 109 56 16191
8325 38 8461 0 150 43 16192
8325 9 8461 0 103 22 16193
8325 28 8460 0 63 134 16194
8325 8 8462 0 146 159 16195
8325 16 8462 0 132 13 16196
8325 8 8460 0 103 1 16197
8325 4 8462 0 37 7 16198
8325 10 8459 0 15 186 16199
8340 8 8476 0 101 26 16200
8340 10 8479 0 103 22 16201
8340 36 8477 0 150 43 16202
8340 6 8477 0 128 96 16203
8340 12 8476 0 94 1 16204
8340 22 8476 0 140 22 16205
8340 15 8475 0 132 13 16206
8340 17 8477 0 102 36 16207
8340 6 8474 0 127 27 16208
8340 21 8478 0 13 75 16209
8340 45 8475 0 99 9 16210
8340 4 8477 0 128 23 16211
8340 7 8475 0 108 31 16212
8340 46 10000 1 24 195 16213
8340 6 8476 0 138 36 16214
8340 28 8476 0 2 3 16215
8340 3 8476 0 37 7 16216
8340 17 8477 0 109 36 16217
8349 57 10000 1 102 140 16218
8355 8 8490 0 138 36 16219
8355 20 8492 0 102 59 16220
8355 28 8491 0 113 48 16221
8355 14 8492 0 146 119 16222
8355 11 8489 0 103 22 16223
8355 6 8490 0 103 1 16224
8355 6 8490 0 37 7 16225
8355 3 8489 0 185 66 16226
8355 15 8489 0 52 37 16227
8355 14 8492 0 132 13 16228
8355 38 8489 0 109 56 16229
8355 44 8493 0 99 9 16230
8355 28 8492 0 63 134 16231
8355 18 8492 0 67 20 16232
8355 17 8491 0 102 36 16233
8355 6 8491 0 117 40 16234
8355 6 8491 0 15 4 16235
8355 25 8489 0 50 121 16236
8355 40 8493 0 66 134 16237
8355 8 8487 0 108 31 16238
8355 31 8491 0 57 122 16239
8355 6 8490 0 146 159 16240
8355 6 8489 0 128 40 16241
8355 11 8491 0 22 41 16242
8355 17 8491 0 40 59 16243
8355 24 8489 0 123 1 16244
8355 5 8491 0 96 13 16245
8355 3 8491 0 127 27 16246
8355 9 8490 0 15 186 16247
8355 6 8492 0 155 79 16248
8355 16 8496 0 99 1 16249
8355 6 8489 0 7 180 16250
8355 8 8490 0 63 113 16251
8355 33 8493 0 83 108 16252
8355 37 8491 0 149 33 16253
8361 52 10000 1 22 41 16254
8370 5 8508 0 155 79 16255
8370 8 8507 0 108 58 16256
8370 9 8506 0 117 40 16257
8370 20 8508 0 66 169 16258
8370 7 8507 0 138 36 16259
8370 31 8507 0 16 120 16260
8370 15 8507 0 86 23 16261
8370 28 8506 0 149 33 16262
8370 12 8505 0 123 1 16263
8370 12 8504 0 46 189 16264
8370 25 8506 0 93 51 16265
8370 28 8507 0 102 140 16266
8370 9 8508 0 92 2 16267
8370 12 8508 0 6 88 16268
8370 10 8505 0 173 171 16269
8370 3 8508 0 7 180 16270
8370 5 8505 0 122 58 16271
8370 25 8507 0 198 85 16272
8370 11 8507 0 63 113 16273
8370 29 8508 0 57 122 16274
8370 6 8508 0 128 40 16275
8370 15 8507 0 102 36 16276
8370 7 8506 0 15 4 16277
8370 11 8507 0 108 31 16278
8370 5 8507 0 164 40 16279
8370 24 8507 0 109 36 16280
8370 11 8507 0 22 41 16281
8370 6 8507 0 37 7 16282
8370 20 8505 0 7 35 16283
8370 6 8505 0 95 77 16284
8370 28 8506 0 113 48 16285
8380 62 10000 1 72 194 16286
8385 11 8520 0 155 52 16287
8385 6 8522 0 7 180 16288
8385 38 8521 0 40 105 16289
8385 40 8521 0 66 134 16290
8385 9 8520 0 101 26 16291
8385 6 8520 0 127 27 16292
8385 5 8519 0 155 79 16293
8385 32 8522 0 150 43 16294
8385 6 8522 0 29 60 16295
8385 12 8520 0 109 36 16296
8385 19 8522 0 128 55 16297
8385 12 8520 0 132 13 16298
8385 5 8521 0 128 23 16299
8385 3 8521 0 37 7 16300
8385 29 8521 0 78 150 16301
8385 4 8522 0 164 40 16302
8385 40 8522 0 99 9 16303
8385 33 8522 0 149 33 16304
8385 11 8521 0 108 31 16305
8385 34 8520 0 109 56 16306
8385 9 8521 0 142 143 16307
8385 7 8519 0 117 40 16308
8385 9 8522 0 103 1 16309
8385 25 8520 0 99 1 16310
8385 6 8522 0 103 22 16311
8385 8 8520 0 113 13 16312
8396 44 10000 1 24 183 16313
8397 49 10000 1 105 42 16314
8400 17 8534 0 132 13 16315
8400 6 8535 0 155 79 16316
8400 11 8536 0 173 171 16317
8400 15 8535 0 141 56 16318
8400 15 8534 0 105 42 16319
8400 5 8535 0 96 13 16320
8400 4 8536 0 164 40 16321
8400 19 8535 0 40 59 16322
8400 45 8537 0 182 79 16323
8400 3 8538 0 127 27 16324
8400 27 8537 0 133 152 16325
8400 16 8536 0 102 36 16326
8400 33 8535 0 109 56 16327
8400 11 8535 0 138 36 16328
8400 15 8537 0 118 4 16329
8400 11 8537 0 117 40 16330
8400 28 8536 0 113 48 16331
8400 8 8535 0 113 13 16332
8400 14 8537 0 110 114 16333
8400 6 8535 0 117 1 16334
8400 17 8537 0 146 119 16335
8400 4 8535 0 128 40 16336
8400 8 8537 0 108 31 16337
8400 15 8535 0 109 36 16338
8400 20 8538 0 140 22 16339
8400 19 8537 0 188 80 16340
8400 12 8534 0 128 55 16341
8400 39 8536 0 57 122 16342
8415 25 8551 0 66 134 16343
8415 19 8553 0 66 169 16344
8415 15 8552 0 99 1 16345
8415 22 8550 0 132 13 16346
8415 29 8549 0 2 3 16347
8415 4 8551 0 161 34 16348
8415 25 8552 0 194 169 16349
8415 20 8551 0 25 122 16350
8415 6 8552 0 10 193 16351
8415 23 8551 0 105 42 16352
8415 6 8554 0 178 113 16353
8415 6 8550 0 138 36 16354
8415 24 8550 0 67 20 16355
8415 29 8551 0 99 9 16356
8415 9 8552 0 105 143 16357
8415 10 8552 0 101 26 16358
8415 7 8551 0 63 113 16359
8415 29 8551 0 153 145 16360
8415 19 8554 0 109 36 16361
8415 23 8552 0 140 22 16362
8415 6 8548 0 128 40 16363
8415 32 8551 0 155 122 16364
8415 24 8551 0 55 108 16365
8415 15 8553 0 50 121 16366
8415 3 8550 0 128 23 16367
8415 16 8549 0 13 75 16368
8430 42 8564 0 40 105 16369
8430 5 8567 0 122 58 16370
8430 4 8568 0 185 66 16371
8430 9 8566 0 101 26 16372
8430 42 8565 0 66 134 16373
8430 7 8566 0 108 58 16374
8430 18 8565 0 132 13 16375
8430 34 8566 0 150 43 16376
8430 9 8567 0 15 4 16377
8430 34 8565 0 149 33 16378
8430 12 8568 0 24 183 16379
8430 30 8567 0 109 56 16380
8430 31 8569 0 182 79 16381
8430 16 8566 0 166 118 16382
8430 12 8568 0 118 4 16383
8430 4 8564 0 128 40 16384
8430 26 8565 0 102 140 16385
8430 14 8567 0 128 55 16386
8430 42 8566 0 99 9 16387
8430 5 8563 0 117 1 16388
8430 8 8566 0 103 1 16389
8430 10 8564 0 63 113 16390
8430 25 8565 0 6 88 16391
8430 6 8566 0 96 13 16392
8430 12 8563 0 102 36 16393
8430 8 8565 0 46 189 16394
8430 6 8568 0 127 27 16395
8430 4 8567 0 24 195 16396
8430 16 8568 0 123 1 16397
8430 21 8564 0 102 59 16398
8430 23 8566 0 55 108 16399
8430 8 8567 0 146 159 16400
8430 22 8567 0 105 42 16401
8430 17 8566 0 140 22 16402
8434 78 10000 1 103 22 16403
8440 148 10000 1 109 56 16404
8445 3 8582 0 95 77 16405
8445 11 8582 0 128 96 16406
8445 3 8582 0 128 40 16407
8445 13 8579 0 55 108 16408
8445 15 8583 0 66 169 16409
8445 6 8584 0 122 58 16410
8445 19 8581 0 99 1 16411
8445 45 8581 0 18 115 16412
8445 22 8581 0 109 36 16413
8445 3 8580 0 127 27 16414
8445 12 8581 0 110 114 16415
8445 30 8582 0 83 108 16416
8445 22 8581 0 105 42 16417
8445 5 8580 0 7 180 16418
8445 18 8581 0 123 1 16419
8445 31 8583 0 2 3 16420
8445 12 8582 0 132 13 16421
8445 8 8580 0 108 58 16422
8445 4 8580 0 128 23 16423
8445 14 8581 0 128 55 16424
8445 31 8583 0 102 140 16425
8445 12 8584 0 103 22 16426
8445 23 8583 0 118 4 16427
8445 14 8580 0 50 121 16428
8445 15 8581 0 198 85 16429
8445 5 8578 0 10 193 16430
8445 27 8582 0 113 48 16431
8445 20 8581 0 67 20 16432
8445 24 8583 0 125 90 16433
8445 6 8582 0 101 26 16434
8445 7 8581 0 46 189 16435
8460 14 8594 0 123 1 16436
8460 5 8598 0 161 34 16437
8460 27 8597 0 120 146 16438
8460 16 8597 0 40 59 16439
8460 36 8597 0 63 134 16440
8460 3 8596 0 96 13 16441
8460 17 8596 0 140 22 16442
8460 15 8597 0 6 88 16443
8460 3 8596 0 117 1 16444
8460 12 8596 0 113 13 16445
8460 44 8595 0 153 145 16446
8460 40 8597 0 109 56 16447
8460 42 8596 0 113 48 16448
8460 25 8596 0 67 20 16449
8460 12 8597 0 117 40 16450
8460 31 8596 0 99 9 16451
8460 3 8594 0 10 193 16452
8460 4 8597 0 122 58 16453
8460 43 8598 0 149 33 16454
8460 16 8597 0 118 4 16455
8460 18 8595 0 109 36 16456
8460 11 8595 0 138 36 16457
8460 16 8598 0 141 56 16458
8467 70 10000 1 128 40 16459
8475 25 8611 0 99 9 16460
8475 12 8612 0 86 23 16461
8475 21 8609 0 102 36 16462
8475 7 8610 0 103 1 16463
8475 25 8610 0 123 1 16464
8475 24 8612 0 102 59 16465
8475 32 8614 0 83 108 16466
8475 6 8609 0 128 40 16467
8475 4 8609 0 128 23 16468
8475 4 8611 0 117 1 16469
8475 21 8611 0 109 36 16470
8475 10 8610 0 22 41 16471
8475 12 8612 0 108 31 16472
8475 19 8610 0 7 35 16473
8475 24 8611 0 72 131 16474
8475 14 8610 0 140 22 16475
8475 31 8610 0 149 33 16476
8475 32 10000 1 155 122 16477
8475 22 8609 0 55 108 16478
8475 4 8610 0 37 7 16479
8475 29 8611 0 155 122 16480
8475 12 8610 0 173 171 16481
8475 6 8611 0 109 1 16482
8475 24 8610 0 125 90 16483
8475 9 8609 0 113 13 16484
8475 18 8611 0 67 20 16485
8475 40 8612 0 57 122 16486
8475 7 8610 0 138 36 16487
8475 25 8611 0 40 59 16488
8475 19 8612 0 105 42 16489
8475 5 8609 0 185 66 16490
8475 9 8612 0 117 40 16491
8475 31 8610 0 109 56 16492
8475 7 8611 0 15 4 16493
8475 3 8611 0 127 27 16494
8475 11 8612 0 103 22 16495
8475 4 8613 0 122 58 16496
8476 30 10000 1 25 122 16497
8485 181 10000 1 109 36 16498
8490 10 8626 0 156 90 16499
8490 15 8626 0 105 42 16500
8490 8 8627 0 113 13 16501
8490 10 8625 0 15 186 16502
8490 17 8627 0 140 22 16503
8490 16 8625 0 102 36 16504
8490 5 8627 0 37 7 16505
8490 22 8624 0 52 37 16506
8490 42 8626 0 102 140 16507
8490 8 8627 0 117 40 16508
8490 28 8627 0 153 145 16509
8490 29 8626 0 109 56 16510
8490 3 8626 0 96 13 16511
8490 6 8628 0 152 41 16512
8490 10 8628 0 103 22 16513
8490 6 8628 0 128 23 16514
8490 19 8626 0 128 55 16515
8490 3 8626 0 127 27 16516
8490 18 8627 0 93 51 16517
8490 3 8628 0 185 66 16518
8490 21 8626 0 66 169 16519
8490 5 8626 0 128 40 16520
8490 10 8623 0 108 31 16521
8490 6 8626 0 101 26 16522
8490 7 8625 0 22 41 16523
8490 8 8627 0 148 56 16524
8490 22 8627 0 188 80 16525
8490 12 8623 0 55 108 16526
8490 4 8625 0 117 1 16527
8496 146 10000 1 24 183 16528
8505 9 8642 0 182 28 16529
8505 18 8640 0 86 23 16530
8505 23 8640 0 7 35 16531
8505 6 8639 0 155 52 16532
8505 11 8641 0 108 58 16533
8505 37 8641 0 149 33 16534
8505 37 8640 0 102 140 16535
8505 3 8644 0 122 58 16536
8505 12 8641 0 198 85 16537
8505 19 8642 0 25 122 16538
8505 6 8641 0 155 79 16539
8505 11 8641 0 117 40 16540
8505 25 8641 0 99 9 16541
8505 6 8643 0 94 1 16542
8505 3 8642 0 128 40 16543
8505 16 8640 0 109 36 16544
8505 6 8641 0 138 36 16545
8505 3 8642 0 96 13 16546
8505 21 8641 0 125 90 16547
8505 34 8641 0 153 145 16548
8505 19 8641 0 123 1 16549
8505 26 8640 0 150 43 16550
8505 6 8638 0 113 13 16551
8505 3 8640 0 161 34 16552
8505 42 8641 0 57 122 16553
8505 37 8641 0 83 108 16554
8505 21 8638 0 166 118 16555
8505 25 8639 0 50 121 16556
8505 4 8642 0 72 194 16557
8505 30 8641 0 40 105 16558
8506 52 10000 1 110 114 16559
8511 37 10000 1 101 26 16560
8520 5 8655 0 155 79 16561
8520 6 8655 0 164 40 16562
8520 7 8657 0 138 36 16563
8520 8 8654 0 117 40 16564
8520 38 8655 0 40 105 16565
8520 19 8656 0 109 36 16566
8520 22 8656 0 123 1 16567
8520 10 8659 0 103 1 16568
8520 41 8655 0 66 134 16569
8520 29 8659 0 57 122 16570
8520 14 8655 0 140 22 16571
8520 20 8655 0 143 170 16572
8520 8 8656 0 15 4 16573
8520 12 8659 0 46 189 16574
8520 11 8656 0 101 26 16575
8520 51 10000 1 67 20 16576
8520 15 8655 0 6 88 16577
8520 7 8658 0 113 13 16578
8535 18 8672 0 7 35 16579
8535 9 8671 0 142 143 16580
8535 41 8671 0 78 150 16581
8535 21 8672 0 188 80 16582
8535 13 8670 0 55 108 16583
8535 17 8672 0 66 169 16584
8535 3 8671 0 117 1 16585
8535 3 8670 0 128 40 16586
8535 5 8672 0 72 194 16587
8535 3 8670 0 152 41 16588
8535 4 8672 0 37 7 16589
8535 9 8672 0 156 90 16590
8535 7 8672 0 108 31 16591
8535 7 8670 0 138 36 16592
8535 14 8673 0 140 22 16593
8535 5 8673 0 122 58 16594
8535 12 8672 0 102 36 16595
8535 8 8670 0 117 40 16596
8535 36 8673 0 99 9 16597
8535 6 8672 0 113 13 16598
8535 45 8672 0 102 140 16599
8535 7 8671 0 178 113 16600
8535 12 8672 0 103 22 16601
8535 9 8670 0 63 113 16602
8535 18 8669 0 109 36 16603
8535 38 8672 0 133 152 16604
8535 4 8670 0 128 23 16605
8550 7 8686 0 156 90 16606
8550 6 8686 0 138 36 16607
8550 20 8685 0 140 22 16608
8550 23 8688 0 194 169 16609
8550 6 8686 0 15 186 16610
8550 22 8685 0 118 4 16611
8550 30 8685 0 99 9 16612
8550 7 8687 0 103 22 16613
8550 11 8686 0 101 26 16614
8550 25 8685 0 102 36 16615
8550 8 8688 0 15 4 16616
8550 12 8685 0 173 171 16617
8550 6 8684 0 127 27 16618
8550 21 8686 0 132 13 16619
8550 6 8688 0 128 40 16620
8550 21 8686 0 109 36 16621
8550 14 8689 0 93 51 16622
8550 19 8687 0 123 1 16623
8550 12 8686 0 128 96 16624
8550 23 8685 0 128 55 16625
8550 32 8683 0 40 105 16626
8557 196 10000 1 153 145 16627
8559 114 10000 1 182 28 16628
8563 32 10000 1 109 56 16629
8565 14 8699 0 93 51 16630
8565 9 8701 0 103 22 16631
8565 3 8699 0 185 66 16632
8565 30 8701 0 99 9 16633
8565 18 8702 0 125 90 16634
8565 14 8703 0 72 131 16635
8565 3 8703 0 10 193 16636
8565 37 8698 0 18 115 16637
8565 4 8699 0 122 58 16638
8565 9 8701 0 46 189 16639
8565 4 8700 0 128 23 16640
8565 16 8700 0 66 169 16641
8565 9 8701 0 113 13 16642
8565 3 8700 0 128 40 16643
8565 10 8703 0 138 36 16644
8565 13 8700 0 128 55 16645
8565 24 8700 0 132 13 16646
8565 3 8702 0 72 194 16647
8565 25 8702 0 40 59 16648
8565 9 8701 0 109 1 16649
8565 36 8702 0 153 145 16650
8565 13 8701 0 140 22 16651
8565 12 8701 0 123 1 16652
8565 6 8702 0 117 40 16653
8565 18 8699 0 166 118 16654
8565 5 8702 0 155 79 16655
8565 5 8702 0 96 13 16656
8565 8 8699 0 22 41 16657
8565 6 8700 0 182 28 16658
8565 4 8701 0 152 41 16659
8565 45 8703 0 113 48 16660
8565 25 8702 0 182 79 16661
8565 12 8701 0 63 113 16662
8565 34 8700 0 2 3 16663
8568 35 10000 1 138 36 16664
8580 42 8715 0 57 122 16665
8580 20 8716 0 109 36 16666
8580 20 8716 0 128 55 16667
8580 30 8716 0 16 120 16668
8580 3 8717 0 122 58 16669
8580 24 8716 0 102 59 16670
8580 13 8716 0 105 42 16671
8580 12 8716 0 63 86 16672
8580 7 8716 0 94 1 16673
8580 6 8716 0 178 113 16674
8580 24 8718 0 198 85 16675
8580 23 8715 0 99 1 16676
8580 28 8714 0 113 48 16677
8580 14 8716 0 102 36 16678
8580 5 8716 0 95 77 16679
8580 12 8718 0 182 28 16680
8580 11 8717 0 108 58 16681
8580 4 8716 0 164 40 16682
8580 41 8715 0 99 9 16683
8580 11 8718 0 128 96 16684
8580 12 8717 0 105 143 16685
8580 38 8717 0 150 43 16686
8580 5 8716 0 96 13 16687
8580 44 8715 0 179 186 16688
8580 26 8715 0 149 33 16689
8580 21 8716 0 55 108 16690
8580 10 8715 0 138 36 16691
8580 9 8716 0 101 26 16692
8580 18 8716 0 140 22 16693
8580 25 8717 0 66 169 16694
8586 56 10000 1 78 150 16695
8595 36 8732 0 179 186 16696
8595 7 8732 0 15 186 16697
8595 32 8734 0 182 79 16698
8595 10 8731 0 46 189 16699
8595 12 8729 0 94 1 16700
8595 12 8731 0 109 1 16701
8595 20 8731 0 52 37 16702
8595 11 8731 0 108 31 16703
8595 5 8733 0 128 40 16704
8595 13 8732 0 132 13 16705
8595 17 8731 0 140 22 16706
8595 4 8732 0 72 194 16707
8595 5 8731 0 122 58 16708
8595 6 8733 0 146 159 16709
8595 5 8731 0 96 13 16710
8595 21 8731 0 109 36 16711
8595 3 8730 0 127 27 16712
8595 36 8732 0 2 3 16713
8595 12 8732 0 118 4 16714
8595 8 8730 0 138 36 16715
8596 43 10000 1 102 59 16716
8598 198 10000 1 16 120 16717
8610 23 8745 0 105 42 16718
8610 18 8749 0 86 23 16719
8610 35 8747 0 109 56 16720
8610 13 8744 0 50 121 16721
8610 28 8745 0 182 79 16722
8610 34 8746 0 99 9 16723
8610 13 8746 0 93 51 16724
8610 7 8745 0 103 22 16725
8610 10 8745 0 117 40 16726
8610 14 8746 0 143 170 16727
8610 12 8747 0 63 113 16728
8610 42 8745 0 2 3 16729
8610 3 8745 0 128 40 16730
8610 15 8748 0 132 13 16731
8610 3 8748 0 96 13 16732
8610 15 8746 0 123 1 16733
8610 5 8747 0 7 180 16734
8610 12 8744 0 140 22 16735
8610 12 8748 0 108 31 16736
8610 3 8747 0 117 1 16737
8610 33 8744 0 179 186 16738
8610 43 8744 0 120 146 16739
8610 24 8747 0 66 169 16740
8610 5 8748 0 122 58 16741
8610 6 8748 0 37 7 16742
8610 24 8745 0 141 56 16743
8610 5 8746 0 128 23 16744
8623 66 10000 1 142 143 16745
8625 4 8760 0 128 23 16746
8625 12 8762 0 92 2 16747
8625 32 8761 0 2 3 16748
8625 5 8761 0 10 193 16749
8625 25 8761 0 16 120 16750
8625 19 8761 0 110 114 16751
8625 16 8763 0 123 1 16752
8625 4 8761 0 7 180 16753
8625 35 8761 0 40 105 16754
8625 9 8760 0 108 31 16755
8625 19 8760 0 140 22 16756
8625 39 8761 0 149 33 16757
8625 7 8760 0 113 13 16758
8625 3 8760 0 117 1 16759
8625 16 8759 0 55 108 16760
8625 6 8762 0 127 27 16761
8625 42 8761 0 83 108 16762
8625 13 8760 0 102 59 16763
8625 13 8759 0 50 121 16764
8625 7 8759 0 155 52 16765
8625 6 8760 0 161 34 16766
8625 6 8760 0 182 28 16767
8625 6 8760 0 117 40 16768
8625 31 8761 0 113 48 16769
8625 10 8760 0 108 58 16770
8631 65 10000 1 16 120 16771
8640 16 8775 0 128 55 16772
8640 4 8776 0 128 23 16773
8640 11 8775 0 101 26 16774
8640 6 8774 0 138 36 16775
8640 23 8776 0 13 75 16776
8640 6 8776 0 128 96 16777
8640 6 8775 0 127 27 16778
8640 6 8778 0 178 113 16779
8640 5 8777 0 122 58 16780
8640 24 8777 0 93 51 16781
8640 21 8774 0 146 119 16782
8640 41 8775 0 99 9 16783
8640 6 8778 0 128 40 16784
8640 8 8775 0 15 4 16785
8640 6 8775 0 113 13 16786
8640 36 8777 0 16 120 16787
8640 35 8775 0 18 115 16788
8640 5 8776 0 10 193 16789
8640 23 8776 0 194 169 16790
8640 11 8776 0 103 1 16791
8640 35 8779 0 83 108 16792
8640 25 8775 0 105 42 16793
8640 13 8775 0 50 121 16794
8640 16 8778 0 118 4 16795
8640 7 8778 0 182 28 16796
8640 13 8775 0 7 35 16797
8640 25 8778 0 86 23 16798
8640 13 8775 0 102 36 16799
8640 27 8776 0 113 48 16800
8640 23 8776 0 198 85 16801
8640 9 8776 0 117 40 16802
8640 15 8778 0 109 36 16803
8640 19 8777 0 132 13 16804
8640 5 8777 0 96 13 16805
8640 23 8778 0 140 22 16806
8640 8 8776 0 22 41 16807
8640 45 8777 0 149 33 16808
8640 5 8775 0 117 1 16809
8640 17 8777 0 6 88 16810
8640 11 8776 0 103 22 16811
8655 15 8789 0 132 13 16812
8655 32 8791 0 40 105 16813
8655 34 8792 0 83 108 16814
8655 5 8790 0 72 194 16815
8655 8 8789 0 117 40 16816
8655 43 8791 0 78 150 16817
8655 25 8792 0 141 56 16818
8655 14 8791 0 13 75 16819
8655 6 8792 0 46 189 16820
8655 12 8791 0 113 13 16821
8655 25 8791 0 105 42 16822
8655 23 8792 0 93 51 16823
8655 7 8792 0 128 96 16824
8655 24 8791 0 146 119 16825
8655 6 8789 0 94 1 16826
8655 12 8792 0 166 118 16827
8655 45 8791 0 109 56 16828
8655 3 8791 0 152 41 16829
8655 37 8793 0 120 146 16830
8655 20 8792 0 198 85 16831
8655 37 8791 0 113 48 16832
8655 30 8790 0 99 9 16833
8655 6 8791 0 138 36 16834
8670 11 8805 0 46 189 16835
8670 6 8805 0 127 27 16836
8670 21 8806 0 109 36 16837
8670 10 8805 0 15 186 16838
8670 20 8805 0 25 122 16839
8670 24 8808 0 188 80 16840
8670 5 8806 0 24 195 16841
8670 10 8806 0 173 171 16842
8670 17 8805 0 13 75 16843
8670 3 8805 0 161 34 16844
8670 31 8807 0 150 43 16845
8670 16 8805 0 132 13 16846
8670 25 8807 0 99 9 16847
8670 12 8807 0 86 23 16848
8670 4 8809 0 122 58 16849
8670 9 8806 0 24 183 16850
8670 7 8805 0 63 86 16851
8670 6 8808 0 96 13 16852
8670 11 8805 0 156 90 16853
8670 38 8807 0 120 146 16854
8670 23 8806 0 110 114 16855
8670 31 8806 0 16 120 16856
8670 6 8803 0 108 31 16857
8670 17 8805 0 102 36 16858
8685 6 8821 0 164 40 16859
8685 9 8821 0 15 186 16860
8685 6 8822 0 122 58 16861
8685 35 8821 0 83 108 16862
8685 18 8821 0 102 36 16863
8685 27 8821 0 100 167 16864
8685 7 8822 0 113 13 16865
8685 26 8822 0 99 9 16866
8685 43 8820 0 120 146 16867
8685 4 8822 0 128 40 16868
8685 12 8821 0 93 51 16869
8685 10 8822 0 108 58 16870
8685 22 8822 0 132 13 16871
8685 9 8822 0 101 26 16872
8685 20 8818 0 105 42 16873
8685 42 8822 0 150 43 16874
8685 6 8821 0 117 40 16875
8685 34 8820 0 149 33 16876
8685 36 8820 0 57 122 16877
8685 20 8823 0 109 36 16878
8685 14 8823 0 125 90 16879
8685 4 8822 0 127 27 16880
8685 28 8821 0 109 56 16881
8685 6 8822 0 185 66 16882
8685 22 8820 0 6 88 16883
8686 54 10000 1 66 169 16884
8686 168 10000 1 92 2 16885
8700 23 8835 0 125 90 16886
8700 6 8837 0 122 58 16887
8700 3 8838 0 127 27 16888
8700 45 8838 0 113 48 16889
8700 9 8836 0 142 143 16890
8700 15 8836 0 67 20 16891
8700 18 8836 0 102 36 16892
8700 5 8836 0 117 1 16893
8700 36 8833 0 153 145 16894
8700 17 8836 0 123 1 16895
8700 42 8836 0 155 122 16896
8700 13 8836 0 86 23 16897
8700 16 8838 0 128 55 16898
8700 11 8837 0 94 1 16899
8700 3 8836 0 164 40 16900
8700 12 8836 0 29 60 16901
8700 11 8837 0 178 113 16902
8700 9 8836 0 103 22 16903
8700 9 8837 0 138 36 16904
8700 5 8836 0 72 194 16905
8700 34 8837 0 78 150 16906
8700 41 8837 0 57 122 16907
8700 9 8836 0 113 13 16908
8700 23 8836 0 13 75 16909
8700 5 8837 0 155 79 16910
8700 4 8837 0 128 40 16911
8700 6 8836 0 161 34 16912
8700 22 8837 0 40 59 16913
8700 12 8835 0 109 36 16914
8700 12 8837 0 118 4 16915
8700 6 8835 0 95 77 16916
8700 43 8836 0 182 79 16917
8700 11 8837 0 117 40 16918
8700 6 8835 0 108 31 16919
8706 61 10000 1 100 167 16920
8715 16 8849 0 166 118 16921
8715 22 8852 0 7 35 16922
8715 11 8850 0 113 13 16923
8715 8 8849 0 142 143 16924
8715 23 8852 0 146 119 16925
8715 11 8850 0 15 186 16926
8715 3 8849 0 152 41 16927
8715 19 8852 0 140 22 16928
8715 28 8850 0 63 134 16929
8715 33 8853 0 153 145 16930
8715 8 8852 0 24 183 16931
8715 12 8851 0 156 90 16932
8715 8 8851 0 15 4 16933
8715 41 8851 0 120 146 16934
8715 6 8852 0 178 113 16935
8715 40 8852 0 182 79 16936
8715 3 8852 0 128 23 16937
8715 12 8850 0 105 143 16938
8715 18 8848 0 118 4 16939
8715 13 8850 0 99 1 16940
8715 7 8850 0 173 171 16941
8715 44 8853 0 155 122 16942
8715 36 8850 0 83 108 16943
8715 12 8850 0 182 28 16944
8715 10 8851 0 63 113 16945
8715 14 8851 0 25 122 16946
8715 24 8851 0 50 121 16947
8715 14 8850 0 141 56 16948
8715 44 8851 0 133 152 16949
8715 3 8850 0 117 1 16950
8730 22 8867 0 66 169 16951
8730 3 8863 0 127 27 16952
8730 35 8867 0 120 146 16953
8730 21 8865 0 140 22 16954
8730 21 8868 0 194 169 16955
8730 7 8865 0 103 1 16956
8730 15 8867 0 72 131 16957
8730 16 8863 0 128 55 16958
8730 6 8865 0 94 1 16959
8730 9 8865 0 24 183 16960
8730 23 8865 0 6 88 16961
8730 44 8868 0 113 48 16962
8730 11 8865 0 117 40 16963
8730 9 8867 0 15 4 16964
8730 31 8868 0 66 134 16965
8730 8 8866 0 138 36 16966
8730 16 8865 0 67 20 16967
8730 4 8867 0 164 40 16968
8730 6 8866 0 161 34 16969
8730 7 8866 0 29 60 16970
8730 3 8866 0 122 58 16971
8730 10 8867 0 142 143 16972
8730 4 8866 0 10 193 16973
8730 5 8866 0 96 13 16974
8730 31 8867 0 100 167 16975
8730 38 8862 0 40 105 16976
8730 11 8864 0 113 13 16977
8730 16 8866 0 123 1 16978
8730 8 8867 0 63 113 16979
8730 24 8864 0 102 36 16980
8730 8 8867 0 156 90 16981
8730 3 8867 0 128 40 16982
8734 71 10000 1 156 90 16983
8741 66 10000 1 103 1 16984
8745 42 8881 0 66 134 16985
8745 25 8883 0 7 35 16986
8745 21 8880 0 66 169 16987
8745 21 8881 0 188 80 16988
8745 33 8879 0 40 105 16989
8745 3 8881 0 10 193 16990
8745 17 8880 0 6 88 16991
8745 12 8881 0 138 36 16992
8745 45 8880 0 78 150 16993
8745 9 8880 0 108 31 16994
8745 24 8881 0 123 1 16995
8745 22 8879 0 143 170 16996
8745 17 8879 0 72 131 16997
8745 3 8881 0 117 1 16998
8745 13 8880 0 102 36 16999
8745 22 8882 0 99 1 17000
8745 41 8879 0 149 33 17001
8745 6 8880 0 156 90 17002
8745 24 8882 0 166 118 17003
8745 25 8881 0 146 119 17004
8745 3 8882 0 128 23 17005
8745 6 8879 0 101 26 17006
8745 37 8882 0 155 122 17007
8745 11 8881 0 113 13 17008
8745 20 8880 0 102 59 17009
8745 4 8880 0 122 58 17010
8745 34 8881 0 2 3 17011
8745 13 8881 0 118 4 17012
8745 31 8881 0 120 146 17013
8745 6 8880 0 96 13 17014
8745 22 8880 0 140 22 17015
8760 23 8898 0 110 114 17016
8760 5 8896 0 117 1 17017
8760 10 8897 0 63 86 17018
8760 6 8896 0 178 113 17019
8760 27 8894 0 109 56 17020
8760 10 8897 0 156 90 17021
8760 12 8896 0 103 1 17022
8760 4 8894 0 128 40 17023
8760 12 8896 0 99 1 17024
8760 45 8895 0 100 167 17025
8760 17 8893 0 123 1 17026
8760 38 8894 0 133 152 17027
8760 24 8894 0 13 75 17028
8760 22 8897 0 66 169 17029
8760 24 8893 0 141 56 17030
8760 19 8895 0 109 36 17031
8760 44 8894 0 2 3 17032
8760 25 8895 0 143 170 17033
8760 25 8896 0 140 22 17034
8760 12 8895 0 46 189 17035
8760 9 8898 0 117 40 17036
8760 5 8898 0 127 27 17037
8760 12 8896 0 101 26 17038
8760 22 8897 0 105 42 17039
8760 10 8897 0 63 113 17040
8760 8 8896 0 108 31 17041
8760 8 8897 0 103 22 17042
8760 3 8895 0 96 13 17043
8765 71 10000 1 120 146 17044
8775 9 8912 0 101 26 17045
8775 12 8910 0 188 80 17046
8775 5 8912 0 127 27 17047
8775 26 8911 0 18 115 17048
8775 21 8911 0 109 36 17049
8775 25 8910 0 66 169 17050
8775 11 8911 0 46 189 17051
8775 7 8911 0 113 13 17052
8775 7 8911 0 63 86 17053
8775 43 8913 0 113 48 17054
8775 4 8911 0 128 40 17055
8775 35 8915 0 109 56 17056
8775 10 8912 0 29 60 17057
8775 16 8910 0 123 1 17058
8775 20 8911 0 102 36 17059
8775 4 8911 0 185 66 17060
8775 6 8912 0 152 41 17061
8775 39 8910 0 149 33 17062
8775 6 8911 0 117 40 17063
8775 13 8909 0 72 131 17064
8775 34 8912 0 99 9 17065
8777 64 10000 1 153 145 17066
8790 22 8924 0 25 122 17067
8790 10 8926 0 63 86 17068
8790 34 8925 0 182 79 17069
8790 3 8928 0 128 23 17070
8790 33 8925 0 83 108 17071
8790 6 8927 0 94 1 17072
8790 22 8926 0 105 42 17073
8790 15 8926 0 166 118 17074
8790 12 8925 0 86 23 17075
8790 12 8926 0 140 22 17076
8790 24 8927 0 102 59 17077
8790 43 8925 0 149 33 17078
8790 13 8928 0 118 4 17079
8790 9 8924 0 113 13 17080
8790 12 8926 0 63 113 17081
8790 12 8926 0 40 59 17082
8790 3 8927 0 155 79 17083
8790 14 8927 0 109 36 17084
8790 7 8925 0 103 22 17085
8790 13 8926 0 72 131 17086
8790 8 8927 0 15 186 17087
8790 5 8926 0 117 1 17088
8790 21 8924 0 6 88 17089
8790 19 8927 0 93 51 17090
8790 18 8926 0 123 1 17091
8790 31 8926 0 100 167 17092
8790 37 8925 0 99 9 17093
8797 56 10000 1 123 1 17094
8802 48 10000 1 46 189 17095
8805 11 8943 0 138 36 17096
8805 6 8939 0 128 23 17097
8805 31 8941 0 149 33 17098
8805 6 8942 0 108 31 17099
8805 11 8941 0 142 143 17100
8805 16 8942 0 146 119 17101
8805 11 8941 0 178 113 17102
8805 9 8940 0 101 26 17103
8805 10 8939 0 156 90 17104
8805 14 8942 0 132 13 17105
8805 12 8941 0 15 4 17106
8805 10 8939 0 117 40 17107
8805 3 8943 0 128 40 17108
8805 8 8943 0 182 28 17109
8805 15 8940 0 55 108 17110
8805 14 8940 0 118 4 17111
8805 37 8941 0 18 115 17112
8805 16 8940 0 143 170 17113
8805 27 8941 0 109 56 17114
8805 7 8942 0 155 52 17115
8805 10 8943 0 113 13 17116
8805 49 10000 1 102 36 17117
8805 180 10000 1 173 171 17118
8805 22 8941 0 140 22 17119
8805 10 8942 0 63 86 17120
8805 6 8940 0 122 58 17121
8805 19 8941 0 125 90 17122
8805 6 8941 0 103 1 17123
8805 16 8940 0 123 1 17124
8805 9 8941 0 103 22 17125
8805 15 8943 0 102 59 17126
8805 32 8942 0 99 9 17127
8805 5 8941 0 152 41 17128
8820 32 8958 0 16 120 17129
8820 20 8957 0 109 36 17130
8820 40 8955 0 150 43 17131
8820 20 8956 0 110 114 17132
8820 8 8954 0 113 13 17133
8820 6 8957 0 37 7 17134
8820 12 8956 0 103 22 17135
8820 16 8954 0 6 88 17136
8820 3 8955 0 155 79 17137
8820 14 8954 0 99 1 17138
8820 7 8958 0 15 4 17139
8820 5 8956 0 127 27 17140
8820 8 8955 0 117 40 17141
8820 23 8957 0 198 85 17142
8820 25 8957 0 7 35 17143
8820 42 8956 0 100 167 17144
8820 12 8954 0 103 1 17145
8820 23 8954 0 13 75 17146
8820 5 8954 0 185 66 17147
8820 6 8957 0 152 41 17148
8820 6 8957 0 96 13 17149
8820 8 8957 0 146 159 17150
8820 13 8955 0 102 36 17151
8820 10 8955 0 109 1 17152
8820 11 8955 0 128 96 17153
8820 21 8956 0 123 1 17154
8820 15 8956 0 52 37 17155
8820 20 8957 0 25 122 17156
8820 22 8957 0 128 55 17157
8820 3 8956 0 122 58 17158
8820 6 8954 0 63 86 17159
8820 18 8954 0 105 42 17160
8820 4 8957 0 161 34 17161
8820 19 8957 0 166 118 17162
8820 6 8957 0 128 40 17163
8834 76 10000 1 52 37 17164
8835 35 8971 0 149 33 17165
8835 13 8973 0 198 85 17166
8835 28 8972 0 63 134 17167
8835 4 8971 0 128 40 17168
8835 19 8969 0 13 75 17169
8835 10 8970 0 108 58 17170
8835 18 8970 0 132 13 17171
8835 10 8972 0 101 26 17172
8835 6 8972 0 96 13 17173
8835 24 8971 0 86 23 17174
8835 5 8972 0 152 41 17175
8835 8 8971 0 146 159 17176
8835 24 8970 0 118 4 17177
8835 26 8969 0 100 167 17178
8835 19 8968 0 6 88 17179
8835 4 8969 0 117 1 17180
8835 6 8972 0 103 1 17181
8835 14 8972 0 110 114 17182
8835 36 8971 0 99 9 17183
8835 32 8971 0 179 186 17184
8835 7 8972 0 138 36 17185
8835 3 8972 0 128 23 17186
8835 11 8971 0 113 13 17187
8835 20 8974 0 66 169 17188
8843 60 10000 1 40 105 17189
8850 4 8986 0 117 1 17190
8850 8 8985 0 108 31 17191
8850 17 8987 0 66 169 17192
8850 23 8987 0 110 114 17193
8850 6 8986 0 10 193 17194
8850 33 8985 0 149 33 17195
8850 9 8983 0 103 1 17196
8850 8 8986 0 101 26 17197
8850 8 8986 0 22 41 17198
8850 5 8987 0 127 27 17199
8850 41 8985 0 182 79 17200
8850 23 8986 0 105 42 17201
8850 10 8988 0 63 86 17202
8850 28 8988 0 153 145 17203
8850 6 8984 0 29 60 17204
8850 15 8985 0 55 108 17205
8850 6 8988 0 128 96 17206
8850 15 8985 0 102 59 17207
8850 37 8987 0 66 134 17208
8850 11 8988 0 92 2 17209
8850 4 8986 0 24 195 17210
8850 23 8986 0 146 119 17211
8850 22 8985 0 86 23 17212
8850 8 8986 0 117 40 17213
8850 31 8984 0 120 146 17214
8850 17 8988 0 194 169 17215
8850 4 8986 0 152 41 17216
8850 9 8984 0 155 52 17217
8850 4 8986 0 37 7 17218
8858 89 10000 1 6 88 17219
8862 53 10000 1 148 56 17220
8865 34 9002 0 113 48 17221
8865 23 9000 0 194 169 17222
8865 16 9001 0 118 4 17223
8865 10 9001 0 117 40 17224
8865 3 9003 0 10 193 17225
8865 45 9001 0 102 140 17226
8865 6 9002 0 178 113 17227
8865 16 9002 0 140 22 17228
8865 16 9001 0 52 37 17229
8865 16 9002 0 166 118 17230
8865 36 9000 0 153 145 17231
8865 9 9002 0 146 159 17232
8865 9 9004 0 46 189 17233
8865 14 9004 0 25 122 17234
8865 21 9002 0 99 1 17235
8865 31 9001 0 99 9 17236
8865 10 9002 0 156 90 17237
8865 4 9004 0 185 66 17238
8865 3 9003 0 127 27 17239
8865 17 9000 0 67 20 17240
8865 16 9001 0 102 36 17241
8865 6 9003 0 101 26 17242
8865 18 9002 0 50 121 17243
8872 55 10000 1 128 96 17244
8875 31 10000 1 141 56 17245
8880 21 9018 0 125 90 17246
8880 30 9014 0 63 134 17247
8880 20 9016 0 194 169 17248
8880 5 9016 0 122 58 17249
8880 5 9016 0 95 77 17250
8880 13 9015 0 105 42 17251
8880 7 9016 0 148 56 17252
8880 11 9017 0 15 186 17253
8880 4 9015 0 152 41 17254
8880 31 9016 0 149 33 17255
8880 6 9015 0 138 36 17256
8880 8 9017 0 105 143 17257
8880 43 9016 0 2 3 17258
8880 18 9017 0 40 59 17259
8880 25 9015 0 102 140 17260
8880 9 9017 0 108 58 17261
8880 35 9015 0 182 79 17262
8880 28 9013 0 133 152 17263
8880 44 9016 0 150 43 17264
8880 4 9017 0 128 23 17265
8880 11 9017 0 182 28 17266
8895 5 9031 0 95 77 17267
8895 7 9031 0 108 31 17268
8895 3 9031 0 128 23 17269
8895 25 9032 0 105 42 17270
8895 8 9030 0 178 113 17271
8895 18 9030 0 6 88 17272
8895 10 9031 0 63 86 17273
8895 3 9033 0 128 40 17274
8895 17 9031 0 102 36 17275
8895 4 9032 0 127 27 17276
8895 16 9031 0 67 20 17277
8895 5 9030 0 96 13 17278
8895 14 9032 0 93 51 17279
8895 10 9031 0 101 26 17280
8895 23 9030 0 72 131 17281
8895 10 9030 0 63 113 17282
8895 3 9035 0 117 1 17283
8895 7 9031 0 138 36 17284
8895 29 9032 0 149 33 17285
8895 14 9032 0 109 36 17286
8895 10 9029 0 155 52 17287
8895 6 9032 0 148 56 17288
8895 11 9032 0 29 60 17289
8895 10 9032 0 113 13 17290
8895 20 9030 0 198 85 17291
8895 12 9032 0 128 96 17292
8895 9 9031 0 94 1 17293
8895 41 9032 0 109 56 17294
8895 21 9031 0 102 59 17295
8895 8 9031 0 142 143 17296
8895 23 9031 0 141 56 17297
8910 26 9045 0 109 56 17298
8910 6 9046 0 127 27 17299
8910 8 9046 0 155 52 17300
8910 6 9046 0 182 28 17301
8910 17 9045 0 166 118 17302
8910 36 9045 0 2 3 17303
8910 5 9046 0 152 41 17304
8910 30 9046 0 100 167 17305
8910 7 9047 0 29 60 17306
8910 6 9046 0 146 159 17307
8910 4 9046 0 117 1 17308
8910 14 9047 0 143 170 17309
8910 16 9047 0 72 131 17310
8910 8 9044 0 113 13 17311
8910 9 9046 0 138 36 17312
8910 6 9045 0 96 13 17313
8910 30 9046 0 78 150 17314
8910 21 9049 0 40 59 17315
8910 6 9046 0 10 193 17316
8910 7 9045 0 108 31 17317
8910 28 9044 0 102 140 17318
8910 19 9044 0 198 85 17319
8910 13 9046 0 128 55 17320
8910 6 9046 0 164 40 17321
8910 39 9046 0 179 186 17322
8910 7 9046 0 63 86 17323
8910 6 9046 0 128 40 17324
8910 22 9047 0 6 88 17325
8910 23 9047 0 123 1 17326
8910 38 9045 0 113 48 17327
8910 18 9045 0 105 42 17328
8910 5 9045 0 24 195 17329
8910 7 9044 0 109 1 17330
8910 24 9045 0 109 36 17331
8910 6 9047 0 95 77 17332
8917 45 10000 1 18 115 17333
8925 6 9063 0 22 41 17334
8925 12 9062 0 25 122 17335
8925 17 9062 0 141 56 17336
8925 16 9061 0 146 119 17337
8925 8 9061 0 113 13 17338
8925 35 9061 0 18 115 17339
8925 44 9060 0 102 140 17340
8925 25 9062 0 194 169 17341
8925 4 9061 0 117 1 17342
8925 3 9060 0 37 7 17343
8925 9 9060 0 117 40 17344
8925 26 9059 0 113 48 17345
8925 11 9060 0 146 159 17346
8925 6 9063 0 122 58 17347
8925 20 9061 0 102 59 17348
8925 30 9059 0 149 33 17349
8925 31 9063 0 179 186 17350
8925 7 9061 0 29 60 17351
8925 26 9062 0 155 122 17352
8925 5 9060 0 7 180 17353
8925 12 9059 0 143 170 17354
8925 14 9060 0 140 22 17355
8925 17 9061 0 123 1 17356
8925 22 9062 0 132 13 17357
8925 22 9062 0 105 42 17358
8925 14 9061 0 188 80 17359
8925 19 9061 0 55 108 17360
8925 24 9061 0 109 36 17361
8925 29 9063 0 150 43 17362
8925 9 9060 0 101 26 17363
8925 12 9062 0 138 36 17364
8925 11 9061 0 63 113 17365
8925 10 9061 0 92 2 17366
8925 12 9059 0 109 1 17367
8932 30 10000 1 37 7 17368
8940 13 9077 0 194 169 17369
8940 10 9078 0 109 1 17370
8940 27 9075 0 102 140 17371
8940 21 9076 0 25 122 17372
8940 6 9076 0 29 60 17373
8940 8 9076 0 146 159 17374
8940 27 9075 0 133 152 17375
8940 6 9074 0 96 13 17376
8940 18 9074 0 50 121 17377
8940 44 9077 0 63 134 17378
8940 12 9075 0 123 1 17379
8940 5 9078 0 122 58 17380
8940 20 9076 0 118 4 17381
8940 9 9078 0 117 40 17382
8940 18 9078 0 140 22 17383
8940 6 9074 0 72 194 17384
8940 25 9077 0 132 13 17385
8940 21 9079 0 109 36 17386
8940 43 9076 0 113 48 17387
8940 10 9075 0 103 22 17388
8940 38 9076 0 149 33 17389
8940 12 9078 0 24 183 17390
8940 29 9075 0 66 134 17391
8940 6 9078 0 113 13 17392
8940 3 9076 0 128 40 17393
8955 18 9093 0 140 22 17394
8955 30 9091 0 83 108 17395
8955 12 9093 0 94 1 17396
8955 18 9091 0 102 59 17397
8955 20 9092 0 67 20 17398
8955 8 9088 0 103 22 17399
8955 5 9091 0 164 40 17400
8955 8 9092 0 113 13 17401
8955 8 9090 0 46 189 17402
8955 23 9091 0 99 1 17403
8955 8 9093 0 63 86 17404
8955 27 9089 0 150 43 17405
8955 30 9092 0 18 115 17406
8955 19 9090 0 123 1 17407
8955 13 9090 0 128 55 17408
8955 12 9088 0 148 56 17409
8955 3 9093 0 10 193 17410
8955 12 9091 0 108 31 17411
8955 32 9091 0 102 140 17412
8955 22 9091 0 102 36 17413
8955 9 9090 0 22 41 17414
8955 22 9092 0 132 13 17415
8955 12 9092 0 141 56 17416
8955 30 9091 0 149 33 17417
8955 6 9089 0 138 36 17418
8955 36 9091 0 99 9 17419
8955 24 9092 0 194 169 17420
8955 20 9091 0 198 85 17421
8964 199 10000 1 40 105 17422
8968 33 10000 1 55 108 17423
8970 20 9103 0 123 1 17424
8970 6 9104 0 185 66 17425
8970 5 9106 0 128 23 17426
8970 5 9107 0 37 7 17427
8970 5 9105 0 10 193 17428
8970 5 9106 0 96 13 17429
8970 5 9106 0 95 77 17430
8970 10 9106 0 113 13 17431
8970 22 9107 0 102 59 17432
8970 27 9106 0 109 56 17433
8970 14 9103 0 86 23 17434
8970 22 9105 0 102 36 17435
8970 14 9104 0 198 85 17436
8970 31 9106 0 149 33 17437
8970 36 9106 0 99 9 17438
8970 20 9105 0 146 119 17439
8970 9 9103 0 138 36 17440
8970 18 9107 0 25 122 17441
8970 5 9106 0 164 40 17442
8970 6 9107 0 117 40 17443
8970 32 9106 0 83 108 17444
8970 3 9107 0 127 27 17445
8970 10 9106 0 94 1 17446
8970 11 9105 0 156 90 17447
8970 4 9108 0 152 41 17448
8970 6 9105 0 117 1 17449
8970 7 9107 0 178 113 17450
8970 31 9105 0 18 115 17451
8970 4 9104 0 7 180 17452
8970 12 9106 0 52 37 17453
8979 51 10000 1 194 169 17454
8985 8 9119 0 108 31 17455
8985 7 9121 0 108 58 17456
8985 25 9122 0 128 55 17457
8985 3 9120 0 37 7 17458
8985 25 9120 0 50 121 17459
8985 5 9122 0 24 195 17460
8985 28 9122 0 66 134 17461
8985 12 9121 0 146 159 17462
8985 12 9119 0 55 108 17463
8985 17 9120 0 123 1 17464
8985 21 9121 0 102 36 17465
8985 12 9120 0 92 2 17466
8985 25 9120 0 140 22 17467
8985 15 9119 0 105 42 17468
8985 24 9120 0 93 51 17469
8985 3 9123 0 127 27 17470
8985 10 9121 0 101 26 17471
8985 39 9121 0 149 33 17472
8985 9 9120 0 29 60 17473
8985 45 9121 0 150 43 17474
8985 17 9121 0 109 36 17475
8985 10 9124 0 105 143 17476
8985 3 9120 0 10 193 17477
8985 12 9121 0 40 59 17478
8985 35 9120 0 40 105 17479
8985 41 9119 0 113 48 17480
8985 6 9121 0 15 4 17481
8985 11 9120 0 117 40 17482
8985 4 9122 0 128 40 17483
8985 19 9122 0 132 13 17484
8996 53 10000 1 149 33 17485
9000 13 9136 0 118 4 17486
9000 41 9135 0 150 43 17487
9000 33 9137 0 149 33 17488
9000 15 9133 0 125 90 17489
9000 15 9138 0 102 36 17490
9000 8 9135 0 63 113 17491
9000 13 9137 0 128 55 17492
9000 10 9136 0 103 1 17493
9000 9 9136 0 113 13 17494
9000 12 9136 0 13 75 17495
9000 15 9137 0 99 1 17496
9000 40 9136 0 99 9 17497
9000 44 9136 0 16 120 17498
9000 20 9136 0 143 170 17499
9000 42 9134 0 113 48 17500
9000 25 9138 0 105 42 17501
9000 6 9137 0 127 27 17502
9000 18 9137 0 146 119 17503
9000 23 9137 0 67 20 17504
9000 6 9135 0 94 1 17505
9000 4 9138 0 128 23 17506
9000 13 9136 0 6 88 17507
9000 42 9138 0 182 79 17508
9000 12 9137 0 109 36 17509
9000 11 9135 0 148 56 17510
9001 73 10000 1 99 1 17511
9010 46 10000 1 179 186 17512
9015 21 9149 0 66 169 17513
9015 41 9149 0 18 115 17514
9015 19 9152 0 40 59 17515
9015 4 9151 0 117 1 17516
9015 9 9151 0 117 40 17517
9015 42 9152 0 102 140 17518
9015 8 9153 0 173 171 17519
9015 10 9151 0 156 90 17520
9015 44 9150 0 83 108 17521
9015 12 9152 0 6 88 17522
9015 8 9151 0 138 36 17523
9015 3 9153 0 127 27 17524
9015 11 9153 0 108 31 17525
9015 35 9151 0 133 152 17526
9015 9 9148 0 142 143 17527
9015 12 9152 0 93 51 17528
9015 13 9151 0 132 13 17529
9015 7 9150 0 101 26 17530
9015 18 9150 0 102 36 17531
9015 22 9150 0 123 1 17532
9015 36 9150 0 150 43 17533
9015 11 9151 0 63 86 17534
9015 25 9150 0 109 36 17535
9015 40 9152 0 149 33 17536
9015 10 9154 0 103 22 17537
9015 4 9151 0 72 194 17538
9015 20 9151 0 7 35 17539
9015 9 9152 0 29 60 17540
9015 5 9151 0 122 58 17541
9015 27 9153 0 63 134 17542
9027 44 10000 1 94 1 17543
9030 8 9165 0 103 1 17544
9030 10 9166 0 178 113 17545
9030 10 9168 0 113 13 17546
9030 32 9166 0 83 108 17547
9030 7 9165 0 138 36 17548
9030 31 9166 0 40 105 17549
9030 4 9167 0 164 40 17550
9030 20 9167 0 25 122 17551
9030 28 9164 0 149 33 17552
9030 9 9170 0 101 26 17553
9030 18 9167 0 141 56 17554
9030 23 9166 0 72 131 17555
9030 27 9166 0 99 9 17556
9030 10 9166 0 117 40 17557
9030 10 9167 0 128 96 17558
9030 6 9166 0 103 22 17559
9030 12 9167 0 142 143 17560
9030 17 9168 0 102 36 17561
9030 10 9170 0 155 52 17562
9030 7 9166 0 15 186 17563
9030 6 9165 0 117 1 17564
9030 19 9165 0 132 13 17565
9030 18 9167 0 123 1 17566
9044 61 10000 1 143 170 17567
9045 39 9180 0 109 56 17568
9045 22 9182 0 109 36 17569
9045 6 9180 0 7 180 17570
9045 40 9182 0 66 134 17571
9045 6 9182 0 63 113 17572
9045 7 9180 0 101 26 17573
9045 8 9180 0 113 13 17574
9045 17 9179 0 128 55 17575
9045 23 9180 0 198 85 17576
9045 12 9181 0 178 113 17577
9045 11 9182 0 117 40 17578
9045 6 9181 0 63 86 17579
9045 13 9180 0 132 13 17580
9045 28 9182 0 113 48 17581
9045 9 9180 0 108 58 17582
9045 14 9178 0 118 4 17583
9045 25 9183 0 149 33 17584
9045 6 9181 0 138 36 17585
9045 9 9182 0 142 143 17586
9045 16 9183 0 93 51 17587
9045 3 9181 0 128 40 17588
9045 6 9182 0 117 1 17589
9045 10 9183 0 46 189 17590
9045 32 9179 0 99 9 17591
9045 9 9181 0 94 1 17592
9045 25 9180 0 66 169 17593
9045 43 9182 0 63 134 17594
9045 35 9181 0 100 167 17595
9045 5 9181 0 152 41 17596
9045 13 9181 0 146 119 17597
9046 62 10000 1 83 108 17598
9060 5 9196 0 161 34 17599
9060 10 9196 0 113 13 17600
9060 22 9195 0 6 88 17601
9060 28 9197 0 40 105 17602
9060 40 9197 0 63 134 17603
9060 6 9197 0 128 40 17604
9060 16 9197 0 67 20 17605
9060 17 9195 0 123 1 17606
9060 4 9196 0 10 193 17607
9060 24 9196 0 118 4 17608
9060 24 9198 0 66 169 17609
9060 9 9194 0 105 143 17610
9060 10 9195 0 92 2 17611
9060 7 9196 0 138 36 17612
9060 24 9195 0 13 75 17613
9060 24 9195 0 105 42 17614
9060 12 9195 0 156 90 17615
9060 38 9196 0 113 48 17616
9060 15 9195 0 40 59 17617
9060 20 9197 0 140 22 17618
9060 21 9194 0 72 131 17619
9060 18 9198 0 52 37 17620
9060 4 9195 0 164 40 17621
9060 8 9196 0 103 1 17622
9060 9 9198 0 101 26 17623
9060 17 9197 0 132 13 17624
9060 34 9196 0 99 9 17625
9066 57 10000 1 152 41 17626
9069 50 10000 1 7 35 17627
9075 17 9211 0 105 42 17628
9075 20 9211 0 194 169 17629
9075 6 9212 0 161 34 17630
9075 4 9210 0 155 79 17631
9075 7 9208 0 146 159 17632
9075 42 9210 0 155 122 17633
9075 4 9211 0 122 58 17634
9075 17 9210 0 72 131 17635
9075 9 9210 0 156 90 17636
9075 24 9213 0 118 4 17637
9075 12 9211 0 173 171 17638
9075 8 9210 0 103 22 17639
9075 17 9211 0 123 1 17640
9075 6 9212 0 128 40 17641
9075 40 9211 0 149 33 17642
9075 24 9212 0 52 37 17643
9075 30 9211 0 150 43 17644
9075 3 9212 0 128 23 17645
9075 5 9214 0 96 13 17646
9075 18 9211 0 40 59 17647
9075 30 9212 0 113 48 17648
9075 12 9211 0 142 143 17649
9075 34 9211 0 153 145 17650
9075 3 9211 0 117 1 17651
9075 10 9209 0 101 26 17652
9078 80 10000 1 198 85 17653
9082 66 10000 1 50 121 17654
9090 42 9228 0 150 43 17655
9090 4 9227 0 7 180 17656
9090 9 9225 0 156 90 17657
9090 10 9225 0 109 1 17658
9090 9 9227 0 108 58 17659
9090 20 9226 0 132 13 17660
9090 24 9228 0 128 55 17661
9090 37 9226 0 100 167 17662
9090 6 9226 0 113 13 17663
9090 10 9227 0 103 22 17664
9090 11 9224 0 108 31 17665
9090 30 9226 0 182 79 17666
9090 11 9225 0 94 1 17667
9090 23 9228 0 102 36 17668
9090 13 9228 0 110 114 17669
9090 36 9227 0 149 33 17670
9090 27 9225 0 102 140 17671
9090 41 9225 0 109 56 17672
9090 27 9225 0 120 146 17673
9090 34 9227 0 83 108 17674
9090 21 9224 0 25 122 17675
9090 17 9225 0 105 42 17676
9090 3 9225 0 117 1 17677
9090 18 9224 0 198 85 17678
9090 14 9225 0 166 118 17679
9102 65 10000 1 92 2 17680
9105 12 9239 0 7 35 17681
9105 3 9239 0 117 1 17682
9105 21 9240 0 140 22 17683
9105 4 9241 0 95 77 17684
9105 6 9242 0 122 58 17685
9105 10 9240 0 156 90 17686
9105 34 9241 0 113 48 17687
9105 14 9243 0 188 80 17688
9105 3 9242 0 164 40 17689
9105 22 9239 0 52 37 17690
9105 6 9242 0 108 58 17691
9105 6 9242 0 142 143 17692
9105 17 9239 0 125 90 17693
9105 41 9241 0 102 140 17694
9105 3 9240 0 128 23 17695
9105 22 9244 0 123 1 17696
9105 3 9243 0 155 79 17697
9105 40 9242 0 109 56 17698
9105 27 9243 0 149 33 17699
9105 14 9242 0 166 118 17700
9105 12 9242 0 103 1 17701
9105 14 9241 0 86 23 17702
9105 25 9241 0 99 9 17703
9105 40 9240 0 150 43 17704
9105 10 9240 0 113 13 17705
9105 14 9241 0 6 88 17706
9105 16 9242 0 141 56 17707
9105 40 9241 0 182 79 17708
9105 10 9243 0 29 60 17709
9120 3 9256 0 96 13 17710
9120 19 9253 0 140 22 17711
9120 29 9257 0 113 48 17712
9120 32 9255 0 150 43 17713
9120 6 9258 0 37 7 17714
9120 9 9256 0 138 36 17715
9120 8 9256 0 142 143 17716
9120 40 9256 0 78 150 17717
9120 41 9256 0 2 3 17718
9120 43 9257 0 109 56 17719
9120 11 9257 0 101 26 17720
9120 16 9257 0 86 23 17721
9120 22 9256 0 132 13 17722
9120 12 9257 0 92 2 17723
9120 9 9256 0 109 1 17724
9120 19 9254 0 128 55 17725
9120 23 9259 0 55 108 17726
9120 23 9255 0 66 169 17727
9120 4 9256 0 72 194 17728
9120 6 9256 0 15 186 17729
9120 5 9259 0 155 79 17730
9120 25 9256 0 102 36 17731
9120 19 9256 0 188 80 17732
9120 11 9256 0 103 1 17733
9120 21 9256 0 40 59 17734
9120 27 9257 0 149 33 17735
9120 21 9256 0 118 4 17736
9132 80 10000 1 122 58 17737
9135 6 9272 0 117 1 17738
9135 23 9271 0 128 55 17739
9135 11 9274 0 46 189 17740
9135 6 9269 0 113 13 17741
9135 35 9271 0 179 186 17742
9135 40 9269 0 57 122 17743
9135 5 9273 0 72 194 17744
9135 25 9270 0 109 56 17745
9135 25 9271 0 113 48 17746
9135 4 9272 0 122 58 17747
9135 24 9271 0 166 118 17748
9135 27 9272 0 16 120 17749
9135 6 9272 0 128 23 17750
9135 20 9270 0 125 90 17751
9135 38 9270 0 149 33 17752
9135 17 9272 0 141 56 17753
9135 6 9272 0 108 31 17754
9135 3 9271 0 127 27 17755
9135 14 9270 0 25 122 17756
9135 14 9270 0 52 37 17757
9135 11 9270 0 101 26 17758
9140 66 10000 1 182 79 17759
9147 31 10000 1 128 23 17760
9148 180 10000 1 96 13 17761
9150 18 9286 0 125 90 17762
9150 3 9287 0 155 79 17763
9150 12 9288 0 155 52 17764
9150 13 9286 0 102 36 17765
9150 9 9285 0 103 22 17766
9150 17 9286 0 52 37 17767
9150 3 9286 0 96 13 17768
9150 33 9287 0 18 115 17769
9150 17 9285 0 118 4 17770
9150 11 9286 0 113 13 17771
9150 6 9285 0 182 28 17772
9150 10 9284 0 108 58 17773
9150 9 9287 0 108 31 17774
9150 12 9285 0 141 56 17775
9150 12 9285 0 140 22 17776
9150 20 9286 0 128 55 17777
9150 5 9287 0 164 40 17778
9150 5 9286 0 152 41 17779
9150 6 9285 0 117 1 17780
9150 45 9286 0 109 56 17781
9150 4 9286 0 122 58 17782
9150 10 9286 0 24 183 17783
9150 7 9287 0 94 1 17784
9150 12 9285 0 143 170 17785
9150 19 9285 0 7 35 17786
9150 24 9289 0 146 119 17787
9150 29 9284 0 78 150 17788
9165 16 9301 0 105 42 17789
9165 16 9302 0 140 22 17790
9165 31 9299 0 16 120 17791
9165 9 9300 0 113 13 17792
9165 10 9303 0 22 41 17793
9165 31 9301 0 120 146 17794
9165 12 9305 0 142 143 17795
9165 41 9300 0 99 9 17796
9165 11 9299 0 15 186 17797
9165 6 9299 0 96 13 17798
9165 11 9300 0 109 1 17799
9165 4 9300 0 122 58 17800
9165 33 9302 0 153 145 17801
9165 36 9300 0 57 122 17802
9165 21 9299 0 102 59 17803
9165 29 9300 0 100 167 17804
9165 25 9301 0 113 48 17805
9165 10 9301 0 94 1 17806
9165 43 9301 0 63 134 17807
9165 12 9303 0 29 60 17808
9165 12 9303 0 103 22 17809
9165 8 9301 0 63 113 17810
9165 5 9300 0 117 1 17811
9165 8 9301 0 173 171 17812
9165 4 9300 0 128 40 17813
9165 5 9303 0 10 193 17814
9165 11 9300 0 101 26 17815
9168 49 10000 1 161 34 17816
9180 3 9316 0 37 7 17817
9180 37 9314 0 102 140 17818
9180 22 9315 0 102 59 17819
9180 12 9313 0 103 22 17820
9180 6 9316 0 128 23 17821
9180 17 9320 0 102 36 17822
9180 3 9317 0 164 40 17823
9180 16 9315 0 146 119 17824
9180 8 9316 0 138 36 17825
9180 17 9316 0 93 51 17826
9180 9 9316 0 178 113 17827
9180 6 9315 0 117 1 17828
9180 15 9317 0 86 23 17829
9180 6 9316 0 7 180 17830
9180 43 9314 0 40 105 17831
9180 13 9314 0 128 55 17832
9180 31 9317 0 182 79 17833
9180 6 9315 0 95 77 17834
9180 20 9316 0 132 13 17835
9180 22 9315 0 118 4 17836
9180 3 9316 0 128 40 17837
9180 7 9315 0 103 1 17838
9180 7 9316 0 109 1 17839
9183 50 10000 1 63 113 17840
9195 6 9331 0 24 183 17841
9195 25 9331 0 99 1 17842
9195 14 9332 0 72 131 17843
9195 43 9330 0 63 134 17844
9195 30 9333 0 99 9 17845
9195 13 9332 0 86 23 17846
9195 26 9330 0 149 33 17847
9195 10 9329 0 108 58 17848
9195 11 9330 0 113 13 17849
9195 25 9333 0 132 13 17850
9195 30 9330 0 78 150 17851
9195 9 9331 0 138 36 17852
9195 5 9330 0 164 40 17853
9195 4 9332 0 127 27 17854
9195 7 9332 0 182 28 17855
9195 15 9333 0 123 1 17856
9195 12 9332 0 7 35 17857
9195 33 9331 0 18 115 17858
9195 21 9330 0 118 4 17859
9195 24 9331 0 102 36 17860
9195 23 9329 0 128 55 17861
9195 4 9331 0 117 1 17862
9195 6 9332 0 128 40 17863
9195 8 9331 0 15 4 17864
9195 31 9330 0 179 186 17865
9195 5 9329 0 128 23 17866
9195 5 9332 0 72 194 17867
9195 16 9330 0 105 42 17868
9195 8 9333 0 46 189 17869
9195 13 9331 0 166 118 17870
9210 21 9346 0 118 4 17871
9210 8 9345 0 15 186 17872
9210 16 9345 0 93 51 17873
9210 23 9347 0 198 85 17874
9210 13 9345 0 141 56 17875
9210 6 9348 0 128 23 17876
9210 29 9344 0 149 33 17877
9210 16 9344 0 132 13 17878
9210 5 9347 0 185 66 17879
9210 6 9346 0 94 1 17880
9210 4 9348 0 24 195 17881
9210 7 9345 0 142 143 17882
9210 6 9345 0 108 31 17883
9210 8 9346 0 117 40 17884
9210 26 9348 0 109 56 17885
9210 4 9348 0 161 34 17886
9210 33 9346 0 102 140 17887
9210 19 9347 0 7 35 17888
9210 9 9346 0 103 22 17889
9210 35 9347 0 120 146 17890
9210 4 9347 0 155 79 17891
9210 36 9344 0 155 122 17892
9210 12 9345 0 138 36 17893
9210 12 9346 0 113 13 17894
9210 25 9345 0 105 42 17895
9210 6 9345 0 103 1 17896
9210 14 9346 0 109 36 17897
9210 8 9348 0 101 26 17898
9225 43 9361 0 102 140 17899
9225 24 9362 0 128 55 17900
9225 16 9360 0 67 20 17901
9225 28 9360 0 40 105 17902
9225 10 9363 0 113 13 17903
9225 3 9362 0 117 1 17904
9225 26 9361 0 113 48 17905
9225 16 9360 0 86 23 17906
9225 4 9362 0 24 195 17907
9225 22 9361 0 123 1 17908
9225 43 9362 0 100 167 17909
9225 8 9360 0 46 189 17910
9225 25 9360 0 132 13 17911
9225 20 9361 0 102 36 17912
9225 3 9361 0 96 13 17913
9225 7 9361 0 138 36 17914
9225 19 9360 0 140 22 17915
9225 15 9359 0 99 1 17916
9225 20 9363 0 141 56 17917
9225 44 9362 0 179 186 17918
9225 5 9362 0 10 193 17919
9225 7 9362 0 117 40 17920
9225 12 9363 0 148 56 17921
9225 16 9360 0 146 119 17922
9235 60 10000 1 150 43 17923
9240 12 9373 0 72 131 17924
9240 5 9375 0 128 40 17925
9240 32 9376 0 102 140 17926
9240 9 9373 0 148 56 17927
9240 3 9375 0 127 27 17928
9240 31 9377 0 179 186 17929
9240 15 9376 0 105 42 17930
9240 6 9373 0 103 22 17931
9240 11 9375 0 117 40 17932
9240 25 9376 0 100 167 17933
9240 37 9377 0 2 3 17934
9240 5 9380 0 185 66 17935
9240 39 9377 0 99 9 17936
9240 35 9376 0 113 48 17937
9240 7 9377 0 15 186 17938
9240 35 9376 0 149 33 17939
9240 5 9379 0 128 23 17940
9240 12 9378 0 128 96 17941
9240 33 9376 0 18 115 17942
9240 8 9376 0 63 113 17943
9240 11 9376 0 105 143 17944
9240 8 9375 0 108 31 17945
9240 22 9375 0 123 1 17946
9240 19 9379 0 40 59 17947
9255 3 9391 0 24 195 17948
9255 33 9392 0 153 145 17949
9255 7 9392 0 103 22 17950
9255 5 9392 0 128 23 17951
9255 42 9392 0 113 48 17952
9255 9 9390 0 113 13 17953
9255 6 9391 0 127 27 17954
9255 24 9389 0 125 90 17955
9255 3 9387 0 128 40 17956
9255 37 9392 0 78 150 17957
9255 8 9392 0 117 40 17958
9255 31 9392 0 182 79 17959
9255 10 9391 0 22 41 17960
9255 3 9389 0 72 194 17961
9255 29 9392 0 57 122 17962
9255 6 9391 0 24 183 17963
9255 22 9389 0 140 22 17964
9255 30 9390 0 155 122 17965
9255 6 9393 0 117 1 17966
9255 21 9390 0 25 122 17967
9255 3 9387 0 37 7 17968
9255 30 9391 0 133 152 17969
9255 12 9390 0 138 36 17970
9255 8 9393 0 108 31 17971
9255 11 9392 0 148 56 17972
9264 131 10000 1 52 37 17973
9269 64 10000 1 127 27 17974
9270 28 9405 0 109 56 17975
9270 6 9405 0 24 183 17976
9270 3 9406 0 128 40 17977
9270 18 9406 0 40 59 17978
9270 20 9406 0 109 36 17979
9270 9 9406 0 113 13 17980
9270 27 9406 0 155 122 17981
9270 11 9406 0 15 186 17982
9270 6 9406 0 161 34 17983
9270 30 9404 0 120 146 17984
9270 6 9405 0 173 171 17985
9270 38 9406 0 149 33 17986
9270 24 9409 0 128 55 17987
9270 37 9406 0 2 3 17988
9270 26 9407 0 78 150 17989
9270 36 9408 0 57 122 17990
9270 12 9407 0 138 36 17991
9270 7 9407 0 15 4 17992
9270 11 9404 0 128 96 17993
9272 74 10000 1 118 4 17994
9285 18 9420 0 105 42 17995
9285 21 9420 0 132 13 17996
9285 11 9420 0 156 90 17997
9285 18 9421 0 72 131 17998
9285 5 9421 0 117 1 17999
9285 9 9423 0 113 13 18000
9285 25 9419 0 63 134 18001
9285 15 9422 0 166 118 18002
9285 10 9421 0 108 31 18003
9285 13 9421 0 128 55 18004
9285 12 9421 0 66 169 18005
9285 7 9420 0 109 1 18006
9285 9 9423 0 182 28 18007
9285 12 9421 0 123 1 18008
9285 11 9423 0 117 40 18009
9285 28 9421 0 179 186 18010
9285 6 9419 0 122 58 18011
9285 35 9421 0 153 145 18012
9285 16 9421 0 50 121 18013
9285 6 9420 0 152 41 18014
9285 7 9419 0 138 36 18015
9285 10 9421 0 101 26 18016
9300 4 9437 0 72 194 18017
9300 24 9434 0 52 37 18018
9300 22 9434 0 118 4 18019
9300 6 9435 0 155 79 18020
9300 7 9436 0 108 31 18021
9300 25 9438 0 6 88 18022
9300 41 9436 0 100 167 18023
9300 20 9438 0 105 42 18024
9300 32 9435 0 99 9 18025
9300 6 9435 0 128 23 18026
9300 6 9437 0 128 40 18027
9300 25 9436 0 149 33 18028
9300 18 9436 0 123 1 18029
9300 20 9437 0 13 75 18030
9300 4 9436 0 122 58 18031
9300 8 9436 0 113 13 18032
9300 3 9434 0 95 77 18033
9300 15 9436 0 102 59 18034
9300 42 9437 0 83 108 18035
9300 11 9437 0 138 36 18036
9300 21 9435 0 141 56 18037
9300 25 9436 0 198 85 18038
9300 5 9435 0 185 66 18039
9300 11 9438 0 24 183 18040
9300 20 9434 0 109 36 18041
9300 15 9436 0 125 90 18042
9300 5 9436 0 117 1 18043
9300 6 9434 0 127 27 18044
9302 55 10000 1 128 55 18045
9310 189 10000 1 101 26 18046
9315 9 9452 0 138 36 18047
9315 8 9451 0 117 40 18048
9315 7 9451 0 103 22 18049
9315 3 9449 0 96 13 18050
9315 25 9451 0 102 36 18051
9315 25 9451 0 140 22 18052
9315 4 9449 0 72 194 18053
9315 45 9452 0 149 33 18054
9315 25 9452 0 123 1 18055
9315 7 9449 0 155 52 18056
9315 8 9453 0 113 13 18057
9315 28 9451 0 120 146 18058
9315 24 9452 0 105 42 18059
9315 43 9454 0 99 9 18060
9315 38 9450 0 133 152 18061
9315 25 9452 0 128 55 18062
9315 29 9451 0 113 48 18063
9315 8 9452 0 182 28 18064
9315 21 9451 0 118 4 18065
9315 11 9453 0 101 26 18066
9315 4 9451 0 128 23 18067
9315 3 9453 0 117 1 18068
9330 22 9465 0 102 59 18069
9330 45 9466 0 120 146 18070
9330 21 9465 0 86 23 18071
9330 10 9466 0 148 56 18072
9330 13 9466 0 102 36 18073
9330 7 9467 0 178 113 18074
9330 15 9466 0 109 36 18075
9330 19 9465 0 198 85 18076
9330 6 9465 0 117 40 18077
9330 14 9466 0 123 1 18078
9330 6 9463 0 122 58 18079
9330 8 9465 0 29 60 18080
9330 44 9466 0 133 152 18081
9330 42 9466 0 57 122 18082
9330 6 9465 0 108 58 18083
9330 10 9466 0 113 13 18084
9330 11 9465 0 15 4 18085
9330 11 9466 0 101 26 18086
9330 10 9466 0 173 171 18087
9330 9 9466 0 105 143 18088
9330 12 9466 0 25 122 18089
9330 5 9468 0 161 34 18090
9330 33 9466 0 109 56 18091
9330 10 9465 0 63 113 18092
9330 25 9464 0 6 88 18093
9330 10 9466 0 108 31 18094
9330 19 9467 0 132 13 18095
9330 43 9467 0 78 150 18096
9330 21 9466 0 66 169 18097
9330 25 9466 0 128 55 18098
9330 17 9465 0 194 169 18099
9330 7 9466 0 63 86 18100
9330 34 9465 0 63 134 18101
9345 28 9481 0 99 9 18102
9345 12 9481 0 173 171 18103
9345 33 9483 0 40 105 18104
9345 39 9481 0 2 3 18105
9345 10 9482 0 148 56 18106
9345 7 9481 0 138 36 18107
9345 11 9481 0 113 13 18108
9345 44 9479 0 120 146 18109
9345 3 9480 0 128 23 18110
9345 40 9479 0 113 48 18111
9345 5 9484 0 152 41 18112
9345 5 9481 0 161 34 18113
9345 16 9481 0 105 42 18114
9345 16 9480 0 7 35 18115
9345 5 9480 0 10 193 18116
9345 13 9484 0 132 13 18117
9345 12 9482 0 22 41 18118
9345 4 9483 0 24 195 18119
9345 35 9481 0 109 56 18120
9345 10 9480 0 108 31 18121
9345 14 9480 0 109 36 18122
9345 25 9480 0 155 122 18123
9345 3 9481 0 128 40 18124
9345 37 9481 0 83 108 18125
9360 8 9494 0 156 90 18126
9360 8 9495 0 24 183 18127
9360 10 9496 0 15 4 18128
9360 6 9494 0 108 31 18129
9360 29 9495 0 18 115 18130
9360 31 9497 0 150 43 18131
9360 3 9497 0 96 13 18132
9360 6 9496 0 127 27 18133
9360 6 9495 0 185 66 18134
9360 25 9495 0 50 121 18135
9360 24 9495 0 72 131 18136
9360 19 9496 0 166 118 18137
9360 19 9497 0 188 80 18138
9360 11 9496 0 138 36 18139
9360 8 9495 0 113 13 18140
9360 22 9496 0 102 36 18141
9360 6 9494 0 173 171 18142
9360 7 9499 0 92 2 18143
9360 7 9496 0 63 86 18144
9360 10 9496 0 103 22 18145
9360 10 9496 0 155 52 18146
9360 15 9496 0 140 22 18147
9360 15 9496 0 143 170 18148
9360 6 9495 0 178 113 18149
9360 6 9497 0 122 58 18150
9360 17 9498 0 93 51 18151
9360 43 9495 0 149 33 18152
9360 39 9496 0 120 146 18153
9375 6 9511 0 103 22 18154
9375 15 9511 0 72 131 18155
9375 30 9512 0 149 33 18156
9375 11 9512 0 108 31 18157
9375 6 9511 0 24 183 18158
9375 3 9510 0 164 40 18159
9375 6 9510 0 29 60 18160
9375 20 9510 0 141 56 18161
9375 16 9512 0 109 36 18162
9375 39 9511 0 109 56 18163
9375 4 9511 0 128 40 18164
9375 21 9510 0 194 169 18165
9375 34 9512 0 2 3 18166
9375 8 9513 0 46 189 18167
9375 18 9511 0 102 36 18168
9375 28 9513 0 113 48 18169
9375 25 9510 0 6 88 18170
9375 10 9509 0 113 13 18171
9375 6 9510 0 63 86 18172
9375 11 9510 0 94 1 18173
9375 19 9510 0 105 42 18174
9375 4 9510 0 122 58 18175
9375 8 9511 0 92 2 18176
9375 9 9512 0 178 113 18177
9375 25 9511 0 118 4 18178
9375 5 9512 0 155 79 18179
9375 23 9511 0 67 20 18180
9375 12 9511 0 117 40 18181
9379 111 10000 1 103 22 18182
9390 23 9525 0 25 122 18183
9390 44 9526 0 102 140 18184
9390 12 9526 0 125 90 18185
9390 41 9527 0 113 48 18186
9390 13 9527 0 123 1 18187
9390 22 9525 0 140 22 18188
9390 23 9526 0 67 20 18189
9390 42 9525 0 83 108 18190
9390 39 9527 0 109 56 18191
9390 24 9524 0 118 4 18192
9390 11 9527 0 103 1 18193
9390 34 9525 0 149 33 18194
9390 5 9527 0 96 13 18195
9390 7 9526 0 101 26 18196
9390 4 9526 0 164 40 18197
9390 6 9525 0 108 31 18198
9390 16 9525 0 109 36 18199
9390 5 9527 0 128 40 18200
9390 8 9526 0 113 13 18201
9390 19 9528 0 194 169 18202
9390 38 9525 0 120 146 18203
9390 19 9525 0 40 59 18204
9390 6 9527 0 127 27 18205
9390 11 9527 0 173 171 18206
9390 3 9526 0 128 23 18207
9390 21 9526 0 146 119 18208
9390 11 9529 0 138 36 18209
9390 15 9526 0 132 13 18210
9402 47 10000 1 72 131 18211
9405 12 9543 0 101 26 18212
9405 45 9541 0 149 33 18213
9405 6 9542 0 117 1 18214
9405 13 9540 0 86 23 18215
9405 4 9542 0 72 194 18216
9405 6 9541 0 127 27 18217
9405 12 9541 0 103 22 18218
9405 18 9542 0 105 42 18219
9405 24 9542 0 125 90 18220
9405 38 9541 0 153 145 18221
9405 7 9542 0 138 36 18222
9405 5 9542 0 128 23 18223
9405 13 9541 0 7 35 18224
9405 10 9541 0 182 28 18225
9405 5 9543 0 161 34 18226
9405 12 9540 0 117 40 18227
9405 10 9539 0 108 31 18228
9405 10 9541 0 128 96 18229
9405 5 9539 0 185 66 18230
9405 7 9540 0 142 143 18231
9405 23 9539 0 50 121 18232
9405 29 9540 0 109 56 18233
9405 7 9542 0 146 159 18234
9405 6 9542 0 155 52 18235
9405 20 9541 0 123 1 18236
9405 11 9539 0 63 86 18237
9418 149 10000 1 125 90 18238
9420 20 9555 0 99 1 18239
9420 15 9558 0 188 80 18240
9420 25 9555 0 100 167 18241
9420 11 9554 0 182 28 18242
9420 8 9557 0 46 189 18243
9420 6 9556 0 113 13 18244
9420 20 9554 0 52 37 18245
9420 25 9556 0 109 56 18246
9420 28 9557 0 57 122 18247
9420 25 9555 0 93 51 18248
9420 7 9556 0 94 1 18249
9420 20 9557 0 143 170 18250
9420 3 9557 0 117 1 18251
9420 5 9554 0 122 58 18252
9420 7 9555 0 105 143 18253
9420 20 9556 0 132 13 18254
9420 25 9555 0 109 36 18255
9420 22 9557 0 25 122 18256
9420 26 9557 0 149 33 18257
9420 37 9555 0 99 9 18258
9420 6 9556 0 117 40 18259
9420 10 9555 0 101 26 18260
9420 12 9557 0 108 31 18261
9435 30 9570 0 179 186 18262
9435 17 9571 0 128 55 18263
9435 5 9569 0 117 1 18264
9435 10 9572 0 113 13 18265
9435 5 9569 0 128 23 18266
9435 6 9573 0 146 159 18267
9435 12 9571 0 55 108 18268
9435 12 9572 0 108 58 18269
9435 23 9572 0 132 13 18270
9435 5 9571 0 72 194 18271
9435 13 9569 0 146 119 18272
9435 10 9571 0 29 60 18273
9435 37 9570 0 153 145 18274
9435 10 9570 0 109 1 18275
9435 17 9573 0 109 36 18276
9435 12 9571 0 117 40 18277
9435 5 9570 0 7 180 18278
9435 27 9569 0 100 167 18279
9435 15 9571 0 66 169 18280
9435 16 9571 0 50 121 18281
9435 18 9572 0 198 85 18282
9435 21 9571 0 102 36 18283
9435 19 9573 0 25 122 18284
9435 4 9569 0 122 58 18285
9435 5 9571 0 96 13 18286
9435 44 9571 0 109 56 18287
9435 15 9571 0 7 35 18288
9435 29 9569 0 16 120 18289
9435 10 9574 0 138 36 18290
9435 10 9570 0 46 189 18291
9435 22 9572 0 118 4 18292
9435 28 9571 0 133 152 18293
9435 6 9569 0 108 31 18294
9450 43 9584 0 153 145 18295
9450 16 9585 0 109 36 18296
9450 18 9586 0 6 88 18297
9450 6 9586 0 101 26 18298
9450 27 9586 0 99 9 18299
9450 43 9586 0 155 122 18300
9450 21 9584 0 141 56 18301
9450 38 9586 0 120 146 18302
9450 4 9586 0 117 1 18303
9450 9 9586 0 92 2 18304
9450 43 9584 0 109 56 18305
9450 7 9586 0 46 189 18306
9450 40 9586 0 18 115 18307
9450 3 9586 0 127 27 18308
9450 8 9583 0 128 96 18309
9450 12 9588 0 63 113 18310
9450 39 9587 0 102 140 18311
9450 17 9586 0 188 80 18312
9450 3 9587 0 128 23 18313
9450 13 9584 0 105 42 18314
9450 4 9586 0 95 77 18315
9450 3 9586 0 72 194 18316
9450 41 9586 0 182 79 18317
9450 6 9586 0 138 36 18318
9450 44 9585 0 113 48 18319
9450 8 9587 0 117 40 18320
9450 23 9586 0 140 22 18321
9450 12 9589 0 63 86 18322
9450 3 9587 0 155 79 18323
9450 41 9585 0 83 108 18324
9465 12 9600 0 92 2 18325
9465 6 9602 0 122 58 18326
9465 17 9600 0 86 23 18327
9465 9 9602 0 178 113 18328
9465 14 9598 0 102 36 18329
9465 7 9600 0 108 31 18330
9465 43 9602 0 109 56 18331
9465 6 9600 0 117 1 18332
9465 8 9601 0 113 13 18333
9465 14 9600 0 66 169 18334
9465 10 9602 0 103 22 18335
9465 3 9600 0 128 40 18336
9465 38 9602 0 99 9 18337
9465 7 9599 0 148 56 18338
9465 8 9601 0 103 1 18339
9465 10 9602 0 101 26 18340
9465 28 9603 0 133 152 18341
9465 39 9600 0 149 33 18342
9465 42 10000 1 109 36 18343
9465 14 9600 0 109 36 18344
9465 6 9601 0 7 180 18345
9465 12 9603 0 128 55 18346
9465 38 9601 0 120 146 18347
9465 22 9603 0 123 1 18348
9465 7 9600 0 29 60 18349
9465 16 9600 0 132 13 18350
9465 17 9600 0 105 42 18351
9465 33 9600 0 57 122 18352
9465 11 9599 0 94 1 18353
9465 12 9601 0 138 36 18354
9473 31 10000 1 166 118 18355
9480 28 9618 0 182 79 18356
9480 3 9617 0 164 40 18357
9480 8 9617 0 29 60 18358
9480 6 9616 0 117 1 18359
9480 20 9616 0 128 55 18360
9480 9 9614 0 148 56 18361
9480 13 9615 0 86 23 18362
9480 19 9617 0 109 36 18363
9480 7 9616 0 101 26 18364
9480 25 9614 0 132 13 18365
9480 12 9618 0 113 13 18366
9480 11 9618 0 108 31 18367
9480 28 9616 0 40 105 18368
9480 19 9617 0 105 42 18369
9480 45 9617 0 78 150 18370
9480 12 9616 0 123 1 18371
9480 7 9617 0 117 40 18372
9480 17 9615 0 140 22 18373
9480 21 9617 0 118 4 18374
9480 11 9617 0 138 36 18375
9480 34 9614 0 153 145 18376
9480 8 9618 0 155 52 18377
9480 11 9617 0 156 90 18378
9480 20 9615 0 102 59 18379
9480 6 9616 0 127 27 18380
9480 5 9616 0 152 41 18381
9480 14 9617 0 25 122 18382
9480 17 9614 0 50 121 18383
9480 6 9616 0 128 40 18384
9480 33 9617 0 109 56 18385
9480 25 9616 0 7 35 18386
9480 17 9616 0 143 170 18387
9480 16 9615 0 13 75 18388
9480 9 9618 0 146 159 18389
9480 6 9618 0 103 22 18390
9491 39 10000 1 15 4 18391
9495 34 9632 0 113 48 18392
9495 14 9631 0 118 4 18393
9495 6 9631 0 185 66 18394
9495 36 9630 0 83 108 18395
9495 22 9631 0 125 90 18396
9495 9 9631 0 108 31 18397
9495 30 9630 0 63 134 18398
9495 9 9631 0 148 56 18399
9495 7 9634 0 29 60 18400
9495 16 9630 0 123 1 18401
9495 16 9632 0 140 22 18402
9495 3 9631 0 127 27 18403
9495 17 9632 0 50 121 18404
9495 10 9631 0 92 2 18405
9495 17 9630 0 141 56 18406
9495 7 9629 0 142 143 18407
9495 5 9629 0 122 58 18408
9495 12 9633 0 7 35 18409
9495 7 9630 0 103 22 18410
9495 18 9630 0 99 1 18411
9495 22 9631 0 109 36 18412
9495 11 9633 0 182 28 18413
9495 39 9632 0 2 3 18414
9495 5 9631 0 128 23 18415
9495 25 9631 0 194 169 18416
9495 45 9629 0 40 105 18417
9495 11 9631 0 117 40 18418
9495 9 9632 0 138 36 18419
9495 11 9630 0 101 26 18420
9495 24 9630 0 143 170 18421
9503 31 10000 1 173 171 18422
9510 17 9646 0 123 1 18423
9510 16 9647 0 140 22 18424
9510 35 9645 0 83 108 18425
9510 11 9645 0 103 22 18426
9510 25 9648 0 72 131 18427
9510 6 9647 0 117 40 18428
9510 24 9647 0 132 13 18429
9510 6 9647 0 113 13 18430
9510 4 9648 0 117 1 18431
9510 11 9646 0 138 36 18432
9510 12 9647 0 15 186 18433
9510 4 9646 0 24 195 18434
9510 29 9645 0 57 122 18435
9510 27 9647 0 149 33 18436
9510 35 9646 0 18 115 18437
9510 14 9646 0 102 59 18438
9510 6 9647 0 127 27 18439
9510 22 9646 0 40 59 18440
9510 32 9646 0 153 145 18441
9510 4 9646 0 128 40 18442
9510 5 9647 0 128 23 18443
9510 22 9647 0 128 55 18444
9513 73 10000 1 86 23 18445
9524 52 10000 1 133 152 18446
9525 14 9662 0 13 75 18447
9525 12 9661 0 138 36 18448
9525 9 9661 0 63 86 18449
9525 30 9662 0 133 152 18450
9525 12 9661 0 63 113 18451
9525 28 9659 0 99 9 18452
9525 29 9662 0 109 56 18453
9525 9 9661 0 105 143 18454
9525 12 9661 0 113 13 18455
9525 20 9661 0 128 55 18456
9525 19 9660 0 123 1 18457
9525 19 9660 0 132 13 18458
9525 20 9660 0 188 80 18459
9525 12 9661 0 29 60 18460
9525 8 9660 0 101 26 18461
9525 6 9663 0 109 1 18462
9525 6 9659 0 161 34 18463
9525 4 9662 0 128 23 18464
9525 9 9660 0 24 183 18465
9525 4 9659 0 72 194 18466
9525 17 9661 0 102 36 18467
9525 18 9661 0 143 170 18468
9525 5 9661 0 127 27 18469
9528 35 10000 1 132 13 18470
9540 38 9676 0 78 150 18471
9540 23 9676 0 105 42 18472
9540 14 9676 0 40 59 18473
9540 6 9674 0 117 40 18474
9540 4 9678 0 117 1 18475
9540 33 9676 0 113 48 18476
9540 13 9676 0 141 56 18477
9540 24 9680 0 118 4 18478
9540 5 9675 0 128 40 18479
9540 40 9677 0 66 134 18480
9540 12 9677 0 103 1 18481
9540 6 9675 0 37 7 18482
9540 42 9677 0 109 56 18483
9540 51 10000 1 93 51 18484
9540 36 9678 0 182 79 18485
9540 22 9677 0 13 75 18486
9540 20 9677 0 123 1 18487
9540 8 9675 0 29 60 18488
9540 12 9676 0 101 26 18489
9540 10 9676 0 138 36 18490
9540 6 9676 0 24 183 18491
9540 13 9674 0 109 36 18492
9540 8 9676 0 15 4 18493
9540 11 9676 0 108 31 18494
9540 40 9676 0 40 105 18495
9540 11 9676 0 148 56 18496
9540 30 9675 0 83 108 18497
9540 5 9676 0 122 58 18498
9540 6 9678 0 103 22 18499
9540 45 9676 0 150 43 18500
9540 7 9676 0 182 28 18501
9540 21 9675 0 102 36 18502
9540 22 9675 0 93 51 18503
9540 6 9676 0 128 23 18504
9540 10 9679 0 113 13 18505
9540 4 9676 0 185 66 18506
9540 16 9676 0 132 13 18507
9540 6 9677 0 96 13 18508
9545 31 10000 1 66 134 18509
9555 10 9690 0 24 183 18510
9555 12 9690 0 103 1 18511
9555 23 9691 0 72 131 18512
9555 9 9689 0 148 56 18513
9555 22 9692 0 13 75 18514
9555 15 9692 0 128 55 18515
9555 5 9689 0 161 34 18516
9555 6 9690 0 101 26 18517
9555 8 9691 0 117 40 18518
9555 28 9691 0 113 48 18519
9555 18 9692 0 102 36 18520
9555 25 9690 0 2 3 18521
9555 26 9691 0 102 140 18522
9555 12 9691 0 132 13 18523
9555 3 9691 0 117 1 18524
9555 14 9689 0 93 51 18525
9555 13 9690 0 166 118 18526
9555 12 9693 0 108 31 18527
9555 3 9690 0 96 13 18528
9555 33 9692 0 40 105 18529
9555 43 9690 0 149 33 18530
9555 14 9690 0 67 20 18531
9555 5 9691 0 155 79 18532
9555 4 9691 0 128 40 18533
9555 22 9690 0 123 1 18534
9555 15 9693 0 146 119 18535
9555 7 9690 0 15 186 18536
9555 25 9691 0 105 42 18537
9570 7 9707 0 24 183 18538
9570 14 9707 0 140 22 18539
9570 4 9708 0 155 79 18540
9570 45 9707 0 40 105 18541
9570 32 9706 0 182 79 18542
9570 14 9709 0 123 1 18543
9570 19 9706 0 146 119 18544
9570 37 9705 0 113 48 18545
9570 13 9707 0 102 36 18546
9570 3 9706 0 128 23 18547
9570 4 9704 0 122 58 18548
9570 14 9706 0 109 36 18549
9570 26 9707 0 2 3 18550
9570 5 9707 0 128 40 18551
9570 24 9706 0 99 1 18552
9570 31 9705 0 109 56 18553
9570 12 9706 0 46 189 18554
9570 12 9707 0 6 88 18555
9570 3 9707 0 127 27 18556
9570 18 9707 0 128 55 18557
9570 5 9706 0 117 1 18558
9570 10 9707 0 155 52 18559
9570 12 9707 0 105 42 18560
9585 8 9722 0 105 143 18561
9585 3 9721 0 24 195 18562
9585 6 9723 0 185 66 18563
9585 10 9718 0 173 171 18564
9585 15 9720 0 72 131 18565
9585 10 9722 0 108 31 18566
9585 14 9722 0 118 4 18567
9585 23 9721 0 105 42 18568
9585 6 9722 0 128 40 18569
9585 3 9724 0 95 77 18570
9585 36 9720 0 149 33 18571
9585 5 9720 0 72 194 18572
9585 22 9719 0 188 80 18573
9585 18 9723 0 7 35 18574
9585 27 9722 0 113 48 18575
9585 25 9719 0 66 169 18576
9585 18 9722 0 99 1 18577
9585 9 9721 0 138 36 18578
9585 5 9720 0 128 23 18579
9585 11 9722 0 128 96 18580
9585 40 9722 0 99 9 18581
9585 3 9721 0 122 58 18582
9585 3 9722 0 117 1 18583
9585 12 9722 0 140 22 18584
9585 3 9721 0 96 13 18585
9585 11 9719 0 24 183 18586
9585 22 9721 0 93 51 18587
9585 11 9721 0 178 113 18588
9600 11 9734 0 94 1 18589
9600 6 9736 0 46 189 18590
9600 14 9736 0 50 121 18591
9600 9 9735 0 108 31 18592
9600 10 9736 0 103 22 18593
9600 16 9735 0 52 37 18594
9600 31 9736 0 63 134 18595
9600 4 9734 0 128 23 18596
9600 11 9737 0 15 186 18597
9600 20 9734 0 132 13 18598
9600 19 9737 0 7 35 18599
9600 6 9738 0 113 13 18600
9600 10 9733 0 105 143 18601
9600 26 9734 0 99 9 18602
9600 12 9735 0 182 28 18603
9600 5 9735 0 122 58 18604
9600 8 9736 0 148 56 18605
9600 4 9735 0 24 195 18606
9600 45 9736 0 18 115 18607
9600 11 9734 0 103 1 18608
9600 26 9735 0 120 146 18609
9600 3 9733 0 127 27 18610
9600 21 9739 0 123 1 18611
9600 23 9737 0 146 119 18612
9600 39 9736 0 182 79 18613
9600 21 9738 0 140 22 18614
9615 10 9749 0 148 56 18615
9615 5 9751 0 164 40 18616
9615 5 9752 0 37 7 18617
9615 25 9753 0 113 48 18618
9615 29 9752 0 99 9 18619
9615 25 9750 0 133 152 18620
9615 37 9749 0 102 140 18621
9615 18 9751 0 123 1 18622
9615 8 9749 0 24 183 18623
9615 3 9752 0 10 193 18624
9615 7 9749 0 22 41 18625
9615 16 9752 0 128 55 18626
9615 9 9751 0 15 4 18627
9615 31 9751 0 149 33 18628
9615 13 9751 0 105 42 18629
9615 9 9750 0 128 96 18630
9615 7 9751 0 146 159 18631
9615 12 9752 0 118 4 18632
9615 19 9753 0 188 80 18633
9615 39 9751 0 109 56 18634
9615 28 9750 0 78 150 18635
9615 25 9752 0 120 146 18636
9615 11 9749 0 117 40 18637
9615 12 9751 0 101 26 18638
9615 38 9752 0 100 167 18639
9626 42 10000 1 182 28 18640
9629 168 10000 1 18 115 18641
9630 19 9766 0 102 36 18642
9630 21 9765 0 109 36 18643
9630 35 9766 0 149 33 18644
9630 29 9765 0 83 108 18645
9630 23 9767 0 66 169 18646
9630 4 9766 0 161 34 18647
9630 6 9764 0 185 66 18648
9630 4 9768 0 96 13 18649
9630 22 9767 0 140 22 18650
9630 21 9766 0 55 108 18651
9630 21 9767 0 166 118 18652
9630 16 9764 0 123 1 18653
9630 12 9764 0 146 119 18654
9630 13 9766 0 6 88 18655
9630 6 9768 0 127 27 18656
9630 12 9765 0 117 40 18657
9630 10 9769 0 146 159 18658
9630 4 9766 0 152 41 18659
9630 11 9765 0 108 31 18660
9630 5 9767 0 128 23 18661
9630 12 9767 0 93 51 18662
9630 25 9767 0 132 13 18663
9630 7 9765 0 155 52 18664
9630 41 9765 0 99 9 18665
9630 39 9766 0 109 56 18666
9630 8 9765 0 138 36 18667
9630 13 9767 0 194 169 18668
9630 3 9767 0 122 58 18669
9645 4 9781 0 117 1 18670
9645 14 9782 0 6 88 18671
9645 15 9782 0 125 90 18672
9645 20 9781 0 118 4 18673
9645 9 9781 0 146 159 18674
9645 5 9781 0 24 195 18675
9645 3 9781 0 127 27 18676
9645 14 9781 0 140 22 18677
9645 7 9780 0 63 86 18678
9645 20 9780 0 93 51 18679
9645 42 9782 0 113 48 18680
9645 15 9781 0 132 13 18681
9645 6 9781 0 108 31 18682
9645 6 9780 0 178 113 18683
9645 8 9780 0 15 186 18684
9645 29 9781 0 40 105 18685
9645 7 9782 0 113 13 18686
9645 17 9781 0 198 85 18687
9645 38 9780 0 149 33 18688
9645 7 9781 0 103 22 18689
9653 64 10000 1 146 159 18690
9660 25 9796 0 150 43 18691
9660 23 9798 0 40 59 18692
9660 6 9795 0 7 180 18693
9660 11 9796 0 24 183 18694
9660 7 9798 0 146 159 18695
9660 33 9796 0 102 140 18696
9660 43 9795 0 99 9 18697
9660 34 9795 0 113 48 18698
9660 10 9796 0 46 189 18699
9660 7 9797 0 142 143 18700
9660 27 9796 0 109 56 18701
9660 8 9796 0 148 56 18702
9660 3 9795 0 122 58 18703
9660 6 9797 0 96 13 18704
9660 12 9798 0 128 55 18705
9660 3 9797 0 37 7 18706
9660 12 9796 0 138 36 18707
9660 15 9795 0 86 23 18708
9660 3 9797 0 161 34 18709
9660 12 9796 0 117 40 18710
9660 3 9795 0 128 23 18711
9660 8 9796 0 101 26 18712
9660 20 9795 0 7 35 18713
9660 6 9799 0 178 113 18714
9660 16 9797 0 105 42 18715
9660 3 9796 0 127 27 18716
9660 10 9793 0 113 13 18717
9660 16 9796 0 123 1 18718
9660 24 9798 0 93 51 18719
9660 25 9797 0 140 22 18720
9673 80 10000 1 6 88 18721
9675 15 9812 0 110 114 18722
9675 7 9811 0 138 36 18723
9675 5 9811 0 10 193 18724
9675 16 9809 0 86 23 18725
9675 24 9810 0 99 1 18726
9675 23 9812 0 109 36 18727
9675 29 9808 0 2 3 18728
9675 12 9813 0 182 28 18729
9675 4 9810 0 128 40 18730
9675 28 9812 0 182 79 18731
9675 6 9809 0 128 23 18732
9675 27 9812 0 57 122 18733
9675 6 9810 0 15 186 18734
9675 31 9811 0 153 145 18735
9675 11 9809 0 178 113 18736
9675 19 9810 0 166 118 18737
9675 10 9813 0 101 26 18738
9675 13 9810 0 72 131 18739
9675 39 9811 0 149 33 18740
9675 38 9811 0 150 43 18741
9675 6 9809 0 24 195 18742
9675 17 9810 0 6 88 18743
9675 40 9811 0 99 9 18744
9675 44 9812 0 66 134 18745
9675 27 9810 0 155 122 18746
9675 29 9814 0 113 48 18747
9675 19 9810 0 140 22 18748
9675 23 9809 0 118 4 18749
9675 45 9812 0 109 56 18750
9675 6 9810 0 24 183 18751
9675 38 9811 0 179 186 18752
9675 12 9810 0 109 1 18753
9685 43 10000 1 13 75 18754
9690 23 9825 0 188 80 18755
9690 32 9826 0 102 140 18756
9690 42 9825 0 99 9 18757
9690 39 9825 0 83 108 18758
9690 11 9828 0 22 41 18759
9690 6 9826 0 178 113 18760
9690 12 9827 0 109 1 18761
9690 4 9826 0 155 79 18762
9690 18 9826 0 118 4 18763
9690 8 9826 0 94 1 18764
9690 34 9826 0 149 33 18765
9690 12 9827 0 117 40 18766
9690 12 9823 0 15 4 18767
9690 12 9827 0 101 26 18768
9690 12 9828 0 148 56 18769
9690 3 9826 0 96 13 18770
9690 11 9826 0 128 96 18771
9690 73 10000 1 96 13 18772
9690 11 9826 0 108 31 18773
9690 20 9828 0 128 55 18774
9690 3 9826 0 185 66 18775
9690 22 9824 0 123 1 18776
9690 5 9825 0 72 194 18777
9690 5 9825 0 128 40 18778
9690 8 9827 0 46 189 18779
9690 7 9826 0 138 36 18780
9690 18 9827 0 105 42 18781
9690 5 9828 0 161 34 18782
9690 44 9827 0 155 122 18783
9690 20 9827 0 67 20 18784
9705 6 9840 0 122 58 18785
9705 34 9842 0 63 134 18786
9705 3 9839 0 185 66 18787
9705 12 9840 0 178 113 18788
9705 9 9840 0 103 22 18789
9705 18 9841 0 93 51 18790
9705 3 9841 0 24 195 18791
9705 8 9839 0 24 183 18792
9705 7 9842 0 103 1 18793
9705 40 9841 0 102 140 18794
9705 27 9840 0 113 48 18795
9705 22 9843 0 105 42 18796
9705 4 9841 0 117 1 18797
9705 30 9842 0 149 33 18798
9705 20 9840 0 123 1 18799
9705 6 9840 0 128 96 18800
9705 4 9841 0 96 13 18801
9705 7 9841 0 113 13 18802
9705 5 9841 0 95 77 18803
9705 12 9843 0 7 35 18804
9705 6 9842 0 155 52 18805
9705 45 9840 0 109 56 18806
9705 39 9842 0 2 3 18807
9705 39 9841 0 155 122 18808
9720 10 9854 0 103 22 18809
9720 3 9856 0 128 23 18810
9720 25 9856 0 143 170 18811
9720 15 9856 0 67 20 18812
9720 10 9857 0 148 56 18813
9720 16 9855 0 52 37 18814
9720 3 9857 0 127 27 18815
9720 25 9853 0 123 1 18816
9720 4 9858 0 128 40 18817
9720 15 9857 0 40 59 18818
9720 18 9857 0 146 119 18819
9720 10 9856 0 113 13 18820
9720 22 9856 0 140 22 18821
9720 13 9856 0 102 36 18822
9720 16 9854 0 109 36 18823
9720 35 9857 0 63 134 18824
9720 6 9859 0 182 28 18825
9720 10 9858 0 46 189 18826
9720 30 9856 0 149 33 18827
9720 10 9857 0 101 26 18828
9720 43 9858 0 16 120 18829
9720 6 9855 0 117 1 18830
9720 19 9856 0 166 118 18831
9720 23 9856 0 132 13 18832
9720 6 9856 0 10 193 18833
9720 3 9856 0 96 13 18834
9720 26 9856 0 99 9 18835
9720 11 9857 0 138 36 18836
9722 68 10000 1 113 13 18837
9735 6 9869 0 103 1 18838
9735 6 9871 0 128 23 18839
9735 13 9873 0 128 55 18840
9735 12 9871 0 123 1 18841
9735 44 9871 0 182 79 18842
9735 33 9872 0 149 33 18843
9735 25 9871 0 57 122 18844
9735 11 9870 0 113 13 18845
9735 5 9870 0 127 27 18846
9735 25 9871 0 109 36 18847
9735 21 9872 0 188 80 18848
9735 8 9870 0 146 159 18849
9735 23 9870 0 143 170 18850
9735 22 9871 0 194 169 18851
9735 21 9870 0 25 122 18852
9735 21 9873 0 66 169 18853
9735 16 9871 0 102 36 18854
9735 12 9871 0 101 26 18855
9735 4 9872 0 122 58 18856
9735 4 9871 0 37 7 18857
9735 9 9871 0 148 56 18858
9735 14 9871 0 140 22 18859
9735 6 9872 0 96 13 18860
9735 12 9873 0 117 40 18861
9735 8 9869 0 29 60 18862
9735 16 9872 0 52 37 18863
9735 6 9870 0 108 58 18864
9735 18 9868 0 118 4 18865
9735 20 9872 0 13 75 18866
9738 36 10000 1 105 143 18867
9750 3 9886 0 122 58 18868
9750 18 9886 0 140 22 18869
9750 38 9886 0 109 56 18870
9750 9 9885 0 128 96 18871
9750 9 9886 0 142 143 18872
9750 16 9887 0 99 1 18873
9750 7 9886 0 92 2 18874
9750 25 9885 0 188 80 18875
9750 43 9888 0 99 9 18876
9750 18 9885 0 123 1 18877
9750 16 9888 0 128 55 18878
9750 6 9886 0 96 13 18879
9750 22 9888 0 52 37 18880
9750 11 9888 0 117 40 18881
9750 3 9886 0 128 40 18882
9750 4 9885 0 128 23 18883
9750 23 9885 0 40 59 18884
9750 37 9885 0 40 105 18885
9750 11 9885 0 103 22 18886
9750 33 9886 0 83 108 18887
9750 7 9886 0 148 56 18888
9750 5 9885 0 37 7 18889
9750 8 9889 0 101 26 18890
9750 13 9884 0 25 122 18891
9754 49 10000 1 108 58 18892
9765 3 9899 0 127 27 18893
9765 30 9903 0 109 56 18894
9765 4 9900 0 128 40 18895
9765 45 9899 0 155 122 18896
9765 10 9905 0 63 113 18897
9765 19 9900 0 194 169 18898
9765 21 9901 0 40 59 18899
9765 6 9901 0 155 52 18900
9765 22 9901 0 140 22 18901
9765 8 9902 0 113 13 18902
9765 8 9902 0 128 96 18903
9765 7 9901 0 24 183 18904
9765 16 9901 0 198 85 18905
9765 4 9904 0 24 195 18906
9765 5 9899 0 96 13 18907
9765 33 9900 0 18 115 18908
9765 15 9901 0 52 37 18909
9765 3 9902 0 122 58 18910
9765 3 9903 0 117 1 18911
9765 26 9901 0 113 48 18912
9765 24 9902 0 109 36 18913
9765 14 9903 0 99 1 18914
9765 6 9901 0 95 77 18915
9765 15 9903 0 105 42 18916
9765 34 9902 0 182 79 18917
9765 24 9901 0 123 1 18918
9765 14 9901 0 132 13 18919
9776 32 10000 1 95 77 18920
9780 13 9919 0 102 59 18921
9780 22 9915 0 141 56 18922
9780 11 9916 0 24 183 18923
9780 30 9917 0 83 108 18924
9780 27 9916 0 150 43 18925
9780 9 9916 0 103 22 18926
9780 19 9915 0 118 4 18927
9780 13 9917 0 105 42 18928
9780 4 9916 0 37 7 18929
9780 44 9916 0 182 79 18930
9780 9 9914 0 92 2 18931
9780 28 9915 0 113 48 18932
9780 25 9915 0 140 22 18933
9780 42 9914 0 102 140 18934
9780 26 9915 0 149 33 18935
9780 6 9915 0 96 13 18936
9780 8 9916 0 142 143 18937
9780 18 9916 0 55 108 18938
9780 33 9916 0 109 56 18939
9780 6 9916 0 128 23 18940
9780 31 9915 0 155 122 18941
9780 12 9916 0 15 186 18942
9780 6 9916 0 128 40 18943
9780 35 9919 0 66 134 18944
9780 12 9916 0 143 170 18945
9784 36 10000 1 128 40 18946
9793 95 10000 1 113 13 18947
9795 8 9930 0 92 2 18948
9795 3 9929 0 72 194 18949
9795 6 9930 0 128 23 18950
9795 5 9929 0 128 40 18951
9795 18 9931 0 72 131 18952
9795 44 9931 0 109 56 18953
9795 22 9930 0 128 55 18954
9795 12 9929 0 102 36 18955
9795 6 9931 0 155 52 18956
9795 22 9930 0 50 121 18957
9795 10 9930 0 113 13 18958
9795 8 9931 0 128 96 18959
9795 6 9929 0 138 36 18960
9795 18 9932 0 105 42 18961
9795 39 9932 0 149 33 18962
9795 12 9934 0 140 22 18963
9795 32 9931 0 83 108 18964
9795 6 9932 0 103 22 18965
9795 6 9932 0 109 1 18966
9795 3 9931 0 185 66 18967
9795 3 9932 0 152 41 18968
9795 36 9933 0 100 167 18969
9795 41 9930 0 113 48 18970
9795 4 9932 0 127 27 18971
9795 11 9930 0 108 31 18972
9806 174 10000 1 15 4 18973
9810 19 9946 0 66 169 18974
9810 45 9948 0 182 79 18975
9810 38 9946 0 153 145 18976
9810 3 9945 0 161 34 18977
9810 6 9945 0 96 13 18978
9810 19 9948 0 109 36 18979
9810 24 9946 0 198 85 18980
9810 9 9947 0 117 40 18981
9810 6 9944 0 155 79 18982
9810 17 9946 0 99 1 18983
9810 39 9949 0 133 152 18984
9810 30 9944 0 18 115 18985
9810 19 9945 0 118 4 18986
9810 38 9945 0 57 122 18987
9810 21 9946 0 140 22 18988
9810 9 9945 0 15 186 18989
9810 10 9945 0 138 36 18990
9810 22 9946 0 141 56 18991
9810 9 9945 0 113 13 18992
9810 22 9945 0 166 118 18993
9810 7 9948 0 105 143 18994
9810 9 9944 0 146 159 18995
9810 9 9947 0 103 1 18996
9810 19 9947 0 72 131 18997
9810 35 9946 0 99 9 18998
9810 19 9947 0 123 1 18999
9810 6 9944 0 24 195 19000
9810 11 9945 0 108 31 19001
9810 12 9948 0 6 88 19002
9810 15 9946 0 55 108 19003
9810 6 9948 0 148 56 19004
9810 11 9946 0 24 183 19005
9810 10 9947 0 156 90 19006
9817 46 10000 1 146 119 19007
9819 73 10000 1 24 195 19008
9825 20 9960 0 188 80 19009
9825 17 9962 0 128 55 19010
9825 33 9960 0 57 122 19011
9825 15 9961 0 141 56 19012
9825 7 9959 0 155 52 19013
9825 13 9959 0 123 1 19014
9825 12 9958 0 109 36 19015
9825 6 9961 0 103 22 19016
9825 8 9961 0 108 31 19017
9825 39 9959 0 2 3 19018
9825 33 9962 0 149 33 19019
9825 6 9962 0 103 1 19020
9825 16 9962 0 110 114 19021
9825 6 9962 0 128 40 19022
9825 6 9962 0 148 56 19023
9825 107 10000 1 13 75 19024
9825 38 9962 0 100 167 19025
9825 25 9961 0 40 105 19026
9825 12 9962 0 125 90 19027
9825 4 9962 0 127 27 19028
9825 10 9961 0 146 159 19029
9825 8 9960 0 101 26 19030
9825 15 9959 0 146 119 19031
9825 12 9962 0 113 13 19032
9825 43 9962 0 99 9 19033
9825 12 9961 0 138 36 19034
9825 15 9963 0 118 4 19035
9825 29 9962 0 179 186 19036
9825 12 9962 0 29 60 19037
9825 6 9961 0 92 2 19038
9827 60 10000 1 103 22 19039
9840 36 9975 0 83 108 19040
9840 23 9976 0 141 56 19041
9840 5 9974 0 117 1 19042
9840 39 9976 0 99 9 19043
9840 24 9975 0 132 13 19044
9840 6 9975 0 24 195 19045
9840 11 9978 0 113 13 19046
9840 17 9975 0 55 108 19047
9840 4 9975 0 128 23 19048
9840 12 9975 0 15 4 19049
9840 12 9977 0 101 26 19050
9840 22 9976 0 102 36 19051
9840 6 9978 0 155 79 19052
9840 12 9978 0 142 143 19053
9840 5 9976 0 127 27 19054
9840 12 9979 0 93 51 19055
9840 35 9976 0 63 134 19056
9840 4 9975 0 37 7 19057
9840 6 9976 0 108 31 19058
9840 11 9976 0 117 40 19059
9840 25 9976 0 166 118 19060
9840 15 9977 0 123 1 19061
9840 4 9976 0 152 41 19062
9840 43 9975 0 120 146 19063
9840 23 9978 0 109 36 19064
9840 22 9976 0 99 1 19065
9840 10 9975 0 108 58 19066
9840 9 9976 0 138 36 19067
9840 6 9976 0 95 77 19068
9840 35 9975 0 113 48 19069
9842 58 10000 1 46 189 19070
9855 21 9991 0 102 36 19071
9855 4 9990 0 24 195 19072
9855 25 9991 0 67 20 19073
9855 11 9992 0 148 56 19074
9855 4 9992 0 117 1 19075
9855 11 9990 0 103 22 19076
9855 22 9992 0 118 4 19077
9855 38 9994 0 102 140 19078
9855 16 9992 0 25 122 19079
9855 36 9990 0 18 115 19080
9855 43 9991 0 109 56 19081
9855 12 9990 0 113 13 19082
9855 10 9991 0 46 189 19083
9855 3 9991 0 122 58 19084
9855 14 9989 0 50 121 19085
9855 6 9990 0 142 143 19086
9855 40 9990 0 133 152 19087
9855 35 9991 0 99 9 19088
9855 24 9993 0 52 37 19089
9855 16 9992 0 66 169 19090
9855 27 9988 0 113 48 19091
9855 3 9991 0 127 27 19092
9855 38 9991 0 179 186 19093
9855 3 9991 0 96 13 19094
9855 33 9990 0 63 134 19095
9855 38 9992 0 182 79 19096
9855 27 9991 0 40 105 19097
9855 13 9992 0 55 108 19098
9855 23 9991 0 6 88 19099
9855 17 9992 0 7 35 19100
9855 12 9991 0 72 131 19101
9855 12 9993 0 132 13 19102
9855 9 9992 0 103 1 19103
9855 19 9992 0 109 36 19104
9855 16 9990 0 123 1 19105
9855 6 9990 0 10 193 19106
9856 73 10000 1 15 186 19107
9871 59 10000 1 22 41 19108
9888 63 10000 1 108 31 19109
9903 40 10000 1 128 96 19110
9942 32 10000 1 153 145 19111
9942 40 10000 1 40 59 19112
