10
75 160
191 37
147 156
120 120
32 90
32 20
12 92
174 67
121 29
142 131
0 5 134 0 117 1 1
0 15 137 0 128 23 2
0 7 134 0 10 172 3
0 17 135 0 194 113 4
0 28 136 0 109 36 5
0 28 135 0 110 114 6
0 41 137 0 105 42 7
0 10 136 0 89 137 8
0 4 136 0 120 146 9
0 4 135 0 102 36 10
0 23 136 0 40 105 11
0 11 136 0 18 115 12
4 53 2991 1 118 4 13
15 7 150 0 10 193 14
15 22 150 0 108 31 15
15 11 150 0 103 1 16
15 12 151 0 89 137 17
15 3 151 0 150 43 18
15 6 154 0 123 1 19
15 23 149 0 25 122 20
15 8 151 0 37 7 21
15 41 151 0 105 42 22
15 21 151 0 128 23 23
15 17 151 0 14 3 24
15 6 152 0 108 58 25
15 53 3001 1 150 43 26
15 16 150 0 102 59 27
15 11 153 0 188 80 28
15 3 152 0 102 36 29
15 24 152 0 156 90 30
30 40 167 0 141 56 31
30 44 167 0 109 36 32
30 5 167 0 158 124 33
30 25 165 0 137 49 34
30 13 165 0 122 137 35
30 9 163 0 188 80 36
30 6 168 0 117 1 37
30 15 165 0 156 90 38
30 39 165 0 162 78 39
30 6 166 0 120 146 40
30 9 166 0 37 7 41
30 3 168 0 118 4 42
30 10 164 0 89 137 43
30 8 167 0 185 66 44
45 32 182 0 110 114 45
45 13 182 0 122 137 46
45 10 180 0 89 137 47
45 20 178 0 128 23 48
45 30 181 0 109 36 49
45 7 181 0 185 66 50
45 6 178 0 103 1 51
45 6 180 0 108 58 52
45 4 180 0 102 36 53
45 16 180 0 14 3 54
45 11 179 0 188 80 55
60 25 194 0 99 1 56
60 13 196 0 137 49 57
60 20 199 0 40 105 58
60 14 196 0 128 23 59
60 26 198 0 61 4 60
60 27 196 0 141 56 61
60 34 197 0 162 78 62
60 7 195 0 188 80 63
60 10 196 0 103 197 64
60 43 195 0 105 42 65
60 21 195 0 108 31 66
60 18 196 0 52 37 67
60 9 197 0 123 1 68
60 4 194 0 118 4 69
74 37 3063 1 137 49 70
75 15 213 0 156 90 71
75 32 210 0 109 36 72
75 12 211 0 10 193 73
75 8 211 0 18 115 74
75 10 210 0 92 2 75
75 35 213 0 35 91 76
75 11 211 0 37 7 77
75 12 211 0 194 169 78
75 11 211 0 103 1 79
75 4 213 0 102 36 80
75 5 211 0 118 4 81
75 6 209 0 123 1 82
75 22 210 0 182 79 83
75 18 210 0 52 37 84
75 38 210 0 105 42 85
75 9 209 0 188 80 86
75 24 210 0 137 49 87
75 12 213 0 185 66 88
75 8 210 0 113 13 89
90 3 225 0 120 146 90
90 40 227 0 66 169 91
90 4 225 0 118 4 92
90 40 226 0 63 86 93
90 12 225 0 123 1 94
90 4 225 0 100 167 95
90 27 228 0 109 36 96
90 21 227 0 7 35 97
90 14 228 0 108 31 98
95 84 3082 1 102 59 99
105 16 241 0 156 90 100
105 7 241 0 103 1 101
105 5 240 0 102 36 102
105 16 239 0 52 37 103
105 28 243 0 35 91 104
105 8 242 0 37 7 105
105 16 240 0 128 23 106
105 3 241 0 117 1 107
105 27 240 0 179 186 108
105 24 243 0 137 49 109
112 95 3098 1 63 86 110
120 4 257 0 108 58 111
120 42 257 0 35 91 112
120 7 255 0 123 1 113
120 6 256 0 150 43 114
120 43 254 0 141 56 115
120 12 257 0 18 115 116
120 25 254 0 108 31 117
120 6 254 0 102 36 118
120 32 257 0 105 42 119
120 10 255 0 103 1 120
120 12 255 0 20 47 121
120 15 255 0 102 59 122
120 3 256 0 117 1 123
120 12 255 0 190 189 124
120 18 258 0 52 37 125
120 13 255 0 156 90 126
120 26 257 0 66 169 127
120 24 256 0 137 49 128
126 72 3111 1 162 78 129
135 4 271 0 100 167 130
135 22 269 0 190 189 131
135 27 268 0 105 42 132
135 3 273 0 108 58 133
135 15 272 0 52 37 134
135 27 273 0 109 36 135
135 35 271 0 40 77 136
135 11 270 0 123 1 137
135 28 271 0 61 4 138
150 20 286 0 108 31 139
150 6 287 0 103 197 140
150 6 287 0 102 36 141
150 5 285 0 150 43 142
150 26 287 0 63 86 143
150 18 286 0 25 122 144
150 6 285 0 118 4 145
150 22 286 0 20 47 146
150 44 284 0 61 4 147
150 8 286 0 113 13 148
150 9 286 0 103 1 149
150 6 287 0 37 7 150
150 30 289 0 109 36 151
165 25 299 0 137 49 152
165 13 301 0 156 90 153
165 4 301 0 118 4 154
165 15 302 0 52 37 155
165 36 302 0 35 91 156
165 45 301 0 63 86 157
165 4 300 0 102 36 158
165 19 301 0 190 189 159
165 24 300 0 108 31 160
165 6 301 0 10 172 161
165 11 299 0 113 13 162
165 7 302 0 188 80 163
165 30 302 0 105 42 164
165 9 302 0 123 1 165
180 6 317 0 123 1 166
180 6 314 0 118 4 167
180 17 314 0 156 90 168
180 8 317 0 89 137 169
180 6 316 0 117 1 170
180 14 317 0 108 31 171
180 6 315 0 103 197 172
180 24 317 0 137 49 173
180 40 316 0 110 114 174
180 4 316 0 108 58 175
180 28 316 0 35 91 176
180 34 316 0 99 1 177
195 5 331 0 102 36 178
195 22 331 0 25 122 179
195 8 328 0 188 80 180
195 17 333 0 14 3 181
195 16 332 0 156 90 182
195 8 329 0 92 2 183
195 3 330 0 118 4 184
195 12 332 0 113 13 185
195 9 333 0 10 193 186
195 4 331 0 150 43 187
195 33 332 0 99 1 188
199 200 3185 1 162 78 189
210 17 347 0 108 31 190
210 16 346 0 194 113 191
210 25 344 0 61 4 192
210 29 346 0 162 78 193
210 18 345 0 128 23 194
210 6 346 0 108 58 195
210 4 347 0 150 43 196
210 8 348 0 103 197 197
210 29 345 0 40 77 198
210 3 348 0 118 4 199
210 5 349 0 120 146 200
210 20 347 0 7 35 201
210 41 346 0 105 42 202
210 40 344 0 133 152 203
210 11 347 0 89 137 204
210 20 348 0 102 59 205
225 12 359 0 102 59 206
225 24 362 0 156 90 207
225 45 361 0 35 91 208
225 12 359 0 122 137 209
225 10 363 0 10 172 210
225 16 360 0 128 23 211
225 10 360 0 89 137 212
225 10 362 0 18 115 213
225 5 363 0 117 1 214
225 12 361 0 113 13 215
225 15 360 0 108 31 216
225 6 362 0 118 4 217
240 43 377 0 99 1 218
240 5 375 0 118 4 219
240 4 377 0 102 36 220
240 6 374 0 100 167 221
240 32 376 0 133 152 222
240 19 375 0 52 37 223
240 38 376 0 105 42 224
240 31 377 0 63 86 225
240 23 375 0 137 49 226
240 12 376 0 128 23 227
240 25 376 0 66 169 228
240 6 376 0 117 1 229
240 20 376 0 108 31 230
255 15 392 0 137 49 231
255 27 391 0 35 91 232
255 21 391 0 182 79 233
255 36 390 0 179 186 234
255 9 393 0 113 13 235
255 41 392 0 61 4 236
255 21 391 0 194 113 237
255 9 390 0 10 193 238
255 19 393 0 119 94 239
255 44 390 0 63 86 240
255 23 390 0 190 189 241
255 25 390 0 14 3 242
255 8 391 0 123 1 243
255 4 390 0 118 4 244
259 61 3244 1 102 59 245
264 44 3250 1 10 172 246
270 4 406 0 120 146 247
270 9 405 0 123 1 248
270 27 405 0 141 56 249
270 14 405 0 122 137 250
270 15 406 0 156 90 251
270 14 407 0 40 105 252
270 38 404 0 109 36 253
270 42 407 0 40 77 254
270 20 404 0 108 31 255
270 15 407 0 25 122 256
270 15 405 0 7 35 257
270 11 405 0 92 2 258
272 115 3257 1 40 105 259
285 6 423 0 100 167 260
285 24 421 0 190 189 261
285 11 423 0 37 7 262
285 42 420 0 99 1 263
285 36 421 0 109 36 264
285 16 421 0 7 35 265
285 25 420 0 61 4 266
285 17 419 0 137 49 267
285 32 422 0 105 42 268
285 6 421 0 117 1 269
285 20 416 0 52 37 270
285 5 421 0 120 146 271
300 42 437 0 141 56 272
300 8 437 0 10 172 273
300 44 438 0 35 91 274
300 23 434 0 182 79 275
300 23 433 0 102 59 276
300 6 437 0 185 66 277
315 6 451 0 37 7 278
315 12 452 0 128 23 279
315 12 451 0 40 105 280
315 19 452 0 7 35 281
315 18 451 0 182 79 282
315 6 452 0 92 2 283
315 35 452 0 110 114 284
315 7 451 0 185 66 285
315 13 450 0 194 113 286
315 6 454 0 117 1 287
315 6 450 0 100 167 288
315 10 452 0 18 115 289
315 6 449 0 120 146 290
315 11 453 0 113 13 291
315 41 449 0 40 77 292
315 17 450 0 119 94 293
320 119 3305 1 117 1 294
330 15 466 0 137 49 295
330 34 465 0 35 91 296
330 25 463 0 162 78 297
330 9 466 0 92 2 298
330 9 467 0 185 66 299
330 13 467 0 108 31 300
330 6 464 0 108 58 301
330 4 466 0 102 36 302
330 32 467 0 110 114 303
330 9 467 0 10 172 304
330 39 465 0 109 36 305
330 5 468 0 117 1 306
330 4 465 0 150 43 307
330 3 464 0 100 167 308
330 8 465 0 113 13 309
330 3 467 0 118 4 310
330 5 467 0 158 124 311
345 19 481 0 7 35 312
345 12 483 0 119 94 313
345 25 482 0 61 4 314
345 23 481 0 156 90 315
345 12 482 0 185 66 316
345 20 483 0 25 122 317
345 16 482 0 102 59 318
345 5 482 0 158 124 319
345 6 481 0 123 1 320
345 25 482 0 179 186 321
345 12 482 0 89 137 322
345 3 480 0 118 4 323
360 35 498 0 109 36 324
360 3 498 0 102 36 325
360 14 495 0 194 113 326
360 12 496 0 40 105 327
360 3 496 0 158 124 328
360 10 497 0 194 169 329
360 26 496 0 110 114 330
360 10 497 0 10 193 331
360 8 498 0 18 115 332
360 20 496 0 182 79 333
360 4 497 0 100 167 334
360 27 495 0 141 56 335
360 20 495 0 108 31 336
360 6 496 0 123 1 337
360 4 495 0 117 1 338
374 32 3362 1 108 31 339
375 37 512 0 109 36 340
375 36 511 0 110 114 341
375 23 513 0 137 49 342
375 7 510 0 194 169 343
375 32 512 0 35 91 344
375 9 511 0 10 193 345
375 22 510 0 14 3 346
375 36 511 0 66 169 347
375 5 511 0 117 1 348
375 9 512 0 113 13 349
375 13 511 0 25 122 350
375 10 509 0 123 1 351
375 37 513 0 133 152 352
375 11 510 0 92 2 353
375 9 511 0 185 66 354
375 18 509 0 128 23 355
375 17 513 0 156 90 356
375 13 511 0 102 59 357
375 25 513 0 119 94 358
390 13 527 0 128 23 359
390 6 526 0 117 1 360
390 22 527 0 190 189 361
390 4 528 0 150 43 362
390 14 524 0 14 3 363
390 25 526 0 194 113 364
390 31 524 0 66 169 365
390 12 528 0 18 115 366
390 35 524 0 162 78 367
390 21 526 0 102 59 368
390 3 525 0 120 146 369
390 35 528 0 109 36 370
405 54 3391 1 123 1 371
405 13 539 0 128 23 372
405 5 542 0 158 124 373
405 16 540 0 119 94 374
405 9 540 0 10 172 375
405 13 542 0 190 189 376
405 31 540 0 109 36 377
405 6 540 0 118 4 378
405 45 540 0 35 91 379
405 4 542 0 117 1 380
405 9 543 0 185 66 381
405 41 543 0 63 86 382
405 12 542 0 92 2 383
405 8 542 0 123 1 384
405 12 540 0 89 137 385
405 10 541 0 194 169 386
405 13 540 0 137 49 387
416 80 3402 1 108 58 388
420 43 556 0 133 152 389
420 27 557 0 179 186 390
420 6 555 0 118 4 391
420 37 556 0 109 36 392
420 44 555 0 63 86 393
420 12 557 0 10 193 394
420 22 555 0 108 31 395
420 13 556 0 137 49 396
420 18 556 0 40 105 397
420 8 558 0 37 7 398
420 8 554 0 113 13 399
420 15 555 0 128 23 400
420 22 556 0 14 3 401
420 22 557 0 52 37 402
425 40 3410 1 100 167 403
435 17 571 0 182 79 404
435 19 572 0 156 90 405
435 6 572 0 113 13 406
435 3 572 0 118 4 407
435 40 570 0 162 78 408
435 16 573 0 137 49 409
435 4 571 0 117 1 410
435 42 570 0 35 91 411
435 25 571 0 52 37 412
435 33 570 0 109 36 413
435 8 569 0 37 7 414
435 5 570 0 100 167 415
450 7 588 0 92 2 416
450 36 586 0 61 4 417
450 3 586 0 102 36 418
450 16 588 0 52 37 419
450 40 587 0 109 36 420
450 20 588 0 119 94 421
450 5 586 0 120 146 422
450 44 585 0 66 169 423
450 10 585 0 103 197 424
450 22 586 0 128 23 425
450 5 588 0 150 43 426
450 15 586 0 20 47 427
450 12 588 0 123 1 428
450 25 587 0 105 42 429
456 193 3443 1 103 1 430
465 13 602 0 20 47 431
465 5 600 0 117 1 432
465 17 602 0 7 35 433
465 20 601 0 40 105 434
465 3 601 0 118 4 435
465 20 602 0 156 90 436
465 38 601 0 40 77 437
465 31 601 0 109 36 438
465 13 601 0 52 37 439
465 44 598 0 66 169 440
465 3 600 0 100 167 441
465 12 602 0 14 3 442
465 23 600 0 108 31 443
465 12 600 0 185 66 444
465 3 601 0 158 124 445
477 72 3463 1 63 86 446
480 33 618 0 162 78 447
480 14 616 0 108 31 448
480 13 616 0 102 59 449
480 5 615 0 117 1 450
480 4 618 0 118 4 451
480 12 617 0 113 13 452
480 42 617 0 109 36 453
480 12 616 0 18 115 454
480 22 616 0 137 49 455
480 20 615 0 14 3 456
480 26 617 0 63 86 457
495 17 631 0 108 31 458
495 5 632 0 118 4 459
495 25 632 0 99 1 460
495 6 631 0 150 43 461
495 24 633 0 14 3 462
495 9 631 0 123 1 463
495 6 630 0 117 1 464
495 32 631 0 35 91 465
495 22 631 0 137 49 466
495 4 633 0 102 36 467
495 11 632 0 10 172 468
495 8 629 0 103 1 469
495 8 631 0 103 197 470
495 19 632 0 7 35 471
510 23 646 0 137 49 472
510 3 647 0 118 4 473
510 9 646 0 103 197 474
510 10 646 0 185 66 475
510 4 644 0 120 146 476
510 38 646 0 40 77 477
510 45 648 0 61 4 478
510 24 645 0 108 31 479
510 4 647 0 117 1 480
510 12 645 0 123 1 481
510 19 646 0 128 23 482
510 5 646 0 102 36 483
525 25 660 0 52 37 484
525 5 660 0 117 1 485
525 3 661 0 118 4 486
525 15 659 0 128 23 487
525 21 661 0 137 49 488
525 6 659 0 194 169 489
525 6 663 0 100 167 490
525 3 662 0 158 124 491
525 39 661 0 61 4 492
525 9 664 0 18 115 493
525 9 661 0 103 1 494
525 31 662 0 35 91 495
525 10 661 0 89 137 496
525 7 662 0 185 66 497
525 6 661 0 102 36 498
525 4 663 0 108 58 499
525 24 661 0 7 35 500
525 25 658 0 20 47 501
525 22 659 0 108 31 502
525 22 662 0 182 79 503
529 71 3514 1 141 56 504
540 6 676 0 92 2 505
540 16 676 0 190 189 506
540 27 676 0 109 36 507
540 17 677 0 102 59 508
540 18 676 0 14 3 509
540 17 675 0 119 94 510
540 21 675 0 128 23 511
540 12 675 0 123 1 512
540 7 677 0 103 197 513
540 4 674 0 150 43 514
540 7 677 0 89 137 515
555 16 691 0 137 49 516
555 17 690 0 102 59 517
555 9 691 0 89 137 518
555 45 693 0 179 186 519
555 5 689 0 150 43 520
555 22 690 0 194 113 521
555 25 690 0 61 4 522
555 10 692 0 185 66 523
555 28 690 0 105 42 524
555 36 690 0 40 77 525
559 35 3545 1 105 42 526
562 56 3550 1 179 186 527
570 38 708 0 162 78 528
570 4 704 0 102 36 529
570 22 705 0 20 47 530
570 38 706 0 63 86 531
570 7 706 0 10 193 532
570 6 708 0 120 146 533
570 40 705 0 109 36 534
570 27 707 0 66 169 535
570 10 705 0 194 169 536
570 3 705 0 118 4 537
570 12 707 0 137 49 538
570 14 707 0 52 37 539
585 9 720 0 10 193 540
585 37 721 0 66 169 541
585 23 723 0 25 122 542
585 4 720 0 102 36 543
585 6 722 0 108 58 544
585 10 722 0 10 172 545
585 22 721 0 52 37 546
585 7 723 0 92 2 547
585 24 718 0 122 137 548
585 14 721 0 182 79 549
585 6 724 0 117 1 550
585 7 720 0 113 13 551
585 44 722 0 40 77 552
585 36 722 0 109 36 553
585 40 718 0 105 42 554
585 5 722 0 150 43 555
597 73 3583 1 110 114 556
600 7 735 0 92 2 557
600 5 736 0 117 1 558
600 14 737 0 25 122 559
600 4 739 0 100 167 560
600 35 735 0 109 36 561
600 19 737 0 122 137 562
600 4 735 0 118 4 563
600 18 737 0 108 31 564
600 35 736 0 61 4 565
600 8 734 0 103 1 566
600 10 735 0 10 193 567
615 45 751 0 99 1 568
615 6 750 0 10 193 569
615 30 751 0 109 36 570
615 38 751 0 63 86 571
615 5 748 0 117 1 572
615 28 749 0 110 114 573
615 22 752 0 102 59 574
615 13 750 0 122 137 575
615 19 749 0 108 31 576
615 20 753 0 156 90 577
615 10 751 0 103 1 578
615 24 748 0 194 113 579
615 22 751 0 190 189 580
615 25 750 0 52 37 581
615 25 750 0 105 42 582
615 3 752 0 108 58 583
630 6 766 0 10 172 584
630 19 768 0 52 37 585
630 30 764 0 35 91 586
630 6 766 0 117 1 587
630 28 767 0 105 42 588
630 25 765 0 109 36 589
630 10 766 0 18 115 590
630 14 764 0 128 23 591
630 9 764 0 123 1 592
630 3 765 0 120 146 593
630 34 765 0 162 78 594
630 6 765 0 103 197 595
630 5 765 0 102 36 596
630 17 767 0 137 49 597
630 33 764 0 133 152 598
630 41 765 0 110 114 599
645 6 781 0 102 36 600
645 20 781 0 194 113 601
645 12 781 0 40 105 602
645 4 780 0 120 146 603
645 12 781 0 18 115 604
645 9 779 0 103 1 605
645 6 781 0 117 1 606
645 11 781 0 123 1 607
645 3 782 0 118 4 608
645 27 782 0 110 114 609
645 39 782 0 105 42 610
645 17 784 0 108 31 611
645 25 780 0 137 49 612
645 41 780 0 61 4 613
645 35 782 0 63 86 614
645 44 781 0 179 186 615
660 27 797 0 66 169 616
660 21 797 0 137 49 617
660 20 797 0 7 35 618
660 4 794 0 150 43 619
660 16 796 0 194 113 620
660 4 797 0 118 4 621
660 23 798 0 156 90 622
660 4 797 0 120 146 623
660 6 795 0 117 1 624
660 20 795 0 108 31 625
660 27 796 0 133 152 626
660 7 797 0 92 2 627
660 5 797 0 102 36 628
660 10 797 0 123 1 629
660 24 796 0 40 105 630
660 31 797 0 35 91 631
663 36 3649 1 10 193 632
675 18 811 0 119 94 633
675 4 812 0 102 36 634
675 5 810 0 108 58 635
675 26 810 0 162 78 636
675 22 809 0 52 37 637
675 10 809 0 123 1 638
675 19 811 0 137 49 639
675 6 811 0 118 4 640
675 23 811 0 102 59 641
675 28 811 0 99 1 642
675 3 811 0 117 1 643
675 11 812 0 113 13 644
675 19 808 0 190 189 645
675 21 811 0 7 35 646
675 12 814 0 14 3 647
690 5 826 0 118 4 648
690 14 827 0 137 49 649
690 32 825 0 99 1 650
690 8 827 0 123 1 651
690 3 825 0 117 1 652
690 34 827 0 40 77 653
690 5 827 0 102 36 654
690 42 825 0 63 86 655
690 36 824 0 66 169 656
690 14 825 0 52 37 657
690 16 828 0 156 90 658
690 12 824 0 37 7 659
690 33 825 0 110 114 660
705 32 842 0 133 152 661
705 28 842 0 61 4 662
705 13 838 0 119 94 663
705 16 839 0 122 137 664
705 18 841 0 137 49 665
705 42 842 0 66 169 666
705 69 3691 1 103 197 667
705 6 841 0 120 146 668
705 18 843 0 128 23 669
705 9 841 0 18 115 670
705 24 842 0 25 122 671
705 6 841 0 118 4 672
720 27 855 0 110 114 673
720 26 852 0 35 91 674
720 8 856 0 113 13 675
720 3 857 0 117 1 676
720 8 856 0 18 115 677
720 8 856 0 92 2 678
720 5 854 0 118 4 679
720 5 855 0 108 58 680
720 22 854 0 190 189 681
720 11 856 0 10 172 682
720 13 857 0 137 49 683
720 7 854 0 103 197 684
720 13 856 0 128 23 685
720 9 854 0 10 193 686
720 28 857 0 105 42 687
720 3 855 0 102 36 688
720 25 855 0 25 122 689
720 25 855 0 108 31 690
720 37 856 0 61 4 691
735 25 871 0 63 86 692
735 21 872 0 190 189 693
735 6 869 0 10 193 694
735 42 872 0 99 1 695
735 7 869 0 92 2 696
735 43 873 0 109 36 697
735 10 871 0 37 7 698
735 6 872 0 120 146 699
735 19 872 0 128 23 700
735 6 871 0 113 13 701
735 10 871 0 123 1 702
735 17 869 0 102 59 703
735 20 871 0 137 49 704
735 5 871 0 117 1 705
735 31 873 0 66 169 706
735 34 870 0 105 42 707
735 25 872 0 141 56 708
735 12 869 0 10 172 709
745 73 3732 1 25 122 710
750 8 887 0 113 13 711
750 18 886 0 128 23 712
750 25 885 0 137 49 713
750 4 886 0 108 58 714
750 9 885 0 37 7 715
750 25 887 0 122 137 716
750 18 884 0 52 37 717
750 10 887 0 123 1 718
750 15 887 0 119 94 719
750 18 886 0 156 90 720
750 6 886 0 118 4 721
750 9 886 0 92 2 722
765 7 902 0 188 80 723
765 25 901 0 190 189 724
765 8 902 0 185 66 725
765 12 901 0 113 13 726
765 6 902 0 120 146 727
765 31 901 0 63 86 728
765 3 902 0 150 43 729
765 23 902 0 102 59 730
765 6 904 0 194 169 731
765 7 901 0 89 137 732
765 45 902 0 35 91 733
765 3 901 0 100 167 734
765 5 902 0 118 4 735
765 6 903 0 117 1 736
765 19 900 0 14 3 737
765 27 898 0 109 36 738
765 3 901 0 102 36 739
765 27 901 0 61 4 740
780 14 917 0 52 37 741
780 12 916 0 123 1 742
780 24 916 0 102 59 743
780 4 916 0 150 43 744
780 11 918 0 92 2 745
780 21 918 0 137 49 746
780 12 917 0 113 13 747
780 35 915 0 179 186 748
780 12 915 0 89 137 749
795 23 932 0 40 105 750
795 18 929 0 156 90 751
795 25 933 0 20 47 752
795 35 931 0 109 36 753
795 12 929 0 190 189 754
795 36 931 0 105 42 755
795 3 931 0 117 1 756
795 11 931 0 123 1 757
795 4 931 0 118 4 758
795 10 932 0 113 13 759
795 8 932 0 103 1 760
803 171 3788 1 92 2 761
810 6 946 0 89 137 762
810 34 946 0 105 42 763
810 3 946 0 102 36 764
810 12 945 0 52 37 765
810 25 945 0 190 189 766
810 13 946 0 128 23 767
810 42 947 0 109 36 768
810 7 946 0 103 1 769
810 12 948 0 194 113 770
810 16 947 0 7 35 771
810 4 946 0 118 4 772
810 22 947 0 156 90 773
810 3 945 0 117 1 774
810 19 944 0 122 137 775
810 15 946 0 119 94 776
810 18 943 0 20 47 777
821 58 3807 1 182 79 778
825 23 962 0 20 47 779
825 45 962 0 99 1 780
825 19 963 0 182 79 781
825 6 962 0 158 124 782
825 37 962 0 179 186 783
825 40 961 0 40 77 784
825 7 963 0 103 197 785
825 14 959 0 7 35 786
825 19 961 0 25 122 787
825 21 961 0 52 37 788
825 34 963 0 66 169 789
825 7 962 0 123 1 790
825 33 959 0 141 56 791
825 42 962 0 105 42 792
825 3 961 0 102 36 793
840 6 977 0 37 7 794
840 5 976 0 150 43 795
840 23 977 0 14 3 796
840 22 976 0 190 189 797
840 31 975 0 63 86 798
840 21 977 0 194 113 799
840 34 977 0 162 78 800
840 17 975 0 156 90 801
840 9 977 0 18 115 802
840 7 974 0 123 1 803
840 29 976 0 105 42 804
840 43 976 0 99 1 805
854 55 3840 1 133 152 806
855 5 992 0 117 1 807
855 20 988 0 108 31 808
855 31 992 0 110 114 809
855 11 991 0 103 197 810
855 45 992 0 99 1 811
855 9 992 0 92 2 812
855 23 991 0 102 59 813
855 5 992 0 108 58 814
855 6 991 0 123 1 815
855 33 991 0 66 169 816
855 7 992 0 18 115 817
870 14 1007 0 119 94 818
870 12 1006 0 128 23 819
870 6 1007 0 123 1 820
870 6 1005 0 102 36 821
870 4 1007 0 120 146 822
870 32 1004 0 40 77 823
870 5 1006 0 158 124 824
870 45 1006 0 66 169 825
870 4 1007 0 150 43 826
870 8 1006 0 113 13 827
870 19 1005 0 52 37 828
885 14 1019 0 108 31 829
885 23 1020 0 119 94 830
885 5 1019 0 150 43 831
885 19 1022 0 102 59 832
885 23 1022 0 194 113 833
885 48 3871 1 35 91 834
885 12 1022 0 194 169 835
885 18 1019 0 137 49 836
885 9 1023 0 37 7 837
885 6 1019 0 102 36 838
885 31 1021 0 105 42 839
885 9 1022 0 188 80 840
885 5 1020 0 158 124 841
900 8 1035 0 37 7 842
900 20 1036 0 20 47 843
900 26 1037 0 109 36 844
900 7 1036 0 113 13 845
900 29 1034 0 63 86 846
900 19 1036 0 40 105 847
900 3 1036 0 102 36 848
900 6 1037 0 117 1 849
900 14 1035 0 102 59 850
900 12 1035 0 137 49 851
900 29 1036 0 162 78 852
900 22 1039 0 128 23 853
900 10 1036 0 188 80 854
900 4 1036 0 118 4 855
900 17 1037 0 108 31 856
900 21 1037 0 182 79 857
915 6 1049 0 118 4 858
915 17 1049 0 137 49 859
915 31 1050 0 105 42 860
915 45 1051 0 109 36 861
915 5 1053 0 100 167 862
915 11 1052 0 113 13 863
915 3 1051 0 158 124 864
915 16 1052 0 102 59 865
915 5 1053 0 117 1 866
915 21 1052 0 20 47 867
915 5 1051 0 150 43 868
915 8 1052 0 89 137 869
930 3 1065 0 102 36 870
930 4 1067 0 120 146 871
930 14 1065 0 108 31 872
930 24 1065 0 14 3 873
930 24 1065 0 137 49 874
930 4 1067 0 108 58 875
930 40 1065 0 61 4 876
930 22 1065 0 190 189 877
930 40 1067 0 105 42 878
930 25 1065 0 194 113 879
930 27 1065 0 109 36 880
930 7 1066 0 113 13 881
930 30 1067 0 110 114 882
930 5 1065 0 118 4 883
945 12 1082 0 156 90 884
945 6 1083 0 37 7 885
945 14 1080 0 108 31 886
945 40 1082 0 40 77 887
945 9 1082 0 113 13 888
945 22 1081 0 137 49 889
945 6 1079 0 150 43 890
945 6 1079 0 120 146 891
945 4 1081 0 100 167 892
945 33 1079 0 105 42 893
945 6 1080 0 188 80 894
945 39 1080 0 109 36 895
945 35 1081 0 66 169 896
945 14 1081 0 52 37 897
945 8 1080 0 123 1 898
960 35 1098 0 105 42 899
960 11 1097 0 10 193 900
960 5 1093 0 120 146 901
960 12 1095 0 18 115 902
960 32 1097 0 110 114 903
960 12 1096 0 190 189 904
960 44 1096 0 109 36 905
960 20 1095 0 108 31 906
960 17 1096 0 40 105 907
960 10 1095 0 37 7 908
960 14 1098 0 119 94 909
960 7 1098 0 113 13 910
960 45 1097 0 141 56 911
960 5 1094 0 118 4 912
960 36 1097 0 99 1 913
966 53 3950 1 52 37 914
967 68 3953 1 190 189 915
975 23 1113 0 108 31 916
975 21 1112 0 194 113 917
975 12 1111 0 123 1 918
975 8 1111 0 92 2 919
975 25 1111 0 105 42 920
975 6 1111 0 117 1 921
975 10 1109 0 113 13 922
975 33 1112 0 63 86 923
975 24 1112 0 137 49 924
975 30 1111 0 61 4 925
979 44 3967 1 18 115 926
990 7 1125 0 10 193 927
990 12 1127 0 103 1 928
990 12 1124 0 123 1 929
990 18 1124 0 108 31 930
990 5 1125 0 100 167 931
990 25 1126 0 141 56 932
990 9 1127 0 10 172 933
990 11 1123 0 113 13 934
990 11 1126 0 89 137 935
990 18 1125 0 122 137 936
990 4 1125 0 102 36 937
990 3 1125 0 118 4 938
990 7 1126 0 37 7 939
990 37 1127 0 66 169 940
990 25 1126 0 35 91 941
990 32 1126 0 105 42 942
990 19 1127 0 25 122 943
990 17 1124 0 119 94 944
990 16 1126 0 137 49 945
1005 16 1143 0 14 3 946
1005 26 1139 0 110 114 947
1005 21 1143 0 137 49 948
1005 41 1142 0 133 152 949
1005 21 1139 0 128 23 950
1005 8 1140 0 113 13 951
1005 4 1141 0 118 4 952
1005 12 1141 0 123 1 953
1005 7 1142 0 92 2 954
1005 28 1143 0 66 169 955
1005 45 1140 0 105 42 956
1005 12 1143 0 194 113 957
1005 34 1141 0 162 78 958
1005 14 1141 0 7 35 959
1005 35 1141 0 109 36 960
1013 71 4000 1 120 146 961
1020 41 1154 0 109 36 962
1020 7 1154 0 188 80 963
1020 21 1156 0 128 23 964
1020 13 1155 0 102 59 965
1020 22 1154 0 194 113 966
1020 10 1156 0 123 1 967
1020 36 1155 0 133 152 968
1020 42 1154 0 61 4 969
1020 5 1157 0 102 36 970
1020 43 1156 0 162 78 971
1020 7 1154 0 89 137 972
1020 6 1157 0 118 4 973
1020 7 1158 0 113 13 974
1020 19 1155 0 182 79 975
1020 27 1158 0 141 56 976
1020 40 1156 0 105 42 977
1020 6 1156 0 10 172 978
1021 62 4009 1 40 77 979
1022 60 4009 1 113 13 980
1035 16 1171 0 108 31 981
1035 23 1168 0 7 35 982
1035 11 1173 0 123 1 983
1035 45 1169 0 35 91 984
1035 9 1172 0 103 197 985
1035 6 1170 0 185 66 986
1035 5 1170 0 102 36 987
1035 23 1168 0 25 122 988
1035 24 1169 0 190 189 989
1035 5 1171 0 118 4 990
1035 39 1172 0 105 42 991
1035 38 1171 0 109 36 992
1035 7 1171 0 113 13 993
1035 32 1170 0 110 114 994
1035 15 1169 0 20 47 995
1050 13 1186 0 119 94 996
1050 31 1186 0 110 114 997
1050 32 1188 0 162 78 998
1050 21 1184 0 14 3 999
1050 8 1186 0 123 1 1000
1050 34 1187 0 66 169 1001
1050 30 1184 0 35 91 1002
1050 15 1186 0 52 37 1003
1050 3 1187 0 158 124 1004
1050 10 1186 0 113 13 1005
1050 24 1187 0 108 31 1006
1050 25 1184 0 137 49 1007
1050 12 1187 0 128 23 1008
1050 6 1187 0 102 36 1009
1050 19 1184 0 20 47 1010
1050 16 1186 0 25 122 1011
1050 29 1188 0 99 1 1012
1065 9 1201 0 92 2 1013
1065 3 1202 0 102 36 1014
1065 16 1201 0 137 49 1015
1065 25 1200 0 52 37 1016
1065 20 1200 0 122 137 1017
1065 12 1201 0 123 1 1018
1065 18 1203 0 14 3 1019
1065 34 1200 0 110 114 1020
1065 7 1203 0 188 80 1021
1065 18 1201 0 20 47 1022
1065 3 1202 0 118 4 1023
1065 9 1202 0 103 1 1024
1065 7 1202 0 37 7 1025
1070 114 4057 1 18 115 1026
1073 73 4060 1 194 113 1027
1080 43 1219 0 40 77 1028
1080 7 1216 0 123 1 1029
1080 7 1215 0 18 115 1030
1080 37 1217 0 99 1 1031
1080 39 1218 0 133 152 1032
1080 4 1215 0 100 167 1033
1080 26 1214 0 105 42 1034
1080 25 1215 0 137 49 1035
1080 16 1218 0 14 3 1036
1080 10 1215 0 10 172 1037
1081 83 4065 1 108 31 1038
1095 27 1231 0 179 186 1039
1095 22 1232 0 108 31 1040
1095 12 1231 0 123 1 1041
1095 43 1230 0 63 86 1042
1095 7 1233 0 92 2 1043
1095 9 1231 0 37 7 1044
1095 8 1229 0 113 13 1045
1095 31 1231 0 40 77 1046
1095 14 1230 0 190 189 1047
1095 20 1230 0 156 90 1048
1095 4 1231 0 108 58 1049
1095 5 1231 0 118 4 1050
1095 6 1231 0 100 167 1051
1095 5 1232 0 117 1 1052
1095 12 1233 0 89 137 1053
1096 48 4081 1 20 47 1054
1110 4 1246 0 100 167 1055
1110 42 1245 0 105 42 1056
1110 30 1246 0 109 36 1057
1110 20 1246 0 122 137 1058
1110 22 1246 0 20 47 1059
1110 17 1246 0 108 31 1060
1110 12 1244 0 128 23 1061
1110 7 1247 0 113 13 1062
1110 7 1247 0 123 1 1063
1110 12 1246 0 194 113 1064
1110 40 1244 0 40 77 1065
1110 12 1246 0 10 193 1066
1110 3 1247 0 108 58 1067
1110 15 1244 0 25 122 1068
1110 8 1245 0 37 7 1069
1110 3 1245 0 102 36 1070
1110 3 1246 0 150 43 1071
1125 6 1260 0 185 66 1072
1125 34 1260 0 110 114 1073
1125 24 1260 0 182 79 1074
1125 4 1262 0 150 43 1075
1125 28 1261 0 109 36 1076
1125 33 1261 0 162 78 1077
1125 3 1261 0 100 167 1078
1125 33 1262 0 35 91 1079
1125 13 1261 0 14 3 1080
1125 14 1261 0 128 23 1081
1125 22 1261 0 40 105 1082
1125 14 1261 0 194 113 1083
1125 11 1259 0 18 115 1084
1125 23 1259 0 52 37 1085
1125 19 1259 0 20 47 1086
1125 10 1259 0 37 7 1087
1140 17 1276 0 194 113 1088
1140 23 1277 0 128 23 1089
1140 16 1276 0 52 37 1090
1140 5 1276 0 102 36 1091
1140 6 1278 0 118 4 1092
1140 40 1276 0 63 86 1093
1140 41 1277 0 109 36 1094
1140 6 1273 0 117 1 1095
1140 33 1277 0 141 56 1096
1140 23 1275 0 102 59 1097
1140 8 1276 0 123 1 1098
1155 5 1289 0 120 146 1099
1155 42 1289 0 61 4 1100
1155 24 1291 0 137 49 1101
1155 31 1293 0 109 36 1102
1155 6 1291 0 113 13 1103
1155 6 1290 0 117 1 1104
1155 8 1289 0 10 172 1105
1155 40 1294 0 105 42 1106
1155 12 1292 0 103 197 1107
1155 4 1291 0 102 36 1108
1155 16 1293 0 25 122 1109
1155 18 1290 0 52 37 1110
1160 104 4146 1 10 193 1111
1168 162 4153 1 122 137 1112
1170 23 1306 0 119 94 1113
1170 17 1307 0 7 35 1114
1170 6 1305 0 102 36 1115
1170 16 1306 0 102 59 1116
1170 9 1305 0 188 80 1117
1170 35 1308 0 105 42 1118
1170 16 1306 0 20 47 1119
1170 3 1306 0 118 4 1120
1170 9 1303 0 37 7 1121
1170 8 1306 0 113 13 1122
1170 22 1307 0 108 31 1123
1170 4 1306 0 158 124 1124
1170 27 1307 0 133 152 1125
1182 37 4170 1 185 66 1126
1185 21 1319 0 20 47 1127
1185 5 1321 0 118 4 1128
1185 42 1321 0 110 114 1129
1185 13 1321 0 190 189 1130
1185 10 1320 0 103 197 1131
1185 41 1320 0 179 186 1132
1185 38 1323 0 63 86 1133
1185 6 1322 0 108 58 1134
1185 5 1320 0 102 36 1135
1185 16 1320 0 40 105 1136
1185 7 1322 0 103 1 1137
1185 10 1321 0 10 193 1138
1190 152 4178 1 66 169 1139
1200 21 1335 0 14 3 1140
1200 12 1336 0 194 169 1141
1200 9 1337 0 185 66 1142
1200 35 1337 0 40 77 1143
1200 9 1336 0 103 1 1144
1200 29 1334 0 63 86 1145
1200 28 1334 0 141 56 1146
1200 32 1337 0 66 169 1147
1200 43 1334 0 110 114 1148
1200 7 1336 0 123 1 1149
1200 9 1337 0 103 197 1150
1200 15 1336 0 52 37 1151
1200 30 1338 0 109 36 1152
1200 17 1336 0 40 105 1153
1200 3 1336 0 117 1 1154
1200 11 1335 0 113 13 1155
1215 9 1352 0 10 193 1156
1215 11 1352 0 103 197 1157
1215 6 1350 0 113 13 1158
1215 17 1351 0 194 113 1159
1215 18 1351 0 119 94 1160
1215 33 1351 0 99 1 1161
1215 35 1351 0 105 42 1162
1215 6 1349 0 123 1 1163
1215 24 1351 0 52 37 1164
1215 3 1352 0 118 4 1165
1215 6 1352 0 102 36 1166
1216 42 4201 1 162 78 1167
1230 16 1366 0 20 47 1168
1230 16 1367 0 52 37 1169
1230 4 1366 0 117 1 1170
1230 12 1365 0 25 122 1171
1230 8 1367 0 103 1 1172
1230 6 1366 0 102 36 1173
1230 6 1368 0 150 43 1174
1230 15 1368 0 119 94 1175
1230 11 1363 0 89 137 1176
1245 22 1383 0 40 105 1177
1245 15 1380 0 137 49 1178
1245 11 1380 0 123 1 1179
1245 13 1381 0 108 31 1180
1245 9 1382 0 113 13 1181
1245 33 1381 0 61 4 1182
1245 23 1380 0 52 37 1183
1245 24 1381 0 122 137 1184
1245 37 1382 0 40 77 1185
1245 19 1383 0 14 3 1186
1260 12 1396 0 89 137 1187
1260 12 1395 0 128 23 1188
1260 37 1396 0 105 42 1189
1260 17 1395 0 119 94 1190
1260 12 1399 0 10 172 1191
1260 24 1398 0 20 47 1192
1260 38 1397 0 162 78 1193
1260 6 1395 0 118 4 1194
1260 36 1397 0 109 36 1195
1260 3 1396 0 108 58 1196
1260 3 1394 0 117 1 1197
1262 181 4249 1 123 1 1198
1272 156 4258 1 110 114 1199
1275 4 1410 0 117 1 1200
1275 9 1410 0 123 1 1201
1275 45 1414 0 133 152 1202
1275 6 1410 0 118 4 1203
1275 6 1413 0 102 36 1204
1275 8 1412 0 103 1 1205
1275 35 1410 0 109 36 1206
1275 24 1411 0 52 37 1207
1275 24 1410 0 108 31 1208
1275 37 1408 0 179 186 1209
1275 21 1410 0 25 122 1210
1275 6 1410 0 158 124 1211
1275 38 1410 0 99 1 1212
1275 33 1412 0 35 91 1213
1275 4 1412 0 150 43 1214
1275 44 1411 0 162 78 1215
1290 32 1428 0 133 152 1216
1290 11 1427 0 194 169 1217
1290 9 1427 0 185 66 1218
1290 11 1423 0 10 193 1219
1290 21 1427 0 20 47 1220
1290 6 1427 0 37 7 1221
1290 4 1426 0 118 4 1222
1290 5 1427 0 158 124 1223
1290 23 1426 0 122 137 1224
1290 14 1427 0 14 3 1225
1290 23 1425 0 128 23 1226
1290 20 1426 0 108 31 1227
1290 6 1426 0 150 43 1228
1290 38 1424 0 105 42 1229
1290 30 1423 0 141 56 1230
1290 22 1424 0 7 35 1231
1290 6 1426 0 102 36 1232
1298 35 4283 1 122 137 1233
1305 21 1440 0 108 31 1234
1305 8 1442 0 10 193 1235
1305 12 1443 0 40 105 1236
1305 38 1441 0 162 78 1237
1305 20 1444 0 25 122 1238
1305 18 1441 0 20 47 1239
1305 6 1441 0 100 167 1240
1305 19 1441 0 14 3 1241
1305 14 1441 0 137 49 1242
1305 6 1441 0 185 66 1243
1305 9 1441 0 113 13 1244
1305 17 1441 0 156 90 1245
1305 21 1441 0 52 37 1246
1317 35 4303 1 188 80 1247
1320 8 1456 0 103 1 1248
1320 15 1456 0 20 47 1249
1320 45 1456 0 105 42 1250
1320 12 1455 0 185 66 1251
1320 21 1455 0 137 49 1252
1320 25 1455 0 122 137 1253
1320 16 1457 0 128 23 1254
1320 36 1457 0 66 169 1255
1320 5 1456 0 108 58 1256
1320 21 1456 0 7 35 1257
1320 25 1457 0 182 79 1258
1320 13 1457 0 102 59 1259
1335 23 1471 0 182 79 1260
1335 14 1470 0 52 37 1261
1335 17 1469 0 122 137 1262
1335 19 1471 0 119 94 1263
1335 23 1470 0 137 49 1264
1335 6 1471 0 102 36 1265
1335 13 1470 0 108 31 1266
1335 11 1472 0 185 66 1267
1335 3 1472 0 120 146 1268
1335 12 1472 0 123 1 1269
1335 24 1471 0 128 23 1270
1350 9 1485 0 123 1 1271
1350 40 1487 0 40 77 1272
1350 12 1487 0 119 94 1273
1350 33 1486 0 109 36 1274
1350 6 1486 0 185 66 1275
1350 11 1487 0 103 197 1276
1350 28 1484 0 66 169 1277
1350 11 1486 0 103 1 1278
1350 12 1486 0 10 172 1279
1350 17 1488 0 182 79 1280
1360 76 4346 1 128 23 1281
1365 42 1500 0 35 91 1282
1365 4 1502 0 102 36 1283
1365 14 1501 0 137 49 1284
1365 4 1501 0 158 124 1285
1365 17 1502 0 194 113 1286
1365 6 1500 0 100 167 1287
1365 42 1502 0 109 36 1288
1365 42 1498 0 141 56 1289
1365 37 1501 0 63 86 1290
1365 24 1501 0 102 59 1291
1365 40 1502 0 105 42 1292
1365 7 1502 0 113 13 1293
1380 23 1514 0 108 31 1294
1380 6 1516 0 102 36 1295
1380 3 1516 0 120 146 1296
1380 13 1518 0 20 47 1297
1380 8 1516 0 92 2 1298
1380 44 1517 0 105 42 1299
1380 18 1516 0 128 23 1300
1380 12 1517 0 123 1 1301
1380 38 1515 0 109 36 1302
1380 22 1518 0 14 3 1303
1380 3 1518 0 117 1 1304
1380 5 1516 0 108 58 1305
1380 19 1514 0 25 122 1306
1380 12 1516 0 119 94 1307
1380 7 1517 0 10 193 1308
1380 43 1515 0 141 56 1309
1380 22 1516 0 190 189 1310
1380 12 1515 0 89 137 1311
1390 39 4374 1 103 1 1312
1395 13 1532 0 20 47 1313
1395 14 1533 0 25 122 1314
1395 18 1529 0 190 189 1315
1395 30 1531 0 179 186 1316
1395 6 1533 0 37 7 1317
1395 25 1531 0 105 42 1318
1395 23 1531 0 128 23 1319
1395 29 1531 0 66 169 1320
1395 9 1529 0 103 1 1321
1395 12 1531 0 137 49 1322
1395 9 1532 0 194 169 1323
1395 6 1531 0 10 193 1324
1395 5 1531 0 150 43 1325
1395 17 1529 0 182 79 1326
1406 42 4391 1 102 36 1327
1410 17 1547 0 190 189 1328
1410 36 1544 0 40 77 1329
1410 4 1544 0 108 58 1330
1410 11 1544 0 123 1 1331
1410 12 1547 0 18 115 1332
1410 6 1544 0 150 43 1333
1410 37 1548 0 109 36 1334
1410 15 1547 0 194 113 1335
1410 19 1548 0 122 137 1336
1410 9 1546 0 194 169 1337
1410 7 1548 0 103 1 1338
1410 7 1546 0 103 197 1339
1410 7 1546 0 113 13 1340
1412 30 4398 1 61 4 1341
1425 41 1562 0 40 77 1342
1425 19 1562 0 108 31 1343
1425 22 1562 0 20 47 1344
1425 10 1560 0 123 1 1345
1425 19 1564 0 7 35 1346
1425 6 1563 0 10 193 1347
1425 41 1561 0 61 4 1348
1425 7 1561 0 113 13 1349
1425 4 1560 0 100 167 1350
1425 16 1559 0 156 90 1351
1425 14 1559 0 190 189 1352
1440 18 1576 0 25 122 1353
1440 6 1576 0 108 58 1354
1440 4 1577 0 102 36 1355
1440 42 1577 0 141 56 1356
1440 12 1576 0 10 172 1357
1440 9 1576 0 89 137 1358
1440 26 1576 0 162 78 1359
1440 9 1575 0 185 66 1360
1440 12 1574 0 113 13 1361
1440 16 1576 0 20 47 1362
1440 13 1576 0 102 59 1363
1440 40 1574 0 61 4 1364
1440 6 1577 0 10 193 1365
1443 130 4428 1 10 172 1366
1455 5 1589 0 158 124 1367
1455 20 1591 0 122 137 1368
1455 10 1590 0 10 193 1369
1455 11 1592 0 185 66 1370
1455 5 1592 0 117 1 1371
1455 5 1592 0 118 4 1372
1455 9 1589 0 123 1 1373
1455 24 1591 0 25 122 1374
1455 7 1593 0 103 197 1375
1455 41 1591 0 105 42 1376
1455 41 1593 0 162 78 1377
1455 5 1591 0 102 36 1378
1455 21 1590 0 137 49 1379
1455 36 1592 0 63 86 1380
1455 12 1590 0 102 59 1381
1455 4 1589 0 100 167 1382
1470 12 1606 0 20 47 1383
1470 28 1607 0 162 78 1384
1470 8 1605 0 103 197 1385
1470 8 1605 0 188 80 1386
1470 3 1607 0 102 36 1387
1470 9 1606 0 10 172 1388
1470 7 1608 0 92 2 1389
1470 6 1606 0 113 13 1390
1470 14 1607 0 137 49 1391
1470 13 1605 0 128 23 1392
1470 30 1607 0 40 77 1393
1482 40 4467 1 40 105 1394
1485 10 1620 0 113 13 1395
1485 4 1620 0 117 1 1396
1485 20 1621 0 137 49 1397
1485 15 1620 0 182 79 1398
1485 12 1622 0 128 23 1399
1485 21 1621 0 40 105 1400
1485 25 1621 0 7 35 1401
1485 9 1621 0 37 7 1402
1485 40 1619 0 141 56 1403
1485 6 1621 0 102 36 1404
1485 33 1619 0 109 36 1405
1485 8 1619 0 194 169 1406
1500 43 1634 0 99 1 1407
1500 18 1638 0 14 3 1408
1500 3 1637 0 117 1 1409
1500 11 1635 0 113 13 1410
1500 7 1638 0 89 137 1411
1500 8 1637 0 185 66 1412
1500 20 1637 0 182 79 1413
1500 9 1634 0 10 172 1414
1500 41 1633 0 110 114 1415
1500 24 1636 0 102 59 1416
1500 12 1633 0 122 137 1417
1500 5 1635 0 118 4 1418
1500 26 1636 0 109 36 1419
1506 155 4492 1 105 42 1420
1514 64 4502 1 117 1 1421
1515 24 1653 0 128 23 1422
1515 25 1650 0 105 42 1423
1515 29 1650 0 35 91 1424
1515 3 1649 0 118 4 1425
1515 6 1650 0 103 197 1426
1515 22 1652 0 190 189 1427
1515 24 1652 0 52 37 1428
1515 5 1647 0 117 1 1429
1515 42 1650 0 109 36 1430
1515 4 1650 0 102 36 1431
1528 52 4513 1 37 7 1432
1530 23 1666 0 182 79 1433
1530 5 1665 0 118 4 1434
1530 38 1667 0 179 186 1435
1530 14 1665 0 137 49 1436
1530 26 1666 0 141 56 1437
1530 40 1665 0 110 114 1438
1530 13 1668 0 122 137 1439
1530 5 1664 0 117 1 1440
1530 18 1667 0 40 105 1441
1530 13 1666 0 52 37 1442
1530 10 1666 0 113 13 1443
1530 24 1664 0 190 189 1444
1530 9 1667 0 10 193 1445
1530 10 1665 0 103 1 1446
1530 32 1666 0 35 91 1447
1530 14 1664 0 108 31 1448
1530 27 1664 0 105 42 1449
1543 77 4529 1 156 90 1450
1545 7 1684 0 188 80 1451
1545 4 1681 0 108 58 1452
1545 3 1682 0 117 1 1453
1545 6 1682 0 118 4 1454
1545 23 1685 0 156 90 1455
1545 24 1681 0 102 59 1456
1545 11 1683 0 18 115 1457
1545 21 1682 0 190 189 1458
1545 14 1681 0 40 105 1459
1560 5 1697 0 158 124 1460
1560 17 1695 0 122 137 1461
1560 5 1695 0 150 43 1462
1560 6 1696 0 118 4 1463
1560 41 1695 0 110 114 1464
1560 12 1696 0 119 94 1465
1560 4 1696 0 117 1 1466
1560 5 1696 0 120 146 1467
1560 24 1698 0 52 37 1468
1560 27 1697 0 133 152 1469
1560 16 1696 0 108 31 1470
1560 32 1696 0 179 186 1471
1565 178 4554 1 190 189 1472
1575 30 1710 0 109 36 1473
1575 17 1712 0 156 90 1474
1575 13 1711 0 108 31 1475
1575 27 1713 0 105 42 1476
1575 25 1710 0 179 186 1477
1575 26 1709 0 133 152 1478
1575 12 1713 0 185 66 1479
1575 35 1712 0 141 56 1480
1575 21 1713 0 137 49 1481
1575 9 1712 0 113 13 1482
1575 20 1711 0 20 47 1483
1575 4 1711 0 102 36 1484
1590 12 1726 0 113 13 1485
1590 42 1726 0 105 42 1486
1590 3 1725 0 102 36 1487
1590 13 1726 0 156 90 1488
1590 15 1726 0 119 94 1489
1590 23 1726 0 108 31 1490
1590 16 1728 0 52 37 1491
1590 3 1728 0 118 4 1492
1590 20 1728 0 122 137 1493
1590 22 1727 0 137 49 1494
1590 7 1726 0 123 1 1495
1605 12 1740 0 194 113 1496
1605 5 1742 0 118 4 1497
1605 44 1740 0 109 36 1498
1605 18 1742 0 14 3 1499
1605 3 1741 0 117 1 1500
1605 197 4592 1 20 47 1501
1605 6 1741 0 120 146 1502
1605 22 1741 0 128 23 1503
1605 11 1741 0 123 1 1504
1605 32 1740 0 35 91 1505
1620 6 1756 0 100 167 1506
1620 8 1758 0 123 1 1507
1620 8 1757 0 113 13 1508
1620 17 1757 0 122 137 1509
1620 10 1754 0 37 7 1510
1620 38 1755 0 63 86 1511
1620 25 1755 0 99 1 1512
1620 4 1757 0 102 36 1513
1620 11 1757 0 10 193 1514
1620 35 1757 0 61 4 1515
1620 10 1756 0 188 80 1516
1620 17 1757 0 25 122 1517
1621 73 4608 1 100 167 1518
1625 106 4612 1 119 94 1519
1635 57 4621 1 14 3 1520
1635 23 1772 0 128 23 1521
1635 9 1770 0 188 80 1522
1635 21 1772 0 137 49 1523
1635 26 1769 0 40 77 1524
1635 15 1771 0 122 137 1525
1635 6 1772 0 150 43 1526
1635 38 1772 0 105 42 1527
1635 4 1772 0 100 167 1528
1635 11 1771 0 18 115 1529
1635 7 1772 0 113 13 1530
1650 41 1786 0 110 114 1531
1650 6 1787 0 113 13 1532
1650 4 1786 0 158 124 1533
1650 24 1786 0 182 79 1534
1650 8 1788 0 89 137 1535
1650 3 1787 0 108 58 1536
1650 37 1787 0 141 56 1537
1650 5 1787 0 118 4 1538
1653 124 4639 1 103 197 1539
1660 151 4646 1 25 122 1540
1665 9 1803 0 113 13 1541
1665 10 1799 0 103 1 1542
1665 12 1799 0 10 172 1543
1665 22 1800 0 40 105 1544
1665 29 1801 0 63 86 1545
1665 17 1802 0 108 31 1546
1665 5 1802 0 102 36 1547
1665 9 1800 0 188 80 1548
1665 10 1802 0 10 193 1549
1665 16 1800 0 52 37 1550
1665 6 1800 0 118 4 1551
1665 16 1801 0 102 59 1552
1680 14 1813 0 52 37 1553
1680 21 1816 0 25 122 1554
1680 4 1815 0 118 4 1555
1680 12 1816 0 92 2 1556
1680 4 1818 0 100 167 1557
1680 17 1816 0 182 79 1558
1680 6 1816 0 158 124 1559
1680 12 1818 0 113 13 1560
1680 14 1818 0 128 23 1561
1680 42 1816 0 99 1 1562
1680 6 1816 0 194 169 1563
1680 25 1814 0 14 3 1564
1680 4 1816 0 117 1 1565
1695 10 1831 0 113 13 1566
1695 27 1831 0 162 78 1567
1695 31 1831 0 105 42 1568
1695 19 1831 0 156 90 1569
1695 23 1830 0 128 23 1570
1695 7 1833 0 123 1 1571
1695 23 1830 0 137 49 1572
1695 20 1832 0 194 113 1573
1695 5 1833 0 102 36 1574
1695 6 1833 0 120 146 1575
1695 6 1832 0 118 4 1576
1695 12 1831 0 188 80 1577
1703 65 4691 1 99 1 1578
1710 25 1846 0 40 105 1579
1710 4 1846 0 150 43 1580
1710 34 1847 0 109 36 1581
1710 12 1847 0 122 137 1582
1710 34 1844 0 99 1 1583
1710 30 1845 0 61 4 1584
1710 12 1845 0 113 13 1585
1710 19 1847 0 190 189 1586
1725 28 1861 0 162 78 1587
1725 20 1864 0 137 49 1588
1725 16 1862 0 40 105 1589
1725 24 1862 0 119 94 1590
1725 13 1861 0 128 23 1591
1725 39 1860 0 109 36 1592
1725 8 1861 0 103 1 1593
1725 10 1863 0 18 115 1594
1725 32 1861 0 61 4 1595
1725 9 1861 0 92 2 1596
1725 11 1861 0 188 80 1597
1725 16 1860 0 182 79 1598
1725 7 1860 0 113 13 1599
1737 74 4724 1 92 2 1600
1740 7 1877 0 123 1 1601
1740 22 1876 0 128 23 1602
1740 40 1874 0 63 86 1603
1740 18 1875 0 156 90 1604
1740 13 1875 0 40 105 1605
1740 35 1877 0 109 36 1606
1740 8 1876 0 113 13 1607
1740 3 1874 0 150 43 1608
1740 37 1875 0 162 78 1609
1740 9 1876 0 10 172 1610
1740 28 1876 0 105 42 1611
1740 3 1875 0 102 36 1612
1740 10 1877 0 188 80 1613
1749 112 4736 1 102 36 1614
1755 18 1890 0 122 137 1615
1755 28 1889 0 61 4 1616
1755 4 1891 0 117 1 1617
1755 8 1891 0 188 80 1618
1755 24 1891 0 128 23 1619
1755 30 1889 0 179 186 1620
1755 26 1893 0 133 152 1621
1755 8 1891 0 103 197 1622
1755 5 1891 0 120 146 1623
1755 18 1890 0 14 3 1624
1755 20 1889 0 108 31 1625
1755 20 1892 0 40 105 1626
1755 7 1890 0 113 13 1627
1755 24 1891 0 102 59 1628
1755 19 1892 0 137 49 1629
1755 34 1890 0 105 42 1630
1767 44 4751 1 7 35 1631
1770 12 1905 0 190 189 1632
1770 9 1905 0 123 1 1633
1770 38 1907 0 63 86 1634
1770 30 1907 0 133 152 1635
1770 3 1905 0 102 36 1636
1770 3 1907 0 120 146 1637
1770 19 1905 0 137 49 1638
1770 11 1906 0 103 1 1639
1770 38 1907 0 105 42 1640
1770 20 1905 0 7 35 1641
1770 23 1905 0 102 59 1642
1770 11 1907 0 92 2 1643
1770 44 1905 0 66 169 1644
1770 24 1906 0 182 79 1645
1770 5 1906 0 118 4 1646
1783 57 4768 1 119 94 1647
1785 15 1921 0 119 94 1648
1785 9 1922 0 188 80 1649
1785 12 1923 0 113 13 1650
1785 6 1922 0 120 146 1651
1785 22 1921 0 194 113 1652
1785 36 1922 0 66 169 1653
1785 12 1922 0 185 66 1654
1785 37 1921 0 109 36 1655
1785 40 1922 0 133 152 1656
1785 15 1920 0 20 47 1657
1785 5 1919 0 117 1 1658
1785 12 1922 0 128 23 1659
1785 17 1922 0 182 79 1660
1800 42 1936 0 40 77 1661
1800 14 1937 0 108 31 1662
1800 19 1935 0 7 35 1663
1800 15 1936 0 102 59 1664
1800 45 1938 0 179 186 1665
1800 21 1934 0 40 105 1666
1800 12 1938 0 10 193 1667
1800 11 1935 0 92 2 1668
1800 33 1934 0 66 169 1669
1800 25 1935 0 119 94 1670
1800 45 1935 0 109 36 1671
1800 25 1937 0 52 37 1672
1800 7 1937 0 188 80 1673
1800 4 1934 0 117 1 1674
1800 26 1937 0 35 91 1675
1800 13 1934 0 137 49 1676
1800 7 1935 0 123 1 1677
1800 32 1935 0 105 42 1678
1800 4 1936 0 150 43 1679
1815 13 1952 0 182 79 1680
1815 12 1952 0 137 49 1681
1815 24 1951 0 119 94 1682
1815 28 1954 0 63 86 1683
1815 6 1950 0 89 137 1684
1815 43 1951 0 133 152 1685
1815 14 1950 0 7 35 1686
1815 24 1950 0 20 47 1687
1815 25 1951 0 52 37 1688
1815 6 1952 0 118 4 1689
1815 8 1951 0 185 66 1690
1815 8 1951 0 113 13 1691
1815 43 1951 0 61 4 1692
1815 43 1954 0 162 78 1693
1829 35 4815 1 109 36 1694
1830 13 1966 0 182 79 1695
1830 5 1965 0 102 36 1696
1830 27 1965 0 109 36 1697
1830 3 1965 0 100 167 1698
1830 6 1965 0 118 4 1699
1830 13 1964 0 128 23 1700
1830 21 1965 0 52 37 1701
1830 12 1965 0 122 137 1702
1830 12 1965 0 92 2 1703
1830 26 1967 0 141 56 1704
1830 36 1966 0 105 42 1705
1830 5 1963 0 150 43 1706
1830 18 1966 0 25 122 1707
1830 11 1966 0 188 80 1708
1830 23 1968 0 156 90 1709
1830 10 1965 0 113 13 1710
1830 3 1966 0 108 58 1711
1830 35 1966 0 61 4 1712
1845 8 1983 0 18 115 1713
1845 22 1984 0 137 49 1714
1845 8 1980 0 92 2 1715
1845 11 1981 0 10 172 1716
1845 6 1980 0 117 1 1717
1845 24 1982 0 122 137 1718
1845 7 1979 0 194 169 1719
1845 38 1982 0 162 78 1720
1845 21 1980 0 190 189 1721
1845 10 1980 0 103 197 1722
1845 3 1982 0 108 58 1723
1845 43 1980 0 133 152 1724
1845 20 1980 0 108 31 1725
1845 9 1981 0 37 7 1726
1845 21 1979 0 194 113 1727
1845 11 1980 0 123 1 1728
1848 53 4833 1 66 169 1729
1860 13 1994 0 137 49 1730
1860 18 1996 0 156 90 1731
1860 44 1995 0 179 186 1732
1860 6 1997 0 158 124 1733
1860 11 1995 0 18 115 1734
1860 26 1995 0 105 42 1735
1860 22 1996 0 128 23 1736
1860 12 1998 0 113 13 1737
1860 23 1996 0 108 31 1738
1860 5 1995 0 150 43 1739
1860 20 1997 0 40 105 1740
1860 6 1997 0 102 36 1741
1860 22 1995 0 102 59 1742
1871 80 4855 1 89 137 1743
1875 5 2011 0 158 124 1744
1875 25 2012 0 63 86 1745
1875 21 2011 0 108 31 1746
1875 5 2012 0 118 4 1747
1875 25 2012 0 194 113 1748
1875 8 2011 0 123 1 1749
1875 28 2012 0 105 42 1750
1875 12 2010 0 122 137 1751
1875 10 2011 0 18 115 1752
1875 20 2011 0 20 47 1753
1875 33 2011 0 179 186 1754
1875 18 2009 0 102 59 1755
1875 17 2010 0 137 49 1756
1875 8 2010 0 92 2 1757
1875 7 2012 0 10 172 1758
1875 10 2011 0 10 193 1759
1879 78 4865 1 194 169 1760
1890 7 2026 0 103 1 1761
1890 21 2027 0 122 137 1762
1890 7 2025 0 185 66 1763
1890 29 2026 0 61 4 1764
1890 22 2025 0 20 47 1765
1890 38 2026 0 63 86 1766
1890 12 2027 0 52 37 1767
1890 3 2028 0 102 36 1768
1890 28 2027 0 109 36 1769
1890 12 2028 0 123 1 1770
1890 8 2023 0 10 172 1771
1890 29 2027 0 110 114 1772
1890 4 2027 0 117 1 1773
1905 34 2043 0 110 114 1774
1905 23 2042 0 182 79 1775
1905 5 2042 0 108 58 1776
1905 14 2042 0 194 113 1777
1905 21 2041 0 156 90 1778
1905 5 2040 0 102 36 1779
1905 14 2043 0 25 122 1780
1905 16 2041 0 128 23 1781
1905 23 2040 0 137 49 1782
1905 19 2042 0 52 37 1783
1905 21 2039 0 20 47 1784
1905 6 2040 0 10 193 1785
1905 30 2040 0 105 42 1786
1905 7 2041 0 123 1 1787
1905 34 2040 0 179 186 1788
1905 44 2042 0 61 4 1789
1905 32 2042 0 40 77 1790
1911 33 4895 1 35 91 1791
1920 25 2054 0 141 56 1792
1920 16 2056 0 182 79 1793
1920 17 2056 0 108 31 1794
1920 6 2057 0 158 124 1795
1920 27 2056 0 61 4 1796
1920 21 2058 0 119 94 1797
1920 14 2056 0 137 49 1798
1920 6 2056 0 117 1 1799
1920 42 2058 0 110 114 1800
1920 35 2057 0 63 86 1801
1920 6 2056 0 100 167 1802
1920 12 2055 0 122 137 1803
1920 10 2057 0 103 1 1804
1920 22 2057 0 128 23 1805
1920 5 2057 0 102 36 1806
1920 8 2056 0 103 197 1807
1920 12 2057 0 18 115 1808
1922 62 4908 1 158 124 1809
1935 32 2072 0 162 78 1810
1935 14 2071 0 137 49 1811
1935 6 2072 0 18 115 1812
1935 31 2071 0 35 91 1813
1935 24 2071 0 119 94 1814
1935 10 2072 0 185 66 1815
1935 3 2071 0 118 4 1816
1935 4 2070 0 117 1 1817
1935 6 2074 0 113 13 1818
1935 8 2071 0 123 1 1819
1935 41 2070 0 109 36 1820
1949 189 4934 1 150 43 1821
1950 11 2087 0 103 197 1822
1950 12 2086 0 190 189 1823
1950 20 2084 0 137 49 1824
1950 8 2084 0 194 169 1825
1950 21 2086 0 122 137 1826
1950 42 2086 0 109 36 1827
1950 6 2087 0 118 4 1828
1950 22 2087 0 182 79 1829
1950 11 2087 0 113 13 1830
1950 11 2086 0 123 1 1831
1950 18 2087 0 128 23 1832
1950 12 2087 0 18 115 1833
1950 24 2088 0 20 47 1834
1950 6 2088 0 108 58 1835
1950 9 2085 0 37 7 1836
1950 7 2085 0 185 66 1837
1965 4 2103 0 150 43 1838
1965 21 2102 0 190 189 1839
1965 7 2102 0 194 169 1840
1965 6 2101 0 102 36 1841
1965 17 2100 0 137 49 1842
1965 22 2100 0 40 105 1843
1965 24 2104 0 128 23 1844
1965 15 2102 0 108 31 1845
1965 16 2101 0 52 37 1846
1965 25 2101 0 99 1 1847
1965 30 2100 0 35 91 1848
1980 25 2117 0 102 59 1849
1980 11 2117 0 123 1 1850
1980 37 2117 0 63 86 1851
1980 5 2117 0 102 36 1852
1980 12 2116 0 37 7 1853
1980 40 2114 0 105 42 1854
1980 6 2117 0 113 13 1855
1980 12 2114 0 108 31 1856
1980 17 2117 0 156 90 1857
1980 41 2116 0 110 114 1858
1995 33 2130 0 40 77 1859
1995 25 2131 0 194 113 1860
1995 16 2132 0 128 23 1861
1995 21 2132 0 119 94 1862
1995 31 2131 0 179 186 1863
1995 45 2134 0 110 114 1864
1995 42 2130 0 105 42 1865
1995 9 2131 0 123 1 1866
1995 7 2133 0 103 197 1867
1995 11 2130 0 113 13 1868
1995 24 2129 0 182 79 1869
1995 10 2129 0 194 169 1870
2006 73 4992 1 103 197 1871
2010 21 2146 0 40 105 1872
2010 11 2141 0 103 197 1873
2010 28 2148 0 105 42 1874
2010 9 2148 0 37 7 1875
2010 19 2145 0 52 37 1876
2010 12 2146 0 194 169 1877
2010 15 2144 0 137 49 1878
2010 7 2146 0 113 13 1879
2010 12 2145 0 156 90 1880
2010 6 2148 0 117 1 1881
2010 17 2146 0 128 23 1882
2021 53 5008 1 108 31 1883
2025 16 2160 0 52 37 1884
2025 3 2163 0 120 146 1885
2025 14 2161 0 122 137 1886
2025 13 2163 0 25 122 1887
2025 15 2162 0 128 23 1888
2025 18 2161 0 108 31 1889
2025 6 2161 0 113 13 1890
2025 6 2161 0 150 43 1891
2025 34 2164 0 105 42 1892
2025 32 2161 0 66 169 1893
2025 40 2161 0 109 36 1894
2025 9 2160 0 103 197 1895
2040 44 2176 0 179 186 1896
2040 12 2177 0 123 1 1897
2040 12 2177 0 52 37 1898
2040 25 2178 0 137 49 1899
2040 39 2174 0 63 86 1900
2040 15 2178 0 122 137 1901
2040 5 2177 0 102 36 1902
2040 31 2177 0 105 42 1903
2040 15 2177 0 25 122 1904
2055 36 2192 0 105 42 1905
2055 34 2192 0 110 114 1906
2055 30 2190 0 109 36 1907
2055 35 2191 0 162 78 1908
2055 4 2190 0 158 124 1909
2055 15 2191 0 20 47 1910
2055 3 2193 0 118 4 1911
2055 7 2191 0 10 193 1912
2055 20 2191 0 122 137 1913
2055 12 2193 0 10 172 1914
2055 24 2190 0 40 105 1915
2055 31 2190 0 35 91 1916
2070 10 2206 0 18 115 1917
2070 26 2207 0 40 77 1918
2070 35 2206 0 110 114 1919
2070 3 2208 0 118 4 1920
2070 44 2205 0 179 186 1921
2070 6 2203 0 123 1 1922
2070 5 2208 0 100 167 1923
2070 23 2205 0 194 113 1924
2070 19 2205 0 40 105 1925
2070 3 2206 0 102 36 1926
2070 12 2206 0 108 31 1927
2070 22 2208 0 137 49 1928
2070 27 2208 0 162 78 1929
2070 10 2206 0 113 13 1930
2085 40 2219 0 141 56 1931
2085 17 2220 0 108 31 1932
2085 12 2221 0 113 13 1933
2085 14 2221 0 128 23 1934
2085 8 2222 0 92 2 1935
2085 3 2221 0 117 1 1936
2085 12 2223 0 185 66 1937
2085 18 2220 0 40 105 1938
2085 29 2220 0 63 86 1939
2085 16 2221 0 119 94 1940
2085 24 2219 0 122 137 1941
2085 15 2220 0 182 79 1942
2085 5 2222 0 102 36 1943
2100 6 2237 0 92 2 1944
2100 9 2237 0 10 172 1945
2100 18 2236 0 25 122 1946
2100 3 2235 0 117 1 1947
2100 29 2237 0 133 152 1948
2100 20 2235 0 40 105 1949
2100 41 2237 0 105 42 1950
2100 6 2235 0 158 124 1951
2100 24 2236 0 137 49 1952
2100 42 2235 0 141 56 1953
2100 24 2237 0 102 59 1954
2100 39 2236 0 66 169 1955
2100 25 2233 0 194 113 1956
2100 19 2236 0 128 23 1957
2100 8 2236 0 37 7 1958
2100 4 2235 0 118 4 1959
2100 32 2235 0 99 1 1960
2100 19 2235 0 52 37 1961
2100 15 2237 0 14 3 1962
2115 34 2251 0 99 1 1963
2115 4 2252 0 100 167 1964
2115 31 2251 0 109 36 1965
2115 5 2251 0 150 43 1966
2115 12 2249 0 137 49 1967
2115 19 2252 0 119 94 1968
2115 22 2249 0 128 23 1969
2115 31 2253 0 66 169 1970
2115 7 2250 0 113 13 1971
2115 32 2250 0 110 114 1972
2115 25 2250 0 108 31 1973
2115 25 2251 0 105 42 1974
2115 6 2253 0 123 1 1975
2115 12 2251 0 103 1 1976
2115 18 2251 0 14 3 1977
2115 3 2249 0 102 36 1978
2130 15 2267 0 182 79 1979
2130 11 2265 0 103 197 1980
2130 3 2264 0 158 124 1981
2130 12 2266 0 137 49 1982
2130 5 2265 0 117 1 1983
2130 36 2266 0 162 78 1984
2130 5 2268 0 102 36 1985
2130 13 2267 0 108 31 1986
2130 9 2267 0 123 1 1987
2130 39 2267 0 133 152 1988
2145 9 2281 0 123 1 1989
2145 9 2280 0 103 197 1990
2145 21 2282 0 182 79 1991
2145 7 2279 0 92 2 1992
2145 6 2280 0 117 1 1993
2145 12 2282 0 89 137 1994
2145 6 2281 0 185 66 1995
2145 4 2281 0 102 36 1996
2145 3 2281 0 100 167 1997
2145 3 2282 0 150 43 1998
2145 12 2280 0 37 7 1999
2145 14 2283 0 102 59 2000
2155 162 5143 1 61 4 2001
2160 4 2294 0 158 124 2002
2160 14 2296 0 156 90 2003
2160 6 2296 0 123 1 2004
2160 20 2296 0 194 113 2005
2160 26 2294 0 141 56 2006
2160 33 2294 0 105 42 2007
2160 12 2296 0 7 35 2008
2160 34 2295 0 162 78 2009
2160 16 2297 0 108 31 2010
2160 6 2296 0 103 1 2011
2160 8 2295 0 89 137 2012
2175 4 2311 0 102 36 2013
2175 9 2312 0 10 172 2014
2175 4 2311 0 118 4 2015
2175 17 2314 0 137 49 2016
2175 4 2315 0 108 58 2017
2175 9 2311 0 123 1 2018
2175 41 2312 0 40 77 2019
2175 20 2313 0 128 23 2020
2175 3 2312 0 117 1 2021
2176 112 5162 1 182 79 2022
2182 182 5169 1 141 56 2023
2190 21 2327 0 137 49 2024
2190 6 2328 0 117 1 2025
2190 6 2325 0 103 197 2026
2190 6 2325 0 118 4 2027
2190 6 2325 0 123 1 2028
2190 4 2327 0 158 124 2029
2190 37 2327 0 105 42 2030
2190 6 2323 0 102 36 2031
2190 19 2329 0 25 122 2032
2190 19 2327 0 14 3 2033
2190 16 2327 0 52 37 2034
2190 42 2327 0 110 114 2035
2190 8 2327 0 113 13 2036
2205 39 2340 0 63 86 2037
2205 10 2339 0 92 2 2038
2205 44 2341 0 109 36 2039
2205 37 2341 0 40 77 2040
2205 38 2342 0 141 56 2041
2205 16 2343 0 137 49 2042
2205 5 2342 0 118 4 2043
2205 10 2341 0 123 1 2044
2205 32 2340 0 105 42 2045
2205 19 2342 0 108 31 2046
2205 40 2344 0 110 114 2047
2205 9 2339 0 113 13 2048
2205 15 2339 0 156 90 2049
2205 23 2341 0 25 122 2050
2205 25 2340 0 128 23 2051
2214 127 5198 1 100 167 2052
2220 41 2357 0 105 42 2053
2220 12 2356 0 7 35 2054
2220 15 2356 0 108 31 2055
2220 15 2356 0 182 79 2056
2220 22 2355 0 137 49 2057
2220 6 2354 0 123 1 2058
2220 7 2355 0 188 80 2059
2220 15 2354 0 156 90 2060
2220 21 2356 0 128 23 2061
2220 6 2352 0 185 66 2062
2220 3 2356 0 118 4 2063
2235 6 2370 0 150 43 2064
2235 8 2373 0 123 1 2065
2235 17 2370 0 25 122 2066
2235 40 2371 0 61 4 2067
2235 7 2373 0 10 193 2068
2235 12 2372 0 103 1 2069
2235 15 2371 0 128 23 2070
2235 36 2372 0 35 91 2071
2235 43 2370 0 99 1 2072
2235 14 2371 0 119 94 2073
2235 38 2373 0 179 186 2074
2235 12 2372 0 113 13 2075
2250 30 2386 0 109 36 2076
2250 35 2387 0 141 56 2077
2250 43 2387 0 179 186 2078
2250 33 2386 0 99 1 2079
2250 13 2386 0 182 79 2080
2250 9 2386 0 10 193 2081
2250 20 2385 0 190 189 2082
2250 12 2387 0 113 13 2083
2250 13 2385 0 14 3 2084
2250 12 2387 0 103 1 2085
2250 4 2387 0 108 58 2086
2250 17 2386 0 128 23 2087
2265 19 2399 0 14 3 2088
2265 28 2398 0 40 77 2089
2265 42 2399 0 109 36 2090
2265 23 2401 0 128 23 2091
2265 25 2402 0 105 42 2092
2265 6 2401 0 150 43 2093
2265 22 2401 0 52 37 2094
2265 23 2403 0 108 31 2095
2265 18 2402 0 119 94 2096
2280 16 2415 0 128 23 2097
2280 10 2417 0 10 172 2098
2280 6 2416 0 100 167 2099
2280 16 2417 0 102 59 2100
2280 22 2415 0 40 105 2101
2280 25 2417 0 110 114 2102
2280 26 2416 0 63 86 2103
2280 6 2416 0 123 1 2104
2280 43 2416 0 109 36 2105
2280 10 2416 0 113 13 2106
2283 130 5269 1 52 37 2107
2295 26 2431 0 110 114 2108
2295 22 2431 0 137 49 2109
2295 22 2430 0 128 23 2110
2295 12 2431 0 113 13 2111
2295 18 2432 0 20 47 2112
2295 39 2431 0 141 56 2113
2295 14 2433 0 108 31 2114
2295 7 2430 0 103 1 2115
2295 10 2431 0 123 1 2116
2295 43 2431 0 99 1 2117
2295 12 2431 0 188 80 2118
2295 41 2430 0 105 42 2119
2295 41 2430 0 179 186 2120
2295 4 2432 0 102 36 2121
2295 43 2431 0 61 4 2122
2295 5 2432 0 118 4 2123
2295 45 2429 0 133 152 2124
2295 25 2430 0 182 79 2125
2310 6 2446 0 102 36 2126
2310 5 2446 0 100 167 2127
2310 19 2446 0 119 94 2128
2310 10 2447 0 123 1 2129
2310 43 2444 0 110 114 2130
2310 40 2446 0 162 78 2131
2310 3 2445 0 118 4 2132
2310 18 2446 0 52 37 2133
2310 39 2444 0 109 36 2134
2310 8 2445 0 188 80 2135
2310 22 2446 0 25 122 2136
2310 16 2446 0 156 90 2137
2310 20 2446 0 128 23 2138
2325 8 2460 0 18 115 2139
2325 17 2463 0 190 189 2140
2325 38 2460 0 35 91 2141
2325 36 2460 0 179 186 2142
2325 16 2460 0 52 37 2143
2325 4 2461 0 102 36 2144
2325 5 2460 0 117 1 2145
2325 10 2460 0 92 2 2146
2325 13 2461 0 182 79 2147
2325 28 2463 0 162 78 2148
2325 13 2463 0 137 49 2149
2325 27 2461 0 40 77 2150
2325 35 2461 0 66 169 2151
2325 36 2460 0 109 36 2152
2325 44 2461 0 110 114 2153
2334 42 5319 1 194 113 2154
2340 42 2475 0 63 86 2155
2340 7 2476 0 123 1 2156
2340 7 2476 0 92 2 2157
2340 33 2477 0 105 42 2158
2340 44 2477 0 61 4 2159
2340 17 2478 0 190 189 2160
2340 22 2476 0 122 137 2161
2340 11 2475 0 113 13 2162
2340 25 2477 0 108 31 2163
2340 15 2475 0 20 47 2164
2340 9 2477 0 89 137 2165
2355 43 2492 0 61 4 2166
2355 32 2490 0 105 42 2167
2355 18 2490 0 128 23 2168
2355 12 2492 0 123 1 2169
2355 20 2489 0 137 49 2170
2355 3 2492 0 117 1 2171
2355 4 2492 0 102 36 2172
2355 15 2492 0 190 189 2173
2355 17 2489 0 40 105 2174
2370 6 2506 0 118 4 2175
2370 10 2505 0 10 172 2176
2370 29 2505 0 141 56 2177
2370 33 2508 0 40 77 2178
2370 40 2508 0 105 42 2179
2370 11 2504 0 123 1 2180
2370 5 2506 0 102 36 2181
2370 12 2507 0 52 37 2182
2370 12 2505 0 113 13 2183
2370 19 2507 0 119 94 2184
2370 10 2505 0 18 115 2185
2370 6 2508 0 150 43 2186
2370 23 2506 0 7 35 2187
2370 23 2506 0 190 189 2188
2370 41 2507 0 63 86 2189
2370 36 2506 0 109 36 2190
2370 40 2508 0 61 4 2191
2370 35 2506 0 162 78 2192
2370 34 2507 0 179 186 2193
2370 9 2506 0 188 80 2194
2385 19 2520 0 156 90 2195
2385 5 2520 0 100 167 2196
2385 25 2522 0 194 113 2197
2385 15 2521 0 102 59 2198
2385 29 2521 0 133 152 2199
2385 10 2522 0 103 197 2200
2385 20 2520 0 137 49 2201
2385 12 2522 0 89 137 2202
2385 16 2521 0 108 31 2203
2385 16 2521 0 128 23 2204
2385 4 2518 0 118 4 2205
2385 4 2519 0 102 36 2206
2385 41 2523 0 110 114 2207
2385 9 2523 0 18 115 2208
2385 36 2523 0 63 86 2209
2385 6 2519 0 117 1 2210
2385 31 2520 0 66 169 2211
2385 12 2522 0 123 1 2212
2400 9 2536 0 113 13 2213
2400 17 2534 0 108 31 2214
2400 16 2537 0 182 79 2215
2400 5 2537 0 118 4 2216
2400 12 2537 0 10 172 2217
2400 3 2536 0 117 1 2218
2400 10 2536 0 194 169 2219
2400 12 2538 0 123 1 2220
2400 16 2535 0 52 37 2221
2400 28 2535 0 40 77 2222
2400 30 2538 0 109 36 2223
2415 44 2552 0 66 169 2224
2415 17 2551 0 128 23 2225
2415 7 2551 0 103 1 2226
2415 23 2549 0 102 59 2227
2415 27 2549 0 179 186 2228
2415 25 2551 0 194 113 2229
2415 9 2551 0 37 7 2230
2415 5 2551 0 158 124 2231
2415 12 2552 0 190 189 2232
2415 16 2552 0 14 3 2233
2415 3 2551 0 118 4 2234
2415 13 2553 0 108 31 2235
2415 15 2551 0 52 37 2236
2415 8 2550 0 123 1 2237
2415 6 2552 0 117 1 2238
2415 38 2553 0 40 77 2239
2415 8 2550 0 194 169 2240
2430 33 2565 0 179 186 2241
2430 4 2563 0 117 1 2242
2430 44 2565 0 109 36 2243
2430 4 2566 0 100 167 2244
2430 16 2567 0 156 90 2245
2430 18 2566 0 137 49 2246
2430 25 2566 0 122 137 2247
2430 28 2567 0 63 86 2248
2430 40 2565 0 61 4 2249
2430 7 2565 0 113 13 2250
2430 6 2565 0 118 4 2251
2430 31 2567 0 66 169 2252
2430 24 2570 0 128 23 2253
2445 34 2581 0 105 42 2254
2445 35 2582 0 179 186 2255
2445 11 2582 0 123 1 2256
2445 20 2579 0 108 31 2257
2445 33 2581 0 109 36 2258
2445 16 2581 0 102 59 2259
2445 6 2581 0 118 4 2260
2445 14 2582 0 137 49 2261
2445 5 2582 0 108 58 2262
2445 37 2583 0 35 91 2263
2455 75 5439 1 133 152 2264
2457 36 5443 1 18 115 2265
2460 6 2595 0 102 36 2266
2460 23 2596 0 108 31 2267
2460 43 2596 0 109 36 2268
2460 18 2597 0 20 47 2269
2460 43 2596 0 141 56 2270
2460 4 2596 0 100 167 2271
2460 8 2599 0 123 1 2272
2460 6 2597 0 37 7 2273
2460 23 2596 0 137 49 2274
2460 10 2597 0 113 13 2275
2460 24 2597 0 128 23 2276
2460 9 2594 0 89 137 2277
2473 49 5460 1 190 189 2278
2475 16 2610 0 137 49 2279
2475 22 2612 0 40 105 2280
2475 3 2611 0 118 4 2281
2475 32 2612 0 105 42 2282
2475 16 2611 0 25 122 2283
2475 6 2611 0 113 13 2284
2475 5 2612 0 100 167 2285
2475 23 2612 0 52 37 2286
2475 9 2613 0 103 1 2287
2475 15 2612 0 119 94 2288
2475 3 2612 0 102 36 2289
2475 39 2611 0 109 36 2290
2475 14 2612 0 14 3 2291
2475 19 2614 0 128 23 2292
2475 28 2611 0 66 169 2293
2489 73 5475 1 128 23 2294
2490 6 2625 0 188 80 2295
2490 9 2627 0 10 193 2296
2490 24 2624 0 122 137 2297
2490 27 2627 0 109 36 2298
2490 33 2626 0 110 114 2299
2490 22 2628 0 108 31 2300
2490 6 2625 0 100 167 2301
2490 17 2625 0 190 189 2302
2490 12 2626 0 18 115 2303
2490 32 2624 0 40 77 2304
2490 4 2626 0 102 36 2305
2490 12 2627 0 123 1 2306
2505 23 2642 0 182 79 2307
2505 10 2643 0 113 13 2308
2505 15 2641 0 20 47 2309
2505 4 2641 0 102 36 2310
2505 20 2642 0 137 49 2311
2505 19 2640 0 128 23 2312
2505 38 2639 0 110 114 2313
2505 8 2639 0 89 137 2314
2505 14 2640 0 14 3 2315
2505 4 2642 0 108 58 2316
2505 19 2641 0 108 31 2317
2505 18 2642 0 194 113 2318
2505 14 2642 0 102 59 2319
2505 28 2641 0 99 1 2320
2505 11 2640 0 185 66 2321
2505 21 2642 0 119 94 2322
2505 23 2641 0 7 35 2323
2505 3 2642 0 118 4 2324
2505 35 2640 0 109 36 2325
2505 37 2642 0 40 77 2326
2505 25 2640 0 25 122 2327
2520 23 2654 0 20 47 2328
2520 7 2656 0 103 1 2329
2520 6 2656 0 117 1 2330
2520 6 2660 0 102 36 2331
2520 12 2654 0 89 137 2332
2520 33 2657 0 179 186 2333
2520 17 2656 0 108 31 2334
2520 21 2654 0 7 35 2335
2520 3 2656 0 100 167 2336
2535 16 2672 0 14 3 2337
2535 26 2674 0 35 91 2338
2535 15 2671 0 122 137 2339
2535 4 2669 0 100 167 2340
2535 19 2671 0 137 49 2341
2535 40 2670 0 133 152 2342
2535 6 2671 0 92 2 2343
2535 24 2671 0 108 31 2344
2535 20 2673 0 20 47 2345
2535 45 2670 0 61 4 2346
2535 14 2671 0 190 189 2347
2535 20 2669 0 128 23 2348
2535 3 2672 0 117 1 2349
2535 42 2670 0 105 42 2350
2535 3 2671 0 102 36 2351
2535 23 2670 0 7 35 2352
2535 36 2672 0 162 78 2353
2550 6 2687 0 117 1 2354
2550 12 2685 0 10 172 2355
2550 24 2686 0 20 47 2356
2550 24 2686 0 108 31 2357
2550 6 2685 0 123 1 2358
2550 40 2687 0 109 36 2359
2550 7 2688 0 10 193 2360
2550 25 2686 0 35 91 2361
2550 42 2687 0 61 4 2362
2550 8 2688 0 194 169 2363
2550 6 2685 0 102 36 2364
2550 26 2686 0 162 78 2365
2559 183 5546 1 40 77 2366
2565 10 2700 0 188 80 2367
2565 34 2698 0 109 36 2368
2565 16 2703 0 128 23 2369
2565 11 2702 0 113 13 2370
2565 23 2700 0 7 35 2371
2565 20 2701 0 137 49 2372
2565 20 2701 0 108 31 2373
2565 4 2700 0 118 4 2374
2565 6 2702 0 117 1 2375
2580 3 2717 0 108 58 2376
2580 18 2718 0 128 23 2377
2580 26 2715 0 105 42 2378
2580 8 2716 0 10 193 2379
2580 8 2716 0 123 1 2380
2580 9 2717 0 185 66 2381
2580 30 2717 0 40 77 2382
2580 39 2716 0 109 36 2383
2580 6 2715 0 118 4 2384
2587 172 5572 1 194 113 2385
2595 27 2731 0 40 77 2386
2595 42 2731 0 179 186 2387
2595 17 2729 0 102 59 2388
2595 44 2730 0 61 4 2389
2595 36 2733 0 109 36 2390
2595 32 2730 0 105 42 2391
2595 5 2732 0 102 36 2392
2595 3 2732 0 108 58 2393
2595 6 2729 0 117 1 2394
2595 8 2731 0 103 1 2395
2595 4 2731 0 150 43 2396
2595 21 2731 0 137 49 2397
2610 37 2744 0 105 42 2398
2610 3 2747 0 120 146 2399
2610 20 2744 0 128 23 2400
2610 11 2747 0 123 1 2401
2610 3 2746 0 102 36 2402
2610 3 2745 0 118 4 2403
2610 19 2748 0 137 49 2404
2610 34 2746 0 35 91 2405
2610 9 2746 0 113 13 2406
2610 22 2747 0 182 79 2407
2610 6 2748 0 117 1 2408
2610 13 2746 0 7 35 2409
2620 50 5605 1 150 43 2410
2625 32 2760 0 162 78 2411
2625 10 2763 0 103 197 2412
2625 23 2759 0 52 37 2413
2625 6 2762 0 108 58 2414
2625 5 2761 0 102 36 2415
2625 6 2762 0 158 124 2416
2625 43 2762 0 105 42 2417
2625 6 2762 0 18 115 2418
2625 30 2761 0 141 56 2419
2625 12 2761 0 7 35 2420
2625 9 2760 0 113 13 2421
2625 15 2762 0 25 122 2422
2625 11 2761 0 92 2 2423
2625 37 2758 0 35 91 2424
2625 30 2760 0 66 169 2425
2625 17 2760 0 20 47 2426
2625 27 2761 0 179 186 2427
2625 42 2762 0 99 1 2428
2625 7 2762 0 185 66 2429
2625 22 2761 0 102 59 2430
2625 23 2763 0 137 49 2431
2640 3 2773 0 100 167 2432
2640 5 2777 0 118 4 2433
2640 25 2778 0 122 137 2434
2640 45 2776 0 35 91 2435
2640 10 2774 0 194 169 2436
2640 3 2777 0 117 1 2437
2640 37 2775 0 105 42 2438
2640 4 2776 0 102 36 2439
2640 14 2775 0 52 37 2440
2642 76 5626 1 182 79 2441
2651 124 5638 1 188 80 2442
2655 4 2788 0 117 1 2443
2655 27 2790 0 35 91 2444
2655 30 2791 0 110 114 2445
2655 3 2792 0 102 36 2446
2655 6 2789 0 103 197 2447
2655 4 2791 0 108 58 2448
2655 13 2793 0 52 37 2449
2655 8 2791 0 113 13 2450
2655 6 2792 0 118 4 2451
2655 10 2790 0 10 193 2452
2655 20 2791 0 137 49 2453
2655 9 2792 0 103 1 2454
2655 35 2790 0 61 4 2455
2655 12 2791 0 92 2 2456
2655 7 2791 0 123 1 2457
2655 25 2790 0 122 137 2458
2655 21 2791 0 128 23 2459
2655 35 2791 0 133 152 2460
2655 5 2790 0 100 167 2461
2670 13 2807 0 182 79 2462
2670 22 2806 0 102 59 2463
2670 5 2805 0 117 1 2464
2670 14 2807 0 137 49 2465
2670 30 2807 0 141 56 2466
2670 5 2804 0 108 58 2467
2670 34 2808 0 105 42 2468
2670 5 2806 0 158 124 2469
2670 5 2805 0 102 36 2470
2670 18 2808 0 119 94 2471
2670 12 2808 0 52 37 2472
2670 12 2806 0 7 35 2473
2670 4 2805 0 118 4 2474
2670 33 2806 0 109 36 2475
2670 45 2806 0 110 114 2476
2670 7 2807 0 103 197 2477
2670 38 2803 0 40 77 2478
2670 31 2807 0 179 186 2479
2685 18 2821 0 102 59 2480
2685 38 2820 0 63 86 2481
2685 6 2822 0 117 1 2482
2685 11 2822 0 113 13 2483
2685 23 2821 0 108 31 2484
2685 6 2822 0 118 4 2485
2685 30 2824 0 61 4 2486
2685 7 2822 0 37 7 2487
2685 5 2822 0 102 36 2488
2685 42 2819 0 162 78 2489
2685 31 2822 0 110 114 2490
2685 24 2820 0 194 113 2491
2685 10 2821 0 89 137 2492
2700 21 2837 0 128 23 2493
2700 25 2835 0 105 42 2494
2700 10 2836 0 188 80 2495
2700 19 2836 0 194 113 2496
2700 25 2835 0 141 56 2497
2700 18 2837 0 122 137 2498
2700 4 2835 0 102 36 2499
2700 4 2838 0 117 1 2500
2700 27 2834 0 63 86 2501
2700 20 2835 0 119 94 2502
2700 19 2835 0 108 31 2503
2700 8 2836 0 185 66 2504
2700 10 2835 0 10 172 2505
2700 38 2835 0 133 152 2506
2715 17 2850 0 137 49 2507
2715 6 2849 0 118 4 2508
2715 11 2849 0 10 193 2509
2715 38 2849 0 105 42 2510
2715 13 2850 0 194 113 2511
2715 24 2850 0 119 94 2512
2715 5 2852 0 108 58 2513
2715 8 2850 0 113 13 2514
2715 9 2850 0 185 66 2515
2715 5 2851 0 102 36 2516
2715 22 2851 0 128 23 2517
2715 14 2850 0 7 35 2518
2716 77 5702 1 120 146 2519
2722 68 5709 1 40 105 2520
2730 21 2865 0 190 189 2521
2730 38 2867 0 109 36 2522
2730 15 2865 0 108 31 2523
2730 5 2867 0 150 43 2524
2730 34 2866 0 179 186 2525
2730 9 2867 0 37 7 2526
2730 6 2867 0 123 1 2527
2730 19 2865 0 137 49 2528
2730 9 2868 0 103 197 2529
2730 7 2866 0 188 80 2530
2730 11 2866 0 18 115 2531
2730 3 2867 0 108 58 2532
2745 30 2880 0 109 36 2533
2745 4 2880 0 100 167 2534
2745 6 2881 0 113 13 2535
2745 8 2881 0 103 197 2536
2745 19 2881 0 7 35 2537
2745 9 2883 0 10 193 2538
2745 45 2881 0 40 77 2539
2745 12 2880 0 92 2 2540
2745 9 2881 0 185 66 2541
2745 3 2883 0 102 36 2542
2745 26 2880 0 141 56 2543
2745 25 2882 0 128 23 2544
2745 32 2879 0 110 114 2545
2745 24 2879 0 52 37 2546
2745 9 2882 0 123 1 2547
2746 48 5733 1 137 49 2548
2747 67 5735 1 10 193 2549
2760 4 2897 0 120 146 2550
2760 18 2895 0 108 31 2551
2760 40 2895 0 109 36 2552
2760 10 2896 0 89 137 2553
2760 17 2895 0 137 49 2554
2760 10 2895 0 113 13 2555
2760 8 2897 0 10 172 2556
2760 9 2895 0 18 115 2557
2760 4 2896 0 118 4 2558
2760 41 2895 0 133 152 2559
2760 35 2897 0 110 114 2560
2760 25 2896 0 105 42 2561
2760 18 2893 0 119 94 2562
2761 76 5748 1 20 47 2563
2764 186 5749 1 35 91 2564
2774 48 5759 1 118 4 2565
2775 14 2911 0 194 113 2566
2775 3 2911 0 117 1 2567
2775 25 2911 0 109 36 2568
2775 15 2911 0 122 137 2569
2775 7 2910 0 123 1 2570
2775 41 2911 0 105 42 2571
2775 40 2910 0 35 91 2572
2775 8 2912 0 103 1 2573
2775 23 2912 0 137 49 2574
2775 16 2912 0 25 122 2575
2783 51 5771 1 185 66 2576
2784 58 5772 1 102 36 2577
2785 57 5770 1 25 122 2578
2790 34 2926 0 179 186 2579
2790 9 2928 0 123 1 2580
2790 31 2925 0 141 56 2581
2790 3 2926 0 117 1 2582
2790 6 2925 0 118 4 2583
2790 16 2925 0 128 23 2584
2790 7 2926 0 113 13 2585
2790 22 2927 0 7 35 2586
2790 13 2926 0 190 189 2587
2790 6 2926 0 103 1 2588
2805 20 2940 0 14 3 2589
2805 19 2942 0 52 37 2590
2805 10 2942 0 92 2 2591
2805 33 2941 0 109 36 2592
2805 32 2942 0 63 86 2593
2805 9 2941 0 113 13 2594
2805 3 2942 0 158 124 2595
2805 12 2940 0 123 1 2596
2805 40 2940 0 105 42 2597
2805 21 2942 0 40 105 2598
2805 19 2941 0 128 23 2599
2805 17 2939 0 108 31 2600
2805 9 2943 0 89 137 2601
2805 8 2940 0 185 66 2602
2805 16 2941 0 119 94 2603
2819 45 5804 1 179 186 2604
2820 11 2955 0 10 193 2605
2820 41 2956 0 35 91 2606
2820 5 2957 0 102 36 2607
2820 35 2956 0 105 42 2608
2820 14 2956 0 128 23 2609
2820 13 2959 0 156 90 2610
2820 6 2956 0 108 58 2611
2835 5 2969 0 108 58 2612
2835 45 2972 0 105 42 2613
2835 12 2972 0 123 1 2614
2835 10 2969 0 188 80 2615
2835 6 2973 0 194 169 2616
2835 10 2972 0 113 13 2617
2835 3 2972 0 150 43 2618
2835 20 2970 0 128 23 2619
2835 19 2972 0 156 90 2620
2835 6 2970 0 117 1 2621
2835 8 2969 0 103 197 2622
2835 15 2970 0 108 31 2623
2847 144 5832 1 179 186 2624
2850 25 2985 0 20 47 2625
2850 5 2987 0 118 4 2626
2850 16 2987 0 156 90 2627
2850 7 2985 0 123 1 2628
2850 36 2986 0 110 114 2629
2850 8 2987 0 194 169 2630
2850 34 2985 0 105 42 2631
2850 3 2986 0 102 36 2632
2850 5 2984 0 158 124 2633
2850 12 2986 0 113 13 2634
2850 21 2986 0 128 23 2635
2850 31 2985 0 162 78 2636
2850 27 2987 0 35 91 2637
2850 12 2985 0 103 1 2638
2865 8 3000 0 194 169 2639
2865 31 3001 0 179 186 2640
2865 5 3001 0 117 1 2641
2865 11 2999 0 123 1 2642
2865 10 3002 0 10 193 2643
2865 24 3000 0 119 94 2644
2865 13 3002 0 108 31 2645
2865 38 3001 0 66 169 2646
2865 40 3000 0 109 36 2647
2865 23 3000 0 52 37 2648
2865 12 3001 0 185 66 2649
2865 12 3000 0 156 90 2650
2865 31 3003 0 63 86 2651
2865 30 3001 0 35 91 2652
2865 43 3000 0 40 77 2653
2880 7 3018 0 123 1 2654
2880 5 3017 0 118 4 2655
2880 20 3015 0 182 79 2656
2880 8 3016 0 37 7 2657
2880 30 3017 0 109 36 2658
2880 8 3016 0 10 172 2659
2880 12 3015 0 10 193 2660
2880 17 3016 0 128 23 2661
2887 56 5874 1 37 7 2662
2895 8 3032 0 123 1 2663
2895 22 3029 0 190 189 2664
2895 12 3031 0 137 49 2665
2895 12 3031 0 113 13 2666
2895 14 3030 0 52 37 2667
2895 13 3032 0 25 122 2668
2895 3 3030 0 158 124 2669
2895 35 3031 0 61 4 2670
2895 3 3030 0 102 36 2671
2895 36 3031 0 141 56 2672
2895 25 3030 0 105 42 2673
2895 5 3030 0 118 4 2674
2910 22 3047 0 156 90 2675
2910 6 3046 0 37 7 2676
2910 39 3046 0 99 1 2677
2910 6 3045 0 123 1 2678
2910 6 3045 0 118 4 2679
2910 27 3048 0 109 36 2680
2910 10 3046 0 113 13 2681
2910 12 3047 0 182 79 2682
2910 32 3046 0 105 42 2683
2910 17 3045 0 137 49 2684
2910 12 3046 0 128 23 2685
2918 64 5903 1 117 1 2686
2925 11 3062 0 113 13 2687
2925 35 3060 0 109 36 2688
2925 7 3062 0 103 197 2689
2925 6 3062 0 89 137 2690
2925 4 3061 0 117 1 2691
2925 6 3061 0 108 58 2692
2925 21 3061 0 182 79 2693
2925 22 3061 0 128 23 2694
2925 23 3061 0 108 31 2695
2925 12 3063 0 25 122 2696
2925 3 3062 0 102 36 2697
2925 21 3060 0 119 94 2698
2940 7 3075 0 92 2 2699
2940 7 3077 0 103 197 2700
2940 42 3076 0 63 86 2701
2940 14 3074 0 119 94 2702
2940 34 3075 0 99 1 2703
2940 8 3076 0 89 137 2704
2940 8 3075 0 103 1 2705
2940 19 3076 0 7 35 2706
2940 10 3075 0 123 1 2707
2940 22 3074 0 137 49 2708
2940 10 3075 0 37 7 2709
2945 68 5933 1 188 80 2710
2950 61 5934 1 105 42 2711
2955 11 3091 0 10 172 2712
2955 42 3092 0 99 1 2713
2955 35 3093 0 35 91 2714
2955 38 3090 0 141 56 2715
2955 12 3094 0 156 90 2716
2955 3 3093 0 108 58 2717
2955 12 3093 0 103 197 2718
2955 21 3087 0 20 47 2719
2955 44 3090 0 105 42 2720
2955 9 3090 0 113 13 2721
2955 10 3093 0 188 80 2722
2955 24 3092 0 25 122 2723
2955 13 3089 0 108 31 2724
2955 10 3090 0 10 193 2725
2955 16 3089 0 137 49 2726
2955 3 3091 0 102 36 2727
2955 4 3090 0 118 4 2728
2955 27 3089 0 109 36 2729
2955 10 3090 0 92 2 2730
2970 10 3107 0 113 13 2731
2970 20 3107 0 25 122 2732
2970 24 3106 0 137 49 2733
2970 27 3105 0 105 42 2734
2970 11 3104 0 123 1 2735
2970 5 3106 0 118 4 2736
2970 14 3107 0 194 113 2737
2970 37 3106 0 109 36 2738
2970 4 3105 0 100 167 2739
2970 38 3106 0 40 77 2740
2970 12 3107 0 10 172 2741
2973 65 5959 1 89 137 2742
2975 68 5963 1 40 77 2743
2985 4 3119 0 118 4 2744
2985 14 3121 0 40 105 2745
2985 21 3122 0 194 113 2746
2985 15 3119 0 52 37 2747
2985 5 3122 0 117 1 2748
2985 11 3121 0 185 66 2749
2985 45 3120 0 99 1 2750
2985 9 3120 0 188 80 2751
2985 25 3121 0 179 186 2752
2985 25 3122 0 61 4 2753
2985 33 3121 0 105 42 2754
2985 10 3121 0 113 13 2755
2985 18 3120 0 137 49 2756
2985 12 3122 0 37 7 2757
2985 23 3120 0 128 23 2758
2985 28 3120 0 40 77 2759
2985 11 3120 0 18 115 2760
2985 19 3122 0 122 137 2761
2985 8 3120 0 92 2 2762
3000 32 3135 0 40 77 2763
3000 4 3139 0 120 146 2764
3000 5 3136 0 117 1 2765
3000 35 3136 0 105 42 2766
3000 4 3138 0 102 36 2767
3000 10 3137 0 113 13 2768
3000 16 3136 0 20 47 2769
3000 10 3137 0 194 169 2770
3000 22 3135 0 14 3 2771
3000 7 3135 0 103 1 2772
3000 24 3136 0 128 23 2773
3003 35 5988 1 63 86 2774
3015 17 3151 0 190 189 2775
3015 6 3151 0 150 43 2776
3015 44 3151 0 35 91 2777
3015 13 3151 0 137 49 2778
3015 45 3149 0 105 42 2779
3015 12 3150 0 108 31 2780
3015 5 3152 0 102 36 2781
3015 11 3151 0 10 172 2782
3015 29 3152 0 66 169 2783
3015 32 3150 0 179 186 2784
3015 29 3150 0 110 114 2785
3015 4 3151 0 118 4 2786
3015 33 3150 0 109 36 2787
3015 11 3151 0 194 169 2788
3015 18 3150 0 128 23 2789
3015 14 3149 0 119 94 2790
3015 12 3152 0 89 137 2791
3024 54 6009 1 110 114 2792
3030 42 3167 0 105 42 2793
3030 4 3166 0 102 36 2794
3030 3 3166 0 150 43 2795
3030 4 3165 0 118 4 2796
3030 13 3166 0 128 23 2797
3030 11 3167 0 113 13 2798
3030 42 3166 0 109 36 2799
3030 6 3166 0 103 197 2800
3030 35 3167 0 63 86 2801
3030 25 3164 0 108 31 2802
3030 15 3167 0 14 3 2803
3030 8 3164 0 123 1 2804
3030 6 3166 0 117 1 2805
3045 38 3181 0 66 169 2806
3045 4 3181 0 102 36 2807
3045 4 3183 0 117 1 2808
3045 4 3180 0 150 43 2809
3045 5 3183 0 118 4 2810
3045 6 3180 0 120 146 2811
3045 45 3179 0 35 91 2812
3045 39 3182 0 105 42 2813
3045 44 3181 0 61 4 2814
3045 20 3181 0 137 49 2815
3045 45 3180 0 141 56 2816
3045 6 3182 0 10 172 2817
3045 11 3180 0 194 169 2818
3045 29 3183 0 40 77 2819
3045 7 3178 0 18 115 2820
3045 8 3180 0 113 13 2821
3057 65 6044 1 92 2 2822
3060 26 3199 0 109 36 2823
3060 5 3197 0 117 1 2824
3060 7 3196 0 113 13 2825
3060 6 3195 0 185 66 2826
3060 12 3196 0 10 172 2827
3060 9 3195 0 89 137 2828
3060 17 3195 0 156 90 2829
3060 14 3196 0 137 49 2830
3060 7 3195 0 103 1 2831
3060 8 3197 0 103 197 2832
3060 34 3197 0 133 152 2833
3060 35 3199 0 141 56 2834
3060 12 3195 0 37 7 2835
3060 3 3197 0 102 36 2836
3060 45 3196 0 110 114 2837
3060 3 3196 0 118 4 2838
3060 23 3196 0 14 3 2839
3060 12 3196 0 25 122 2840
3075 41 3211 0 179 186 2841
3075 43 3211 0 105 42 2842
3075 10 3210 0 103 1 2843
3075 12 3211 0 123 1 2844
3075 4 3211 0 100 167 2845
3075 24 3212 0 122 137 2846
3075 9 3211 0 92 2 2847
3075 17 3212 0 137 49 2848
3075 12 3210 0 194 113 2849
3075 33 3207 0 35 91 2850
3075 3 3211 0 117 1 2851
3075 33 3212 0 66 169 2852
3075 21 3209 0 108 31 2853
3075 8 3210 0 113 13 2854
3075 19 3210 0 128 23 2855
3075 25 3213 0 109 36 2856
3075 29 3211 0 61 4 2857
3075 24 3210 0 182 79 2858
3085 70 6072 1 141 56 2859
3090 19 3226 0 40 105 2860
3090 25 3225 0 63 86 2861
3090 10 3225 0 113 13 2862
3090 42 3224 0 179 186 2863
3090 14 3223 0 20 47 2864
3090 36 3227 0 99 1 2865
3090 19 3224 0 119 94 2866
3090 5 3226 0 108 58 2867
3090 12 3226 0 103 1 2868
3090 33 3228 0 105 42 2869
3090 4 3224 0 102 36 2870
3090 14 3227 0 108 31 2871
3090 32 3226 0 35 91 2872
3090 8 3225 0 123 1 2873
3090 6 3227 0 188 80 2874
3090 18 3226 0 25 122 2875
3090 21 3227 0 128 23 2876
3090 5 3227 0 118 4 2877
3090 26 3225 0 110 114 2878
3105 6 3241 0 185 66 2879
3105 9 3241 0 18 115 2880
3105 25 3243 0 141 56 2881
3105 33 3242 0 110 114 2882
3105 10 3240 0 113 13 2883
3105 7 3240 0 123 1 2884
3105 57 6091 1 52 37 2885
3105 11 3241 0 103 1 2886
3105 16 3240 0 108 31 2887
3105 5 3239 0 118 4 2888
3105 21 3241 0 156 90 2889
3105 4 3241 0 117 1 2890
3105 40 3241 0 105 42 2891
3105 19 3241 0 14 3 2892
3105 4 3244 0 102 36 2893
3105 4 3242 0 120 146 2894
3113 34 6100 1 10 172 2895
3120 16 3258 0 194 113 2896
3120 6 3255 0 108 58 2897
3120 14 3259 0 102 59 2898
3120 3 3255 0 120 146 2899
3120 18 3255 0 137 49 2900
3120 13 3256 0 14 3 2901
3120 5 3257 0 118 4 2902
3120 9 3256 0 123 1 2903
3120 36 3259 0 109 36 2904
3120 9 3257 0 194 169 2905
3120 23 3257 0 122 137 2906
3120 8 3257 0 92 2 2907
3120 12 3254 0 18 115 2908
3120 6 3256 0 117 1 2909
3120 13 3256 0 40 105 2910
3120 42 3255 0 63 86 2911
3123 182 6111 1 118 4 2912
3124 164 6112 1 108 58 2913
3135 42 3274 0 141 56 2914
3135 39 3271 0 109 36 2915
3135 9 3272 0 123 1 2916
3135 21 3271 0 14 3 2917
3135 5 3271 0 100 167 2918
3135 45 3273 0 99 1 2919
3135 11 3275 0 113 13 2920
3135 14 3271 0 102 59 2921
3135 18 3272 0 156 90 2922
3135 12 3271 0 89 137 2923
3135 6 3269 0 194 169 2924
3135 38 3272 0 179 186 2925
3150 6 3285 0 117 1 2926
3150 9 3286 0 113 13 2927
3150 32 3286 0 35 91 2928
3150 23 3287 0 190 189 2929
3150 29 3287 0 61 4 2930
3150 11 3290 0 103 197 2931
3150 26 3287 0 63 86 2932
3150 24 3288 0 137 49 2933
3150 43 3288 0 40 77 2934
3150 22 3287 0 108 31 2935
3150 9 3285 0 123 1 2936
3162 193 6148 1 128 23 2937
3165 9 3304 0 37 7 2938
3165 13 3301 0 25 122 2939
3165 10 3302 0 123 1 2940
3165 33 3302 0 63 86 2941
3165 36 3302 0 40 77 2942
3165 8 3303 0 10 193 2943
3165 5 3302 0 118 4 2944
3165 31 3302 0 133 152 2945
3165 16 3300 0 137 49 2946
3165 41 3303 0 109 36 2947
3165 42 3301 0 35 91 2948
3165 12 3300 0 102 59 2949
3180 41 3317 0 61 4 2950
3180 11 3316 0 123 1 2951
3180 21 3317 0 182 79 2952
3180 19 3314 0 20 47 2953
3180 6 3315 0 150 43 2954
3180 3 3318 0 118 4 2955
3180 4 3315 0 117 1 2956
3180 11 3319 0 37 7 2957
3180 33 3316 0 66 169 2958
3180 38 3317 0 105 42 2959
3180 11 3317 0 103 1 2960
3180 36 3319 0 109 36 2961
3180 29 3315 0 99 1 2962
3185 47 6172 1 102 59 2963
3195 25 3330 0 122 137 2964
3195 42 3331 0 35 91 2965
3195 5 3331 0 117 1 2966
3195 29 3330 0 109 36 2967
3195 20 3331 0 137 49 2968
3195 45 3330 0 61 4 2969
3195 10 3331 0 113 13 2970
3195 45 6182 1 108 58 2971
3195 20 3331 0 128 23 2972
3195 13 3331 0 194 113 2973
3195 8 3331 0 123 1 2974
3195 12 3331 0 108 31 2975
3195 7 3332 0 10 193 2976
3200 156 6185 1 37 7 2977
3210 44 3348 0 61 4 2978
3210 9 3346 0 113 13 2979
3210 6 3346 0 108 58 2980
3210 8 3345 0 10 193 2981
3210 5 3344 0 102 36 2982
3210 32 3348 0 109 36 2983
3210 24 3347 0 122 137 2984
3210 11 3345 0 188 80 2985
3210 19 3346 0 128 23 2986
3210 5 3345 0 150 43 2987
3225 19 3362 0 190 189 2988
3225 9 3360 0 194 169 2989
3225 11 3362 0 123 1 2990
3225 32 3361 0 109 36 2991
3225 6 3362 0 102 36 2992
3225 7 3361 0 89 137 2993
3225 19 3362 0 102 59 2994
3225 5 3361 0 100 167 2995
3225 22 3361 0 128 23 2996
3225 25 3361 0 35 91 2997
3225 26 3360 0 40 77 2998
3225 4 3365 0 117 1 2999
3225 20 3362 0 40 105 3000
3225 14 3361 0 108 31 3001
3225 9 3361 0 113 13 3002
3225 31 3360 0 105 42 3003
3225 5 3363 0 118 4 3004
3228 43 6212 1 66 169 3005
3236 45 6221 1 113 13 3006
3239 64 6224 1 123 1 3007
3240 10 3376 0 10 172 3008
3240 4 3375 0 118 4 3009
3240 7 3375 0 89 137 3010
3240 7 3376 0 113 13 3011
3240 25 3373 0 109 36 3012
3240 8 3375 0 188 80 3013
3240 23 3378 0 25 122 3014
3240 15 3376 0 128 23 3015
3240 20 3378 0 156 90 3016
3240 27 3375 0 63 86 3017
3240 25 3376 0 108 31 3018
3240 12 3376 0 18 115 3019
3240 33 3377 0 105 42 3020
3240 43 3377 0 35 91 3021
3240 6 3376 0 117 1 3022
3240 17 3376 0 52 37 3023
3240 34 3375 0 133 152 3024
3252 77 6239 1 156 90 3025
3255 7 3391 0 123 1 3026
3255 4 3393 0 102 36 3027
3255 25 3392 0 109 36 3028
3255 10 3392 0 113 13 3029
3255 6 3389 0 10 193 3030
3255 42 3391 0 63 86 3031
3255 12 3392 0 18 115 3032
3255 41 3391 0 105 42 3033
3255 13 3394 0 194 113 3034
3255 15 3391 0 108 31 3035
3255 25 3388 0 7 35 3036
3270 10 3407 0 188 80 3037
3270 3 3407 0 158 124 3038
3270 32 3406 0 66 169 3039
3270 7 3408 0 10 172 3040
3270 11 3403 0 113 13 3041
3270 13 3405 0 137 49 3042
3270 35 3403 0 109 36 3043
3270 6 3407 0 118 4 3044
3270 40 3404 0 141 56 3045
3270 23 3408 0 156 90 3046
3270 7 3404 0 103 1 3047
3270 5 3406 0 102 36 3048
3285 22 3421 0 122 137 3049
3285 20 3421 0 108 31 3050
3285 19 3421 0 194 113 3051
3285 30 3421 0 133 152 3052
3285 15 3421 0 52 37 3053
3285 29 3421 0 61 4 3054
3285 34 3422 0 99 1 3055
3285 44 3423 0 63 86 3056
3285 3 3422 0 118 4 3057
3285 25 3420 0 119 94 3058
3285 8 3421 0 123 1 3059
3285 13 3422 0 190 189 3060
3285 5 3420 0 120 146 3061
3288 80 6274 1 35 91 3062
3300 19 3434 0 182 79 3063
3300 4 3436 0 118 4 3064
3300 6 3435 0 89 137 3065
3300 21 3435 0 7 35 3066
3300 3 3435 0 150 43 3067
3300 12 3437 0 92 2 3068
3300 17 3437 0 128 23 3069
3300 42 3436 0 40 77 3070
3300 36 3435 0 162 78 3071
3300 30 3436 0 61 4 3072
3300 15 3436 0 119 94 3073
3300 7 3434 0 194 169 3074
3300 27 3437 0 35 91 3075
3300 3 3436 0 120 146 3076
3300 33 3437 0 109 36 3077
3300 29 3436 0 141 56 3078
3315 24 3453 0 52 37 3079
3315 24 3453 0 190 189 3080
3315 21 3450 0 7 35 3081
3315 36 3452 0 110 114 3082
3315 8 3451 0 92 2 3083
3315 27 3452 0 99 1 3084
3315 18 3451 0 128 23 3085
3315 42 3452 0 109 36 3086
3315 21 3451 0 137 49 3087
3315 11 3449 0 10 193 3088
3315 12 3450 0 156 90 3089
3315 13 3449 0 119 94 3090
3315 12 3452 0 185 66 3091
3315 8 3450 0 123 1 3092
3315 5 3452 0 118 4 3093
3315 12 3453 0 194 113 3094
3315 4 3452 0 108 58 3095
3315 3 3451 0 117 1 3096
3327 55 6315 1 162 78 3097
3330 11 3465 0 103 197 3098
3330 19 3466 0 7 35 3099
3330 43 3466 0 162 78 3100
3330 3 3466 0 102 36 3101
3330 27 3466 0 105 42 3102
3330 8 3466 0 113 13 3103
3330 13 3466 0 25 122 3104
3330 25 3467 0 137 49 3105
3330 11 3465 0 92 2 3106
3330 23 3466 0 108 31 3107
3330 14 3464 0 102 59 3108
3330 9 3467 0 194 169 3109
3330 4 3467 0 108 58 3110
3330 6 3465 0 123 1 3111
3330 35 3466 0 109 36 3112
3330 3 3466 0 117 1 3113
3330 18 3466 0 119 94 3114
3330 6 3466 0 103 1 3115
3345 11 3482 0 103 197 3116
3345 17 3480 0 190 189 3117
3345 19 3482 0 7 35 3118
3345 24 3482 0 128 23 3119
3345 12 3481 0 37 7 3120
3345 10 3480 0 185 66 3121
3345 20 3482 0 52 37 3122
3345 41 3481 0 133 152 3123
3345 32 3481 0 66 169 3124
3347 150 6333 1 89 137 3125
3360 3 3497 0 120 146 3126
3360 3 3495 0 102 36 3127
3360 7 3496 0 113 13 3128
3360 12 3495 0 122 137 3129
3360 8 3494 0 37 7 3130
3360 6 3496 0 118 4 3131
3360 17 3494 0 128 23 3132
3360 6 3498 0 89 137 3133
3360 6 3496 0 117 1 3134
3360 28 3497 0 162 78 3135
3360 36 3496 0 141 56 3136
3360 15 3494 0 14 3 3137
3360 9 3496 0 194 169 3138
3360 11 3496 0 123 1 3139
3360 6 3497 0 100 167 3140
3375 16 3513 0 194 113 3141
3375 36 3510 0 99 1 3142
3375 39 3510 0 105 42 3143
3375 32 3512 0 66 169 3144
3375 25 3512 0 35 91 3145
3375 9 3510 0 18 115 3146
3375 11 3512 0 89 137 3147
3375 18 3510 0 137 49 3148
3375 33 3510 0 109 36 3149
3375 32 3512 0 141 56 3150
3375 7 3510 0 103 1 3151
3375 19 3510 0 14 3 3152
3375 13 3512 0 156 90 3153
3375 6 3512 0 118 4 3154
3375 6 3511 0 103 197 3155
3375 15 3512 0 40 105 3156
3390 6 3525 0 103 1 3157
3390 6 3525 0 158 124 3158
3390 41 3525 0 109 36 3159
3390 21 3526 0 194 113 3160
3390 6 3525 0 150 43 3161
3390 6 3527 0 123 1 3162
3390 14 3528 0 108 31 3163
3390 5 3528 0 120 146 3164
3390 13 3526 0 182 79 3165
3405 13 3541 0 194 113 3166
3405 15 3542 0 108 31 3167
3405 25 3541 0 141 56 3168
3405 26 3542 0 109 36 3169
3405 9 3543 0 10 193 3170
3405 21 3540 0 190 189 3171
3405 13 3544 0 20 47 3172
3405 12 3542 0 103 197 3173
3405 11 3540 0 123 1 3174
3405 11 3540 0 113 13 3175
3405 21 3540 0 122 137 3176
3405 37 3539 0 99 1 3177
3405 30 3539 0 66 169 3178
3405 38 3543 0 61 4 3179
3405 24 3539 0 25 122 3180
3405 19 3542 0 128 23 3181
3405 6 3541 0 120 146 3182
3405 37 3542 0 63 86 3183
3411 186 6397 1 99 1 3184
3420 34 3554 0 179 186 3185
3420 12 3557 0 108 31 3186
3420 7 3556 0 103 197 3187
3420 11 3557 0 103 1 3188
3420 14 3557 0 20 47 3189
3420 3 3555 0 118 4 3190
3420 21 3556 0 14 3 3191
3420 28 3556 0 61 4 3192
3420 6 3555 0 102 36 3193
3420 43 3556 0 66 169 3194
3420 24 3557 0 102 59 3195
3420 6 3557 0 117 1 3196
3435 3 3572 0 100 167 3197
3435 22 3569 0 137 49 3198
3435 7 3570 0 123 1 3199
3435 7 3573 0 185 66 3200
3435 6 3571 0 120 146 3201
3435 17 3571 0 25 122 3202
3435 22 3571 0 102 59 3203
3435 12 3573 0 92 2 3204
3435 36 3570 0 61 4 3205
3435 25 3571 0 128 23 3206
3435 36 3571 0 162 78 3207
3435 21 3572 0 52 37 3208
3435 6 3573 0 10 193 3209
3435 20 3572 0 156 90 3210
3450 37 3585 0 61 4 3211
3450 29 3588 0 162 78 3212
3450 12 3586 0 123 1 3213
3450 14 3586 0 190 189 3214
3450 12 3586 0 18 115 3215
3450 10 3586 0 103 197 3216
3450 4 3588 0 158 124 3217
3450 26 3588 0 99 1 3218
3450 31 3586 0 63 86 3219
3450 4 3588 0 117 1 3220
3450 17 3587 0 128 23 3221
3450 5 3586 0 120 146 3222
3450 31 3586 0 66 169 3223
3465 19 3601 0 52 37 3224
3465 21 3600 0 137 49 3225
3465 31 3601 0 179 186 3226
3465 34 3600 0 105 42 3227
3465 19 3600 0 108 31 3228
3465 5 3600 0 118 4 3229
3465 12 3599 0 7 35 3230
3465 14 3603 0 20 47 3231
3465 29 3601 0 40 77 3232
3465 9 3601 0 123 1 3233
3465 30 3600 0 109 36 3234
3480 15 3616 0 102 59 3235
3480 5 3617 0 102 36 3236
3480 11 3617 0 10 193 3237
3480 19 3616 0 40 105 3238
3480 15 3618 0 14 3 3239
3480 37 3614 0 133 152 3240
3480 8 3619 0 103 197 3241
3480 24 3615 0 137 49 3242
3480 19 3615 0 122 137 3243
3480 6 3615 0 123 1 3244
3495 23 3631 0 20 47 3245
3495 12 3631 0 182 79 3246
3495 30 3630 0 61 4 3247
3495 16 3631 0 137 49 3248
3495 3 3631 0 117 1 3249
3495 45 3629 0 179 186 3250
3495 8 3629 0 18 115 3251
3495 11 3633 0 123 1 3252
3495 5 3630 0 100 167 3253
3495 6 3631 0 118 4 3254
3495 16 3631 0 25 122 3255
3495 27 3631 0 109 36 3256
3495 14 3631 0 156 90 3257
3495 41 3632 0 40 77 3258
3510 4 3647 0 150 43 3259
3510 10 3647 0 123 1 3260
3510 5 3647 0 118 4 3261
3510 11 3645 0 103 1 3262
3510 9 3646 0 37 7 3263
3510 30 3647 0 109 36 3264
3510 35 3647 0 133 152 3265
3510 10 3648 0 103 197 3266
3510 42 3644 0 66 169 3267
3510 40 3644 0 63 86 3268
3510 11 3647 0 194 169 3269
3510 16 3644 0 102 59 3270
3510 6 3646 0 113 13 3271
3510 16 3650 0 25 122 3272
3510 19 3646 0 190 189 3273
3510 14 3647 0 128 23 3274
3510 4 3646 0 117 1 3275
3510 9 3644 0 188 80 3276
3510 4 3646 0 102 36 3277
3510 19 3646 0 108 31 3278
3510 31 3644 0 141 56 3279
3525 6 3661 0 100 167 3280
3525 6 3660 0 150 43 3281
3525 19 3661 0 137 49 3282
3525 13 3660 0 52 37 3283
3525 12 3662 0 123 1 3284
3525 4 3661 0 117 1 3285
3525 21 3662 0 20 47 3286
3525 9 3660 0 103 197 3287
3525 27 3660 0 40 77 3288
3525 22 3659 0 40 105 3289
3525 18 3662 0 25 122 3290
3525 12 3663 0 37 7 3291
3525 10 3663 0 113 13 3292
3525 6 3661 0 103 1 3293
3525 31 3660 0 35 91 3294
3525 37 3663 0 105 42 3295
3540 37 3675 0 66 169 3296
3540 37 3676 0 63 86 3297
3540 27 3679 0 99 1 3298
3540 3 3678 0 117 1 3299
3540 9 3676 0 10 172 3300
3540 15 3678 0 20 47 3301
3540 17 3675 0 137 49 3302
3540 23 3674 0 194 113 3303
3540 3 3675 0 118 4 3304
3540 23 3676 0 156 90 3305
3540 8 3679 0 123 1 3306
3540 23 3675 0 122 137 3307
3540 7 3675 0 37 7 3308
3555 38 3690 0 105 42 3309
3555 7 3690 0 10 172 3310
3555 24 3693 0 156 90 3311
3555 42 3693 0 61 4 3312
3555 8 3689 0 188 80 3313
3555 3 3691 0 150 43 3314
3555 40 3692 0 99 1 3315
3555 21 3691 0 190 189 3316
3555 25 3692 0 119 94 3317
3555 16 3688 0 128 23 3318
3555 10 3691 0 92 2 3319
3570 21 3706 0 108 31 3320
3570 13 3705 0 122 137 3321
3570 31 3705 0 109 36 3322
3570 13 3708 0 194 113 3323
3570 4 3708 0 150 43 3324
3570 31 3707 0 105 42 3325
3570 16 3706 0 137 49 3326
3570 11 3705 0 18 115 3327
3570 6 3707 0 118 4 3328
3570 10 3704 0 103 1 3329
3570 26 3705 0 40 77 3330
3570 7 3708 0 194 169 3331
3570 17 3706 0 190 189 3332
3570 9 3706 0 188 80 3333
3570 44 3706 0 66 169 3334
3570 7 3707 0 10 172 3335
3570 7 3706 0 123 1 3336
3582 173 6569 1 194 169 3337
3585 15 3720 0 108 31 3338
3585 4 3720 0 117 1 3339
3585 15 3722 0 128 23 3340
3585 9 3723 0 18 115 3341
3585 15 3722 0 137 49 3342
3585 28 3721 0 141 56 3343
3585 7 3720 0 123 1 3344
3585 10 3721 0 113 13 3345
3585 38 3721 0 105 42 3346
3585 29 3722 0 61 4 3347
3585 18 3719 0 119 94 3348
3599 71 6585 1 194 113 3349
3600 36 3738 0 63 86 3350
3600 12 3737 0 113 13 3351
3600 8 3735 0 10 193 3352
3600 11 3738 0 123 1 3353
3600 6 3736 0 188 80 3354
3600 5 3734 0 102 36 3355
3600 5 3735 0 108 58 3356
3600 21 3735 0 190 189 3357
3600 13 3735 0 122 137 3358
3600 34 3735 0 162 78 3359
3600 35 3737 0 109 36 3360
3600 22 3737 0 128 23 3361
3600 6 3736 0 89 137 3362
3600 32 3734 0 179 186 3363
3600 33 3735 0 105 42 3364
3600 32 3737 0 61 4 3365
3600 17 3738 0 156 90 3366
3615 6 3749 0 118 4 3367
3615 15 3749 0 137 49 3368
3615 24 3750 0 7 35 3369
3615 3 3751 0 102 36 3370
3615 9 3753 0 123 1 3371
3615 4 3752 0 117 1 3372
3615 22 3749 0 108 31 3373
3615 44 3751 0 35 91 3374
3615 40 3751 0 105 42 3375
3615 8 3753 0 103 197 3376
3630 12 3766 0 18 115 3377
3630 5 3766 0 118 4 3378
3630 3 3762 0 158 124 3379
3630 36 3769 0 109 36 3380
3630 33 3767 0 179 186 3381
3630 19 3765 0 52 37 3382
3630 39 3767 0 110 114 3383
3630 6 3767 0 194 169 3384
3630 11 3768 0 123 1 3385
3630 4 3768 0 100 167 3386
3630 4 3767 0 150 43 3387
3630 35 3766 0 133 152 3388
3630 21 3766 0 108 31 3389
3630 21 3766 0 137 49 3390
3645 40 3783 0 133 152 3391
3645 19 3781 0 182 79 3392
3645 10 3783 0 89 137 3393
3645 34 3780 0 61 4 3394
3645 10 3779 0 10 172 3395
3645 15 3781 0 137 49 3396
3645 25 3781 0 108 31 3397
3645 4 3781 0 102 36 3398
3645 6 3780 0 117 1 3399
3645 7 3783 0 188 80 3400
3645 44 3780 0 105 42 3401
3645 26 3779 0 35 91 3402
3645 10 3779 0 185 66 3403
3645 12 3780 0 123 1 3404
3645 12 3783 0 25 122 3405
3660 6 3794 0 102 36 3406
3660 5 3796 0 118 4 3407
3660 29 3796 0 179 186 3408
3660 45 3796 0 99 1 3409
3660 7 3795 0 113 13 3410
3660 11 3798 0 103 197 3411
3660 3 3796 0 117 1 3412
3660 23 3795 0 108 31 3413
3660 24 3799 0 119 94 3414
3660 20 3797 0 128 23 3415
3660 16 3796 0 137 49 3416
3660 30 3795 0 109 36 3417
3660 12 3798 0 89 137 3418
3660 12 3798 0 194 169 3419
3660 19 3795 0 190 189 3420
3660 20 3795 0 40 105 3421
3660 6 3795 0 185 66 3422
3660 10 3796 0 18 115 3423
3675 5 3809 0 118 4 3424
3675 7 3813 0 10 172 3425
3675 21 3811 0 137 49 3426
3675 20 3813 0 128 23 3427
3675 11 3812 0 194 169 3428
3675 42 3813 0 66 169 3429
3675 35 3810 0 61 4 3430
3675 12 3810 0 119 94 3431
3675 11 3814 0 89 137 3432
3675 19 3809 0 194 113 3433
3675 3 3810 0 150 43 3434
3690 43 3825 0 162 78 3435
3690 19 3827 0 128 23 3436
3690 24 3826 0 108 31 3437
3690 33 3826 0 110 114 3438
3690 41 3827 0 109 36 3439
3690 4 3827 0 102 36 3440
3690 33 3828 0 61 4 3441
3690 17 3827 0 137 49 3442
3690 26 3827 0 66 169 3443
3690 5 3826 0 118 4 3444
3705 24 3842 0 14 3 3445
3705 22 3842 0 137 49 3446
3705 16 3842 0 108 31 3447
3705 14 3842 0 190 189 3448
3705 3 3841 0 117 1 3449
3705 3 3839 0 158 124 3450
3705 40 3841 0 63 86 3451
3705 8 3841 0 18 115 3452
3705 4 3842 0 108 58 3453
3705 11 3843 0 188 80 3454
3705 44 3843 0 179 186 3455
3720 36 3856 0 105 42 3456
3720 16 3857 0 122 137 3457
3720 8 3857 0 10 193 3458
3720 6 3856 0 108 58 3459
3720 8 3855 0 113 13 3460
3720 12 3856 0 123 1 3461
3720 34 3855 0 133 152 3462
3720 3 3859 0 100 167 3463
3720 14 3854 0 137 49 3464
3720 25 3856 0 119 94 3465
3720 18 3857 0 40 105 3466
3720 5 3855 0 118 4 3467
3720 39 3856 0 63 86 3468
3720 5 3857 0 120 146 3469
3735 8 3872 0 103 1 3470
3735 12 3873 0 137 49 3471
3735 4 3872 0 150 43 3472
3735 3 3872 0 118 4 3473
3735 25 3871 0 122 137 3474
3735 9 3871 0 123 1 3475
3735 17 3871 0 25 122 3476
3735 24 3871 0 194 113 3477
3735 24 3871 0 40 105 3478
3735 11 3871 0 18 115 3479
3735 16 3873 0 52 37 3480
3735 40 3870 0 61 4 3481
3735 9 3871 0 188 80 3482
3735 44 3873 0 133 152 3483
3735 24 3873 0 156 90 3484
3735 34 3870 0 99 1 3485
3750 9 3886 0 103 1 3486
3750 25 3887 0 108 31 3487
3750 22 3885 0 182 79 3488
3750 7 3886 0 123 1 3489
3750 41 3885 0 40 77 3490
3750 41 3884 0 35 91 3491
3750 4 3885 0 117 1 3492
3750 14 3885 0 128 23 3493
3750 20 3885 0 52 37 3494
3750 3 3886 0 158 124 3495
3750 30 3885 0 61 4 3496
3750 11 3885 0 188 80 3497
3750 32 3886 0 133 152 3498
3753 66 6738 1 61 4 3499
3765 22 3901 0 52 37 3500
3765 4 3901 0 102 36 3501
3765 31 3900 0 109 36 3502
3765 22 3901 0 137 49 3503
3765 8 3900 0 18 115 3504
3765 41 3901 0 105 42 3505
3765 11 3899 0 10 193 3506
3765 9 3899 0 37 7 3507
3765 10 3902 0 89 137 3508
3765 39 3903 0 66 169 3509
3765 21 3901 0 20 47 3510
3765 24 3901 0 128 23 3511
3765 6 3900 0 100 167 3512
3767 37 6753 1 122 137 3513
3780 25 3916 0 110 114 3514
3780 19 3917 0 122 137 3515
3780 18 3916 0 40 105 3516
3780 19 3917 0 137 49 3517
3780 3 3918 0 102 36 3518
3780 9 3917 0 18 115 3519
3780 27 3913 0 109 36 3520
3780 12 3915 0 185 66 3521
3780 7 3916 0 37 7 3522
3780 5 3916 0 118 4 3523
3780 26 3916 0 133 152 3524
3780 34 3913 0 63 86 3525
3780 12 3919 0 92 2 3526
3780 32 3914 0 40 77 3527
3795 9 3934 0 18 115 3528
3795 42 3931 0 35 91 3529
3795 12 3932 0 108 31 3530
3795 33 3930 0 109 36 3531
3795 21 3931 0 128 23 3532
3795 13 3933 0 137 49 3533
3795 42 3930 0 105 42 3534
3795 8 3930 0 37 7 3535
3795 7 3930 0 123 1 3536
3795 6 3930 0 113 13 3537
3795 14 3932 0 14 3 3538
3795 17 3931 0 20 47 3539
3795 12 3931 0 92 2 3540
3810 12 3947 0 20 47 3541
3810 7 3945 0 123 1 3542
3810 33 3948 0 105 42 3543
3810 3 3947 0 102 36 3544
3810 8 3948 0 10 193 3545
3810 18 3947 0 40 105 3546
3810 11 3945 0 103 1 3547
3810 32 3945 0 40 77 3548
3810 13 3947 0 137 49 3549
3810 18 3948 0 108 31 3550
3810 9 3947 0 89 137 3551
3810 17 3944 0 102 59 3552
3810 4 3948 0 100 167 3553
3810 5 3946 0 117 1 3554
3810 29 3947 0 61 4 3555
3810 12 3947 0 14 3 3556
3810 32 3949 0 99 1 3557
3810 6 3949 0 118 4 3558
3825 11 3961 0 113 13 3559
3825 8 3961 0 123 1 3560
3825 6 3961 0 120 146 3561
3825 25 3962 0 99 1 3562
3825 11 3959 0 185 66 3563
3825 29 3962 0 40 77 3564
3825 6 3961 0 18 115 3565
3825 13 3959 0 182 79 3566
3825 15 3961 0 128 23 3567
3825 5 3959 0 117 1 3568
3825 6 3959 0 108 58 3569
3825 20 3960 0 137 49 3570
3825 6 3963 0 150 43 3571
3840 21 3977 0 52 37 3572
3840 4 3978 0 117 1 3573
3840 30 3976 0 66 169 3574
3840 13 3976 0 20 47 3575
3840 11 3976 0 188 80 3576
3840 8 3976 0 113 13 3577
3840 33 3978 0 105 42 3578
3840 30 3976 0 141 56 3579
3840 3 3977 0 108 58 3580
3840 45 3975 0 162 78 3581
3840 16 3973 0 128 23 3582
3840 3 3975 0 118 4 3583
3840 3 3977 0 102 36 3584
3855 20 3991 0 128 23 3585
3855 10 3989 0 185 66 3586
3855 21 3993 0 40 105 3587
3855 19 3991 0 25 122 3588
3855 44 3991 0 109 36 3589
3855 15 3992 0 194 113 3590
3855 17 3989 0 108 31 3591
3855 14 3993 0 156 90 3592
3855 6 3991 0 123 1 3593
3855 21 3990 0 122 137 3594
3855 42 3992 0 133 152 3595
3855 10 3992 0 92 2 3596
3855 5 3990 0 120 146 3597
3855 7 3992 0 10 172 3598
3855 20 3990 0 182 79 3599
3855 34 3990 0 110 114 3600
3860 52 6846 1 103 1 3601
3870 9 4007 0 103 197 3602
3870 11 4006 0 113 13 3603
3870 6 4007 0 120 146 3604
3870 10 4007 0 123 1 3605
3870 25 4007 0 179 186 3606
3870 6 4006 0 102 36 3607
3870 11 4008 0 89 137 3608
3870 18 4007 0 119 94 3609
3870 40 4006 0 109 36 3610
3870 25 4008 0 52 37 3611
3870 5 4005 0 118 4 3612
3870 33 4004 0 61 4 3613
3870 16 4007 0 190 189 3614
3870 15 4008 0 7 35 3615
3870 38 4007 0 99 1 3616
3870 5 4006 0 117 1 3617
3885 11 4021 0 89 137 3618
3885 17 4022 0 190 189 3619
3885 16 4019 0 182 79 3620
3885 13 4020 0 137 49 3621
3885 27 4021 0 61 4 3622
3885 6 4023 0 185 66 3623
3885 16 4019 0 14 3 3624
3885 6 4020 0 123 1 3625
3885 12 4020 0 128 23 3626
3885 3 4023 0 120 146 3627
3885 7 4021 0 113 13 3628
3885 3 4022 0 117 1 3629
3885 10 4020 0 194 169 3630
3885 43 4021 0 133 152 3631
3885 21 4020 0 122 137 3632
3889 79 6876 1 10 193 3633
3900 4 4035 0 118 4 3634
3900 4 4036 0 117 1 3635
3900 15 4034 0 137 49 3636
3900 17 4035 0 40 105 3637
3900 12 4036 0 103 197 3638
3900 36 4035 0 141 56 3639
3900 11 4035 0 10 193 3640
3900 34 4035 0 109 36 3641
3900 6 4035 0 102 36 3642
3900 16 4036 0 108 31 3643
3900 23 4038 0 194 113 3644
3900 10 4034 0 89 137 3645
3900 12 4035 0 113 13 3646
3915 41 4054 0 109 36 3647
3915 18 4051 0 128 23 3648
3915 6 4052 0 103 197 3649
3915 19 4049 0 108 31 3650
3915 40 4050 0 61 4 3651
3915 13 4052 0 190 189 3652
3915 34 4049 0 35 91 3653
3915 44 4052 0 162 78 3654
3915 8 4051 0 103 1 3655
3915 11 4051 0 123 1 3656
3915 23 4050 0 119 94 3657
3915 22 4052 0 102 59 3658
3915 25 4050 0 14 3 3659
3915 13 4052 0 194 113 3660
3915 43 4053 0 63 86 3661
3915 4 4051 0 102 36 3662
3915 6 4052 0 37 7 3663
3930 5 4067 0 158 124 3664
3930 5 4065 0 120 146 3665
3930 6 4066 0 92 2 3666
3930 27 4065 0 141 56 3667
3930 28 4065 0 162 78 3668
3930 21 4065 0 108 31 3669
3930 32 4067 0 105 42 3670
3930 28 4065 0 110 114 3671
3930 27 4066 0 66 169 3672
3930 19 4066 0 137 49 3673
3930 15 4065 0 40 105 3674
3930 37 4064 0 63 86 3675
3930 27 4065 0 109 36 3676
3930 10 4067 0 103 197 3677
3941 48 6925 1 99 1 3678
3945 11 4081 0 89 137 3679
3945 4 4081 0 158 124 3680
3945 4 4080 0 117 1 3681
3945 17 4081 0 128 23 3682
3945 15 4079 0 190 189 3683
3945 21 4080 0 14 3 3684
3945 12 4082 0 122 137 3685
3945 31 4082 0 162 78 3686
3945 6 4082 0 10 172 3687
3945 6 4082 0 120 146 3688
3945 29 4081 0 105 42 3689
3945 18 4082 0 20 47 3690
3945 6 4081 0 102 36 3691
3945 45 4081 0 40 77 3692
3960 3 4096 0 158 124 3693
3960 12 4095 0 123 1 3694
3960 10 4098 0 37 7 3695
3960 28 4096 0 63 86 3696
3960 11 4096 0 103 1 3697
3960 12 4097 0 18 115 3698
3960 19 4095 0 108 31 3699
3960 8 4098 0 92 2 3700
3960 6 4095 0 118 4 3701
3960 21 4096 0 137 49 3702
3960 7 4096 0 113 13 3703
3975 18 4110 0 7 35 3704
3975 6 4111 0 118 4 3705
3975 25 4110 0 119 94 3706
3975 11 4111 0 123 1 3707
3975 7 4111 0 89 137 3708
3975 4 4113 0 117 1 3709
3975 42 4111 0 66 169 3710
3975 28 4110 0 179 186 3711
3975 10 4111 0 113 13 3712
3975 3 4111 0 102 36 3713
3975 23 4111 0 40 105 3714
3975 33 4111 0 99 1 3715
3975 24 4109 0 108 31 3716
3990 6 4125 0 150 43 3717
3990 30 4126 0 105 42 3718
3990 10 4127 0 185 66 3719
3990 4 4126 0 117 1 3720
3990 8 4124 0 103 197 3721
3990 18 4126 0 190 189 3722
3990 12 4126 0 137 49 3723
3990 44 4125 0 141 56 3724
3990 7 4126 0 92 2 3725
3990 12 4125 0 20 47 3726
3990 15 4125 0 182 79 3727
3990 22 4127 0 119 94 3728
3990 7 4127 0 123 1 3729
3990 6 4127 0 37 7 3730
3990 6 4124 0 118 4 3731
4005 3 4141 0 100 167 3732
4005 37 4141 0 162 78 3733
4005 8 4142 0 37 7 3734
4005 32 4141 0 110 114 3735
4005 29 4140 0 40 77 3736
4005 17 4142 0 108 31 3737
4005 25 4139 0 105 42 3738
4005 9 4140 0 185 66 3739
4005 3 4141 0 117 1 3740
4005 32 4140 0 141 56 3741
4005 25 4142 0 137 49 3742
4005 12 4143 0 18 115 3743
4013 71 6999 1 158 124 3744
4020 15 4157 0 119 94 3745
4020 38 4158 0 105 42 3746
4020 10 4156 0 194 169 3747
4020 10 4156 0 123 1 3748
4020 23 4157 0 122 137 3749
4020 3 4159 0 108 58 3750
4020 6 4157 0 158 124 3751
4020 35 4157 0 63 86 3752
4020 28 4157 0 162 78 3753
4020 12 4156 0 188 80 3754
4020 24 4155 0 7 35 3755
4020 6 4157 0 117 1 3756
4035 6 4170 0 158 124 3757
4035 3 4173 0 100 167 3758
4035 22 4171 0 194 113 3759
4035 11 4170 0 113 13 3760
4035 6 4171 0 117 1 3761
4035 4 4173 0 150 43 3762
4035 27 4171 0 40 77 3763
4035 5 4171 0 120 146 3764
4035 8 4168 0 185 66 3765
4035 20 4173 0 40 105 3766
4035 6 4170 0 18 115 3767
4035 15 4172 0 190 189 3768
4035 38 4171 0 110 114 3769
4035 8 4171 0 103 1 3770
4035 27 4170 0 109 36 3771
4036 37 7023 1 100 167 3772
4042 70 7027 1 194 169 3773
4050 24 4185 0 137 49 3774
4050 17 4187 0 14 3 3775
4050 4 4187 0 117 1 3776
4050 10 4186 0 113 13 3777
4050 43 4186 0 99 1 3778
4050 22 4185 0 190 189 3779
4050 3 4185 0 102 36 3780
4050 10 4184 0 92 2 3781
4063 63 7051 1 109 36 3782
4065 12 4202 0 37 7 3783
4065 6 4200 0 118 4 3784
4065 15 4202 0 137 49 3785
4065 10 4201 0 123 1 3786
4065 32 4203 0 63 86 3787
4065 15 4200 0 182 79 3788
4065 7 4200 0 194 169 3789
4065 32 4203 0 61 4 3790
4065 21 4202 0 108 31 3791
4080 23 4215 0 25 122 3792
4080 6 4216 0 118 4 3793
4080 16 4216 0 190 189 3794
4080 18 4215 0 137 49 3795
4080 9 4214 0 123 1 3796
4080 9 4217 0 113 13 3797
4080 5 4216 0 100 167 3798
4080 10 4215 0 194 169 3799
4080 10 4218 0 188 80 3800
4080 33 4216 0 109 36 3801
4080 6 4214 0 10 172 3802
4095 31 4232 0 133 152 3803
4095 12 4231 0 40 105 3804
4095 19 4230 0 182 79 3805
4095 6 4231 0 123 1 3806
4095 44 4233 0 61 4 3807
4095 11 4232 0 113 13 3808
4095 27 4232 0 105 42 3809
4095 25 4231 0 137 49 3810
4095 12 4231 0 156 90 3811
4095 22 4231 0 128 23 3812
4095 42 4232 0 109 36 3813
4095 45 4232 0 63 86 3814
4095 25 4232 0 141 56 3815
4095 10 4231 0 188 80 3816
4095 17 4229 0 14 3 3817
4110 13 4243 0 7 35 3818
4110 6 4247 0 123 1 3819
4110 35 4248 0 109 36 3820
4110 3 4249 0 100 167 3821
4110 17 4245 0 102 59 3822
4110 11 4246 0 92 2 3823
4110 5 4248 0 117 1 3824
4110 6 4245 0 102 36 3825
4110 12 4246 0 10 193 3826
4110 20 4247 0 20 47 3827
4110 18 4247 0 194 113 3828
4110 6 4246 0 103 197 3829
4110 13 4247 0 137 49 3830
4110 22 4244 0 108 31 3831
4110 7 4246 0 188 80 3832
4110 6 4247 0 113 13 3833
4110 33 4246 0 110 114 3834
4120 165 7103 1 156 90 3835
4125 37 4260 0 109 36 3836
4125 8 4260 0 188 80 3837
4125 3 4260 0 102 36 3838
4125 13 4263 0 108 31 3839
4125 26 4263 0 105 42 3840
4125 25 4259 0 182 79 3841
4125 22 4260 0 52 37 3842
4125 31 4262 0 63 86 3843
4125 5 4261 0 118 4 3844
4125 22 4260 0 102 59 3845
4125 6 4260 0 120 146 3846
4125 41 4260 0 179 186 3847
4140 18 4276 0 128 23 3848
4140 3 4277 0 118 4 3849
4140 25 4276 0 194 113 3850
4140 24 4278 0 108 31 3851
4140 12 4276 0 37 7 3852
4140 39 4276 0 40 77 3853
4140 33 4272 0 105 42 3854
4140 3 4278 0 117 1 3855
4140 33 4276 0 35 91 3856
4140 6 4275 0 102 36 3857
4140 30 4276 0 109 36 3858
4143 71 7128 1 185 66 3859
4155 21 4290 0 137 49 3860
4155 43 4292 0 61 4 3861
4155 29 4292 0 109 36 3862
4155 22 4288 0 108 31 3863
4155 5 4289 0 150 43 3864
4155 7 4291 0 188 80 3865
4155 12 4291 0 14 3 3866
4155 3 4291 0 102 36 3867
4155 26 4292 0 105 42 3868
4155 10 4289 0 123 1 3869
4155 13 4290 0 182 79 3870
4155 17 4290 0 119 94 3871
4169 124 7156 1 162 78 3872
4170 17 4306 0 122 137 3873
4170 22 4307 0 182 79 3874
4170 21 4307 0 119 94 3875
4170 3 4305 0 102 36 3876
4170 12 4307 0 113 13 3877
4170 41 4307 0 109 36 3878
4170 25 4308 0 40 105 3879
4170 5 4305 0 118 4 3880
4170 29 4306 0 133 152 3881
4170 16 4305 0 52 37 3882
4170 10 4307 0 185 66 3883
4170 3 4307 0 108 58 3884
4170 6 4305 0 150 43 3885
4170 9 4304 0 194 169 3886
4170 8 4308 0 37 7 3887
4170 20 4306 0 194 113 3888
4170 12 4304 0 108 31 3889
4170 23 4306 0 128 23 3890
4178 32 7164 1 182 79 3891
4185 3 4320 0 150 43 3892
4185 4 4321 0 100 167 3893
4185 4 4320 0 102 36 3894
4185 21 4323 0 119 94 3895
4185 13 4324 0 182 79 3896
4185 5 4320 0 118 4 3897
4185 24 4321 0 128 23 3898
4185 10 4321 0 185 66 3899
4185 20 4321 0 108 31 3900
4185 30 4321 0 105 42 3901
4185 41 4322 0 40 77 3902
4186 139 7173 1 113 13 3903
4190 63 7177 1 179 186 3904
4190 55 7178 1 52 37 3905
4200 6 4337 0 103 197 3906
4200 5 4336 0 158 124 3907
4200 9 4334 0 194 169 3908
4200 23 4336 0 7 35 3909
4200 41 4336 0 66 169 3910
4200 7 4333 0 10 193 3911
4200 5 4335 0 102 36 3912
4200 13 4337 0 122 137 3913
4200 26 4334 0 35 91 3914
4200 25 4335 0 128 23 3915
4200 13 4337 0 137 49 3916
4200 4 4336 0 150 43 3917
4200 9 4336 0 123 1 3918
4200 30 4338 0 109 36 3919
4207 71 7193 1 150 43 3920
4215 6 4350 0 108 58 3921
4215 11 4353 0 123 1 3922
4215 30 4350 0 105 42 3923
4215 3 4351 0 100 167 3924
4215 33 4352 0 63 86 3925
4215 8 4353 0 10 193 3926
4215 8 4350 0 113 13 3927
4215 31 4352 0 110 114 3928
4215 41 4351 0 109 36 3929
4215 10 4352 0 103 197 3930
4215 12 4351 0 128 23 3931
4215 35 4353 0 61 4 3932
4215 38 4350 0 40 77 3933
4230 14 4369 0 14 3 3934
4230 42 4365 0 99 1 3935
4230 45 4366 0 109 36 3936
4230 6 4366 0 118 4 3937
4230 33 4365 0 40 77 3938
4230 27 4365 0 35 91 3939
4230 12 4366 0 92 2 3940
4230 5 4366 0 150 43 3941
4230 40 4364 0 110 114 3942
4230 27 4369 0 162 78 3943
4230 12 4365 0 156 90 3944
4245 8 4380 0 103 1 3945
4245 24 4380 0 137 49 3946
4245 20 4381 0 122 137 3947
4245 44 4381 0 61 4 3948
4245 7 4382 0 194 169 3949
4245 15 4379 0 128 23 3950
4245 3 4381 0 117 1 3951
4245 25 4381 0 182 79 3952
4245 27 4380 0 105 42 3953
4245 14 4381 0 14 3 3954
4245 20 4380 0 102 59 3955
4260 25 4398 0 128 23 3956
4260 28 4393 0 141 56 3957
4260 3 4396 0 118 4 3958
4260 8 4394 0 188 80 3959
4260 8 4397 0 10 193 3960
4260 34 4394 0 105 42 3961
4260 41 4397 0 109 36 3962
4260 4 4395 0 117 1 3963
4260 12 4395 0 52 37 3964
4261 37 7248 1 141 56 3965
4272 147 7257 1 14 3 3966
4275 19 4410 0 137 49 3967
4275 6 4412 0 123 1 3968
4275 16 4408 0 122 137 3969
4275 27 4409 0 109 36 3970
4275 35 4411 0 35 91 3971
4275 16 4408 0 102 59 3972
4275 6 4411 0 120 146 3973
4275 22 4410 0 156 90 3974
4275 42 4410 0 105 42 3975
4275 41 4410 0 110 114 3976
4275 38 4412 0 61 4 3977
4275 18 4411 0 20 47 3978
4275 17 4409 0 108 31 3979
4275 10 4413 0 89 137 3980
4275 45 4410 0 63 86 3981
4275 22 4410 0 190 189 3982
4275 3 4409 0 118 4 3983
4275 17 4411 0 128 23 3984
4275 11 4412 0 10 172 3985
4290 11 4426 0 113 13 3986
4290 25 4426 0 40 105 3987
4290 10 4426 0 123 1 3988
4290 23 4429 0 128 23 3989
4290 41 4425 0 109 36 3990
4290 7 4426 0 188 80 3991
4290 45 4425 0 35 91 3992
4290 38 4427 0 141 56 3993
4290 11 4424 0 194 169 3994
4290 32 4426 0 133 152 3995
4290 29 4426 0 105 42 3996
4290 10 4426 0 10 193 3997
4290 4 4427 0 118 4 3998
4290 8 4427 0 89 137 3999
4290 16 4427 0 108 31 4000
4290 11 4427 0 10 172 4001
4290 6 4428 0 102 36 4002
4290 3 4427 0 120 146 4003
4305 6 4441 0 150 43 4004
4305 38 4441 0 110 114 4005
4305 3 4441 0 158 124 4006
4305 12 4440 0 194 169 4007
4305 6 4440 0 120 146 4008
4305 18 4442 0 190 189 4009
4305 17 4443 0 7 35 4010
4305 4 4440 0 117 1 4011
4305 40 4443 0 61 4 4012
4305 45 4441 0 141 56 4013
4305 26 4442 0 35 91 4014
4305 10 4443 0 123 1 4015
4305 21 4440 0 102 59 4016
4305 16 4441 0 137 49 4017
4305 35 4440 0 109 36 4018
4305 3 4440 0 102 36 4019
4305 17 4442 0 40 105 4020
4320 45 4454 0 35 91 4021
4320 19 4458 0 122 137 4022
4320 4 4453 0 158 124 4023
4320 18 4456 0 137 49 4024
4320 44 4456 0 105 42 4025
4320 12 4456 0 7 35 4026
4320 4 4455 0 117 1 4027
4320 4 4455 0 102 36 4028
4320 44 4455 0 40 77 4029
4320 11 4457 0 185 66 4030
4335 21 4470 0 137 49 4031
4335 8 4470 0 10 172 4032
4335 7 4470 0 89 137 4033
4335 7 4472 0 10 193 4034
4335 39 4470 0 105 42 4035
4335 5 4472 0 150 43 4036
4335 27 4469 0 63 86 4037
4335 5 4471 0 120 146 4038
4335 4 4472 0 117 1 4039
4335 9 4470 0 113 13 4040
4350 7 4487 0 10 172 4041
4350 5 4483 0 120 146 4042
4350 10 4487 0 188 80 4043
4350 11 4486 0 37 7 4044
4350 42 4489 0 109 36 4045
4350 3 4489 0 118 4 4046
4350 9 4486 0 123 1 4047
4350 21 4489 0 128 23 4048
4350 4 4485 0 117 1 4049
4350 32 4484 0 105 42 4050
4350 25 4486 0 108 31 4051
4350 7 4486 0 92 2 4052
4356 91 7343 1 103 1 4053
4364 45 7349 1 162 78 4054
4365 18 4501 0 119 94 4055
4365 9 4502 0 103 1 4056
4365 33 4502 0 109 36 4057
4365 12 4501 0 190 189 4058
4365 42 4500 0 61 4 4059
4365 12 4500 0 89 137 4060
4365 11 4499 0 185 66 4061
4365 43 4501 0 179 186 4062
4365 21 4501 0 137 49 4063
4365 28 4504 0 35 91 4064
4370 72 7359 1 14 3 4065
4371 151 7356 1 120 146 4066
4380 10 4516 0 113 13 4067
4380 11 4518 0 89 137 4068
4380 5 4514 0 120 146 4069
4380 18 4516 0 137 49 4070
4380 38 4516 0 105 42 4071
4380 14 4517 0 102 59 4072
4380 3 4515 0 150 43 4073
4380 29 4514 0 179 186 4074
4380 9 4514 0 10 172 4075
4380 19 4516 0 52 37 4076
4395 5 4532 0 102 36 4077
4395 21 4530 0 102 59 4078
4395 6 4530 0 123 1 4079
4395 11 4535 0 92 2 4080
4395 21 4530 0 119 94 4081
4395 32 4532 0 110 114 4082
4395 5 4530 0 100 167 4083
4395 15 4529 0 128 23 4084
4395 15 4532 0 137 49 4085
4395 7 4531 0 89 137 4086
4396 46 7382 1 102 59 4087
4409 55 7396 1 123 1 4088
4410 22 4547 0 190 189 4089
4410 12 4547 0 18 115 4090
4410 25 4547 0 156 90 4091
4410 5 4547 0 118 4 4092
4410 25 4546 0 141 56 4093
4410 15 4546 0 137 49 4094
4410 41 4546 0 105 42 4095
4410 23 4546 0 108 31 4096
4410 23 4545 0 20 47 4097
4410 44 4545 0 61 4 4098
4410 6 4547 0 150 43 4099
4410 5 4546 0 102 36 4100
4410 6 4543 0 120 146 4101
4410 17 4546 0 128 23 4102
4421 50 7408 1 40 77 4103
4425 19 4559 0 182 79 4104
4425 18 4559 0 7 35 4105
4425 36 4560 0 40 77 4106
4425 17 4562 0 137 49 4107
4425 15 4561 0 52 37 4108
4425 6 4563 0 117 1 4109
4425 15 4560 0 119 94 4110
4425 23 4560 0 190 189 4111
4425 23 4562 0 14 3 4112
4425 39 4562 0 61 4 4113
4425 14 4560 0 108 31 4114
4425 36 4559 0 109 36 4115
4425 28 4561 0 105 42 4116
4425 6 4561 0 103 197 4117
4440 6 4575 0 123 1 4118
4440 21 4577 0 128 23 4119
4440 7 4575 0 185 66 4120
4440 27 4577 0 40 77 4121
4440 4 4577 0 118 4 4122
4440 16 4572 0 108 31 4123
4440 36 4578 0 105 42 4124
4440 6 4574 0 113 13 4125
4440 32 4576 0 110 114 4126
4455 3 4590 0 120 146 4127
4455 23 4591 0 20 47 4128
4455 6 4590 0 100 167 4129
4455 9 4592 0 113 13 4130
4455 10 4591 0 123 1 4131
4455 40 4590 0 40 77 4132
4455 12 4588 0 182 79 4133
4455 14 4589 0 119 94 4134
4455 45 4592 0 63 86 4135
4455 41 4592 0 99 1 4136
4455 12 4591 0 103 1 4137
4455 17 4590 0 190 189 4138
4470 26 4609 0 162 78 4139
4470 10 4604 0 123 1 4140
4470 27 4605 0 109 36 4141
4470 30 4607 0 105 42 4142
4470 24 4605 0 52 37 4143
4470 9 4606 0 188 80 4144
4470 10 4606 0 185 66 4145
4470 5 4606 0 118 4 4146
4470 22 4602 0 156 90 4147
4470 12 4605 0 194 113 4148
4470 13 4605 0 137 49 4149
4470 6 4605 0 103 197 4150
4470 23 4604 0 128 23 4151
4470 23 4608 0 108 31 4152
4471 38 7455 1 103 197 4153
4485 15 4620 0 108 31 4154
4485 6 4622 0 188 80 4155
4485 12 4620 0 194 113 4156
4485 12 4621 0 102 59 4157
4485 24 4622 0 52 37 4158
4485 21 4622 0 137 49 4159
4485 4 4620 0 117 1 4160
4485 20 4621 0 128 23 4161
4485 12 4623 0 113 13 4162
4485 45 4619 0 133 152 4163
4485 7 4623 0 185 66 4164
4485 5 4619 0 100 167 4165
4485 5 4621 0 118 4 4166
4500 21 4636 0 20 47 4167
4500 6 4636 0 37 7 4168
4500 11 4634 0 92 2 4169
4500 11 4635 0 18 115 4170
4500 7 4636 0 194 169 4171
4500 14 4636 0 119 94 4172
4500 23 4637 0 156 90 4173
4500 26 4636 0 162 78 4174
4500 9 4638 0 10 193 4175
4500 5 4638 0 118 4 4176
4500 22 4635 0 128 23 4177
4500 10 4637 0 188 80 4178
4500 8 4636 0 123 1 4179
4502 43 7489 1 120 146 4180
4505 37 7492 1 118 4 4181
4515 9 4653 0 123 1 4182
4515 18 4651 0 102 59 4183
4515 21 4650 0 128 23 4184
4515 11 4650 0 188 80 4185
4515 11 4650 0 10 193 4186
4515 13 4650 0 40 105 4187
4515 4 4651 0 150 43 4188
4515 35 4652 0 105 42 4189
4515 17 4652 0 137 49 4190
4515 11 4650 0 10 172 4191
4515 21 4649 0 194 113 4192
4515 27 4652 0 133 152 4193
4515 5 4650 0 118 4 4194
4515 24 4652 0 122 137 4195
4530 4 4667 0 150 43 4196
4530 5 4666 0 102 36 4197
4530 23 4665 0 128 23 4198
4530 7 4663 0 113 13 4199
4530 25 4666 0 194 113 4200
4530 22 4666 0 122 137 4201
4530 19 4668 0 20 47 4202
4530 16 4668 0 108 31 4203
4530 17 4665 0 102 59 4204
4530 28 4667 0 105 42 4205
4530 5 4665 0 120 146 4206
4530 25 4664 0 7 35 4207
4530 6 4665 0 185 66 4208
4545 8 4682 0 113 13 4209
4545 37 4684 0 35 91 4210
4545 14 4682 0 128 23 4211
4545 17 4681 0 194 113 4212
4545 6 4682 0 117 1 4213
4545 10 4681 0 89 137 4214
4545 12 4680 0 156 90 4215
4545 6 4681 0 158 124 4216
4545 18 4681 0 182 79 4217
4545 11 4681 0 103 197 4218
4545 4 4684 0 120 146 4219
4545 11 4682 0 188 80 4220
4545 36 4678 0 109 36 4221
4545 45 4681 0 63 86 4222
4560 36 4696 0 61 4 4223
4560 13 4697 0 128 23 4224
4560 6 4696 0 100 167 4225
4560 5 4697 0 102 36 4226
4560 6 4695 0 194 169 4227
4560 26 4695 0 109 36 4228
4560 12 4696 0 122 137 4229
4560 35 4698 0 179 186 4230
4560 6 4696 0 113 13 4231
4560 37 4696 0 99 1 4232
4560 4 4695 0 108 58 4233
4560 10 4694 0 185 66 4234
4560 5 4699 0 117 1 4235
4560 45 4696 0 162 78 4236
4572 119 7557 1 7 35 4237
4575 15 4711 0 128 23 4238
4575 3 4709 0 108 58 4239
4575 7 4710 0 37 7 4240
4575 9 4712 0 10 172 4241
4575 30 4708 0 109 36 4242
4575 4 4712 0 150 43 4243
4575 22 4712 0 156 90 4244
4575 5 4709 0 117 1 4245
4575 26 4709 0 61 4 4246
4575 6 4713 0 123 1 4247
4575 13 4711 0 108 31 4248
4575 24 4712 0 137 49 4249
4590 17 4725 0 119 94 4250
4590 9 4727 0 123 1 4251
4590 18 4728 0 40 105 4252
4590 39 4726 0 105 42 4253
4590 20 4726 0 128 23 4254
4590 7 4725 0 113 13 4255
4590 3 4725 0 118 4 4256
4590 39 4727 0 133 152 4257
4605 21 4740 0 20 47 4258
4605 26 4740 0 110 114 4259
4605 17 4742 0 137 49 4260
4605 34 4741 0 61 4 4261
4605 44 4742 0 40 77 4262
4605 38 4738 0 179 186 4263
4605 4 4741 0 108 58 4264
4605 13 4742 0 40 105 4265
4605 9 4741 0 92 2 4266
4605 15 4742 0 156 90 4267
4605 12 4741 0 7 35 4268
4605 7 4740 0 123 1 4269
4605 30 4741 0 105 42 4270
4605 17 4743 0 108 31 4271
4605 22 4741 0 128 23 4272
4605 27 4741 0 162 78 4273
4605 5 4741 0 102 36 4274
4620 28 4753 0 61 4 4275
4620 37 4756 0 35 91 4276
4620 6 4754 0 118 4 4277
4620 20 4756 0 52 37 4278
4620 12 4758 0 113 13 4279
4620 17 4756 0 137 49 4280
4620 3 4753 0 102 36 4281
4620 11 4754 0 123 1 4282
4620 25 4755 0 194 113 4283
4620 25 4755 0 40 77 4284
4620 35 4756 0 109 36 4285
4635 18 4772 0 119 94 4286
4635 5 4772 0 120 146 4287
4635 12 4770 0 102 59 4288
4635 37 4771 0 61 4 4289
4635 36 4769 0 133 152 4290
4635 14 4772 0 137 49 4291
4635 18 4771 0 128 23 4292
4635 4 4770 0 118 4 4293
4635 11 4772 0 188 80 4294
4635 22 4769 0 108 31 4295
4635 40 4769 0 35 91 4296
4635 3 4773 0 150 43 4297
4638 71 7624 1 128 23 4298
4642 41 7628 1 113 13 4299
4650 15 4784 0 108 31 4300
4650 12 4788 0 123 1 4301
4650 6 4786 0 102 36 4302
4650 24 4786 0 128 23 4303
4650 40 4786 0 105 42 4304
4650 24 4787 0 14 3 4305
4650 12 4787 0 103 197 4306
4650 39 4785 0 61 4 4307
4664 76 7649 1 194 113 4308
4665 9 4802 0 10 193 4309
4665 3 4802 0 108 58 4310
4665 22 4803 0 137 49 4311
4665 31 4802 0 109 36 4312
4665 36 4802 0 105 42 4313
4665 7 4801 0 37 7 4314
4665 21 4802 0 128 23 4315
4665 12 4802 0 123 1 4316
4665 12 4803 0 188 80 4317
4665 44 4799 0 99 1 4318
4665 5 4802 0 118 4 4319
4665 43 4800 0 110 114 4320
4675 48 7660 1 7 35 4321
4680 32 4818 0 99 1 4322
4680 20 4816 0 137 49 4323
4680 37 4816 0 179 186 4324
4680 4 4816 0 117 1 4325
4680 35 4814 0 40 77 4326
4680 5 4816 0 108 58 4327
4680 25 4817 0 40 105 4328
4680 13 4817 0 119 94 4329
4680 20 4818 0 128 23 4330
4680 6 4816 0 118 4 4331
4680 12 4817 0 188 80 4332
4680 10 4816 0 113 13 4333
4680 8 4817 0 18 115 4334
4695 8 4830 0 194 169 4335
4695 22 4831 0 137 49 4336
4695 18 4832 0 122 137 4337
4695 13 4831 0 190 189 4338
4695 11 4831 0 92 2 4339
4695 12 4830 0 37 7 4340
4695 3 4831 0 117 1 4341
4695 41 4832 0 162 78 4342
4695 36 4831 0 109 36 4343
4695 7 4830 0 123 1 4344
4695 23 4830 0 102 59 4345
4695 6 4831 0 188 80 4346
4695 12 4832 0 113 13 4347
4695 43 4832 0 179 186 4348
4695 23 4830 0 20 47 4349
4695 6 4830 0 118 4 4350
4695 8 4833 0 10 172 4351
4695 25 4832 0 105 42 4352
4695 8 4830 0 103 197 4353
4710 15 4846 0 190 189 4354
4710 9 4847 0 18 115 4355
4710 22 4846 0 137 49 4356
4710 15 4847 0 14 3 4357
4710 9 4846 0 92 2 4358
4710 44 4848 0 133 152 4359
4710 45 4845 0 105 42 4360
4710 5 4845 0 102 36 4361
4710 6 4846 0 117 1 4362
4710 13 4846 0 128 23 4363
4710 33 4848 0 40 77 4364
4710 3 4844 0 118 4 4365
4710 45 4847 0 109 36 4366
4710 6 4846 0 150 43 4367
4710 19 4846 0 102 59 4368
4710 16 4845 0 108 31 4369
4725 26 4861 0 35 91 4370
4725 7 4864 0 10 172 4371
4725 27 4862 0 109 36 4372
4725 20 4862 0 108 31 4373
4725 26 4864 0 110 114 4374
4725 37 4862 0 133 152 4375
4725 4 4860 0 102 36 4376
4725 5 4862 0 118 4 4377
4725 16 4860 0 128 23 4378
4725 3 4862 0 150 43 4379
4725 4 4860 0 120 146 4380
4725 20 4857 0 182 79 4381
4729 62 7712 1 10 172 4382
4740 25 4877 0 108 31 4383
4740 7 4876 0 10 193 4384
4740 33 4875 0 99 1 4385
4740 25 4875 0 105 42 4386
4740 12 4876 0 103 1 4387
4740 15 4875 0 137 49 4388
4740 26 4877 0 162 78 4389
4740 6 4875 0 118 4 4390
4750 64 7737 1 188 80 4391
4755 7 4892 0 37 7 4392
4755 24 4890 0 137 49 4393
4755 15 4892 0 128 23 4394
4755 6 4893 0 117 1 4395
4755 12 4890 0 7 35 4396
4755 18 4891 0 182 79 4397
4755 35 4891 0 63 86 4398
4755 42 4890 0 110 114 4399
4755 16 4891 0 108 31 4400
4755 5 4891 0 100 167 4401
4770 6 4908 0 118 4 4402
4770 23 4906 0 20 47 4403
4770 36 4905 0 109 36 4404
4770 42 4907 0 141 56 4405
4770 5 4905 0 150 43 4406
4770 4 4905 0 117 1 4407
4770 16 4908 0 102 59 4408
4770 10 4907 0 92 2 4409
4770 45 4906 0 133 152 4410
4770 16 4906 0 156 90 4411
4770 43 4907 0 61 4 4412
4770 7 4906 0 103 1 4413
4770 13 4907 0 194 113 4414
4770 6 4907 0 158 124 4415
4780 33 7769 1 119 94 4416
4785 26 4922 0 109 36 4417
4785 43 4922 0 61 4 4418
4785 19 4920 0 40 105 4419
4785 36 4920 0 105 42 4420
4785 14 4923 0 137 49 4421
4785 44 4920 0 179 186 4422
4785 22 4923 0 14 3 4423
4785 3 4919 0 120 146 4424
4785 3 4921 0 118 4 4425
4800 39 4935 0 40 77 4426
4800 9 4937 0 10 193 4427
4800 5 4935 0 100 167 4428
4800 33 4936 0 109 36 4429
4800 4 4935 0 118 4 4430
4800 6 4935 0 123 1 4431
4800 7 4937 0 103 197 4432
4800 23 4939 0 102 59 4433
4800 33 4937 0 141 56 4434
4800 44 4934 0 63 86 4435
4800 11 4936 0 194 169 4436
4815 38 4950 0 66 169 4437
4815 17 4952 0 122 137 4438
4815 22 4951 0 102 59 4439
4815 12 4951 0 123 1 4440
4815 6 4950 0 117 1 4441
4815 10 4951 0 185 66 4442
4815 26 4951 0 99 1 4443
4815 6 4949 0 158 124 4444
4815 41 4953 0 133 152 4445
4815 43 4951 0 179 186 4446
4815 21 4952 0 137 49 4447
4815 21 4951 0 128 23 4448
4815 6 4951 0 194 169 4449
4815 15 4951 0 190 189 4450
4815 4 4950 0 118 4 4451
4815 10 4953 0 10 172 4452
4815 8 4950 0 89 137 4453
4815 12 4949 0 182 79 4454
4830 9 4966 0 10 193 4455
4830 32 4967 0 109 36 4456
4830 22 4963 0 128 23 4457
4830 42 4966 0 110 114 4458
4830 38 4966 0 133 152 4459
4830 32 4963 0 105 42 4460
4830 6 4965 0 123 1 4461
4830 40 4962 0 141 56 4462
4830 20 4966 0 108 31 4463
4830 9 4964 0 37 7 4464
4830 18 4966 0 156 90 4465
4830 27 4968 0 61 4 4466
4843 103 7828 1 137 49 4467
4845 20 4982 0 137 49 4468
4845 4 4981 0 117 1 4469
4845 28 4981 0 105 42 4470
4845 28 4981 0 35 91 4471
4845 8 4979 0 10 172 4472
4845 7 4982 0 123 1 4473
4845 14 4981 0 102 59 4474
4845 31 4981 0 99 1 4475
4848 151 7834 1 133 152 4476
4860 13 4996 0 137 49 4477
4860 4 4997 0 118 4 4478
4860 7 4997 0 10 172 4479
4860 10 4996 0 113 13 4480
4860 40 4997 0 110 114 4481
4860 5 4998 0 100 167 4482
4860 41 4995 0 109 36 4483
4860 20 4996 0 122 137 4484
4860 21 4997 0 25 122 4485
4860 16 4995 0 108 31 4486
4860 6 4996 0 123 1 4487
4860 11 4996 0 188 80 4488
4875 6 5010 0 123 1 4489
4875 44 5013 0 63 86 4490
4875 7 5009 0 103 1 4491
4875 38 5011 0 105 42 4492
4875 40 5010 0 66 169 4493
4875 40 5011 0 162 78 4494
4875 10 5011 0 10 172 4495
4875 20 5012 0 137 49 4496
4875 3 5011 0 102 36 4497
4875 14 5011 0 194 113 4498
4875 15 5010 0 14 3 4499
4875 42 5010 0 109 36 4500
4890 6 5028 0 118 4 4501
4890 5 5026 0 150 43 4502
4890 22 5025 0 194 113 4503
4890 6 5026 0 102 36 4504
4890 12 5028 0 18 115 4505
4890 43 5025 0 109 36 4506
4890 8 5027 0 113 13 4507
4890 41 5025 0 110 114 4508
4890 12 5026 0 52 37 4509
4890 14 5025 0 119 94 4510
4890 3 5025 0 117 1 4511
4890 22 5028 0 137 49 4512
4905 15 5041 0 128 23 4513
4905 25 5041 0 156 90 4514
4905 45 5040 0 109 36 4515
4905 30 5040 0 99 1 4516
4905 4 5041 0 102 36 4517
4905 35 5039 0 63 86 4518
4905 12 5040 0 188 80 4519
4905 35 5040 0 61 4 4520
4905 8 5040 0 113 13 4521
4905 6 5039 0 118 4 4522
4905 16 5040 0 108 31 4523
4920 8 5056 0 10 193 4524
4920 21 5055 0 40 105 4525
4920 6 5057 0 117 1 4526
4920 26 5056 0 105 42 4527
4920 12 5054 0 123 1 4528
4920 19 5053 0 128 23 4529
4920 16 5057 0 25 122 4530
4920 19 5054 0 108 31 4531
4920 4 5055 0 118 4 4532
4920 9 5054 0 92 2 4533
4920 4 5056 0 102 36 4534
4920 21 5056 0 7 35 4535
4920 8 5056 0 37 7 4536
4920 33 5056 0 66 169 4537
4920 44 5057 0 109 36 4538
4920 21 5055 0 20 47 4539
4922 132 7905 1 158 124 4540
4930 73 7916 1 40 105 4541
4935 8 5071 0 10 172 4542
4935 12 5070 0 10 193 4543
4935 22 5071 0 137 49 4544
4935 36 5074 0 35 91 4545
4935 41 5069 0 109 36 4546
4935 25 5072 0 156 90 4547
4935 21 5073 0 7 35 4548
4935 12 5072 0 194 113 4549
4935 8 5071 0 92 2 4550
4935 4 5069 0 158 124 4551
4935 3 5070 0 102 36 4552
4935 7 5069 0 103 1 4553
4935 32 5068 0 105 42 4554
4943 48 7928 1 37 7 4555
4950 3 5086 0 102 36 4556
4950 11 5084 0 113 13 4557
4950 6 5087 0 10 172 4558
4950 43 5084 0 99 1 4559
4950 25 5086 0 156 90 4560
4950 6 5086 0 194 169 4561
4950 32 5086 0 40 77 4562
4950 19 5087 0 137 49 4563
4950 38 5085 0 105 42 4564
4950 21 5085 0 128 23 4565
4950 30 5084 0 61 4 4566
4950 3 5085 0 150 43 4567
4950 44 5085 0 109 36 4568
4950 16 5087 0 122 137 4569
4950 26 5086 0 63 86 4570
4965 9 5099 0 103 1 4571
4965 30 5100 0 40 77 4572
4965 6 5099 0 92 2 4573
4965 3 5101 0 117 1 4574
4965 14 5101 0 25 122 4575
4965 18 5102 0 108 31 4576
4965 9 5101 0 188 80 4577
4965 5 5101 0 108 58 4578
4965 22 5103 0 137 49 4579
4965 14 5102 0 128 23 4580
4965 26 5101 0 35 91 4581
4965 8 5100 0 18 115 4582
4965 45 5101 0 179 186 4583
4965 22 5100 0 102 59 4584
4965 8 5101 0 113 13 4585
4980 15 5114 0 194 113 4586
4980 33 5115 0 99 1 4587
4980 21 5118 0 156 90 4588
4980 45 5113 0 105 42 4589
4980 23 5117 0 102 59 4590
4980 6 5118 0 102 36 4591
4980 28 5117 0 109 36 4592
4980 30 5116 0 162 78 4593
4980 6 5116 0 108 58 4594
4980 12 5116 0 113 13 4595
4980 11 5117 0 123 1 4596
4980 9 5116 0 10 193 4597
4980 15 5117 0 25 122 4598
4980 24 5117 0 128 23 4599
4980 3 5115 0 118 4 4600
4980 15 5117 0 40 105 4601
4980 10 5117 0 185 66 4602
4980 14 5115 0 137 49 4603
4980 25 5116 0 52 37 4604
4984 151 7970 1 185 66 4605
4985 114 7973 1 109 36 4606
4986 31 7973 1 110 114 4607
4993 36 7979 1 108 31 4608
4995 9 5132 0 194 169 4609
4995 14 5134 0 40 105 4610
4995 29 5132 0 109 36 4611
4995 21 5132 0 137 49 4612
4995 6 5129 0 120 146 4613
4995 41 5132 0 99 1 4614
4995 18 5134 0 194 113 4615
4995 5 5130 0 150 43 4616
4995 12 5132 0 10 193 4617
4995 3 5131 0 108 58 4618
4995 4 5132 0 117 1 4619
4995 29 5129 0 40 77 4620
4995 20 5132 0 182 79 4621
5010 37 5145 0 63 86 4622
5010 49 7998 1 117 1 4623
5010 28 5148 0 133 152 4624
5010 32 5145 0 109 36 4625
5010 10 5146 0 89 137 4626
5010 3 5145 0 102 36 4627
5010 4 5147 0 100 167 4628
5010 4 5144 0 120 146 4629
5010 6 5145 0 92 2 4630
5010 9 5146 0 103 1 4631
5010 25 5146 0 25 122 4632
5010 39 5147 0 110 114 4633
5010 27 5145 0 66 169 4634
5010 24 5145 0 137 49 4635
5010 12 5145 0 123 1 4636
5010 8 5144 0 113 13 4637
5010 3 5148 0 150 43 4638
5010 5 5147 0 117 1 4639
5010 40 5146 0 35 91 4640
5010 18 5148 0 40 105 4641
5010 22 5146 0 119 94 4642
5025 25 5160 0 108 31 4643
5025 5 5158 0 118 4 4644
5025 10 5161 0 37 7 4645
5025 26 5159 0 66 169 4646
5025 4 5161 0 117 1 4647
5025 10 5163 0 89 137 4648
5025 8 5162 0 123 1 4649
5025 8 5162 0 10 172 4650
5025 6 5161 0 102 36 4651
5025 4 5158 0 108 58 4652
5025 8 5162 0 113 13 4653
5025 29 5162 0 133 152 4654
5025 23 5161 0 190 189 4655
5025 40 5163 0 109 36 4656
5040 9 5176 0 123 1 4657
5040 11 5177 0 185 66 4658
5040 20 5175 0 194 113 4659
5040 40 5178 0 141 56 4660
5040 19 5175 0 137 49 4661
5040 6 5175 0 120 146 4662
5040 6 5178 0 117 1 4663
5040 25 5175 0 25 122 4664
5040 19 5177 0 182 79 4665
5040 14 5177 0 128 23 4666
5040 34 5177 0 105 42 4667
5040 7 5177 0 10 193 4668
5040 9 5176 0 103 1 4669
5040 44 5176 0 40 77 4670
5040 5 5175 0 118 4 4671
5040 36 5176 0 110 114 4672
5050 66 8036 1 18 115 4673
5055 35 5192 0 99 1 4674
5055 6 5191 0 100 167 4675
5055 3 5191 0 118 4 4676
5055 33 5191 0 61 4 4677
5055 31 5192 0 133 152 4678
5055 17 5190 0 122 137 4679
5055 17 5192 0 194 113 4680
5055 17 5190 0 40 105 4681
5055 21 5193 0 137 49 4682
5055 27 5192 0 66 169 4683
5055 35 5191 0 40 77 4684
5055 12 5190 0 7 35 4685
5055 22 5190 0 182 79 4686
5055 21 5191 0 108 31 4687
5065 37 8051 1 63 86 4688
5070 19 5205 0 20 47 4689
5070 16 5204 0 128 23 4690
5070 7 5206 0 194 169 4691
5070 16 5207 0 7 35 4692
5070 45 5206 0 105 42 4693
5070 4 5207 0 102 36 4694
5070 20 5205 0 190 189 4695
5070 43 5207 0 133 152 4696
5070 3 5208 0 118 4 4697
5070 12 5206 0 113 13 4698
5070 13 5207 0 137 49 4699
5070 10 5206 0 89 137 4700
5085 28 5220 0 61 4 4701
5085 5 5222 0 118 4 4702
5085 5 5219 0 117 1 4703
5085 17 5220 0 128 23 4704
5085 17 5221 0 190 189 4705
5085 37 5222 0 105 42 4706
5085 35 5222 0 35 91 4707
5085 14 5222 0 137 49 4708
5085 44 5222 0 141 56 4709
5085 27 5223 0 63 86 4710
5085 40 5220 0 179 186 4711
5085 4 5221 0 108 58 4712
5085 32 5221 0 99 1 4713
5085 12 5220 0 156 90 4714
5085 9 5222 0 123 1 4715
5100 19 5235 0 108 31 4716
5100 4 5238 0 150 43 4717
5100 4 5233 0 158 124 4718
5100 9 5235 0 18 115 4719
5100 17 5237 0 20 47 4720
5100 12 5235 0 122 137 4721
5100 22 5235 0 137 49 4722
5100 18 5234 0 102 59 4723
5100 30 5234 0 109 36 4724
5100 10 5235 0 123 1 4725
5100 9 5236 0 10 193 4726
5115 43 5252 0 105 42 4727
5115 45 5251 0 110 114 4728
5115 12 5251 0 52 37 4729
5115 11 5249 0 123 1 4730
5115 4 5251 0 100 167 4731
5115 10 5252 0 113 13 4732
5115 43 5251 0 109 36 4733
5115 7 5251 0 185 66 4734
5115 11 5251 0 10 193 4735
5126 33 8113 1 103 1 4736
5130 41 5266 0 133 152 4737
5130 4 5265 0 150 43 4738
5130 5 5265 0 108 58 4739
5130 7 5267 0 103 1 4740
5130 9 5269 0 113 13 4741
5130 28 5266 0 99 1 4742
5130 22 5266 0 14 3 4743
5130 6 5267 0 120 146 4744
5130 17 5265 0 40 105 4745
5130 4 5266 0 117 1 4746
5130 7 5266 0 194 169 4747
5145 16 5279 0 182 79 4748
5145 18 5281 0 137 49 4749
5145 7 5280 0 18 115 4750
5145 35 5281 0 179 186 4751
5145 31 5282 0 133 152 4752
5145 11 5279 0 123 1 4753
5145 12 5282 0 188 80 4754
5145 9 5280 0 92 2 4755
5145 44 5280 0 105 42 4756
5145 35 5279 0 162 78 4757
5145 19 5279 0 128 23 4758
5147 43 8132 1 108 58 4759
5160 42 5297 0 133 152 4760
5160 8 5297 0 123 1 4761
5160 8 5298 0 18 115 4762
5160 5 5296 0 117 1 4763
5160 20 5295 0 137 49 4764
5160 10 5295 0 37 7 4765
5160 13 5298 0 108 31 4766
5160 12 5298 0 103 197 4767
5160 24 5294 0 122 137 4768
5160 7 5296 0 103 1 4769
5160 7 5297 0 113 13 4770
5160 31 5295 0 105 42 4771
5160 5 5295 0 102 36 4772
5160 30 5298 0 63 86 4773
5175 38 5310 0 66 169 4774
5175 14 5311 0 108 31 4775
5175 17 5312 0 102 59 4776
5175 7 5310 0 89 137 4777
5175 9 5309 0 113 13 4778
5175 14 5309 0 137 49 4779
5175 6 5310 0 118 4 4780
5175 31 5310 0 61 4 4781
5175 6 5313 0 120 146 4782
5175 8 5309 0 92 2 4783
5175 13 5310 0 14 3 4784
5190 31 5327 0 35 91 4785
5190 42 5325 0 179 186 4786
5190 8 5326 0 103 1 4787
5190 21 5329 0 137 49 4788
5190 21 5326 0 108 31 4789
5190 17 5327 0 119 94 4790
5190 24 5327 0 190 189 4791
5190 6 5327 0 92 2 4792
5190 5 5327 0 117 1 4793
5190 6 5327 0 18 115 4794
5190 3 5328 0 100 167 4795
5205 10 5343 0 194 169 4796
5205 12 5342 0 113 13 4797
5205 10 5340 0 103 197 4798
5205 6 5341 0 102 36 4799
5205 11 5341 0 103 1 4800
5205 19 5340 0 137 49 4801
5205 39 5341 0 99 1 4802
5205 14 5341 0 128 23 4803
5205 10 5342 0 185 66 4804
5205 12 5341 0 10 193 4805
5205 31 5341 0 109 36 4806
5205 45 5340 0 66 169 4807
5205 18 5340 0 108 31 4808
5205 12 5341 0 37 7 4809
5205 3 5340 0 117 1 4810
5205 22 5339 0 25 122 4811
5217 67 8203 1 133 152 4812
5220 42 5358 0 105 42 4813
5220 43 5358 0 99 1 4814
5220 34 5357 0 63 86 4815
5220 20 5356 0 119 94 4816
5220 20 5356 0 128 23 4817
5220 19 5356 0 182 79 4818
5220 7 5355 0 103 197 4819
5220 5 5356 0 102 36 4820
5220 31 5355 0 162 78 4821
5220 11 5356 0 113 13 4822
5220 41 5355 0 109 36 4823
5220 6 5357 0 117 1 4824
5220 25 5357 0 52 37 4825
5220 17 5357 0 14 3 4826
5235 37 5371 0 105 42 4827
5235 6 5370 0 118 4 4828
5235 10 5370 0 18 115 4829
5235 20 5371 0 137 49 4830
5235 6 5371 0 102 36 4831
5235 26 5373 0 179 186 4832
5235 16 5370 0 156 90 4833
5235 10 5372 0 194 169 4834
5235 40 5371 0 133 152 4835
5235 11 5370 0 10 172 4836
5235 28 5373 0 61 4 4837
5235 32 5372 0 109 36 4838
5235 15 5370 0 20 47 4839
5235 3 5370 0 100 167 4840
5235 3 5369 0 120 146 4841
5235 23 5371 0 194 113 4842
5235 21 5373 0 108 31 4843
5235 17 5370 0 40 105 4844
5250 12 5388 0 123 1 4845
5250 4 5385 0 120 146 4846
5250 9 5386 0 92 2 4847
5250 7 5384 0 103 197 4848
5250 15 5387 0 14 3 4849
5250 30 5383 0 35 91 4850
5250 15 5387 0 128 23 4851
5250 37 5385 0 105 42 4852
5250 19 5385 0 137 49 4853
5250 15 5385 0 119 94 4854
5250 4 5387 0 118 4 4855
5250 15 5386 0 25 122 4856
5250 39 5386 0 133 152 4857
5250 9 5384 0 113 13 4858
5265 3 5401 0 118 4 4859
5265 19 5400 0 108 31 4860
5265 41 5402 0 66 169 4861
5265 12 5403 0 194 113 4862
5265 6 5403 0 113 13 4863
5265 9 5403 0 10 193 4864
5265 11 5401 0 185 66 4865
5265 6 5402 0 18 115 4866
5265 10 5402 0 10 172 4867
5265 28 5400 0 99 1 4868
5265 33 5401 0 109 36 4869
5265 14 5401 0 128 23 4870
5265 13 5401 0 25 122 4871
5265 25 5399 0 105 42 4872
5265 32 5402 0 63 86 4873
5265 28 5401 0 133 152 4874
5265 41 5402 0 162 78 4875
5280 30 5416 0 66 169 4876
5280 23 5416 0 128 23 4877
5280 4 5414 0 100 167 4878
5280 5 5416 0 118 4 4879
5280 9 5418 0 123 1 4880
5280 41 5416 0 109 36 4881
5280 11 5416 0 194 169 4882
5280 4 5415 0 102 36 4883
5280 28 5417 0 162 78 4884
5280 23 5417 0 7 35 4885
5280 44 5415 0 105 42 4886
5280 10 5418 0 188 80 4887
5280 5 5416 0 158 124 4888
5280 13 5416 0 194 113 4889
5280 21 5416 0 40 105 4890
5295 20 5432 0 25 122 4891
5295 6 5429 0 117 1 4892
5295 12 5433 0 185 66 4893
5295 7 5429 0 103 197 4894
5295 22 5430 0 190 189 4895
5295 6 5430 0 118 4 4896
5295 13 5429 0 182 79 4897
5295 22 5430 0 7 35 4898
5295 10 5431 0 103 1 4899
5295 31 5429 0 105 42 4900
5295 3 5432 0 108 58 4901
5295 34 5431 0 133 152 4902
5295 22 5430 0 108 31 4903
5295 8 5431 0 89 137 4904
5295 11 5430 0 113 13 4905
5310 31 5448 0 141 56 4906
5310 44 5444 0 109 36 4907
5310 39 5446 0 40 77 4908
5310 4 5446 0 118 4 4909
5310 10 5448 0 89 137 4910
5310 3 5448 0 117 1 4911
5310 21 5448 0 14 3 4912
5310 37 5448 0 162 78 4913
5310 15 5446 0 156 90 4914
5310 15 5447 0 20 47 4915
5325 7 5459 0 10 172 4916
5325 16 5462 0 102 59 4917
5325 30 5461 0 61 4 4918
5325 6 5461 0 108 58 4919
5325 25 5459 0 128 23 4920
5325 16 5462 0 137 49 4921
5325 12 5462 0 108 31 4922
5325 44 5461 0 40 77 4923
5325 6 5461 0 150 43 4924
5325 21 5461 0 182 79 4925
5325 5 5461 0 158 124 4926
5325 4 5460 0 102 36 4927
5325 12 5458 0 52 37 4928
5325 25 5460 0 109 36 4929
5325 6 5458 0 123 1 4930
5325 4 5460 0 117 1 4931
5340 32 5474 0 109 36 4932
5340 24 5476 0 156 90 4933
5340 23 5477 0 7 35 4934
5340 18 5476 0 194 113 4935
5340 6 5474 0 113 13 4936
5340 45 5476 0 105 42 4937
5340 26 5478 0 141 56 4938
5340 29 5475 0 179 186 4939
5340 4 5477 0 118 4 4940
5340 23 5475 0 108 31 4941
5340 6 5476 0 89 137 4942
5340 5 5476 0 117 1 4943
5340 20 5477 0 14 3 4944
5340 11 5477 0 103 197 4945
5355 15 5492 0 128 23 4946
5355 19 5490 0 102 59 4947
5355 25 5491 0 156 90 4948
5355 8 5492 0 10 193 4949
5355 21 5492 0 137 49 4950
5355 12 5491 0 103 197 4951
5355 3 5490 0 102 36 4952
5355 9 5491 0 123 1 4953
5355 12 5494 0 37 7 4954
5355 6 5493 0 18 115 4955
5355 9 5491 0 113 13 4956
5355 3 5491 0 117 1 4957
5355 17 5490 0 7 35 4958
5355 20 5492 0 119 94 4959
5370 13 5507 0 137 49 4960
5370 13 5508 0 7 35 4961
5370 36 5505 0 66 169 4962
5370 19 5507 0 108 31 4963
5370 25 5507 0 156 90 4964
5370 10 5506 0 10 193 4965
5370 33 5506 0 133 152 4966
5370 6 5507 0 118 4 4967
5370 9 5508 0 103 197 4968
5370 16 5506 0 102 59 4969
5370 38 5507 0 162 78 4970
5370 24 5505 0 128 23 4971
5370 5 5505 0 100 167 4972
5370 28 5504 0 40 77 4973
5370 5 5506 0 102 36 4974
5370 7 5504 0 103 1 4975
5370 17 5507 0 25 122 4976
5370 12 5505 0 52 37 4977
5370 44 5504 0 109 36 4978
5370 13 5506 0 182 79 4979
5370 21 5505 0 119 94 4980
5381 57 8368 1 150 43 4981
5385 12 5522 0 25 122 4982
5385 6 5522 0 100 167 4983
5385 20 5520 0 137 49 4984
5385 4 5519 0 117 1 4985
5385 15 5521 0 128 23 4986
5385 6 5521 0 118 4 4987
5385 12 5520 0 190 189 4988
5385 5 5521 0 102 36 4989
5385 7 5520 0 113 13 4990
5385 35 5521 0 179 186 4991
5385 12 5518 0 188 80 4992
5397 194 8383 1 25 122 4993
5400 12 5537 0 188 80 4994
5400 39 5536 0 133 152 4995
5400 17 5537 0 122 137 4996
5400 17 5535 0 182 79 4997
5400 45 5538 0 109 36 4998
5400 13 5536 0 108 31 4999
5400 14 5536 0 52 37 5000
5400 5 5534 0 102 36 5001
5400 21 5536 0 40 105 5002
5400 8 5537 0 123 1 5003
5400 18 5536 0 25 122 5004
5400 15 5537 0 20 47 5005
5400 23 5538 0 194 113 5006
5400 18 5538 0 7 35 5007
5400 12 5538 0 113 13 5008
5400 44 5536 0 61 4 5009
5414 79 8401 1 190 189 5010
5415 4 5552 0 118 4 5011
5415 37 5551 0 109 36 5012
5415 25 5552 0 108 31 5013
5415 17 5553 0 156 90 5014
5415 3 5550 0 102 36 5015
5415 4 5551 0 158 124 5016
5415 13 5550 0 20 47 5017
5415 5 5553 0 120 146 5018
5415 20 5551 0 137 49 5019
5415 39 5551 0 105 42 5020
5415 7 5553 0 123 1 5021
5415 4 5553 0 100 167 5022
5430 3 5567 0 118 4 5023
5430 13 5567 0 122 137 5024
5430 12 5566 0 103 1 5025
5430 6 5568 0 100 167 5026
5430 23 5566 0 14 3 5027
5430 12 5566 0 128 23 5028
5430 21 5564 0 102 59 5029
5430 6 5569 0 18 115 5030
5430 13 5565 0 182 79 5031
5430 9 5566 0 113 13 5032
5430 41 5566 0 179 186 5033
5430 26 5564 0 66 169 5034
5430 39 5566 0 105 42 5035
5430 23 5566 0 40 105 5036
5445 3 5582 0 120 146 5037
5445 43 5580 0 109 36 5038
5445 42 5581 0 105 42 5039
5445 20 5580 0 102 59 5040
5445 12 5582 0 137 49 5041
5445 12 5580 0 10 193 5042
5445 14 5582 0 7 35 5043
5445 21 5580 0 128 23 5044
5445 36 5581 0 61 4 5045
5445 17 5582 0 108 31 5046
5445 6 5582 0 89 137 5047
5445 5 5579 0 108 58 5048
5445 5 5581 0 150 43 5049
5445 10 5580 0 103 1 5050
5445 3 5582 0 117 1 5051
5445 10 5581 0 113 13 5052
5460 5 5595 0 102 36 5053
5460 8 5597 0 113 13 5054
5460 8 5598 0 103 197 5055
5460 11 5597 0 188 80 5056
5460 6 5595 0 194 169 5057
5460 10 5597 0 89 137 5058
5460 3 5596 0 117 1 5059
5460 23 5596 0 14 3 5060
5460 23 5595 0 7 35 5061
5460 17 5594 0 25 122 5062
5460 38 5595 0 109 36 5063
5460 5 5596 0 150 43 5064
5460 17 5595 0 119 94 5065
5460 17 5597 0 128 23 5066
5460 23 5594 0 102 59 5067
5475 16 5613 0 128 23 5068
5475 24 5613 0 102 59 5069
5475 21 5610 0 20 47 5070
5475 4 5612 0 108 58 5071
5475 11 5611 0 123 1 5072
5475 7 5611 0 113 13 5073
5475 26 5609 0 109 36 5074
5475 5 5611 0 117 1 5075
5475 30 5611 0 99 1 5076
5475 14 5611 0 108 31 5077
5475 12 5612 0 122 137 5078
5475 28 5612 0 105 42 5079
5490 44 5625 0 162 78 5080
5490 39 5627 0 105 42 5081
5490 25 5626 0 141 56 5082
5490 6 5624 0 117 1 5083
5490 7 5626 0 188 80 5084
5490 5 5626 0 150 43 5085
5490 6 5625 0 18 115 5086
5490 12 5623 0 7 35 5087
5490 12 5626 0 185 66 5088
5490 14 5627 0 52 37 5089
5490 16 5627 0 156 90 5090
5505 32 5640 0 162 78 5091
5505 3 5640 0 117 1 5092
5505 23 5641 0 52 37 5093
5505 36 5642 0 105 42 5094
5505 6 5643 0 113 13 5095
5505 7 5642 0 92 2 5096
5505 10 5640 0 10 193 5097
5505 6 5640 0 120 146 5098
5505 35 5642 0 109 36 5099
5505 17 5639 0 128 23 5100
5505 12 5642 0 119 94 5101
5505 18 5642 0 102 59 5102
5505 20 5642 0 137 49 5103
5505 14 5644 0 7 35 5104
5508 34 8494 1 102 36 5105
5510 71 8494 1 120 146 5106
5520 17 5655 0 137 49 5107
5520 11 5657 0 92 2 5108
5520 15 5657 0 52 37 5109
5520 28 5656 0 109 36 5110
5520 20 5655 0 190 189 5111
5520 11 5658 0 89 137 5112
5520 10 5655 0 188 80 5113
5520 42 5656 0 105 42 5114
5520 31 5658 0 63 86 5115
5520 23 5657 0 108 31 5116
5520 19 5656 0 194 113 5117
5535 40 5673 0 105 42 5118
5535 15 5671 0 137 49 5119
5535 13 5671 0 194 113 5120
5535 20 5673 0 190 189 5121
5535 17 5672 0 7 35 5122
5535 13 5671 0 52 37 5123
5535 10 5672 0 113 13 5124
5535 42 5670 0 109 36 5125
5535 3 5669 0 102 36 5126
5535 12 5670 0 92 2 5127
5539 55 8525 1 66 169 5128
5550 22 5687 0 156 90 5129
5550 8 5686 0 123 1 5130
5550 3 5686 0 102 36 5131
5550 20 5685 0 137 49 5132
5550 6 5686 0 118 4 5133
5550 34 5685 0 109 36 5134
5550 42 5688 0 133 152 5135
5550 18 5687 0 14 3 5136
5550 5 5686 0 108 58 5137
5550 12 5686 0 37 7 5138
5550 3 5685 0 117 1 5139
5555 61 8541 1 20 47 5140
5565 6 5701 0 10 172 5141
5565 25 5702 0 108 31 5142
5565 18 5702 0 52 37 5143
5565 33 5701 0 110 114 5144
5565 8 5701 0 113 13 5145
5565 11 5700 0 194 169 5146
5565 7 5700 0 103 1 5147
5565 20 5704 0 14 3 5148
5565 4 5702 0 100 167 5149
5565 39 5702 0 162 78 5150
5580 5 5718 0 120 146 5151
5580 42 5714 0 109 36 5152
5580 11 5716 0 10 193 5153
5580 6 5717 0 117 1 5154
5580 34 5717 0 179 186 5155
5580 11 5715 0 92 2 5156
5580 3 5715 0 150 43 5157
5580 8 5717 0 103 1 5158
5580 12 5714 0 113 13 5159
5580 10 5714 0 194 169 5160
5580 33 5719 0 35 91 5161
5580 7 5716 0 123 1 5162
5580 14 5715 0 128 23 5163
5580 24 5715 0 119 94 5164
5580 35 5715 0 66 169 5165
5580 15 5718 0 102 59 5166
5580 4 5716 0 118 4 5167
5595 45 5729 0 141 56 5168
5595 10 5731 0 194 169 5169
5595 8 5731 0 37 7 5170
5595 6 5731 0 118 4 5171
5595 34 5730 0 133 152 5172
5595 9 5732 0 113 13 5173
5595 6 5731 0 103 1 5174
5595 45 5731 0 110 114 5175
5595 3 5730 0 102 36 5176
5595 23 5732 0 122 137 5177
5595 10 5732 0 123 1 5178
5595 19 5732 0 7 35 5179
5595 12 5730 0 137 49 5180
5609 165 8593 1 102 36 5181
5610 15 5746 0 102 59 5182
5610 28 5746 0 61 4 5183
5610 41 5747 0 66 169 5184
5610 4 5746 0 102 36 5185
5610 33 5745 0 35 91 5186
5610 10 5748 0 123 1 5187
5610 42 5746 0 105 42 5188
5610 5 5744 0 108 58 5189
5610 13 5745 0 108 31 5190
5610 33 5745 0 179 186 5191
5610 5 5745 0 158 124 5192
5610 4 5745 0 150 43 5193
5610 5 5745 0 117 1 5194
5610 6 5745 0 113 13 5195
5610 17 5744 0 25 122 5196
5610 8 5746 0 10 172 5197
5625 35 5760 0 109 36 5198
5625 21 5761 0 122 137 5199
5625 7 5762 0 10 193 5200
5625 4 5761 0 118 4 5201
5625 11 5762 0 113 13 5202
5625 38 5761 0 61 4 5203
5625 18 5759 0 20 47 5204
5625 20 5760 0 108 31 5205
5625 37 5761 0 63 86 5206
5625 38 5759 0 162 78 5207
5625 12 5761 0 123 1 5208
5625 32 5761 0 110 114 5209
5625 4 5761 0 117 1 5210
5625 25 5759 0 40 105 5211
5625 23 5762 0 190 189 5212
5640 8 5778 0 103 1 5213
5640 25 5777 0 162 78 5214
5640 16 5775 0 182 79 5215
5640 7 5775 0 92 2 5216
5640 15 5777 0 20 47 5217
5640 4 5775 0 117 1 5218
5640 12 5775 0 188 80 5219
5640 22 5779 0 128 23 5220
5640 11 5773 0 89 137 5221
5640 5 5776 0 118 4 5222
5640 9 5775 0 194 169 5223
5640 22 5777 0 108 31 5224
5640 35 5776 0 105 42 5225
5640 6 5777 0 100 167 5226
5640 9 5775 0 123 1 5227
5640 16 5776 0 122 137 5228
5640 6 5774 0 113 13 5229
5655 12 5791 0 113 13 5230
5655 6 5790 0 188 80 5231
5655 24 5789 0 108 31 5232
5655 12 5792 0 194 169 5233
5655 34 5793 0 105 42 5234
5655 19 5790 0 52 37 5235
5655 10 5791 0 123 1 5236
5655 22 5791 0 102 59 5237
5655 20 5793 0 14 3 5238
5655 29 5791 0 109 36 5239
5655 14 5789 0 194 113 5240
5655 11 5789 0 10 193 5241
5655 6 5793 0 92 2 5242
5655 13 5790 0 128 23 5243
5655 12 5792 0 185 66 5244
5655 26 5789 0 110 114 5245
5655 3 5794 0 102 36 5246
5655 4 5792 0 158 124 5247
5655 6 5792 0 118 4 5248
5655 12 5791 0 7 35 5249
5670 38 5805 0 141 56 5250
5670 6 5806 0 123 1 5251
5670 4 5806 0 118 4 5252
5670 22 5806 0 108 31 5253
5670 11 5805 0 188 80 5254
5670 12 5808 0 194 169 5255
5670 6 5805 0 100 167 5256
5670 28 5804 0 61 4 5257
5670 17 5804 0 52 37 5258
5670 41 5807 0 109 36 5259
5670 29 5806 0 40 77 5260
5670 9 5805 0 185 66 5261
5670 6 5805 0 102 36 5262
5670 4 5806 0 150 43 5263
5670 7 5807 0 113 13 5264
5670 23 5806 0 182 79 5265
5685 3 5821 0 102 36 5266
5685 32 5822 0 179 186 5267
5685 25 5822 0 108 31 5268
5685 15 5822 0 137 49 5269
5685 12 5820 0 7 35 5270
5685 31 5821 0 133 152 5271
5685 18 5822 0 128 23 5272
5685 22 5819 0 52 37 5273
5685 12 5820 0 25 122 5274
5685 3 5821 0 150 43 5275
5685 7 5821 0 103 1 5276
5700 32 5835 0 35 91 5277
5700 28 5837 0 63 86 5278
5700 5 5836 0 102 36 5279
5700 9 5836 0 10 172 5280
5700 20 5836 0 25 122 5281
5700 22 5837 0 20 47 5282
5700 33 5838 0 61 4 5283
5700 6 5835 0 120 146 5284
5700 17 5836 0 102 59 5285
5704 51 8691 1 35 91 5286
5715 4 5851 0 100 167 5287
5715 12 5851 0 18 115 5288
5715 15 5850 0 128 23 5289
5715 28 5850 0 61 4 5290
5715 22 5851 0 137 49 5291
5715 7 5852 0 113 13 5292
5715 5 5852 0 117 1 5293
5715 27 5852 0 99 1 5294
5715 11 5852 0 188 80 5295
5715 22 5849 0 182 79 5296
5715 19 5853 0 108 31 5297
5715 8 5850 0 10 172 5298
5721 79 8706 1 137 49 5299
5730 73 8718 1 25 122 5300
5730 3 5867 0 102 36 5301
5730 8 5866 0 103 197 5302
5730 9 5866 0 123 1 5303
5730 44 5868 0 99 1 5304
5730 3 5864 0 117 1 5305
5730 31 5866 0 133 152 5306
5730 17 5867 0 128 23 5307
5730 42 5866 0 162 78 5308
5730 10 5866 0 113 13 5309
5730 24 5869 0 102 59 5310
5730 5 5865 0 118 4 5311
5730 3 5868 0 120 146 5312
5730 25 5867 0 25 122 5313
5740 40 8724 1 156 90 5314
5745 5 5880 0 120 146 5315
5745 20 5882 0 128 23 5316
5745 6 5877 0 102 36 5317
5745 39 5880 0 61 4 5318
5745 4 5879 0 117 1 5319
5745 9 5882 0 188 80 5320
5745 11 5882 0 123 1 5321
5745 35 5880 0 66 169 5322
5745 9 5882 0 18 115 5323
5745 7 5880 0 103 197 5324
5760 14 5897 0 7 35 5325
5760 5 5896 0 117 1 5326
5760 7 5897 0 188 80 5327
5760 15 5896 0 128 23 5328
5760 44 5895 0 179 186 5329
5760 25 5896 0 40 77 5330
5760 9 5895 0 185 66 5331
5760 41 5896 0 63 86 5332
5760 3 5894 0 118 4 5333
5760 12 5895 0 18 115 5334
5760 9 5897 0 113 13 5335
5775 14 5911 0 122 137 5336
5775 5 5911 0 102 36 5337
5775 29 5912 0 109 36 5338
5775 10 5910 0 103 197 5339
5775 43 5911 0 40 77 5340
5775 23 5911 0 102 59 5341
5775 10 5913 0 123 1 5342
5775 16 5911 0 40 105 5343
5775 7 5909 0 37 7 5344
5775 30 5910 0 99 1 5345
5775 6 5912 0 103 1 5346
5775 18 5911 0 128 23 5347
5775 15 5911 0 108 31 5348
5775 35 5913 0 66 169 5349
5775 37 5910 0 105 42 5350
5775 5 5913 0 117 1 5351
5775 14 5910 0 137 49 5352
5775 19 5912 0 156 90 5353
5790 3 5924 0 117 1 5354
5790 16 5925 0 122 137 5355
5790 43 5925 0 110 114 5356
5790 16 5924 0 102 59 5357
5790 5 5925 0 118 4 5358
5790 6 5926 0 18 115 5359
5790 23 5926 0 182 79 5360
5790 40 5928 0 141 56 5361
5790 9 5926 0 188 80 5362
5790 9 5925 0 113 13 5363
5790 19 5927 0 108 31 5364
5790 11 5925 0 123 1 5365
5790 25 5925 0 179 186 5366
5790 14 5926 0 128 23 5367
5790 42 5925 0 99 1 5368
5790 24 5927 0 137 49 5369
5790 7 5927 0 92 2 5370
5790 12 5926 0 103 1 5371
5790 11 5929 0 89 137 5372
5790 27 5926 0 109 36 5373
5790 22 5924 0 119 94 5374
5794 71 8780 1 100 167 5375
5805 6 5941 0 102 36 5376
5805 7 5941 0 103 197 5377
5805 30 5940 0 105 42 5378
5805 6 5941 0 118 4 5379
5805 38 5943 0 61 4 5380
5805 17 5939 0 182 79 5381
5805 5 5940 0 120 146 5382
5805 21 5941 0 137 49 5383
5805 42 5942 0 99 1 5384
5805 34 5942 0 109 36 5385
5805 15 5941 0 7 35 5386
5805 33 5940 0 133 152 5387
5805 5 5940 0 100 167 5388
5805 3 5941 0 117 1 5389
5805 34 5940 0 66 169 5390
5820 4 5958 0 120 146 5391
5820 7 5954 0 89 137 5392
5820 11 5957 0 188 80 5393
5820 6 5957 0 113 13 5394
5820 15 5957 0 108 31 5395
5820 40 5955 0 40 77 5396
5820 16 5953 0 128 23 5397
5820 22 5955 0 182 79 5398
5820 23 5956 0 14 3 5399
5820 8 5955 0 18 115 5400
5820 3 5956 0 117 1 5401
5820 5 5955 0 118 4 5402
5820 44 5953 0 105 42 5403
5820 45 5957 0 66 169 5404
5835 15 5971 0 52 37 5405
5835 21 5972 0 128 23 5406
5835 5 5970 0 150 43 5407
5835 5 5971 0 100 167 5408
5835 38 5972 0 40 77 5409
5835 32 5971 0 109 36 5410
5835 23 5970 0 156 90 5411
5835 19 5972 0 137 49 5412
5835 4 5970 0 118 4 5413
5835 4 5972 0 108 58 5414
5835 5 5968 0 102 36 5415
5835 29 5970 0 162 78 5416
5835 13 5971 0 25 122 5417
5836 44 8825 1 179 186 5418
5849 69 8834 1 10 193 5419
5850 6 5987 0 10 193 5420
5850 11 5987 0 188 80 5421
5850 42 5986 0 105 42 5422
5850 41 5986 0 35 91 5423
5850 3 5984 0 102 36 5424
5850 32 5985 0 66 169 5425
5850 16 5985 0 182 79 5426
5850 4 5985 0 150 43 5427
5850 20 5986 0 7 35 5428
5850 16 5985 0 102 59 5429
5850 24 5986 0 128 23 5430
5850 25 5984 0 141 56 5431
5850 9 5985 0 113 13 5432
5850 21 5985 0 137 49 5433
5850 13 5987 0 40 105 5434
5850 42 5985 0 179 186 5435
5850 15 5986 0 52 37 5436
5850 37 5987 0 63 86 5437
5865 20 6000 0 137 49 5438
5865 6 5999 0 120 146 5439
5865 31 6002 0 40 77 5440
5865 31 6002 0 162 78 5441
5865 22 6001 0 14 3 5442
5865 6 6005 0 185 66 5443
5865 31 6000 0 105 42 5444
5865 4 6001 0 118 4 5445
5865 9 6001 0 37 7 5446
5865 12 6001 0 182 79 5447
5865 12 6002 0 113 13 5448
5872 48 8857 1 105 42 5449
5875 64 8860 1 52 37 5450
5880 42 6013 0 35 91 5451
5880 18 6017 0 156 90 5452
5880 17 6016 0 137 49 5453
5880 14 6015 0 182 79 5454
5880 15 6017 0 190 189 5455
5880 10 6016 0 123 1 5456
5880 21 6013 0 14 3 5457
5880 5 6014 0 117 1 5458
5880 7 6015 0 185 66 5459
5880 26 6015 0 109 36 5460
5880 16 6014 0 40 105 5461
5880 19 6014 0 128 23 5462
5880 8 6016 0 10 193 5463
5895 23 6031 0 7 35 5464
5895 28 6032 0 162 78 5465
5895 3 6033 0 118 4 5466
5895 7 6031 0 188 80 5467
5895 21 6032 0 108 31 5468
5895 25 6031 0 102 59 5469
5895 22 6030 0 14 3 5470
5895 6 6033 0 102 36 5471
5895 9 6029 0 123 1 5472
5895 12 6032 0 113 13 5473
5895 24 6031 0 128 23 5474
5895 44 6031 0 40 77 5475
5895 21 6031 0 137 49 5476
5910 17 6045 0 128 23 5477
5910 42 6047 0 99 1 5478
5910 8 6046 0 10 172 5479
5910 10 6044 0 123 1 5480
5910 5 6045 0 117 1 5481
5910 12 6047 0 18 115 5482
5910 3 6046 0 150 43 5483
5910 23 6045 0 14 3 5484
5910 10 6044 0 188 80 5485
5918 68 8904 1 92 2 5486
5925 19 6062 0 137 49 5487
5925 12 6063 0 188 80 5488
5925 5 6061 0 118 4 5489
5925 7 6061 0 123 1 5490
5925 43 6061 0 99 1 5491
5925 30 6060 0 35 91 5492
5925 6 6061 0 113 13 5493
5925 19 6061 0 108 31 5494
5925 10 6062 0 194 169 5495
5925 37 6063 0 40 77 5496
5925 7 6060 0 185 66 5497
5925 6 6060 0 117 1 5498
5925 43 6062 0 109 36 5499
5925 7 6062 0 89 137 5500
5940 18 6076 0 108 31 5501
5940 15 6077 0 190 189 5502
5940 12 6075 0 123 1 5503
5940 8 6077 0 10 193 5504
5940 11 6076 0 185 66 5505
5940 7 6076 0 92 2 5506
5940 4 6074 0 108 58 5507
5940 12 6075 0 89 137 5508
5940 10 6078 0 188 80 5509
5940 5 6075 0 118 4 5510
5940 19 6077 0 128 23 5511
5940 29 6077 0 109 36 5512
5955 12 6092 0 10 172 5513
5955 12 6092 0 10 193 5514
5955 5 6091 0 118 4 5515
5955 10 6093 0 103 197 5516
5955 17 6092 0 108 31 5517
5955 18 6092 0 190 189 5518
5955 12 6089 0 194 169 5519
5955 23 6091 0 20 47 5520
5955 26 6090 0 35 91 5521
5955 21 6089 0 182 79 5522
5955 19 6092 0 194 113 5523
5955 38 6090 0 133 152 5524
5955 30 6087 0 63 86 5525
5955 38 6089 0 109 36 5526
5955 6 6091 0 108 58 5527
5955 4 6092 0 102 36 5528
5955 16 6088 0 128 23 5529
5968 44 8954 1 89 137 5530
5970 18 6104 0 190 189 5531
5970 18 6105 0 128 23 5532
5970 43 6106 0 133 152 5533
5970 8 6107 0 188 80 5534
5970 12 6105 0 103 197 5535
5970 7 6107 0 123 1 5536
5970 10 6106 0 89 137 5537
5970 4 6105 0 102 36 5538
5970 15 6108 0 7 35 5539
5970 25 6106 0 137 49 5540
5970 20 6105 0 102 59 5541
5970 6 6106 0 113 13 5542
5970 4 6104 0 118 4 5543
5970 25 6106 0 61 4 5544
5985 21 6121 0 14 3 5545
5985 10 6121 0 10 193 5546
5985 10 6120 0 194 169 5547
5985 5 6122 0 102 36 5548
5985 4 6122 0 117 1 5549
5985 5 6119 0 118 4 5550
5985 24 6119 0 156 90 5551
5985 35 6119 0 141 56 5552
5985 21 6120 0 137 49 5553
5985 9 6121 0 123 1 5554
5985 29 6121 0 105 42 5555
5985 17 6122 0 52 37 5556
5985 8 6122 0 113 13 5557
5985 68 8971 1 40 105 5558
5985 12 6119 0 20 47 5559
6000 34 6136 0 109 36 5560
6000 12 6136 0 25 122 5561
6000 17 6137 0 119 94 5562
6000 10 6133 0 194 169 5563
6000 4 6136 0 158 124 5564
6000 6 6137 0 120 146 5565
6000 21 6136 0 128 23 5566
6000 11 6135 0 92 2 5567
6000 15 6137 0 102 59 5568
6000 17 6137 0 137 49 5569
6000 7 6136 0 103 1 5570
6000 7 6136 0 123 1 5571
6000 11 6135 0 188 80 5572
6000 42 6136 0 105 42 5573
6000 5 6137 0 102 36 5574
6000 3 6136 0 117 1 5575
6015 6 6151 0 118 4 5576
6015 32 6151 0 35 91 5577
6015 12 6151 0 37 7 5578
6015 45 6149 0 99 1 5579
6015 10 6154 0 123 1 5580
6015 27 6150 0 61 4 5581
6015 23 6150 0 128 23 5582
6015 24 6150 0 156 90 5583
6015 23 6151 0 108 31 5584
6015 16 6150 0 137 49 5585
6015 14 6150 0 119 94 5586
6015 4 6151 0 100 167 5587
6015 6 6151 0 103 1 5588
6015 6 6150 0 108 58 5589
6015 3 6150 0 158 124 5590
6015 17 6151 0 102 59 5591
6015 34 6150 0 109 36 5592
6015 7 6151 0 92 2 5593
6018 31 9004 1 185 66 5594
6024 66 9009 1 194 169 5595
6030 10 6168 0 123 1 5596
6030 33 6165 0 179 186 5597
6030 6 6165 0 37 7 5598
6030 22 6165 0 108 31 5599
6030 26 6166 0 105 42 5600
6030 6 6166 0 194 169 5601
6030 28 6167 0 66 169 5602
6030 21 6166 0 190 189 5603
6030 20 6166 0 122 137 5604
6030 10 6166 0 113 13 5605
6030 6 6165 0 108 58 5606
6030 23 6166 0 156 90 5607
6030 37 6166 0 109 36 5608
6030 19 6166 0 137 49 5609
6044 76 9029 1 37 7 5610
6045 14 6179 0 102 59 5611
6045 33 6182 0 162 78 5612
6045 12 6181 0 123 1 5613
6045 11 6183 0 10 193 5614
6045 12 6180 0 14 3 5615
6045 25 6182 0 110 114 5616
6045 6 6182 0 102 36 5617
6045 11 6179 0 37 7 5618
6045 11 6182 0 103 1 5619
6045 9 6181 0 18 115 5620
6045 14 6182 0 194 113 5621
6045 37 6183 0 109 36 5622
6045 15 6178 0 156 90 5623
6045 43 6181 0 40 77 5624
6045 14 6182 0 182 79 5625
6060 12 6194 0 113 13 5626
6060 35 6196 0 109 36 5627
6060 36 6196 0 66 169 5628
6060 6 6195 0 158 124 5629
6060 3 6195 0 102 36 5630
6060 32 6197 0 105 42 5631
6060 8 6195 0 194 169 5632
6060 20 6196 0 190 189 5633
6060 20 6198 0 119 94 5634
6060 3 6196 0 117 1 5635
6060 19 6193 0 137 49 5636
6060 8 6195 0 37 7 5637
6060 23 6194 0 52 37 5638
6060 10 6197 0 185 66 5639
6075 6 6213 0 118 4 5640
6075 3 6212 0 120 146 5641
6075 26 6210 0 162 78 5642
6075 4 6208 0 117 1 5643
6075 19 6212 0 119 94 5644
6075 21 6210 0 108 31 5645
6075 6 6212 0 10 193 5646
6075 15 6211 0 122 137 5647
6075 10 6210 0 113 13 5648
6075 38 6211 0 105 42 5649
6075 21 6212 0 20 47 5650
6075 43 6211 0 40 77 5651
6075 12 6212 0 123 1 5652
6075 12 6210 0 128 23 5653
6075 6 6213 0 102 36 5654
6075 31 6211 0 99 1 5655
6075 6 6210 0 158 124 5656
6090 6 6227 0 123 1 5657
6090 5 6225 0 100 167 5658
6090 39 6226 0 63 86 5659
6090 8 6225 0 18 115 5660
6090 19 6226 0 25 122 5661
6090 10 6226 0 37 7 5662
6090 3 6225 0 102 36 5663
6090 5 6226 0 150 43 5664
6090 19 6226 0 7 35 5665
6090 45 6227 0 109 36 5666
6090 23 6225 0 190 189 5667
6090 7 6226 0 113 13 5668
6090 31 6227 0 105 42 5669
6090 25 6224 0 122 137 5670
6090 7 6226 0 188 80 5671
6090 34 6226 0 133 152 5672
6090 4 6224 0 108 58 5673
6090 23 6226 0 128 23 5674
6105 8 6239 0 10 172 5675
6105 27 6241 0 40 77 5676
6105 9 6239 0 103 197 5677
6105 10 6242 0 113 13 5678
6105 34 6238 0 133 152 5679
6105 18 6240 0 40 105 5680
6105 12 6241 0 37 7 5681
6105 6 6242 0 120 146 5682
6105 24 6243 0 137 49 5683
6105 27 6240 0 162 78 5684
6105 16 6239 0 14 3 5685
6105 10 6242 0 103 1 5686
6105 10 6240 0 123 1 5687
6105 28 6243 0 110 114 5688
6105 4 6243 0 108 58 5689
6105 32 6243 0 105 42 5690
6105 6 6242 0 118 4 5691
6105 12 6241 0 185 66 5692
6105 10 6241 0 188 80 5693
6120 4 6254 0 117 1 5694
6120 5 6258 0 102 36 5695
6120 23 6256 0 122 137 5696
6120 32 6256 0 105 42 5697
6120 25 6256 0 25 122 5698
6120 4 6260 0 118 4 5699
6120 39 6258 0 179 186 5700
6120 18 6253 0 128 23 5701
6120 12 6255 0 113 13 5702
6120 5 6257 0 108 58 5703
6120 17 6256 0 20 47 5704
6120 6 6256 0 194 169 5705
6120 14 6256 0 108 31 5706
6120 14 6255 0 119 94 5707
6122 72 9107 1 122 137 5708
6124 72 9108 1 117 1 5709
6126 62 9112 1 141 56 5710
6135 15 6269 0 182 79 5711
6135 31 6272 0 40 77 5712
6135 3 6270 0 102 36 5713
6135 31 6268 0 179 186 5714
6135 19 6271 0 190 189 5715
6135 40 6271 0 105 42 5716
6135 5 6271 0 150 43 5717
6135 6 6271 0 18 115 5718
6135 16 6270 0 128 23 5719
6135 44 6271 0 162 78 5720
6135 7 6269 0 113 13 5721
6135 26 6271 0 110 114 5722
6135 16 6270 0 108 31 5723
6150 22 6287 0 190 189 5724
6150 6 6286 0 89 137 5725
6150 37 6286 0 109 36 5726
6150 16 6289 0 128 23 5727
6150 6 6286 0 108 58 5728
6150 12 6285 0 123 1 5729
6150 18 6286 0 20 47 5730
6150 43 6286 0 162 78 5731
6150 31 6289 0 99 1 5732
6150 5 6286 0 150 43 5733
6150 23 6285 0 102 59 5734
6150 16 6285 0 182 79 5735
6150 3 6284 0 118 4 5736
6150 15 6287 0 108 31 5737
6150 20 6288 0 137 49 5738
6165 5 6301 0 118 4 5739
6165 3 6301 0 158 124 5740
6165 21 6299 0 156 90 5741
6165 42 6300 0 109 36 5742
6165 12 6299 0 128 23 5743
6165 12 6303 0 113 13 5744
6165 12 6301 0 123 1 5745
6165 38 6301 0 66 169 5746
6165 30 6302 0 35 91 5747
6165 3 6300 0 120 146 5748
6165 43 6300 0 162 78 5749
6165 25 6301 0 108 31 5750
6165 16 6300 0 122 137 5751
6165 20 6300 0 190 189 5752
6165 8 6302 0 10 172 5753
6165 19 6301 0 7 35 5754
6165 3 6300 0 117 1 5755
6165 20 6298 0 194 113 5756
6180 20 6317 0 137 49 5757
6180 12 6317 0 194 113 5758
6180 10 6317 0 113 13 5759
6180 11 6316 0 10 193 5760
6180 5 6317 0 118 4 5761
6180 44 9166 1 99 1 5762
6180 4 6318 0 158 124 5763
6180 16 6317 0 52 37 5764
6180 12 6316 0 108 31 5765
6180 9 6316 0 185 66 5766
6180 33 6317 0 61 4 5767
6180 16 6316 0 190 189 5768
6180 9 6316 0 123 1 5769
6180 16 6314 0 128 23 5770
6180 12 6319 0 194 169 5771
6180 3 6315 0 108 58 5772
6180 12 6314 0 119 94 5773
6182 94 9169 1 105 42 5774
6195 25 6331 0 109 36 5775
6195 4 6330 0 118 4 5776
6195 6 6331 0 117 1 5777
6195 29 6330 0 133 152 5778
6195 14 6332 0 108 31 5779
6195 25 6331 0 162 78 5780
6195 20 6331 0 182 79 5781
6195 29 6329 0 63 86 5782
6195 38 6333 0 141 56 5783
6195 24 6330 0 20 47 5784
6195 23 6328 0 122 137 5785
6210 32 6345 0 63 86 5786
6210 12 6347 0 123 1 5787
6210 6 6347 0 120 146 5788
6210 40 6346 0 141 56 5789
6210 9 6345 0 18 115 5790
6210 4 6347 0 118 4 5791
6210 13 6346 0 119 94 5792
6210 25 6345 0 128 23 5793
6210 20 6347 0 137 49 5794
6210 34 6344 0 162 78 5795
6210 9 6349 0 113 13 5796
6210 4 6348 0 158 124 5797
6210 35 6349 0 109 36 5798
6216 105 9203 1 103 197 5799
6225 7 6360 0 113 13 5800
6225 23 6362 0 156 90 5801
6225 45 6361 0 66 169 5802
6225 23 6360 0 190 189 5803
6225 25 6362 0 108 31 5804
6225 15 6359 0 40 105 5805
6225 34 6362 0 61 4 5806
6225 17 6362 0 14 3 5807
6225 22 6360 0 20 47 5808
6225 4 6362 0 102 36 5809
6225 8 6360 0 185 66 5810
6225 33 6362 0 162 78 5811
6225 12 6359 0 7 35 5812
6225 36 6361 0 109 36 5813
6233 39 9221 1 128 23 5814
6240 41 6374 0 61 4 5815
6240 6 6374 0 117 1 5816
6240 44 6375 0 179 186 5817
6240 6 6375 0 102 36 5818
6240 19 6376 0 128 23 5819
6240 23 6375 0 7 35 5820
6240 33 6377 0 133 152 5821
6240 7 6376 0 194 169 5822
6240 25 6376 0 105 42 5823
6240 21 6377 0 14 3 5824
6255 38 6393 0 109 36 5825
6255 16 6390 0 137 49 5826
6255 36 6391 0 179 186 5827
6255 11 6391 0 37 7 5828
6255 12 6391 0 156 90 5829
6255 5 6391 0 117 1 5830
6255 16 6392 0 20 47 5831
6255 7 6391 0 194 169 5832
6255 5 6392 0 108 58 5833
6270 4 6407 0 108 58 5834
6270 7 6405 0 113 13 5835
6270 6 6406 0 92 2 5836
6270 3 6407 0 158 124 5837
6270 39 6407 0 66 169 5838
6270 19 6406 0 128 23 5839
6270 37 6406 0 63 86 5840
6270 12 6405 0 194 113 5841
6270 29 6405 0 179 186 5842
6270 11 6406 0 194 169 5843
6270 6 6405 0 123 1 5844
6270 4 6407 0 100 167 5845
6270 18 6405 0 108 31 5846
6270 44 6405 0 105 42 5847
6270 9 6406 0 103 197 5848
6285 16 6419 0 7 35 5849
6285 14 6420 0 122 137 5850
6285 7 6423 0 113 13 5851
6285 27 6422 0 109 36 5852
6285 3 6421 0 118 4 5853
6285 14 6422 0 128 23 5854
6285 11 6422 0 10 193 5855
6285 9 6418 0 89 137 5856
6285 13 6423 0 119 94 5857
6285 44 6420 0 141 56 5858
6285 12 6420 0 182 79 5859
6285 29 6421 0 99 1 5860
6285 7 6422 0 185 66 5861
6285 12 6420 0 137 49 5862
6285 19 6421 0 156 90 5863
6300 25 6436 0 141 56 5864
6300 41 6436 0 133 152 5865
6300 36 6436 0 40 77 5866
6300 9 6435 0 123 1 5867
6300 10 6434 0 194 169 5868
6300 3 6436 0 118 4 5869
6300 20 6435 0 137 49 5870
6312 53 9296 1 194 113 5871
6315 24 6450 0 20 47 5872
6315 5 6450 0 117 1 5873
6315 6 6449 0 118 4 5874
6315 9 6453 0 113 13 5875
6315 3 6450 0 102 36 5876
6315 38 6451 0 105 42 5877
6315 4 6452 0 100 167 5878
6315 6 6451 0 194 169 5879
6315 39 6451 0 109 36 5880
6315 8 6450 0 10 193 5881
6315 11 6451 0 103 197 5882
6315 6 6450 0 89 137 5883
6330 9 6465 0 92 2 5884
6330 3 6467 0 102 36 5885
6330 29 6466 0 133 152 5886
6330 15 6466 0 128 23 5887
6330 45 6466 0 109 36 5888
6330 6 6466 0 150 43 5889
6330 8 6468 0 123 1 5890
6330 19 6463 0 119 94 5891
6330 15 6465 0 20 47 5892
6330 24 6465 0 122 137 5893
6330 15 6465 0 52 37 5894
6330 6 6467 0 118 4 5895
6330 18 6466 0 137 49 5896
6330 13 6464 0 108 31 5897
6330 40 6469 0 110 114 5898
6345 40 6481 0 109 36 5899
6345 24 6482 0 128 23 5900
6345 21 6480 0 25 122 5901
6345 8 6480 0 37 7 5902
6345 15 6482 0 108 31 5903
6345 3 6481 0 102 36 5904
6345 31 6482 0 110 114 5905
6345 26 6480 0 66 169 5906
6345 16 6482 0 137 49 5907
6345 5 6481 0 120 146 5908
6345 25 6481 0 105 42 5909
6360 12 6495 0 113 13 5910
6360 6 6496 0 103 1 5911
6360 20 6498 0 194 113 5912
6360 7 6498 0 89 137 5913
6360 17 6497 0 119 94 5914
6360 44 6496 0 110 114 5915
6360 36 6496 0 35 91 5916
6360 24 6496 0 122 137 5917
6375 28 6510 0 133 152 5918
6375 25 6510 0 108 31 5919
6375 20 6512 0 128 23 5920
6375 10 6512 0 194 169 5921
6375 26 6511 0 162 78 5922
6375 28 6513 0 109 36 5923
6375 6 6509 0 117 1 5924
6375 14 6510 0 137 49 5925
6375 9 6511 0 185 66 5926
6375 42 6510 0 105 42 5927
6375 4 6511 0 100 167 5928
6375 4 6510 0 108 58 5929
6375 12 6513 0 10 172 5930
6390 13 6526 0 137 49 5931
6390 43 6526 0 110 114 5932
6390 40 6526 0 105 42 5933
6390 10 6528 0 123 1 5934
6390 4 6526 0 118 4 5935
6390 3 6526 0 150 43 5936
6390 6 6525 0 102 36 5937
6390 11 6526 0 10 193 5938
6390 8 6528 0 103 1 5939
6390 14 6528 0 7 35 5940
6390 20 6525 0 194 113 5941
6405 14 6541 0 128 23 5942
6405 38 6541 0 133 152 5943
6405 5 6542 0 102 36 5944
6405 21 6539 0 40 105 5945
6405 19 6541 0 137 49 5946
6405 42 6541 0 99 1 5947
6405 33 6539 0 105 42 5948
6405 12 6543 0 123 1 5949
6405 40 6540 0 40 77 5950
6419 42 9405 1 63 86 5951
6420 12 6557 0 113 13 5952
6420 8 6554 0 10 193 5953
6420 6 6556 0 108 58 5954
6420 5 6559 0 118 4 5955
6420 23 6556 0 108 31 5956
6420 11 6556 0 103 1 5957
6420 5 6556 0 117 1 5958
6420 30 6557 0 179 186 5959
6420 22 6557 0 122 137 5960
6420 9 6556 0 188 80 5961
6420 15 6557 0 190 189 5962
6420 6 6556 0 123 1 5963
6421 147 9407 1 63 86 5964
6431 54 9417 1 109 36 5965
6435 12 6572 0 108 31 5966
6435 4 6570 0 158 124 5967
6435 23 6571 0 102 59 5968
6435 25 6569 0 40 77 5969
6435 12 6569 0 185 66 5970
6435 15 6569 0 25 122 5971
6435 43 6570 0 109 36 5972
6435 6 6571 0 102 36 5973
6435 38 6572 0 105 42 5974
6435 15 6572 0 156 90 5975
6435 34 6572 0 179 186 5976
6435 24 6571 0 40 105 5977
6435 11 6570 0 92 2 5978
6435 35 6569 0 141 56 5979
6435 25 6572 0 182 79 5980
6435 7 6571 0 188 80 5981
6435 7 6569 0 37 7 5982
6450 6 6587 0 10 172 5983
6450 5 6585 0 150 43 5984
6450 19 6589 0 194 113 5985
6450 36 6587 0 63 86 5986
6450 27 6586 0 162 78 5987
6450 24 6587 0 128 23 5988
6450 28 6587 0 66 169 5989
6450 4 6586 0 118 4 5990
6450 40 6586 0 133 152 5991
6450 5 6586 0 102 36 5992
6450 21 6584 0 156 90 5993
6450 22 6588 0 119 94 5994
6450 28 6587 0 61 4 5995
6450 28 6586 0 141 56 5996
6450 5 6586 0 120 146 5997
6450 24 6587 0 40 105 5998
6450 13 6587 0 20 47 5999
6450 10 6585 0 123 1 6000
6450 40 6586 0 35 91 6001
6450 24 6584 0 25 122 6002
6450 3 6586 0 158 124 6003
6450 5 6585 0 108 58 6004
6450 23 6586 0 7 35 6005
6465 11 6601 0 194 169 6006
6465 17 6601 0 102 59 6007
6465 20 6603 0 25 122 6008
6465 31 6602 0 110 114 6009
6465 40 6600 0 35 91 6010
6465 25 6601 0 108 31 6011
6465 38 6601 0 105 42 6012
6465 7 6600 0 123 1 6013
6465 25 6601 0 190 189 6014
6465 14 6600 0 119 94 6015
6465 9 6601 0 18 115 6016
6480 4 6617 0 118 4 6017
6480 12 6615 0 14 3 6018
6480 7 6616 0 113 13 6019
6480 12 6617 0 123 1 6020
6480 9 6615 0 185 66 6021
6480 39 6617 0 40 77 6022
6480 19 6616 0 108 31 6023
6480 25 6618 0 122 137 6024
6480 6 6615 0 10 172 6025
6480 12 6616 0 18 115 6026
6488 159 9472 1 89 137 6027
6495 19 6631 0 156 90 6028
6495 41 6633 0 99 1 6029
6495 5 6630 0 118 4 6030
6495 17 6628 0 122 137 6031
6495 5 6634 0 117 1 6032
6495 5 6632 0 158 124 6033
6495 22 6631 0 137 49 6034
6495 9 6629 0 92 2 6035
6495 10 6630 0 194 169 6036
6495 14 6628 0 128 23 6037
6495 7 6629 0 37 7 6038
6510 17 6647 0 128 23 6039
6510 7 6645 0 185 66 6040
6510 6 6648 0 18 115 6041
6510 43 6648 0 66 169 6042
6510 22 6646 0 122 137 6043
6510 16 6645 0 182 79 6044
6510 6 6647 0 113 13 6045
6510 9 6646 0 194 169 6046
6510 5 6647 0 102 36 6047
6525 42 6661 0 133 152 6048
6525 23 6661 0 52 37 6049
6525 9 6662 0 113 13 6050
6525 11 6660 0 10 172 6051
6525 25 6662 0 108 31 6052
6525 3 6659 0 102 36 6053
6525 21 6660 0 137 49 6054
6525 4 6660 0 150 43 6055
6525 23 6659 0 156 90 6056
6525 41 6662 0 105 42 6057
6525 26 6662 0 66 169 6058
6525 31 6662 0 109 36 6059
6525 12 6661 0 89 137 6060
6526 55 9512 1 110 114 6061
6540 8 6675 0 123 1 6062
6540 3 6674 0 120 146 6063
6540 37 6676 0 99 1 6064
6540 20 6675 0 20 47 6065
6540 13 6675 0 190 189 6066
6540 23 6676 0 108 31 6067
6540 12 6677 0 10 193 6068
6540 21 6675 0 182 79 6069
6540 6 6676 0 158 124 6070
6540 22 6674 0 102 59 6071
6548 59 9532 1 103 197 6072
6555 12 6690 0 123 1 6073
6555 8 6692 0 10 172 6074
6555 12 6691 0 188 80 6075
6555 5 6690 0 150 43 6076
6555 8 6689 0 185 66 6077
6555 7 6690 0 113 13 6078
6555 3 6691 0 102 36 6079
6555 34 6689 0 179 186 6080
6555 9 6689 0 92 2 6081
6555 3 6689 0 120 146 6082
6555 3 6690 0 117 1 6083
6570 40 6709 0 35 91 6084
6570 31 6704 0 99 1 6085
6570 7 6706 0 10 172 6086
6570 19 6706 0 122 137 6087
6570 5 6704 0 150 43 6088
6570 3 6708 0 100 167 6089
6570 21 6705 0 119 94 6090
6570 5 6705 0 102 36 6091
6570 31 6707 0 109 36 6092
6570 18 6706 0 52 37 6093
6570 6 6706 0 18 115 6094
6570 29 6706 0 105 42 6095
6570 16 6707 0 194 113 6096
6570 21 6705 0 190 189 6097
6570 18 6707 0 137 49 6098
6570 12 6705 0 108 31 6099
6570 6 6706 0 118 4 6100
6585 23 6720 0 102 59 6101
6585 19 6720 0 128 23 6102
6585 6 6721 0 103 1 6103
6585 7 6722 0 10 172 6104
6585 6 6721 0 158 124 6105
6585 45 6722 0 110 114 6106
6585 5 6722 0 117 1 6107
6585 38 6723 0 133 152 6108
6600 34 6736 0 63 86 6109
6600 44 6738 0 162 78 6110
6600 10 6737 0 10 193 6111
6600 27 6736 0 61 4 6112
6600 4 6737 0 117 1 6113
6600 45 6735 0 105 42 6114
6600 10 6737 0 123 1 6115
6600 4 6736 0 120 146 6116
6600 7 6736 0 92 2 6117
6600 6 6736 0 108 58 6118
6600 14 6738 0 102 59 6119
6600 11 6738 0 103 1 6120
6600 24 6733 0 128 23 6121
6615 21 6750 0 25 122 6122
6615 13 6750 0 182 79 6123
6615 6 6752 0 194 169 6124
6615 4 6752 0 108 58 6125
6615 25 6751 0 137 49 6126
6615 26 6750 0 109 36 6127
6615 25 6751 0 128 23 6128
6615 7 6750 0 113 13 6129
6615 33 6751 0 35 91 6130
6615 31 6754 0 110 114 6131
6615 28 6751 0 141 56 6132
6615 23 6750 0 20 47 6133
6615 3 6752 0 100 167 6134
6630 6 6767 0 118 4 6135
6630 12 6765 0 10 193 6136
6630 25 6768 0 179 186 6137
6630 25 6765 0 35 91 6138
6630 21 6766 0 137 49 6139
6630 23 6766 0 122 137 6140
6630 10 6765 0 103 1 6141
6630 3 6766 0 108 58 6142
6630 17 6767 0 182 79 6143
6630 11 6764 0 37 7 6144
6630 28 6765 0 162 78 6145
6630 37 6766 0 133 152 6146
6630 6 6766 0 102 36 6147
6630 9 6767 0 113 13 6148
6630 32 6768 0 141 56 6149
6633 63 9618 1 102 59 6150
6645 17 6781 0 7 35 6151
6645 26 6779 0 105 42 6152
6645 12 6779 0 40 105 6153
6645 19 6781 0 25 122 6154
6645 19 6782 0 108 31 6155
6645 3 6782 0 108 58 6156
6645 9 6781 0 123 1 6157
6645 4 6782 0 117 1 6158
6645 10 6779 0 89 137 6159
6660 24 6797 0 137 49 6160
6660 19 6795 0 190 189 6161
6660 3 6798 0 102 36 6162
6660 11 6797 0 113 13 6163
6660 25 6797 0 7 35 6164
6660 4 6796 0 117 1 6165
6660 3 6798 0 150 43 6166
6660 9 6797 0 89 137 6167
6660 5 6796 0 118 4 6168
6660 6 6795 0 103 197 6169
6660 21 6797 0 122 137 6170
6675 44 6810 0 105 42 6171
6675 6 6811 0 10 172 6172
6675 3 6810 0 102 36 6173
6675 36 6812 0 40 77 6174
6675 10 6811 0 113 13 6175
6675 33 6811 0 109 36 6176
6675 25 6811 0 102 59 6177
6675 6 6811 0 92 2 6178
6675 21 6811 0 194 113 6179
6675 29 6811 0 133 152 6180
6675 19 6810 0 182 79 6181
6675 13 6812 0 108 31 6182
6675 10 6812 0 89 137 6183
6675 28 6812 0 66 169 6184
6690 45 6826 0 99 1 6185
6690 13 6824 0 137 49 6186
6690 9 6827 0 10 193 6187
6690 30 6825 0 179 186 6188
6690 8 6825 0 89 137 6189
6690 3 6826 0 108 58 6190
6690 9 6826 0 103 197 6191
6690 5 6825 0 102 36 6192
6690 34 6826 0 109 36 6193
6690 34 6827 0 35 91 6194
6690 14 6827 0 128 23 6195
6690 36 6825 0 63 86 6196
6690 3 6826 0 100 167 6197
6690 30 6825 0 105 42 6198
6690 23 6825 0 25 122 6199
6690 8 6828 0 123 1 6200
6690 22 6826 0 182 79 6201
6690 12 6823 0 113 13 6202
6705 26 6842 0 141 56 6203
6705 8 6842 0 89 137 6204
6705 3 6841 0 158 124 6205
6705 6 6839 0 102 36 6206
6705 21 6840 0 119 94 6207
6705 16 6842 0 190 189 6208
6705 35 6841 0 61 4 6209
6705 15 6841 0 25 122 6210
6705 18 6840 0 122 137 6211
6705 40 6842 0 66 169 6212
6706 34 9694 1 118 4 6213
6720 6 6853 0 103 197 6214
6720 3 6856 0 108 58 6215
6720 3 6855 0 118 4 6216
6720 20 6856 0 102 59 6217
6720 29 6858 0 66 169 6218
6720 15 6854 0 20 47 6219
6720 25 6858 0 109 36 6220
6720 12 6857 0 113 13 6221
6720 21 6856 0 190 189 6222
6720 6 6857 0 10 193 6223
6720 14 6857 0 128 23 6224
6720 16 6854 0 108 31 6225
6720 4 6857 0 158 124 6226
6720 6 6856 0 123 1 6227
6735 8 6869 0 113 13 6228
6735 7 6871 0 123 1 6229
6735 10 6871 0 37 7 6230
6735 21 6871 0 20 47 6231
6735 25 6873 0 61 4 6232
6735 12 6872 0 103 1 6233
6735 16 6870 0 137 49 6234
6735 36 9723 1 108 31 6235
6735 22 6873 0 128 23 6236
6735 28 6872 0 40 77 6237
6735 10 6870 0 10 193 6238
6744 78 9729 1 61 4 6239
6750 44 6887 0 141 56 6240
6750 4 6886 0 118 4 6241
6750 5 6885 0 150 43 6242
6750 6 6885 0 117 1 6243
6750 25 6887 0 110 114 6244
6750 20 6886 0 122 137 6245
6750 14 6884 0 194 113 6246
6750 20 6886 0 182 79 6247
6750 10 6887 0 194 169 6248
6750 19 6886 0 102 59 6249
6755 45 9739 1 7 35 6250
6765 5 6901 0 100 167 6251
6765 12 6903 0 185 66 6252
6765 20 6901 0 40 105 6253
6765 15 6901 0 14 3 6254
6765 8 6902 0 89 137 6255
6765 11 6902 0 103 1 6256
6765 24 6902 0 137 49 6257
6765 11 6903 0 123 1 6258
6765 15 6903 0 108 31 6259
6765 38 6901 0 179 186 6260
6765 31 6902 0 105 42 6261
6765 15 6901 0 7 35 6262
6765 6 6899 0 113 13 6263
6780 4 6916 0 117 1 6264
6780 25 6918 0 52 37 6265
6780 11 6914 0 18 115 6266
6780 18 6915 0 14 3 6267
6780 11 6915 0 10 172 6268
6780 28 6914 0 105 42 6269
6780 20 6916 0 190 189 6270
6780 6 6914 0 92 2 6271
6780 10 6916 0 10 193 6272
6780 5 6918 0 102 36 6273
6780 32 6919 0 110 114 6274
6780 14 6916 0 108 31 6275
6795 11 6932 0 92 2 6276
6795 5 6930 0 108 58 6277
6795 9 6929 0 18 115 6278
6795 13 6930 0 128 23 6279
6795 5 6931 0 102 36 6280
6795 39 6929 0 40 77 6281
6795 21 6931 0 108 31 6282
6795 6 6929 0 113 13 6283
6795 17 6932 0 20 47 6284
6795 12 6932 0 123 1 6285
6795 28 6930 0 110 114 6286
6795 12 6932 0 10 193 6287
6795 25 6930 0 99 1 6288
6807 39 9792 1 14 3 6289
6810 29 6948 0 63 86 6290
6810 10 6943 0 92 2 6291
6810 12 6945 0 52 37 6292
6810 37 6944 0 141 56 6293
6810 26 6947 0 162 78 6294
6810 12 6947 0 123 1 6295
6810 39 6947 0 61 4 6296
6810 18 6945 0 128 23 6297
6810 4 6946 0 102 36 6298
6810 14 6945 0 25 122 6299
6825 24 6962 0 119 94 6300
6825 42 6961 0 35 91 6301
6825 37 6961 0 99 1 6302
6825 45 6963 0 105 42 6303
6825 7 6959 0 103 197 6304
6825 4 6961 0 118 4 6305
6825 4 6961 0 100 167 6306
6825 12 6961 0 10 172 6307
6825 6 6959 0 120 146 6308
6825 24 6961 0 20 47 6309
6840 15 6976 0 119 94 6310
6840 4 6975 0 118 4 6311
6840 5 6974 0 158 124 6312
6840 11 6974 0 89 137 6313
6840 11 6976 0 188 80 6314
6840 31 6976 0 109 36 6315
6840 16 6976 0 122 137 6316
6840 22 6975 0 128 23 6317
6840 11 6975 0 103 197 6318
6840 17 6977 0 137 49 6319
6840 13 6975 0 108 31 6320
6840 8 6977 0 113 13 6321
6840 44 6978 0 63 86 6322
6840 8 6976 0 103 1 6323
6846 189 9832 1 99 1 6324
6855 43 6989 0 109 36 6325
6855 6 6993 0 117 1 6326
6855 40 6992 0 61 4 6327
6855 21 6991 0 119 94 6328
6855 3 6991 0 118 4 6329
6855 9 6991 0 188 80 6330
6855 6 6993 0 158 124 6331
6855 7 6991 0 113 13 6332
6855 28 6991 0 162 78 6333
6855 17 6992 0 108 31 6334
6855 24 6992 0 7 35 6335
6855 5 6991 0 150 43 6336
6855 8 6990 0 92 2 6337
6855 16 6992 0 137 49 6338
6855 6 6991 0 100 167 6339
6855 26 6992 0 105 42 6340
6855 45 6993 0 133 152 6341
6855 25 6991 0 156 90 6342
6858 47 9845 1 40 77 6343
6860 68 9844 1 182 79 6344
6870 45 7006 0 109 36 6345
6870 22 7004 0 194 113 6346
6870 10 7007 0 123 1 6347
6870 5 7004 0 118 4 6348
6870 16 7007 0 137 49 6349
6870 13 7007 0 7 35 6350
6870 19 7006 0 108 31 6351
6870 7 7006 0 113 13 6352
6870 25 7005 0 182 79 6353
6870 43 7005 0 105 42 6354
6870 15 7004 0 122 137 6355
6870 14 7005 0 20 47 6356
6870 17 7005 0 128 23 6357
6885 12 7019 0 52 37 6358
6885 4 7021 0 150 43 6359
6885 25 7020 0 102 59 6360
6885 28 7020 0 141 56 6361
6885 13 7022 0 108 31 6362
6885 43 7021 0 110 114 6363
6885 12 7021 0 194 113 6364
6885 4 7020 0 117 1 6365
6885 29 7021 0 99 1 6366
6885 21 7022 0 14 3 6367
6885 13 7021 0 137 49 6368
6885 37 7021 0 63 86 6369
6885 27 7021 0 35 91 6370
6900 14 7037 0 14 3 6371
6900 16 7035 0 122 137 6372
6900 12 7036 0 89 137 6373
6900 25 7038 0 102 59 6374
6900 42 7035 0 99 1 6375
6900 40 7037 0 110 114 6376
6900 4 7037 0 118 4 6377
6900 35 7036 0 109 36 6378
6900 20 7034 0 40 105 6379
6900 3 7037 0 150 43 6380
6900 14 7039 0 128 23 6381
6900 24 7036 0 190 189 6382
6900 3 7036 0 117 1 6383
6907 31 9893 1 158 124 6384
6915 17 7050 0 108 31 6385
6915 42 7049 0 99 1 6386
6915 28 7049 0 141 56 6387
6915 8 7049 0 18 115 6388
6915 4 7050 0 118 4 6389
6915 25 7051 0 14 3 6390
6915 40 7051 0 105 42 6391
6915 7 7051 0 10 193 6392
6915 31 7051 0 63 86 6393
6915 20 7052 0 194 113 6394
6915 14 7050 0 122 137 6395
6915 4 7050 0 102 36 6396
6915 23 7055 0 20 47 6397
6915 31 7050 0 179 186 6398
6915 25 7052 0 128 23 6399
6930 17 7066 0 190 189 6400
6930 23 7066 0 122 137 6401
6930 32 7065 0 99 1 6402
6930 6 7065 0 150 43 6403
6930 40 7065 0 40 77 6404
6930 7 7065 0 103 1 6405
6930 39 7065 0 133 152 6406
6930 12 7065 0 18 115 6407
6930 23 7065 0 137 49 6408
6930 6 7065 0 102 36 6409
6930 12 7066 0 194 169 6410
6930 21 7065 0 182 79 6411
6945 6 7084 0 123 1 6412
6945 4 7081 0 117 1 6413
6945 21 7081 0 190 189 6414
6945 6 7081 0 118 4 6415
6945 12 7080 0 103 1 6416
6945 23 7081 0 7 35 6417
6945 9 7080 0 185 66 6418
6945 15 7080 0 156 90 6419
6945 30 7082 0 141 56 6420
6945 34 7079 0 109 36 6421
6945 16 7079 0 108 31 6422
6960 25 7096 0 137 49 6423
6960 17 7097 0 7 35 6424
6960 22 7094 0 128 23 6425
6960 7 7096 0 37 7 6426
6960 7 7097 0 188 80 6427
6960 20 7095 0 25 122 6428
6960 3 7095 0 118 4 6429
6960 25 7096 0 66 169 6430
6960 9 7095 0 123 1 6431
6960 44 7098 0 99 1 6432
6960 10 7097 0 89 137 6433
6960 38 7098 0 141 56 6434
6960 20 7098 0 40 105 6435
6967 48 9953 1 105 42 6436
6975 10 7109 0 194 169 6437
6975 13 7110 0 194 113 6438
6975 12 7110 0 113 13 6439
6975 32 7111 0 66 169 6440
6975 31 7112 0 40 77 6441
6975 17 7111 0 119 94 6442
6975 32 7110 0 61 4 6443
6975 25 7110 0 128 23 6444
6975 8 7111 0 103 197 6445
6975 34 7110 0 110 114 6446
6975 23 7112 0 52 37 6447
6975 24 7109 0 137 49 6448
6983 66 9968 1 123 1 6449
6990 6 7125 0 158 124 6450
6990 10 7126 0 123 1 6451
6990 23 7126 0 182 79 6452
6990 24 7125 0 128 23 6453
6990 4 7127 0 118 4 6454
6990 16 7126 0 194 113 6455
6990 29 7125 0 133 152 6456
6990 37 7127 0 105 42 6457
6990 18 7127 0 52 37 6458
7005 26 7142 0 141 56 6459
7005 10 7143 0 10 193 6460
7005 3 7141 0 102 36 6461
7005 39 7141 0 35 91 6462
7005 25 7140 0 63 86 6463
7005 9 7143 0 188 80 6464
7005 8 7141 0 37 7 6465
7005 5 7141 0 118 4 6466
7005 42 7141 0 66 169 6467
7005 30 7139 0 105 42 6468
7005 29 7140 0 61 4 6469
7005 21 7142 0 20 47 6470
7005 20 7141 0 122 137 6471
7005 7 7141 0 92 2 6472
7005 9 7139 0 123 1 6473
7005 6 7141 0 10 172 6474
7020 11 7155 0 123 1 6475
7020 5 7157 0 118 4 6476
7020 10 7155 0 92 2 6477
7020 23 7155 0 20 47 6478
7020 12 7156 0 122 137 6479
7020 13 7159 0 182 79 6480
7020 15 7157 0 128 23 6481
7020 5 7155 0 150 43 6482
7020 45 7156 0 105 42 6483
7020 38 7157 0 179 186 6484
7020 37 7154 0 109 36 6485
7020 7 7156 0 10 172 6486
7020 11 7153 0 113 13 6487
7020 20 7155 0 7 35 6488
7035 22 7171 0 194 113 6489
7035 6 7173 0 18 115 6490
7035 5 7171 0 108 58 6491
7035 12 7171 0 188 80 6492
7035 6 7173 0 158 124 6493
7035 25 7171 0 102 59 6494
7035 43 7172 0 109 36 6495
7035 6 7170 0 102 36 6496
7035 9 7174 0 185 66 6497
7035 21 7172 0 156 90 6498
7035 20 7172 0 52 37 6499
7035 6 7172 0 117 1 6500
7035 43 7172 0 162 78 6501
7035 12 7171 0 137 49 6502
7035 41 7170 0 110 114 6503
7038 43 10000 1 35 91 6504
7050 34 7186 0 66 169 6505
7050 26 7184 0 141 56 6506
7050 12 7188 0 25 122 6507
7050 20 7186 0 128 23 6508
7050 28 7184 0 61 4 6509
7050 5 7186 0 158 124 6510
7050 12 7187 0 92 2 6511
7050 18 7187 0 108 31 6512
7050 42 7186 0 109 36 6513
7050 8 7185 0 185 66 6514
7050 15 7186 0 156 90 6515
7050 5 7187 0 102 36 6516
7050 9 7184 0 103 197 6517
7050 13 7185 0 137 49 6518
7050 4 7185 0 108 58 6519
7065 4 7201 0 102 36 6520
7065 9 7202 0 18 115 6521
7065 35 7200 0 110 114 6522
7065 4 7201 0 150 43 6523
7065 4 7203 0 108 58 6524
7065 25 7200 0 105 42 6525
7065 20 7201 0 156 90 6526
7065 24 7201 0 108 31 6527
7065 3 7203 0 158 124 6528
7065 13 7199 0 122 137 6529
7065 17 7201 0 7 35 6530
7065 30 7203 0 40 77 6531
7065 33 7201 0 109 36 6532
7065 12 7201 0 185 66 6533
7065 23 7201 0 119 94 6534
7071 31 10000 1 150 43 6535
7080 7 7216 0 123 1 6536
7080 7 7213 0 18 115 6537
7080 3 7217 0 118 4 6538
7080 6 7216 0 150 43 6539
7080 33 7212 0 179 186 6540
7080 10 7218 0 10 172 6541
7080 20 7217 0 156 90 6542
7080 3 7216 0 117 1 6543
7080 11 7216 0 89 137 6544
7080 39 7217 0 162 78 6545
7095 26 7233 0 66 169 6546
7095 25 7234 0 128 23 6547
7095 15 7231 0 182 79 6548
7095 6 7232 0 18 115 6549
7095 7 7231 0 89 137 6550
7095 12 7233 0 52 37 6551
7095 29 7232 0 99 1 6552
7095 7 7228 0 194 169 6553
7095 13 7229 0 156 90 6554
7095 41 7233 0 162 78 6555
7095 8 7229 0 113 13 6556
7095 5 7232 0 117 1 6557
7095 6 7231 0 102 36 6558
7109 45 10000 1 188 80 6559
7110 9 7246 0 103 1 6560
7110 3 7245 0 100 167 6561
7110 45 7247 0 109 36 6562
7110 6 7247 0 150 43 6563
7110 25 7244 0 105 42 6564
7110 6 7247 0 158 124 6565
7110 8 7245 0 123 1 6566
7110 3 7245 0 118 4 6567
7110 28 7249 0 40 77 6568
7110 9 7247 0 113 13 6569
7110 11 7247 0 185 66 6570
7110 23 7246 0 102 59 6571
7110 31 7247 0 179 186 6572
7110 45 7244 0 162 78 6573
7110 6 7246 0 37 7 6574
7110 9 7246 0 89 137 6575
7117 34 10000 1 194 169 6576
7125 22 7261 0 128 23 6577
7125 20 7261 0 182 79 6578
7125 20 7260 0 137 49 6579
7125 20 7263 0 20 47 6580
7125 21 7263 0 156 90 6581
7125 6 7262 0 92 2 6582
7125 8 7258 0 185 66 6583
7125 36 7260 0 179 186 6584
7125 14 7261 0 108 31 6585
7125 21 7259 0 102 59 6586
7125 20 7261 0 122 137 6587
7130 64 10000 1 18 115 6588
7140 6 7276 0 113 13 6589
7140 6 7277 0 158 124 6590
7140 26 7276 0 109 36 6591
7140 20 7278 0 128 23 6592
7140 20 7276 0 20 47 6593
7140 6 7276 0 150 43 6594
7140 20 7274 0 14 3 6595
7140 5 7275 0 102 36 6596
7140 26 7276 0 133 152 6597
7140 4 7276 0 100 167 6598
7140 3 7275 0 108 58 6599
7140 33 7275 0 40 77 6600
7140 4 7277 0 118 4 6601
7140 39 7276 0 35 91 6602
7140 25 7277 0 137 49 6603
7140 24 7275 0 108 31 6604
7140 12 7273 0 103 197 6605
7154 30 10000 1 137 49 6606
7155 6 7291 0 10 193 6607
7155 28 7290 0 66 169 6608
7155 7 7290 0 113 13 6609
7155 34 7294 0 99 1 6610
7155 6 7290 0 194 169 6611
7155 9 7291 0 92 2 6612
7155 8 7292 0 18 115 6613
7170 43 7308 0 66 169 6614
7170 6 7305 0 120 146 6615
7170 23 7307 0 7 35 6616
7170 21 7306 0 156 90 6617
7170 8 7309 0 10 193 6618
7170 34 7308 0 63 86 6619
7170 24 7309 0 182 79 6620
7170 30 7304 0 162 78 6621
7170 24 7306 0 137 49 6622
7170 14 7305 0 20 47 6623
7170 8 7305 0 113 13 6624
7170 12 7305 0 123 1 6625
7170 26 7306 0 105 42 6626
7185 40 7321 0 162 78 6627
7185 8 7321 0 113 13 6628
7185 23 7322 0 190 189 6629
7185 25 7321 0 128 23 6630
7185 11 7320 0 10 193 6631
7185 42 7323 0 110 114 6632
7185 6 7320 0 102 36 6633
7185 22 7321 0 52 37 6634
7185 45 7322 0 61 4 6635
7185 6 7321 0 150 43 6636
7185 14 7321 0 14 3 6637
7185 6 7321 0 117 1 6638
7185 3 7323 0 118 4 6639
7185 14 7321 0 156 90 6640
7200 29 7336 0 105 42 6641
7200 33 7338 0 179 186 6642
7200 9 7338 0 37 7 6643
7200 12 7335 0 113 13 6644
7200 23 7337 0 40 105 6645
7200 25 7339 0 128 23 6646
7200 11 7336 0 10 172 6647
7200 29 7337 0 133 152 6648
7200 19 7336 0 137 49 6649
7200 6 7339 0 89 137 6650
7200 6 7337 0 120 146 6651
7200 39 7336 0 109 36 6652
7200 19 7335 0 108 31 6653
7200 25 7335 0 25 122 6654
7200 6 7335 0 123 1 6655
7200 5 7338 0 102 36 6656
7200 13 7335 0 119 94 6657
7200 10 7336 0 10 193 6658
7203 51 10000 1 141 56 6659
7212 78 10000 1 102 36 6660
7215 8 7351 0 10 172 6661
7215 44 7348 0 141 56 6662
7215 14 7351 0 137 49 6663
7215 6 7352 0 100 167 6664
7215 12 7352 0 123 1 6665
7215 5 7352 0 120 146 6666
7215 6 7352 0 102 36 6667
7215 18 7349 0 128 23 6668
7215 17 7350 0 108 31 6669
7215 6 7352 0 117 1 6670
7215 12 7352 0 37 7 6671
7215 24 7352 0 25 122 6672
7215 25 7352 0 179 186 6673
7215 36 7353 0 105 42 6674
7230 9 7366 0 194 169 6675
7230 9 7367 0 89 137 6676
7230 13 7368 0 128 23 6677
7230 3 7366 0 150 43 6678
7230 29 7366 0 179 186 6679
7230 43 7366 0 109 36 6680
7230 12 7363 0 102 59 6681
7230 20 7368 0 108 31 6682
7230 32 7364 0 105 42 6683
7230 30 7367 0 40 77 6684
7230 8 7366 0 123 1 6685
7230 16 7368 0 156 90 6686
7230 4 7367 0 117 1 6687
7232 56 10000 1 190 189 6688
7241 63 10000 1 10 193 6689
7245 16 7381 0 52 37 6690
7245 4 7383 0 102 36 6691
7245 11 7379 0 37 7 6692
7245 37 7381 0 66 169 6693
7245 34 7382 0 109 36 6694
7260 25 7396 0 122 137 6695
7260 27 7397 0 105 42 6696
7260 6 7396 0 117 1 6697
7260 25 7397 0 102 59 6698
7260 11 7396 0 18 115 6699
7260 21 7395 0 194 113 6700
7260 37 7395 0 35 91 6701
7260 4 7396 0 118 4 6702
7260 20 7399 0 7 35 6703
7260 12 7395 0 128 23 6704
7260 43 7397 0 109 36 6705
7260 3 7398 0 102 36 6706
7260 16 7396 0 20 47 6707
7260 3 7396 0 108 58 6708
7260 32 7394 0 141 56 6709
7260 9 7396 0 123 1 6710
7262 79 10000 1 162 78 6711
7275 11 7409 0 188 80 6712
7275 13 7411 0 7 35 6713
7275 25 7411 0 179 186 6714
7275 6 7412 0 123 1 6715
7275 37 7413 0 141 56 6716
7275 30 7411 0 110 114 6717
7275 17 7412 0 14 3 6718
7275 20 7411 0 128 23 6719
7275 38 7412 0 109 36 6720
7275 16 7410 0 137 49 6721
7275 8 7410 0 18 115 6722
7275 26 7412 0 35 91 6723
7275 7 7410 0 37 7 6724
7275 3 7412 0 117 1 6725
7275 19 7408 0 108 31 6726
7275 10 7412 0 103 1 6727
7275 5 7409 0 118 4 6728
7275 4 7413 0 120 146 6729
7275 19 7413 0 52 37 6730
7290 41 7427 0 109 36 6731
7290 4 7428 0 117 1 6732
7290 40 7426 0 110 114 6733
7290 44 7427 0 61 4 6734
7290 33 7426 0 179 186 6735
7290 3 7425 0 118 4 6736
7290 22 7426 0 156 90 6737
7290 8 7426 0 37 7 6738
7290 3 7427 0 102 36 6739
7290 24 7427 0 182 79 6740
7290 37 7427 0 133 152 6741
7290 7 7426 0 113 13 6742
7290 13 7423 0 128 23 6743
7290 11 7428 0 103 1 6744
7290 30 7428 0 105 42 6745
7293 94 10000 1 40 105 6746
7296 72 10000 1 92 2 6747
7303 166 10000 1 179 186 6748
7304 92 10000 1 110 114 6749
7305 43 7439 0 63 86 6750
7305 10 7442 0 10 193 6751
7305 21 7440 0 137 49 6752
7305 25 7442 0 105 42 6753
7305 6 7440 0 118 4 6754
7305 10 7440 0 103 197 6755
7305 10 7443 0 123 1 6756
7305 35 7438 0 179 186 6757
7320 3 7454 0 120 146 6758
7320 11 7454 0 18 115 6759
7320 35 7458 0 162 78 6760
7320 13 7456 0 122 137 6761
7320 3 7455 0 117 1 6762
7320 13 7456 0 156 90 6763
7320 39 7458 0 105 42 6764
7320 6 7454 0 118 4 6765
7320 12 7456 0 113 13 6766
7320 16 7457 0 182 79 6767
7320 14 7456 0 20 47 6768
7320 27 7458 0 109 36 6769
7320 9 7458 0 188 80 6770
7320 3 7456 0 108 58 6771
7320 12 7457 0 25 122 6772
7320 12 7457 0 119 94 6773
7320 31 7457 0 63 86 6774
7320 12 7458 0 102 59 6775
7320 22 7455 0 108 31 6776
7325 46 10000 1 103 1 6777
7335 19 7471 0 137 49 6778
7335 44 7470 0 105 42 6779
7335 39 7470 0 61 4 6780
7335 4 7470 0 120 146 6781
7335 6 7471 0 118 4 6782
7335 5 7471 0 102 36 6783
7335 37 7470 0 99 1 6784
7335 14 7469 0 108 31 6785
7335 40 7472 0 133 152 6786
7335 3 7472 0 108 58 6787
7335 6 7470 0 117 1 6788
7335 12 7468 0 113 13 6789
7335 24 7471 0 119 94 6790
7335 7 7472 0 123 1 6791
7335 4 7472 0 158 124 6792
7335 12 7472 0 92 2 6793
7335 27 7473 0 66 169 6794
7350 32 7485 0 35 91 6795
7350 5 7486 0 117 1 6796
7350 15 7485 0 137 49 6797
7350 36 7485 0 63 86 6798
7350 16 7486 0 128 23 6799
7350 4 7486 0 102 36 6800
7350 20 7486 0 102 59 6801
7350 12 7487 0 103 197 6802
7350 38 7488 0 105 42 6803
7350 6 7485 0 158 124 6804
7350 14 7485 0 52 37 6805
7350 11 7487 0 113 13 6806
7350 5 7487 0 118 4 6807
7355 147 10000 1 92 2 6808
7365 3 7501 0 118 4 6809
7365 10 7499 0 89 137 6810
7365 28 7502 0 179 186 6811
7365 31 7502 0 110 114 6812
7365 3 7500 0 150 43 6813
7365 7 7501 0 188 80 6814
7365 22 7501 0 7 35 6815
7365 11 7498 0 103 1 6816
7365 18 7500 0 137 49 6817
7365 43 7502 0 141 56 6818
7365 4 7501 0 102 36 6819
7365 10 7501 0 10 193 6820
7365 3 7500 0 117 1 6821
7378 55 10000 1 128 23 6822
7380 41 7515 0 179 186 6823
7380 39 7515 0 105 42 6824
7380 24 7516 0 108 31 6825
7380 30 7516 0 141 56 6826
7380 13 7517 0 194 113 6827
7380 33 7515 0 109 36 6828
7380 5 7514 0 158 124 6829
7380 35 7515 0 40 77 6830
7380 12 7517 0 190 189 6831
7380 15 7516 0 128 23 6832
7380 8 7515 0 185 66 6833
7380 6 7517 0 102 36 6834
7380 3 7516 0 117 1 6835
7380 7 7519 0 10 172 6836
7380 11 7516 0 113 13 6837
7395 9 7529 0 123 1 6838
7395 12 7530 0 40 105 6839
7395 4 7531 0 117 1 6840
7395 27 7529 0 35 91 6841
7395 22 7533 0 194 113 6842
7395 20 7534 0 108 31 6843
7395 42 7531 0 162 78 6844
7409 36 10000 1 52 37 6845
7410 37 7548 0 66 169 6846
7410 22 7550 0 25 122 6847
7410 32 7545 0 105 42 6848
7410 21 7544 0 128 23 6849
7410 40 7546 0 162 78 6850
7410 16 7543 0 40 105 6851
7410 12 7545 0 92 2 6852
7410 12 7545 0 123 1 6853
7410 25 7546 0 99 1 6854
7410 10 7546 0 103 197 6855
7410 25 7546 0 108 31 6856
7410 8 7547 0 18 115 6857
7410 26 7545 0 133 152 6858
7425 23 7560 0 137 49 6859
7425 9 7558 0 89 137 6860
7425 44 7562 0 105 42 6861
7425 44 7559 0 162 78 6862
7425 41 7560 0 40 77 6863
7425 9 7561 0 113 13 6864
7425 21 7560 0 7 35 6865
7425 16 7558 0 20 47 6866
7425 5 7562 0 118 4 6867
7425 17 7561 0 128 23 6868
7425 36 7559 0 141 56 6869
7425 5 7560 0 100 167 6870
7440 20 7576 0 119 94 6871
7440 18 7573 0 7 35 6872
7440 6 7576 0 158 124 6873
7440 10 7577 0 113 13 6874
7440 14 7574 0 194 113 6875
7440 16 7575 0 128 23 6876
7440 6 7575 0 102 36 6877
7440 3 7576 0 150 43 6878
7440 3 7575 0 117 1 6879
7440 6 7577 0 89 137 6880
7440 9 7576 0 123 1 6881
7440 31 7577 0 110 114 6882
7440 25 7578 0 122 137 6883
7440 12 7577 0 10 193 6884
7440 15 7576 0 182 79 6885
7440 12 7574 0 37 7 6886
7440 5 7574 0 118 4 6887
7440 35 7578 0 66 169 6888
7455 19 7591 0 102 59 6889
7455 5 7589 0 117 1 6890
7455 22 7592 0 128 23 6891
7455 31 7590 0 66 169 6892
7455 9 7592 0 10 172 6893
7455 12 7591 0 10 193 6894
7455 25 7588 0 109 36 6895
7455 3 7591 0 102 36 6896
7455 12 7592 0 113 13 6897
7470 26 7606 0 35 91 6898
7470 6 7603 0 92 2 6899
7470 24 7606 0 194 113 6900
7470 33 10000 1 122 137 6901
7470 18 7605 0 14 3 6902
7470 42 7606 0 99 1 6903
7470 3 7605 0 108 58 6904
7470 7 7606 0 194 169 6905
7470 43 7605 0 141 56 6906
7470 14 7604 0 128 23 6907
7470 6 7606 0 100 167 6908
7470 23 7607 0 137 49 6909
7470 3 7603 0 118 4 6910
7470 28 7605 0 109 36 6911
7470 44 7608 0 63 86 6912
7470 26 7605 0 40 77 6913
7470 9 7607 0 185 66 6914
7470 25 7607 0 52 37 6915
7470 35 7608 0 179 186 6916
7485 26 7619 0 109 36 6917
7485 8 7621 0 123 1 6918
7485 18 7621 0 108 31 6919
7485 21 7621 0 20 47 6920
7485 9 7621 0 185 66 6921
7485 24 7619 0 137 49 6922
7485 20 7622 0 52 37 6923
7485 19 7622 0 119 94 6924
7485 13 7620 0 102 59 6925
7485 8 7621 0 113 13 6926
7485 28 7620 0 105 42 6927
7485 25 7622 0 182 79 6928
7485 42 7622 0 40 77 6929
7497 140 10000 1 182 79 6930
7500 3 7637 0 100 167 6931
7500 34 7635 0 105 42 6932
7500 6 7635 0 102 36 6933
7500 11 7638 0 92 2 6934
7500 25 7637 0 141 56 6935
7500 5 7638 0 117 1 6936
7500 33 7636 0 109 36 6937
7500 11 7636 0 188 80 6938
7500 17 7638 0 128 23 6939
7500 6 7635 0 10 193 6940
7500 15 7636 0 182 79 6941
7500 18 7636 0 137 49 6942
7500 4 7636 0 120 146 6943
7500 6 7638 0 113 13 6944
7500 9 7639 0 89 137 6945
7500 38 7635 0 35 91 6946
7500 12 7636 0 108 31 6947
7500 45 7637 0 133 152 6948
7515 3 7651 0 117 1 6949
7515 20 7654 0 7 35 6950
7515 13 7651 0 122 137 6951
7515 34 7651 0 141 56 6952
7515 40 7651 0 105 42 6953
7515 6 7652 0 118 4 6954
7515 41 7652 0 162 78 6955
7530 42 7665 0 61 4 6956
7530 19 7666 0 119 94 6957
7530 7 7667 0 113 13 6958
7530 18 7667 0 108 31 6959
7530 14 7666 0 128 23 6960
7530 4 7666 0 100 167 6961
7530 15 7666 0 137 49 6962
7530 22 7666 0 25 122 6963
7530 32 7666 0 35 91 6964
7530 6 7666 0 102 36 6965
7530 10 7665 0 194 169 6966
7530 37 7667 0 179 186 6967
7530 6 7665 0 185 66 6968
7530 30 7666 0 105 42 6969
7535 55 10000 1 113 13 6970
7545 24 7684 0 52 37 6971
7545 4 7681 0 100 167 6972
7545 30 7681 0 133 152 6973
7545 4 7680 0 118 4 6974
7545 38 7679 0 109 36 6975
7545 24 7681 0 25 122 6976
7545 12 7680 0 123 1 6977
7545 12 7681 0 194 169 6978
7560 5 7697 0 150 43 6979
7560 11 7696 0 103 1 6980
7560 37 7694 0 133 152 6981
7560 25 7694 0 162 78 6982
7560 28 7694 0 40 77 6983
7560 21 7698 0 137 49 6984
7560 39 7698 0 105 42 6985
7560 29 7695 0 63 86 6986
7560 4 7698 0 117 1 6987
7560 10 7694 0 37 7 6988
7560 25 7694 0 108 31 6989
7560 18 7696 0 128 23 6990
7560 38 7695 0 179 186 6991
7572 129 10000 1 103 1 6992
7575 20 7714 0 102 59 6993
7575 22 7713 0 122 137 6994
7575 12 7710 0 103 197 6995
7575 32 7710 0 179 186 6996
7575 9 7709 0 113 13 6997
7575 23 7712 0 40 105 6998
7575 16 7711 0 190 189 6999
7575 35 7710 0 141 56 7000
7575 5 7712 0 120 146 7001
7575 5 7710 0 102 36 7002
7575 44 7713 0 61 4 7003
7575 4 7711 0 118 4 7004
7575 8 7709 0 103 1 7005
7576 129 10000 1 190 189 7006
7582 50 10000 1 10 172 7007
7590 3 7726 0 102 36 7008
7590 40 7725 0 35 91 7009
7590 17 7728 0 119 94 7010
7590 31 7725 0 66 169 7011
7590 21 7728 0 182 79 7012
7590 8 7725 0 123 1 7013
7590 39 7727 0 109 36 7014
7590 42 7726 0 162 78 7015
7590 11 7727 0 10 193 7016
7590 22 7729 0 128 23 7017
7590 5 7725 0 100 167 7018
7590 4 7728 0 118 4 7019
7590 4 7724 0 117 1 7020
7590 20 7725 0 137 49 7021
7590 25 7728 0 40 105 7022
7600 72 10000 1 119 94 7023
7605 28 7741 0 162 78 7024
7605 15 7741 0 156 90 7025
7605 4 7742 0 100 167 7026
7605 30 7741 0 133 152 7027
7605 15 7740 0 102 59 7028
7605 15 7742 0 108 31 7029
7605 12 7743 0 92 2 7030
7605 35 7741 0 99 1 7031
7605 10 7741 0 18 115 7032
7605 9 7740 0 188 80 7033
7605 37 7743 0 179 186 7034
7605 8 7741 0 123 1 7035
7605 4 7742 0 102 36 7036
7620 10 7756 0 103 1 7037
7620 10 7758 0 92 2 7038
7620 9 7756 0 18 115 7039
7620 8 7755 0 113 13 7040
7620 6 7756 0 100 167 7041
7620 45 7756 0 109 36 7042
7620 4 7756 0 118 4 7043
7620 36 7757 0 66 169 7044
7620 28 7756 0 105 42 7045
7620 6 7756 0 120 146 7046
7635 41 7771 0 110 114 7047
7635 8 7770 0 103 197 7048
7635 16 7770 0 128 23 7049
7635 5 7770 0 102 36 7050
7635 28 7770 0 105 42 7051
7635 15 7771 0 156 90 7052
7635 4 7772 0 150 43 7053
7635 14 7771 0 137 49 7054
7635 5 7772 0 117 1 7055
7635 6 7769 0 118 4 7056
7650 35 7786 0 179 186 7057
7650 8 7785 0 185 66 7058
7650 10 7786 0 123 1 7059
7650 43 7787 0 162 78 7060
7650 29 7787 0 99 1 7061
7650 13 7786 0 108 31 7062
7650 17 7786 0 25 122 7063
7650 3 7785 0 100 167 7064
7650 7 7786 0 194 169 7065
7650 28 7786 0 66 169 7066
7650 45 7786 0 61 4 7067
7650 5 7785 0 150 43 7068
7650 12 7786 0 137 49 7069
7650 23 7786 0 52 37 7070
7650 16 7787 0 128 23 7071
7650 22 7789 0 14 3 7072
7650 13 7785 0 156 90 7073
7665 10 7801 0 113 13 7074
7665 5 7800 0 150 43 7075
7665 28 7803 0 110 114 7076
7665 14 7801 0 108 31 7077
7665 16 7802 0 119 94 7078
7665 24 7801 0 182 79 7079
7665 34 7802 0 179 186 7080
7665 19 7800 0 52 37 7081
7665 14 7801 0 137 49 7082
7665 19 7801 0 190 189 7083
7665 6 7801 0 102 36 7084
7665 42 7802 0 99 1 7085
7665 34 7802 0 105 42 7086
7665 5 7799 0 118 4 7087
7665 34 7800 0 66 169 7088
7665 11 7800 0 123 1 7089
7665 18 7802 0 128 23 7090
7665 6 7800 0 120 146 7091
7680 8 7816 0 89 137 7092
7680 23 7814 0 122 137 7093
7680 6 7815 0 102 36 7094
7680 10 7814 0 10 172 7095
7680 6 7815 0 10 193 7096
7680 6 7816 0 118 4 7097
7680 23 7814 0 119 94 7098
7680 3 7817 0 100 167 7099
7680 12 7816 0 20 47 7100
7680 20 7817 0 137 49 7101
7680 11 7816 0 185 66 7102
7680 23 7814 0 156 90 7103
7680 33 7817 0 66 169 7104
7680 7 7818 0 194 169 7105
7680 24 7817 0 14 3 7106
7680 38 7817 0 105 42 7107
7680 24 7814 0 25 122 7108
7680 20 7817 0 128 23 7109
7695 36 7832 0 162 78 7110
7695 3 7833 0 117 1 7111
7695 22 7830 0 7 35 7112
7695 8 7830 0 103 1 7113
7695 24 7830 0 182 79 7114
7695 23 7831 0 137 49 7115
7695 35 7831 0 66 169 7116
7695 21 7829 0 14 3 7117
7695 6 7830 0 108 58 7118
7695 40 7831 0 105 42 7119
7695 5 7830 0 100 167 7120
7695 18 7832 0 128 23 7121
7695 3 7830 0 118 4 7122
7695 44 7833 0 179 186 7123
7710 9 7847 0 10 193 7124
7710 12 7846 0 190 189 7125
7710 5 7844 0 118 4 7126
7710 36 7845 0 179 186 7127
7710 3 7846 0 100 167 7128
7710 25 7847 0 108 31 7129
7710 16 7847 0 137 49 7130
7710 6 7846 0 123 1 7131
7710 4 7848 0 120 146 7132
7710 12 7846 0 128 23 7133
7710 8 7847 0 92 2 7134
7710 4 7845 0 102 36 7135
7710 7 7845 0 113 13 7136
7710 14 7845 0 194 113 7137
7710 17 7847 0 14 3 7138
7710 27 7847 0 162 78 7139
7710 30 7848 0 109 36 7140
7725 12 7863 0 123 1 7141
7725 9 7857 0 89 137 7142
7725 3 7861 0 158 124 7143
7725 30 7862 0 141 56 7144
7725 31 7864 0 109 36 7145
7725 26 7862 0 162 78 7146
7725 41 7862 0 105 42 7147
7725 36 7863 0 110 114 7148
7725 11 7860 0 113 13 7149
7725 24 7864 0 156 90 7150
7725 25 7860 0 179 186 7151
7725 7 7860 0 188 80 7152
7725 22 7864 0 137 49 7153
7729 136 10000 1 108 31 7154
7740 40 7874 0 179 186 7155
7740 7 7877 0 194 169 7156
7740 11 7874 0 103 197 7157
7740 8 7875 0 37 7 7158
7740 5 7875 0 158 124 7159
7740 16 7875 0 20 47 7160
7740 13 7876 0 25 122 7161
7740 24 7874 0 190 189 7162
7740 28 7874 0 133 152 7163
7740 4 7876 0 100 167 7164
7740 15 7876 0 119 94 7165
7740 20 7876 0 128 23 7166
7740 14 7875 0 40 105 7167
7740 14 7875 0 137 49 7168
7740 6 7877 0 108 58 7169
7741 61 10000 1 89 137 7170
7747 44 10000 1 63 86 7171
7755 23 7890 0 122 137 7172
7755 38 7891 0 66 169 7173
7755 16 7892 0 20 47 7174
7755 6 7890 0 113 13 7175
7755 4 7891 0 120 146 7176
7755 13 7891 0 102 59 7177
7755 13 7895 0 194 113 7178
7755 41 7892 0 105 42 7179
7755 32 7891 0 110 114 7180
7755 9 7892 0 103 197 7181
7770 6 7906 0 158 124 7182
7770 5 7907 0 150 43 7183
7770 14 7907 0 119 94 7184
7770 24 7907 0 52 37 7185
7770 8 7906 0 10 172 7186
7770 40 7907 0 105 42 7187
7770 3 7903 0 108 58 7188
7770 24 7907 0 108 31 7189
7770 33 7904 0 109 36 7190
7770 34 7906 0 63 86 7191
7770 23 7905 0 182 79 7192
7770 42 7905 0 179 186 7193
7770 5 7907 0 118 4 7194
7785 16 7921 0 128 23 7195
7785 3 7923 0 100 167 7196
7785 29 7921 0 105 42 7197
7785 3 7921 0 118 4 7198
7785 12 7922 0 185 66 7199
7785 21 7918 0 190 189 7200
7785 17 7923 0 52 37 7201
7785 8 7921 0 123 1 7202
7785 5 7921 0 120 146 7203
7785 14 7921 0 102 59 7204
7785 34 7923 0 109 36 7205
7785 39 7921 0 110 114 7206
7800 12 7936 0 92 2 7207
7800 6 7936 0 102 36 7208
7800 25 7935 0 66 169 7209
7800 7 7938 0 123 1 7210
7800 8 7936 0 113 13 7211
7800 6 7937 0 117 1 7212
7800 12 7935 0 89 137 7213
7800 16 7935 0 194 113 7214
7800 4 7936 0 100 167 7215
7800 10 7935 0 18 115 7216
7800 14 7937 0 108 31 7217
7800 25 7935 0 128 23 7218
7800 28 7936 0 109 36 7219
7800 15 7935 0 137 49 7220
7800 42 7938 0 40 77 7221
7800 18 7936 0 156 90 7222
7800 18 7937 0 119 94 7223
7800 9 7936 0 188 80 7224
7815 18 7953 0 122 137 7225
7815 45 7950 0 66 169 7226
7815 24 7951 0 137 49 7227
7815 4 7950 0 102 36 7228
7815 14 7953 0 128 23 7229
7815 10 7951 0 123 1 7230
7815 6 7953 0 117 1 7231
7815 20 7950 0 52 37 7232
7815 25 7951 0 40 105 7233
7819 55 10000 1 100 167 7234
7830 12 7967 0 188 80 7235
7830 6 7965 0 194 169 7236
7830 25 7965 0 133 152 7237
7830 21 7965 0 128 23 7238
7830 7 7963 0 92 2 7239
7830 16 7966 0 190 189 7240
7830 22 7966 0 14 3 7241
7830 21 7966 0 182 79 7242
7830 6 7967 0 10 193 7243
7830 5 7966 0 117 1 7244
7830 5 7964 0 108 58 7245
7830 10 7966 0 123 1 7246
7830 43 7967 0 109 36 7247
7830 20 7965 0 122 137 7248
7845 4 7979 0 150 43 7249
7845 32 7982 0 105 42 7250
7845 19 7984 0 7 35 7251
7845 5 7981 0 117 1 7252
7845 25 7980 0 137 49 7253
7845 14 7980 0 182 79 7254
7845 22 7981 0 108 31 7255
7845 9 7981 0 185 66 7256
7845 18 7981 0 25 122 7257
7845 5 7980 0 102 36 7258
7845 36 7980 0 35 91 7259
7845 31 7982 0 162 78 7260
7845 5 7981 0 100 167 7261
7845 15 7981 0 194 113 7262
7860 42 7997 0 105 42 7263
7860 9 7996 0 103 197 7264
7860 6 7995 0 120 146 7265
7860 8 7995 0 37 7 7266
7860 19 7997 0 137 49 7267
7860 5 7996 0 158 124 7268
7860 12 7995 0 123 1 7269
7860 6 7997 0 118 4 7270
7860 22 7994 0 128 23 7271
7860 28 7997 0 110 114 7272
7860 34 7995 0 63 86 7273
7875 30 8010 0 109 36 7274
7875 15 8010 0 122 137 7275
7875 11 8012 0 123 1 7276
7875 12 8011 0 103 197 7277
7875 24 8011 0 14 3 7278
7875 18 8008 0 137 49 7279
7875 38 8011 0 105 42 7280
7875 27 8008 0 35 91 7281
7875 3 8010 0 117 1 7282
7875 38 8012 0 40 77 7283
7875 8 8012 0 37 7 7284
7890 9 8025 0 113 13 7285
7890 44 8027 0 66 169 7286
7890 43 8027 0 35 91 7287
7890 12 8024 0 122 137 7288
7890 4 8025 0 117 1 7289
7890 10 8028 0 92 2 7290
7890 11 8028 0 37 7 7291
7890 18 8026 0 7 35 7292
7890 13 8026 0 137 49 7293
7890 6 8027 0 102 36 7294
7890 34 8027 0 162 78 7295
7890 18 8027 0 14 3 7296
7890 25 8026 0 194 113 7297
7890 19 8026 0 190 189 7298
7890 21 8025 0 128 23 7299
7891 193 10000 1 100 167 7300
7900 33 10000 1 117 1 7301
7905 22 8041 0 40 105 7302
7905 9 8039 0 123 1 7303
7905 32 8042 0 61 4 7304
7905 10 8038 0 18 115 7305
7905 7 8041 0 37 7 7306
7905 33 8044 0 179 186 7307
7905 19 8040 0 20 47 7308
7905 8 8041 0 185 66 7309
7905 4 8042 0 117 1 7310
7905 5 8043 0 120 146 7311
7914 48 10000 1 99 1 7312
7920 7 8056 0 103 197 7313
7920 4 8057 0 117 1 7314
7920 16 8059 0 194 113 7315
7920 25 8059 0 162 78 7316
7920 19 8056 0 128 23 7317
7920 5 8056 0 102 36 7318
7920 8 8054 0 123 1 7319
7920 9 8056 0 113 13 7320
7920 25 8058 0 109 36 7321
7920 41 8055 0 35 91 7322
7920 18 8056 0 40 105 7323
7920 22 8055 0 108 31 7324
7920 14 8055 0 156 90 7325
7920 38 8056 0 99 1 7326
7920 41 8057 0 141 56 7327
7920 44 8056 0 110 114 7328
7935 25 8070 0 40 77 7329
7935 5 8071 0 118 4 7330
7935 4 8073 0 158 124 7331
7935 41 8071 0 133 152 7332
7935 12 8070 0 113 13 7333
7935 30 8072 0 35 91 7334
7935 33 8071 0 99 1 7335
7935 25 8071 0 182 79 7336
7935 12 8072 0 137 49 7337
7935 43 8073 0 61 4 7338
7935 39 8068 0 109 36 7339
7935 21 8071 0 108 31 7340
7935 4 8071 0 102 36 7341
7935 5 8073 0 120 146 7342
7935 12 8071 0 188 80 7343
7942 199 10000 1 123 1 7344
7950 34 8087 0 110 114 7345
7950 6 8086 0 108 58 7346
7950 26 8088 0 141 56 7347
7950 18 8087 0 102 59 7348
7950 15 8087 0 119 94 7349
7950 26 8087 0 40 77 7350
7950 6 8086 0 118 4 7351
7950 18 8088 0 25 122 7352
7950 4 8088 0 102 36 7353
7950 17 8088 0 128 23 7354
7962 41 10000 1 182 79 7355
7965 23 8101 0 137 49 7356
7965 13 8102 0 128 23 7357
7965 21 8101 0 182 79 7358
7965 22 8100 0 40 105 7359
7965 12 8099 0 108 31 7360
7965 37 8101 0 105 42 7361
7965 6 8100 0 117 1 7362
7965 17 8103 0 190 189 7363
7965 12 8101 0 123 1 7364
7965 6 8102 0 10 172 7365
7965 17 8102 0 7 35 7366
7965 33 8101 0 109 36 7367
7965 3 8100 0 118 4 7368
7965 12 8100 0 185 66 7369
7965 38 8101 0 40 77 7370
7965 4 8101 0 158 124 7371
7965 44 8101 0 110 114 7372
7965 18 8103 0 119 94 7373
7965 10 8101 0 188 80 7374
7980 11 8116 0 92 2 7375
7980 6 8115 0 117 1 7376
7980 24 8116 0 108 31 7377
7980 21 8116 0 128 23 7378
7980 41 8117 0 133 152 7379
7980 6 8116 0 150 43 7380
7987 31 10000 1 118 4 7381
7995 4 8131 0 100 167 7382
7995 10 8129 0 92 2 7383
7995 22 8134 0 122 137 7384
7995 17 8130 0 128 23 7385
7995 9 8132 0 185 66 7386
7995 45 8133 0 110 114 7387
7995 10 8132 0 89 137 7388
7995 4 8129 0 117 1 7389
7995 23 8132 0 119 94 7390
7995 6 8132 0 102 36 7391
7995 29 8133 0 109 36 7392
7995 23 8130 0 108 31 7393
7995 25 8132 0 141 56 7394
7995 10 8132 0 103 197 7395
7995 12 8133 0 37 7 7396
8010 9 8147 0 103 1 7397
8010 8 8146 0 113 13 7398
8010 5 8146 0 158 124 7399
8010 25 8147 0 14 3 7400
8010 41 8148 0 61 4 7401
8010 14 8147 0 194 113 7402
8010 41 8144 0 109 36 7403
8010 12 8149 0 40 105 7404
8010 36 8146 0 133 152 7405
8025 6 8158 0 108 58 7406
8025 6 8159 0 37 7 7407
8025 21 8161 0 182 79 7408
8025 6 8161 0 158 124 7409
8025 37 8162 0 109 36 7410
8025 3 8161 0 118 4 7411
8025 20 8161 0 40 105 7412
8025 24 8159 0 190 189 7413
8025 10 8164 0 194 169 7414
8025 12 8159 0 18 115 7415
8025 20 8162 0 128 23 7416
8025 20 8160 0 137 49 7417
8025 10 8161 0 113 13 7418
8036 43 10000 1 66 169 7419
8040 7 8178 0 113 13 7420
8040 39 8176 0 63 86 7421
8040 24 8176 0 137 49 7422
8040 28 8174 0 141 56 7423
8040 6 8176 0 117 1 7424
8040 32 8175 0 109 36 7425
8040 10 8177 0 188 80 7426
8040 11 8175 0 18 115 7427
8040 8 8175 0 37 7 7428
8040 9 8177 0 89 137 7429
8040 38 8177 0 110 114 7430
8040 41 8177 0 99 1 7431
8040 44 8174 0 35 91 7432
8040 3 8178 0 118 4 7433
8040 10 8175 0 10 172 7434
8055 19 8191 0 52 37 7435
8055 12 8191 0 113 13 7436
8055 5 8191 0 117 1 7437
8055 16 8190 0 25 122 7438
8055 17 8193 0 128 23 7439
8055 19 8192 0 7 35 7440
8055 24 8190 0 137 49 7441
8055 25 8189 0 133 152 7442
8055 8 8192 0 123 1 7443
8055 37 8190 0 110 114 7444
8055 43 8189 0 40 77 7445
8055 5 8192 0 102 36 7446
8055 26 8189 0 105 42 7447
8055 6 8191 0 103 1 7448
8062 77 10000 1 108 58 7449
8064 146 10000 1 66 169 7450
8068 47 10000 1 61 4 7451
8070 9 8205 0 103 197 7452
8070 16 8209 0 137 49 7453
8070 42 8207 0 162 78 7454
8070 4 8204 0 102 36 7455
8070 4 8206 0 150 43 7456
8070 11 8205 0 194 169 7457
8070 24 8207 0 122 137 7458
8070 19 8206 0 119 94 7459
8070 12 8206 0 113 13 7460
8070 3 8207 0 108 58 7461
8070 13 8207 0 128 23 7462
8070 14 8204 0 108 31 7463
8085 5 8220 0 100 167 7464
8085 32 8221 0 105 42 7465
8085 11 8220 0 185 66 7466
8085 4 8220 0 117 1 7467
8085 3 8222 0 102 36 7468
8085 15 8220 0 52 37 7469
8085 18 8221 0 128 23 7470
8085 12 8221 0 20 47 7471
8085 30 8221 0 133 152 7472
8085 15 8222 0 14 3 7473
8085 18 8221 0 194 113 7474
8085 5 8221 0 118 4 7475
8085 8 8220 0 103 197 7476
8085 21 8223 0 7 35 7477
8085 16 8222 0 25 122 7478
8100 43 8235 0 162 78 7479
8100 41 8236 0 61 4 7480
8100 5 8235 0 118 4 7481
8100 23 8234 0 25 122 7482
8100 6 8234 0 10 193 7483
8100 3 8234 0 117 1 7484
8100 3 8236 0 102 36 7485
8100 16 8236 0 102 59 7486
8100 9 8235 0 194 169 7487
8100 23 8235 0 119 94 7488
8100 30 8235 0 66 169 7489
8100 3 8235 0 120 146 7490
8100 15 8237 0 108 31 7491
8100 17 8235 0 52 37 7492
8100 23 8236 0 128 23 7493
8100 6 8237 0 37 7 7494
8115 55 10000 1 133 152 7495
8115 4 8251 0 100 167 7496
8115 22 8250 0 108 31 7497
8115 13 8251 0 52 37 7498
8115 10 8251 0 194 169 7499
8115 48 10000 1 179 186 7500
8115 23 8251 0 128 23 7501
8115 4 8249 0 158 124 7502
8115 44 8252 0 141 56 7503
8115 44 8252 0 66 169 7504
8115 10 8249 0 37 7 7505
8115 9 8251 0 89 137 7506
8115 11 8255 0 113 13 7507
8115 31 8251 0 179 186 7508
8115 12 8253 0 18 115 7509
8115 5 8252 0 108 58 7510
8115 4 8250 0 118 4 7511
8115 29 8251 0 99 1 7512
8123 42 10000 1 20 47 7513
8129 43 10000 1 188 80 7514
8130 24 8267 0 182 79 7515
8130 10 8267 0 123 1 7516
8130 37 8268 0 35 91 7517
8130 15 8265 0 14 3 7518
8130 7 8266 0 92 2 7519
8130 6 8266 0 100 167 7520
8145 45 8281 0 179 186 7521
8145 24 8282 0 14 3 7522
8145 21 8281 0 190 189 7523
8145 26 8282 0 105 42 7524
8145 20 8282 0 194 113 7525
8145 36 8281 0 133 152 7526
8145 6 8281 0 102 36 7527
8145 15 8282 0 102 59 7528
8145 5 8283 0 117 1 7529
8145 4 8280 0 118 4 7530
8145 32 8281 0 63 86 7531
8145 24 8280 0 182 79 7532
8145 12 8284 0 113 13 7533
8145 11 8281 0 37 7 7534
8145 15 8280 0 128 23 7535
8145 22 8284 0 20 47 7536
8145 22 8279 0 156 90 7537
8160 6 8297 0 102 36 7538
8160 25 8296 0 190 189 7539
8160 31 8294 0 133 152 7540
8160 10 8297 0 10 193 7541
8160 4 8296 0 118 4 7542
8160 36 8297 0 105 42 7543
8160 12 8297 0 185 66 7544
8160 31 8296 0 109 36 7545
8160 6 8297 0 113 13 7546
8160 10 8295 0 103 197 7547
8160 3 8293 0 117 1 7548
8160 12 8294 0 37 7 7549
8160 4 8295 0 120 146 7550
8160 12 8295 0 123 1 7551
8160 6 8297 0 10 172 7552
8160 25 8298 0 108 31 7553
8175 12 8312 0 52 37 7554
8175 37 8310 0 110 114 7555
8175 6 8310 0 113 13 7556
8175 11 8311 0 37 7 7557
8175 36 8309 0 162 78 7558
8175 9 8312 0 103 1 7559
8175 6 8308 0 18 115 7560
8175 30 8311 0 63 86 7561
8175 20 8312 0 20 47 7562
8175 3 8311 0 118 4 7563
8175 4 8314 0 100 167 7564
8175 38 8312 0 66 169 7565
8175 21 8313 0 119 94 7566
8175 3 8311 0 158 124 7567
8175 3 8313 0 150 43 7568
8175 40 8310 0 40 77 7569
8175 10 8311 0 188 80 7570
8175 7 8312 0 194 169 7571
8190 41 8324 0 61 4 7572
8190 17 8325 0 25 122 7573
8190 31 8326 0 141 56 7574
8190 30 8324 0 109 36 7575
8190 19 8326 0 190 189 7576
8190 10 8327 0 10 172 7577
8190 17 8326 0 20 47 7578
8190 16 8324 0 137 49 7579
8190 10 8327 0 123 1 7580
8190 17 8327 0 102 59 7581
8190 3 8325 0 158 124 7582
8201 48 10000 1 105 42 7583
8205 22 8341 0 137 49 7584
8205 39 8340 0 66 169 7585
8205 9 8343 0 123 1 7586
8205 31 8343 0 162 78 7587
8205 3 8342 0 102 36 7588
8205 12 8341 0 194 169 7589
8205 35 8340 0 99 1 7590
8205 6 8342 0 118 4 7591
8205 9 8341 0 103 197 7592
8205 5 8343 0 120 146 7593
8220 6 8354 0 158 124 7594
8220 18 8356 0 52 37 7595
8220 24 8357 0 128 23 7596
8220 22 8359 0 40 105 7597
8220 6 8353 0 108 58 7598
8220 8 8355 0 185 66 7599
8220 8 8357 0 10 172 7600
8220 9 8357 0 103 197 7601
8220 27 8356 0 35 91 7602
8220 42 8356 0 61 4 7603
8220 8 8356 0 188 80 7604
8220 19 8357 0 25 122 7605
8220 31 8357 0 110 114 7606
8229 43 10000 1 18 115 7607
8235 37 8370 0 133 152 7608
8235 21 8371 0 137 49 7609
8235 4 8372 0 117 1 7610
8235 22 8370 0 52 37 7611
8235 8 8372 0 10 193 7612
8235 20 8371 0 108 31 7613
8235 25 8370 0 128 23 7614
8235 4 8372 0 102 36 7615
8235 11 8373 0 188 80 7616
8235 8 8369 0 18 115 7617
8235 42 8371 0 105 42 7618
8235 20 8372 0 20 47 7619
8235 4 8370 0 158 124 7620
8244 64 10000 1 123 1 7621
8250 7 8387 0 123 1 7622
8250 17 8385 0 190 189 7623
8250 15 8386 0 108 31 7624
8250 19 8387 0 52 37 7625
8250 7 8388 0 188 80 7626
8250 3 8387 0 118 4 7627
8250 26 8386 0 105 42 7628
8250 12 8385 0 128 23 7629
8250 7 8387 0 113 13 7630
8250 18 8385 0 25 122 7631
8250 6 8387 0 103 1 7632
8250 37 8387 0 66 169 7633
8250 6 8386 0 117 1 7634
8250 39 8385 0 63 86 7635
8250 17 8386 0 119 94 7636
8265 12 8402 0 194 169 7637
8265 6 8399 0 102 36 7638
8265 10 8401 0 123 1 7639
8265 10 8401 0 18 115 7640
8265 12 8404 0 10 193 7641
8265 21 8402 0 52 37 7642
8265 42 8402 0 35 91 7643
8265 19 8400 0 20 47 7644
8265 7 8401 0 113 13 7645
8265 14 8400 0 182 79 7646
8265 6 8401 0 158 124 7647
8265 11 8399 0 10 172 7648
8265 25 8401 0 137 49 7649
8265 19 8402 0 194 113 7650
8265 11 8402 0 188 80 7651
8265 4 8400 0 100 167 7652
8265 15 8402 0 102 59 7653
8265 24 8401 0 108 31 7654
8265 4 8400 0 118 4 7655
8275 35 10000 1 185 66 7656
8280 21 8415 0 52 37 7657
8280 7 8416 0 185 66 7658
8280 4 8414 0 100 167 7659
8280 20 8415 0 108 31 7660
8280 10 8414 0 113 13 7661
8280 5 8415 0 117 1 7662
8280 45 8417 0 63 86 7663
8280 5 8416 0 102 36 7664
8295 14 8431 0 108 31 7665
8295 25 8433 0 137 49 7666
8295 7 8429 0 113 13 7667
8295 5 8431 0 102 36 7668
8295 16 8432 0 102 59 7669
8295 15 8432 0 119 94 7670
8306 67 10000 1 92 2 7671
8310 6 8447 0 108 58 7672
8310 19 8448 0 137 49 7673
8310 10 8447 0 103 1 7674
8310 43 8446 0 63 86 7675
8310 21 8446 0 7 35 7676
8310 8 8446 0 113 13 7677
8310 14 8448 0 102 59 7678
8310 12 8447 0 123 1 7679
8310 42 8445 0 141 56 7680
8310 13 8445 0 40 105 7681
8310 11 8445 0 92 2 7682
8310 15 8446 0 119 94 7683
8325 22 8463 0 128 23 7684
8325 8 8460 0 123 1 7685
8325 43 8461 0 162 78 7686
8325 10 8459 0 10 193 7687
8325 24 8463 0 7 35 7688
8325 21 8461 0 137 49 7689
8325 21 8461 0 119 94 7690
8325 3 8460 0 150 43 7691
8325 3 8459 0 158 124 7692
8325 6 8460 0 118 4 7693
8337 42 10000 1 103 1 7694
8340 16 8476 0 137 49 7695
8340 28 8477 0 109 36 7696
8340 5 8475 0 118 4 7697
8340 22 8475 0 25 122 7698
8340 4 8475 0 117 1 7699
8340 17 8475 0 108 31 7700
8340 15 8474 0 40 105 7701
8340 12 8476 0 188 80 7702
8340 14 8476 0 7 35 7703
8340 5 8474 0 102 36 7704
8340 8 8475 0 123 1 7705
8340 37 8478 0 63 86 7706
8344 47 10000 1 37 7 7707
8355 18 8491 0 102 59 7708
8355 6 8492 0 92 2 7709
8355 9 8492 0 188 80 7710
8355 16 8492 0 14 3 7711
8355 10 8490 0 194 169 7712
8355 28 8493 0 61 4 7713
8355 24 8491 0 128 23 7714
8355 6 8492 0 123 1 7715
8355 24 8489 0 137 49 7716
8355 11 8492 0 10 172 7717
8370 21 8505 0 7 35 7718
8370 30 8509 0 109 36 7719
8370 10 8502 0 194 169 7720
8370 18 8507 0 182 79 7721
8370 22 8504 0 194 113 7722
8370 14 8507 0 108 31 7723
8370 10 8506 0 92 2 7724
8370 12 8506 0 14 3 7725
8370 18 8506 0 137 49 7726
8370 21 8507 0 156 90 7727
8370 6 8507 0 102 36 7728
8370 7 8505 0 18 115 7729
8370 7 8505 0 103 1 7730
8370 25 8506 0 20 47 7731
8385 35 8520 0 40 77 7732
8385 3 8518 0 150 43 7733
8385 6 8519 0 188 80 7734
8385 6 8524 0 102 36 7735
8385 7 8521 0 103 1 7736
8385 45 8521 0 66 169 7737
8385 30 8520 0 105 42 7738
8385 5 8523 0 117 1 7739
8385 6 8520 0 118 4 7740
8385 13 8521 0 137 49 7741
8385 26 8522 0 109 36 7742
8400 11 8535 0 89 137 7743
8400 28 8535 0 40 77 7744
8400 6 8536 0 150 43 7745
8400 3 8536 0 108 58 7746
8400 21 8536 0 108 31 7747
8400 21 8538 0 25 122 7748
8400 3 8539 0 120 146 7749
8400 7 8536 0 185 66 7750
8400 11 8538 0 10 172 7751
8400 19 8534 0 40 105 7752
8400 10 8537 0 123 1 7753
8400 6 8535 0 37 7 7754
8400 6 8536 0 117 1 7755
8401 56 10000 1 120 146 7756
8415 3 8550 0 118 4 7757
8415 6 8551 0 120 146 7758
8415 6 8551 0 92 2 7759
8415 39 8548 0 99 1 7760
8415 3 8550 0 158 124 7761
8415 34 8551 0 105 42 7762
8415 3 8549 0 108 58 7763
8415 10 8549 0 123 1 7764
8415 19 8552 0 7 35 7765
8415 7 8552 0 10 172 7766
8415 6 8549 0 113 13 7767
8415 7 8551 0 89 137 7768
8430 23 8565 0 119 94 7769
8430 31 8567 0 110 114 7770
8430 6 8566 0 185 66 7771
8430 39 8566 0 141 56 7772
8430 25 8564 0 52 37 7773
8430 19 8566 0 137 49 7774
8430 40 8567 0 109 36 7775
8430 20 8565 0 194 113 7776
8430 13 8566 0 108 31 7777
8430 20 8565 0 20 47 7778
8430 25 8567 0 128 23 7779
8430 45 8567 0 179 186 7780
8430 34 8566 0 61 4 7781
8430 11 8565 0 123 1 7782
8430 5 8566 0 118 4 7783
8430 7 8564 0 103 1 7784
8445 36 8579 0 61 4 7785
8445 11 8579 0 185 66 7786
8445 35 8582 0 141 56 7787
8445 41 8583 0 162 78 7788
8445 24 8583 0 137 49 7789
8445 26 8583 0 66 169 7790
8445 14 8580 0 119 94 7791
8445 6 8580 0 120 146 7792
8445 17 8581 0 190 189 7793
8445 27 8579 0 109 36 7794
8445 6 8581 0 37 7 7795
8445 9 8581 0 92 2 7796
8445 5 8580 0 117 1 7797
8445 9 8583 0 113 13 7798
8445 25 8580 0 14 3 7799
8460 35 8595 0 162 78 7800
8460 4 8597 0 158 124 7801
8460 3 8597 0 118 4 7802
8460 34 8595 0 63 86 7803
8460 20 8594 0 182 79 7804
8460 45 8597 0 61 4 7805
8460 19 8595 0 137 49 7806
8460 40 8596 0 109 36 7807
8460 4 8598 0 117 1 7808
8460 24 8595 0 128 23 7809
8460 12 8596 0 103 197 7810
8460 19 8596 0 156 90 7811
8460 6 8598 0 10 172 7812
8460 30 8596 0 105 42 7813
8460 4 8597 0 102 36 7814
8460 25 8597 0 119 94 7815
8460 14 8596 0 108 31 7816
8460 10 8594 0 92 2 7817
8475 20 8612 0 137 49 7818
8475 6 8612 0 37 7 7819
8475 19 8610 0 102 59 7820
8475 15 8611 0 119 94 7821
8475 8 8611 0 185 66 7822
8475 10 8611 0 194 169 7823
8475 11 8613 0 188 80 7824
8475 6 8610 0 100 167 7825
8475 6 8612 0 150 43 7826
8475 45 8610 0 109 36 7827
8475 5 8610 0 117 1 7828
8475 13 8611 0 108 31 7829
8475 14 8612 0 7 35 7830
8475 7 8611 0 89 137 7831
8475 4 8609 0 118 4 7832
8475 4 8611 0 102 36 7833
8475 15 8612 0 40 105 7834
8475 35 8611 0 162 78 7835
8475 3 8614 0 158 124 7836
8490 37 8625 0 179 186 7837
8490 7 8625 0 37 7 7838
8490 32 8627 0 105 42 7839
8490 11 8624 0 10 172 7840
8490 16 8627 0 7 35 7841
8490 3 8627 0 102 36 7842
8490 9 8625 0 123 1 7843
8490 25 8627 0 108 31 7844
8490 42 8627 0 99 1 7845
8490 5 8626 0 117 1 7846
8490 11 8625 0 10 193 7847
8490 5 8626 0 158 124 7848
8490 20 8626 0 102 59 7849
8490 21 8625 0 52 37 7850
8498 35 10000 1 109 36 7851
8505 21 8642 0 137 49 7852
8505 4 8641 0 108 58 7853
8505 7 8641 0 37 7 7854
8505 13 8640 0 7 35 7855
8505 8 8638 0 123 1 7856
8505 14 8640 0 108 31 7857
8505 34 8641 0 66 169 7858
8505 5 8641 0 120 146 7859
8505 13 8641 0 128 23 7860
8505 6 8641 0 158 124 7861
8505 23 8643 0 190 189 7862
8505 33 8642 0 109 36 7863
8505 12 8641 0 10 193 7864
8505 3 8641 0 100 167 7865
8520 10 8654 0 113 13 7866
8520 4 8656 0 118 4 7867
8520 10 8657 0 10 193 7868
8520 25 8656 0 7 35 7869
8520 17 8656 0 20 47 7870
8520 17 8652 0 108 31 7871
8520 12 8657 0 103 1 7872
8520 11 8655 0 123 1 7873
8520 22 8656 0 128 23 7874
8520 18 8656 0 182 79 7875
8520 12 8657 0 18 115 7876
8520 4 8656 0 102 36 7877
8520 17 8657 0 25 122 7878
8535 22 8673 0 137 49 7879
8535 17 8670 0 182 79 7880
8535 18 8672 0 190 189 7881
8535 12 8673 0 194 169 7882
8535 32 8671 0 35 91 7883
8535 43 8672 0 109 36 7884
8535 31 8670 0 105 42 7885
8535 12 8671 0 20 47 7886
8535 5 8670 0 158 124 7887
8535 23 8672 0 108 31 7888
8535 3 8672 0 118 4 7889
8535 38 8671 0 40 77 7890
8550 25 8685 0 109 36 7891
8550 7 8687 0 185 66 7892
8550 8 8685 0 103 1 7893
8550 34 8688 0 105 42 7894
8550 24 8686 0 128 23 7895
8550 17 8688 0 7 35 7896
8550 5 8687 0 120 146 7897
8550 38 8685 0 133 152 7898
8550 10 8686 0 113 13 7899
8550 5 8683 0 100 167 7900
8550 6 8684 0 158 124 7901
8550 3 8683 0 102 36 7902
8550 23 8686 0 108 31 7903
8550 5 8686 0 150 43 7904
8550 35 8686 0 61 4 7905
8565 6 8701 0 37 7 7906
8565 36 8702 0 105 42 7907
8565 42 8702 0 35 91 7908
8565 5 8702 0 120 146 7909
8565 5 8702 0 118 4 7910
8565 16 8701 0 102 59 7911
8565 6 8700 0 194 169 7912
8565 33 8700 0 110 114 7913
8565 5 8702 0 150 43 7914
8565 30 8700 0 109 36 7915
8565 16 8702 0 108 31 7916
8565 15 8702 0 194 113 7917
8565 26 8700 0 133 152 7918
8565 9 8698 0 89 137 7919
8574 59 10000 1 194 113 7920
8580 6 8717 0 118 4 7921
8580 16 8717 0 20 47 7922
8580 38 8714 0 133 152 7923
8580 6 8715 0 103 1 7924
8580 4 8715 0 100 167 7925
8580 12 8715 0 92 2 7926
8580 20 8716 0 137 49 7927
8580 8 8715 0 113 13 7928
8580 36 8719 0 109 36 7929
8580 37 8716 0 66 169 7930
8580 12 8716 0 10 172 7931
8595 5 8729 0 102 36 7932
8595 9 8730 0 113 13 7933
8595 21 8732 0 14 3 7934
8595 12 8729 0 123 1 7935
8595 12 8732 0 10 193 7936
8595 20 8732 0 128 23 7937
8595 25 8731 0 110 114 7938
8595 6 8732 0 10 172 7939
8595 8 8733 0 185 66 7940
8595 15 8732 0 102 59 7941
8595 30 8731 0 105 42 7942
8606 33 10000 1 25 122 7943
8610 44 8746 0 61 4 7944
8610 3 8746 0 108 58 7945
8610 12 8745 0 194 113 7946
8610 9 8747 0 103 1 7947
8610 12 8745 0 185 66 7948
8610 4 8745 0 102 36 7949
8610 10 8746 0 18 115 7950
8610 10 8748 0 113 13 7951
8610 6 8745 0 117 1 7952
8610 41 8746 0 109 36 7953
8610 4 8747 0 150 43 7954
8610 6 8745 0 123 1 7955
8625 29 8760 0 141 56 7956
8625 30 8763 0 66 169 7957
8625 5 8761 0 120 146 7958
8625 41 8762 0 99 1 7959
8625 20 8762 0 102 59 7960
8625 12 8760 0 18 115 7961
8625 18 8760 0 14 3 7962
8625 6 8761 0 118 4 7963
8625 10 8761 0 113 13 7964
8625 38 8762 0 110 114 7965
8625 15 8763 0 182 79 7966
8625 14 8761 0 190 189 7967
8625 35 8761 0 133 152 7968
8625 34 8760 0 109 36 7969
8625 4 8763 0 100 167 7970
8640 20 8775 0 156 90 7971
8640 7 8776 0 113 13 7972
8640 12 8777 0 92 2 7973
8640 19 8778 0 14 3 7974
8640 44 8776 0 133 152 7975
8640 39 8776 0 109 36 7976
8640 3 8776 0 108 58 7977
8640 16 8777 0 128 23 7978
8640 5 8776 0 118 4 7979
8640 5 8773 0 117 1 7980
8640 40 8776 0 162 78 7981
8640 25 8777 0 108 31 7982
8640 14 8776 0 7 35 7983
8640 26 8777 0 105 42 7984
8655 37 8793 0 63 86 7985
8655 3 8792 0 102 36 7986
8655 4 8791 0 150 43 7987
8655 29 8790 0 40 77 7988
8655 33 8791 0 162 78 7989
8655 6 8791 0 194 169 7990
8655 20 8792 0 14 3 7991
8655 13 8790 0 119 94 7992
8655 14 8793 0 190 189 7993
8655 10 8790 0 89 137 7994
8655 8 8791 0 103 1 7995
8655 21 8788 0 108 31 7996
8666 75 10000 1 14 3 7997
8670 5 8806 0 108 58 7998
8670 6 8808 0 158 124 7999
8670 3 8806 0 117 1 8000
8670 9 8807 0 185 66 8001
8670 12 8806 0 182 79 8002
8670 29 8806 0 105 42 8003
8670 6 8805 0 102 36 8004
8670 8 8808 0 123 1 8005
8670 31 8807 0 179 186 8006
8670 12 8807 0 14 3 8007
8670 32 8805 0 109 36 8008
8685 24 8820 0 190 189 8009
8685 45 8820 0 40 77 8010
8685 32 8823 0 141 56 8011
8685 18 8821 0 122 137 8012
8685 35 8821 0 109 36 8013
8685 4 8822 0 120 146 8014
8685 9 8821 0 123 1 8015
8685 7 8821 0 103 197 8016
8685 20 8821 0 128 23 8017
8685 4 8821 0 117 1 8018
8685 35 8820 0 61 4 8019
8685 7 8820 0 89 137 8020
8693 48 10000 1 35 91 8021
8700 35 8834 0 109 36 8022
8700 8 8834 0 194 169 8023
8700 30 8837 0 35 91 8024
8700 39 8836 0 133 152 8025
8700 21 8834 0 102 59 8026
8700 6 8838 0 100 167 8027
8700 7 8839 0 89 137 8028
8700 7 8835 0 103 1 8029
8700 4 8835 0 117 1 8030
8700 3 8836 0 102 36 8031
8700 6 8837 0 120 146 8032
8700 35 8835 0 99 1 8033
8700 14 8837 0 108 31 8034
8700 6 8834 0 158 124 8035
8700 7 8834 0 123 1 8036
8700 30 8838 0 162 78 8037
8700 41 8835 0 179 186 8038
8709 80 10000 1 156 90 8039
8715 28 8852 0 179 186 8040
8715 40 8849 0 99 1 8041
8715 17 8849 0 7 35 8042
8715 12 8850 0 123 1 8043
8715 30 8852 0 105 42 8044
8715 7 8851 0 188 80 8045
8715 22 8851 0 119 94 8046
8715 13 8850 0 128 23 8047
8715 39 8851 0 109 36 8048
8715 17 8852 0 40 105 8049
8715 43 8851 0 110 114 8050
8730 9 8867 0 185 66 8051
8730 4 8865 0 118 4 8052
8730 8 8865 0 113 13 8053
8730 10 8865 0 18 115 8054
8730 22 8863 0 52 37 8055
8730 16 8866 0 182 79 8056
8730 9 8866 0 194 169 8057
8730 36 8863 0 110 114 8058
8730 10 8864 0 10 172 8059
8730 3 8865 0 150 43 8060
8745 4 8881 0 108 58 8061
8745 38 8878 0 63 86 8062
8745 9 8881 0 123 1 8063
8745 44 8880 0 179 186 8064
8745 13 8879 0 122 137 8065
8745 10 8880 0 18 115 8066
8745 8 8880 0 113 13 8067
8745 24 8882 0 102 59 8068
8745 32 8882 0 105 42 8069
8745 16 8880 0 128 23 8070
8745 9 8882 0 103 197 8071
8745 3 8881 0 117 1 8072
8745 20 8881 0 156 90 8073
8745 14 8880 0 20 47 8074
8745 10 8884 0 103 1 8075
8745 27 8880 0 133 152 8076
8745 33 8880 0 35 91 8077
8745 24 8881 0 137 49 8078
8745 37 8881 0 109 36 8079
8745 18 8882 0 52 37 8080
8749 35 10000 1 137 49 8081
8760 24 8894 0 7 35 8082
8760 25 8895 0 20 47 8083
8760 13 8896 0 14 3 8084
8760 22 8896 0 108 31 8085
8760 6 8897 0 120 146 8086
8760 9 8898 0 92 2 8087
8760 6 8896 0 118 4 8088
8760 3 8895 0 102 36 8089
8760 11 8895 0 10 172 8090
8760 21 8896 0 119 94 8091
8760 17 8898 0 137 49 8092
8760 39 8896 0 105 42 8093
8760 38 8896 0 109 36 8094
8760 11 8896 0 123 1 8095
8760 23 8896 0 182 79 8096
8766 66 10000 1 40 105 8097
8775 19 8911 0 20 47 8098
8775 14 8913 0 40 105 8099
8775 6 8912 0 100 167 8100
8775 18 8909 0 128 23 8101
8775 6 8911 0 120 146 8102
8775 41 8911 0 133 152 8103
8775 25 8913 0 108 31 8104
8775 19 8909 0 182 79 8105
8775 10 8910 0 18 115 8106
8775 40 8911 0 61 4 8107
8790 42 8927 0 40 77 8108
8790 40 8927 0 110 114 8109
8790 4 8925 0 102 36 8110
8790 23 8928 0 128 23 8111
8790 9 8927 0 123 1 8112
8790 10 8925 0 89 137 8113
8790 44 8927 0 133 152 8114
8790 19 8925 0 108 31 8115
8790 39 8927 0 105 42 8116
8805 8 8941 0 194 169 8117
8805 40 8942 0 99 1 8118
8805 6 8941 0 123 1 8119
8805 25 8941 0 179 186 8120
8805 12 8942 0 14 3 8121
8805 45 8942 0 66 169 8122
8805 4 8941 0 102 36 8123
8805 24 8941 0 122 137 8124
8805 25 8942 0 137 49 8125
8805 12 8941 0 113 13 8126
8805 20 8942 0 20 47 8127
8805 5 8942 0 150 43 8128
8805 29 8943 0 109 36 8129
8820 18 8956 0 119 94 8130
8820 15 8954 0 40 105 8131
8820 19 8956 0 137 49 8132
8820 12 8954 0 89 137 8133
8820 16 8955 0 194 113 8134
8820 44 8957 0 66 169 8135
8820 10 8954 0 10 172 8136
8820 36 8956 0 162 78 8137
8820 7 8957 0 103 197 8138
8820 3 8957 0 117 1 8139
8820 9 8954 0 113 13 8140
8820 4 8956 0 102 36 8141
8835 16 8970 0 128 23 8142
8835 32 8973 0 105 42 8143
8835 29 8970 0 40 77 8144
8835 6 8971 0 158 124 8145
8835 12 8968 0 108 31 8146
8835 8 8972 0 113 13 8147
8835 43 8970 0 141 56 8148
8835 43 8973 0 66 169 8149
8835 38 8971 0 109 36 8150
8835 3 8970 0 117 1 8151
8835 7 8969 0 194 169 8152
8850 7 8986 0 123 1 8153
8850 18 8985 0 119 94 8154
8850 24 8986 0 102 59 8155
8850 11 8985 0 89 137 8156
8850 6 8988 0 108 58 8157
8850 13 8986 0 194 113 8158
8850 33 8986 0 162 78 8159
8850 12 8986 0 137 49 8160
8850 35 8986 0 105 42 8161
8850 37 8988 0 109 36 8162
8850 6 8984 0 102 36 8163
8850 9 8984 0 10 172 8164
8850 6 8983 0 113 13 8165
8850 5 8985 0 117 1 8166
8850 5 8986 0 120 146 8167
8850 6 8987 0 100 167 8168
8865 3 9000 0 102 36 8169
8865 28 9001 0 35 91 8170
8865 41 8999 0 133 152 8171
8865 24 9002 0 7 35 8172
8865 13 9000 0 108 31 8173
8865 3 9002 0 118 4 8174
8865 18 9000 0 128 23 8175
8865 8 9003 0 123 1 8176
8865 25 9001 0 61 4 8177
8865 11 9001 0 103 1 8178
8865 3 9000 0 120 146 8179
8865 11 9001 0 103 197 8180
8865 7 9003 0 113 13 8181
8865 8 9002 0 18 115 8182
8865 25 9000 0 109 36 8183
8865 45 9002 0 40 77 8184
8865 7 9001 0 37 7 8185
8865 42 9002 0 179 186 8186
8880 32 10000 1 103 197 8187
8880 44 9017 0 141 56 8188
8880 35 9016 0 179 186 8189
8880 6 9017 0 113 13 8190
8880 20 9016 0 190 189 8191
8880 24 9015 0 137 49 8192
8880 39 9016 0 133 152 8193
8880 40 9018 0 61 4 8194
8880 25 9017 0 156 90 8195
8880 20 9015 0 52 37 8196
8895 12 9031 0 18 115 8197
8895 13 9030 0 102 59 8198
8895 11 9031 0 37 7 8199
8895 22 9032 0 156 90 8200
8895 6 9033 0 108 58 8201
8895 4 9032 0 150 43 8202
8895 9 9032 0 194 169 8203
8895 3 9033 0 118 4 8204
8895 45 9033 0 105 42 8205
8895 5 9031 0 102 36 8206
8910 25 9045 0 25 122 8207
8910 18 9045 0 108 31 8208
8910 31 9047 0 133 152 8209
8910 38 9046 0 105 42 8210
8910 20 9046 0 128 23 8211
8910 4 9047 0 100 167 8212
8910 9 9046 0 185 66 8213
8910 6 9047 0 10 172 8214
8910 6 9047 0 150 43 8215
8910 6 9048 0 118 4 8216
8910 5 9046 0 117 1 8217
8910 9 9046 0 113 13 8218
8925 18 9060 0 128 23 8219
8925 25 9060 0 137 49 8220
8925 24 9063 0 190 189 8221
8925 15 9060 0 25 122 8222
8925 12 9061 0 18 115 8223
8925 17 9061 0 108 31 8224
8925 29 9062 0 162 78 8225
8925 21 9062 0 194 113 8226
8925 3 9060 0 117 1 8227
8925 4 9062 0 118 4 8228
8925 10 9062 0 185 66 8229
8925 3 9060 0 100 167 8230
8925 4 9062 0 108 58 8231
8925 36 9060 0 109 36 8232
8937 72 10000 1 122 137 8233
8940 17 9076 0 128 23 8234
8940 19 9076 0 14 3 8235
8940 43 9073 0 162 78 8236
8940 29 9075 0 141 56 8237
8940 3 9075 0 102 36 8238
8940 31 9081 0 99 1 8239
8940 7 9078 0 185 66 8240
8940 38 9076 0 109 36 8241
8940 44 9075 0 105 42 8242
8940 43 9079 0 133 152 8243
8940 3 9077 0 158 124 8244
8940 19 9077 0 137 49 8245
8940 23 9075 0 40 105 8246
8940 20 9075 0 190 189 8247
8940 5 9076 0 120 146 8248
8940 8 9076 0 123 1 8249
8948 34 10000 1 40 77 8250
8951 91 10000 1 117 1 8251
8955 15 9088 0 137 49 8252
8955 16 9090 0 119 94 8253
8955 24 9090 0 52 37 8254
8955 28 9092 0 109 36 8255
8955 9 9092 0 194 169 8256
8955 12 9091 0 25 122 8257
8955 3 9091 0 117 1 8258
8955 34 9091 0 63 86 8259
8955 30 9089 0 105 42 8260
8955 7 9090 0 103 1 8261
8955 16 9091 0 194 113 8262
8964 53 10000 1 162 78 8263
8970 8 9106 0 123 1 8264
8970 8 9105 0 194 169 8265
8970 45 9108 0 66 169 8266
8970 12 9107 0 108 31 8267
8970 20 9103 0 20 47 8268
8970 7 9105 0 113 13 8269
8970 22 9105 0 52 37 8270
8970 10 9107 0 18 115 8271
8970 10 9105 0 103 197 8272
8970 21 9107 0 137 49 8273
8970 7 9106 0 185 66 8274
8970 45 9105 0 99 1 8275
8970 20 9104 0 14 3 8276
8970 5 9106 0 117 1 8277
8981 194 10000 1 108 58 8278
8985 43 9118 0 141 56 8279
8985 12 9121 0 123 1 8280
8985 3 9122 0 120 146 8281
8985 4 9121 0 102 36 8282
8985 32 9123 0 35 91 8283
8985 38 9122 0 109 36 8284
8985 12 9121 0 103 1 8285
8985 41 9121 0 105 42 8286
8985 39 9120 0 179 186 8287
8985 6 9120 0 113 13 8288
8985 25 9123 0 63 86 8289
8985 41 9123 0 110 114 8290
9000 30 9137 0 99 1 8291
9000 8 9133 0 123 1 8292
9000 3 9134 0 120 146 8293
9000 20 9134 0 52 37 8294
9000 44 9134 0 35 91 8295
9000 12 9136 0 113 13 8296
9000 38 9135 0 66 169 8297
9000 33 9134 0 105 42 8298
9000 5 9136 0 117 1 8299
9015 20 9154 0 20 47 8300
9015 28 9151 0 105 42 8301
9015 16 9150 0 108 31 8302
9015 20 9150 0 102 59 8303
9015 20 9150 0 52 37 8304
9015 21 9151 0 40 105 8305
9015 19 9151 0 194 113 8306
9015 20 9150 0 156 90 8307
9015 6 9150 0 103 197 8308
9015 5 9150 0 118 4 8309
9015 12 9152 0 92 2 8310
9015 4 9151 0 102 36 8311
9015 15 9152 0 128 23 8312
9015 8 9150 0 123 1 8313
9015 41 9152 0 63 86 8314
9015 25 9151 0 137 49 8315
9030 9 9164 0 37 7 8316
9030 39 9165 0 133 152 8317
9030 9 9166 0 123 1 8318
9030 6 9166 0 103 1 8319
9030 15 9169 0 137 49 8320
9030 7 9167 0 113 13 8321
9030 4 9167 0 108 58 8322
9030 36 9166 0 99 1 8323
9030 6 9167 0 158 124 8324
9030 6 9166 0 89 137 8325
9030 24 9167 0 122 137 8326
9045 16 9180 0 182 79 8327
9045 11 9180 0 37 7 8328
9045 6 9180 0 150 43 8329
9045 4 9179 0 117 1 8330
9045 8 9180 0 123 1 8331
9045 16 9179 0 14 3 8332
9045 11 9182 0 194 169 8333
9045 12 9182 0 128 23 8334
9045 38 9183 0 110 114 8335
9045 12 9179 0 103 1 8336
9045 12 9182 0 52 37 8337
9045 25 9180 0 190 189 8338
9045 9 9181 0 113 13 8339
9045 6 9184 0 188 80 8340
9045 32 9183 0 61 4 8341
9058 38 10000 1 150 43 8342
9060 3 9197 0 118 4 8343
9060 24 9197 0 14 3 8344
9060 11 9195 0 113 13 8345
9060 10 9196 0 123 1 8346
9060 44 9195 0 179 186 8347
9060 14 9196 0 108 31 8348
9060 33 9195 0 133 152 8349
9060 34 9193 0 61 4 8350
9060 4 9196 0 117 1 8351
9060 6 9197 0 103 1 8352
9060 42 9196 0 105 42 8353
9060 4 9198 0 120 146 8354
9060 29 9197 0 109 36 8355
9060 24 9197 0 102 59 8356
9060 11 9195 0 37 7 8357
9075 3 9211 0 120 146 8358
9075 9 9208 0 103 1 8359
9075 11 9209 0 113 13 8360
9075 12 9211 0 190 189 8361
9075 13 9212 0 137 49 8362
9075 9 9212 0 89 137 8363
9075 14 9210 0 108 31 8364
9075 10 9212 0 10 172 8365
9075 6 9211 0 102 36 8366
9075 15 9213 0 102 59 8367
9075 44 9210 0 109 36 8368
9075 8 9209 0 10 193 8369
9075 26 9212 0 133 152 8370
9075 12 9211 0 122 137 8371
9083 53 10000 1 108 31 8372
9090 3 9226 0 108 58 8373
9090 11 9226 0 113 13 8374
9090 5 9225 0 102 36 8375
9090 5 9224 0 158 124 8376
9090 13 9228 0 128 23 8377
9090 6 9225 0 18 115 8378
9090 12 9226 0 156 90 8379
9090 30 9227 0 63 86 8380
9090 33 9227 0 35 91 8381
9090 44 9226 0 109 36 8382
9090 40 9225 0 110 114 8383
9105 11 9241 0 185 66 8384
9105 4 9243 0 118 4 8385
9105 5 9241 0 102 36 8386
9105 18 9242 0 137 49 8387
9105 39 9242 0 133 152 8388
9105 36 9240 0 61 4 8389
9105 3 9245 0 117 1 8390
9105 24 9239 0 128 23 8391
9105 39 9244 0 109 36 8392
9105 6 9241 0 150 43 8393
9105 19 9242 0 20 47 8394
9105 6 9242 0 188 80 8395
9105 18 9240 0 122 137 8396
9105 12 9242 0 25 122 8397
9105 4 9240 0 108 58 8398
9105 6 9241 0 194 169 8399
9120 7 9256 0 113 13 8400
9120 38 9257 0 63 86 8401
9120 4 9256 0 117 1 8402
9120 20 9256 0 14 3 8403
9120 8 9258 0 194 169 8404
9120 3 9258 0 102 36 8405
9120 3 9257 0 100 167 8406
9120 16 9255 0 156 90 8407
9120 25 9256 0 108 31 8408
9120 15 9255 0 102 59 8409
9120 12 9257 0 89 137 8410
9120 12 9255 0 18 115 8411
9120 41 9256 0 141 56 8412
9120 28 9258 0 110 114 8413
9135 7 9271 0 103 197 8414
9135 12 9271 0 194 113 8415
9135 45 9272 0 105 42 8416
9135 15 9274 0 14 3 8417
9135 4 9271 0 117 1 8418
9135 34 9270 0 133 152 8419
9135 4 9271 0 120 146 8420
9135 4 9270 0 102 36 8421
9135 17 9270 0 119 94 8422
9135 12 9272 0 128 23 8423
9135 22 9271 0 122 137 8424
9135 34 9271 0 61 4 8425
9135 9 9269 0 113 13 8426
9135 22 9273 0 137 49 8427
9141 42 10000 1 158 124 8428
9150 33 9287 0 141 56 8429
9150 9 9287 0 103 197 8430
9150 17 9284 0 108 31 8431
9150 10 9288 0 113 13 8432
9150 3 9288 0 150 43 8433
9150 9 9285 0 188 80 8434
9150 10 9286 0 37 7 8435
9150 4 9288 0 102 36 8436
9150 33 9286 0 109 36 8437
9150 12 9286 0 14 3 8438
9150 11 9287 0 123 1 8439
9165 33 9300 0 162 78 8440
9165 42 9300 0 99 1 8441
9165 6 9301 0 108 58 8442
9165 34 9302 0 105 42 8443
9165 8 9299 0 113 13 8444
9165 8 9301 0 123 1 8445
9165 13 9301 0 7 35 8446
9165 38 9301 0 133 152 8447
9165 9 9300 0 89 137 8448
9165 41 9301 0 66 169 8449
9165 24 9301 0 119 94 8450
9165 25 9302 0 109 36 8451
9165 30 9298 0 40 77 8452
9165 21 9301 0 102 59 8453
9165 19 9300 0 137 49 8454
9165 39 9302 0 63 86 8455
9165 3 9302 0 118 4 8456
9180 26 9317 0 141 56 8457
9180 18 9313 0 52 37 8458
9180 16 9316 0 194 113 8459
9180 3 9314 0 150 43 8460
9180 39 9317 0 179 186 8461
9180 15 9315 0 20 47 8462
9180 13 9317 0 137 49 8463
9180 10 9315 0 37 7 8464
9180 6 9315 0 117 1 8465
9180 11 9316 0 113 13 8466
9180 44 9315 0 109 36 8467
9180 16 9317 0 128 23 8468
9180 12 9316 0 119 94 8469
9180 4 9313 0 118 4 8470
9180 6 9315 0 123 1 8471
9180 22 9318 0 108 31 8472
9180 25 9316 0 105 42 8473
9188 74 10000 1 10 193 8474
9195 12 9331 0 128 23 8475
9195 15 9332 0 122 137 8476
9195 14 9329 0 156 90 8477
9195 20 9331 0 102 59 8478
9195 23 9333 0 14 3 8479
9195 43 9331 0 133 152 8480
9195 45 9331 0 61 4 8481
9195 20 9330 0 137 49 8482
9195 14 9331 0 52 37 8483
9195 32 9330 0 162 78 8484
9195 9 9330 0 123 1 8485
9195 7 9331 0 37 7 8486
9195 16 9333 0 182 79 8487
9210 22 9348 0 194 113 8488
9210 27 9344 0 133 152 8489
9210 6 9348 0 102 36 8490
9210 28 9347 0 35 91 8491
9210 8 9345 0 18 115 8492
9210 6 9346 0 103 197 8493
9210 29 9346 0 105 42 8494
9210 6 9346 0 150 43 8495
9210 24 9345 0 20 47 8496
9210 3 9346 0 118 4 8497
9210 30 9344 0 110 114 8498
9210 10 9343 0 123 1 8499
9210 41 9347 0 109 36 8500
9225 12 9359 0 122 137 8501
9225 6 9360 0 150 43 8502
9225 4 9361 0 117 1 8503
9225 34 9361 0 35 91 8504
9225 32 9362 0 66 169 8505
9225 4 9361 0 100 167 8506
9225 18 9361 0 102 59 8507
9225 8 9361 0 18 115 8508
9225 8 9360 0 123 1 8509
9225 10 9361 0 103 1 8510
9225 12 9363 0 20 47 8511
9225 12 9361 0 10 172 8512
9225 26 9363 0 105 42 8513
9225 8 9358 0 185 66 8514
9240 11 9375 0 18 115 8515
9240 10 9377 0 113 13 8516
9240 8 9376 0 10 193 8517
9240 25 9375 0 7 35 8518
9240 6 9375 0 117 1 8519
9240 11 9375 0 103 197 8520
9240 6 9376 0 102 36 8521
9240 7 9375 0 37 7 8522
9240 9 9374 0 194 169 8523
9240 26 9375 0 133 152 8524
9240 22 9377 0 102 59 8525
9240 34 9377 0 35 91 8526
9240 14 9373 0 122 137 8527
9240 11 9378 0 92 2 8528
9240 6 9377 0 158 124 8529
9240 6 9377 0 108 58 8530
9240 5 9375 0 150 43 8531
9240 10 9378 0 188 80 8532
9240 11 9377 0 185 66 8533
9240 14 9376 0 40 105 8534
9255 8 9389 0 113 13 8535
9255 10 9390 0 89 137 8536
9255 24 9391 0 7 35 8537
9255 6 9392 0 120 146 8538
9255 13 9391 0 137 49 8539
9255 11 9390 0 123 1 8540
9255 3 9393 0 118 4 8541
9255 6 9392 0 117 1 8542
9255 8 9390 0 103 1 8543
9255 6 9392 0 100 167 8544
9255 5 9390 0 158 124 8545
9255 33 9393 0 105 42 8546
9255 22 9389 0 108 31 8547
9255 34 9392 0 141 56 8548
9270 3 9405 0 118 4 8549
9270 8 9406 0 113 13 8550
9270 12 9406 0 14 3 8551
9270 29 9406 0 105 42 8552
9270 23 9405 0 7 35 8553
9270 10 9402 0 185 66 8554
9270 19 9406 0 128 23 8555
9270 31 9404 0 63 86 8556
9270 18 9407 0 194 113 8557
9270 25 9406 0 137 49 8558
9270 28 9404 0 110 114 8559
9270 3 9406 0 102 36 8560
9270 9 9407 0 123 1 8561
9270 35 9407 0 40 77 8562
9270 42 9409 0 61 4 8563
9279 72 10000 1 102 36 8564
9283 75 10000 1 128 23 8565
9285 8 9421 0 103 1 8566
9285 8 9421 0 18 115 8567
9285 6 9423 0 113 13 8568
9285 7 9420 0 185 66 8569
9285 23 9420 0 156 90 8570
9285 5 9420 0 108 58 8571
9285 6 9420 0 194 169 8572
9285 23 9422 0 52 37 8573
9285 29 9423 0 35 91 8574
9285 3 9421 0 117 1 8575
9285 22 9420 0 7 35 8576
9285 25 9419 0 105 42 8577
9300 8 9435 0 123 1 8578
9300 45 9435 0 66 169 8579
9300 4 9440 0 102 36 8580
9300 8 9437 0 113 13 8581
9300 14 9435 0 14 3 8582
9300 15 9438 0 128 23 8583
9300 27 9435 0 99 1 8584
9300 3 9437 0 120 146 8585
9300 22 9436 0 40 105 8586
9300 11 9433 0 185 66 8587
9300 39 9435 0 162 78 8588
9300 3 9435 0 117 1 8589
9300 12 9437 0 108 31 8590
9300 29 9436 0 40 77 8591
9300 20 9437 0 194 113 8592
9300 3 9436 0 150 43 8593
9300 6 9435 0 118 4 8594
9302 45 10000 1 102 59 8595
9303 47 10000 1 110 114 8596
9315 9 9450 0 10 172 8597
9315 45 9449 0 105 42 8598
9315 8 9451 0 123 1 8599
9315 10 9451 0 113 13 8600
9315 28 9451 0 40 77 8601
9315 10 9451 0 92 2 8602
9315 6 9451 0 102 36 8603
9315 22 9451 0 137 49 8604
9315 7 9453 0 185 66 8605
9315 19 9452 0 108 31 8606
9315 10 9450 0 194 169 8607
9315 3 9449 0 117 1 8608
9315 6 9453 0 150 43 8609
9315 44 9453 0 63 86 8610
9330 24 9467 0 119 94 8611
9330 15 9466 0 137 49 8612
9330 9 9465 0 188 80 8613
9330 14 9466 0 40 105 8614
9330 12 9467 0 103 1 8615
9330 43 9466 0 61 4 8616
9330 4 9466 0 118 4 8617
9330 29 9466 0 105 42 8618
9330 5 9465 0 150 43 8619
9330 16 9465 0 52 37 8620
9330 32 9467 0 141 56 8621
9330 9 9468 0 185 66 8622
9330 8 9466 0 10 172 8623
9330 4 9468 0 100 167 8624
9330 6 9465 0 18 115 8625
9330 41 9467 0 99 1 8626
9345 35 9480 0 105 42 8627
9345 10 9482 0 188 80 8628
9345 5 9481 0 102 36 8629
9345 15 9480 0 7 35 8630
9345 6 9482 0 117 1 8631
9345 25 9481 0 99 1 8632
9345 4 9480 0 150 43 8633
9345 34 9479 0 179 186 8634
9345 5 9482 0 108 58 8635
9345 11 9481 0 103 1 8636
9345 11 9481 0 185 66 8637
9345 23 9480 0 194 113 8638
9345 9 9481 0 113 13 8639
9345 31 9480 0 66 169 8640
9345 11 9484 0 123 1 8641
9345 39 9482 0 35 91 8642
9360 28 9497 0 63 86 8643
9360 12 9496 0 18 115 8644
9360 35 9496 0 105 42 8645
9360 6 9495 0 117 1 8646
9360 23 9495 0 119 94 8647
9360 9 9497 0 10 172 8648
9360 45 9495 0 179 186 8649
9360 32 9497 0 141 56 8650
9367 59 10000 1 190 189 8651
9373 65 10000 1 7 35 8652
9375 8 9511 0 18 115 8653
9375 25 9510 0 141 56 8654
9375 31 9512 0 35 91 8655
9375 13 9510 0 108 31 8656
9375 12 9512 0 20 47 8657
9375 23 9512 0 137 49 8658
9375 13 9512 0 128 23 8659
9375 10 9513 0 113 13 8660
9375 5 9510 0 117 1 8661
9375 20 9511 0 7 35 8662
9375 7 9510 0 37 7 8663
9375 12 9510 0 92 2 8664
9375 28 9511 0 109 36 8665
9390 17 9525 0 194 113 8666
9390 25 9526 0 35 91 8667
9390 8 9525 0 113 13 8668
9390 8 9527 0 185 66 8669
9390 12 9528 0 20 47 8670
9390 6 9525 0 117 1 8671
9405 35 9540 0 105 42 8672
9405 20 9540 0 20 47 8673
9405 22 9539 0 119 94 8674
9405 16 9540 0 108 31 8675
9405 29 9539 0 99 1 8676
9405 12 9542 0 185 66 8677
9405 23 9542 0 137 49 8678
9405 13 9540 0 128 23 8679
9405 7 9540 0 103 1 8680
9405 5 9541 0 118 4 8681
9405 10 9541 0 113 13 8682
9405 38 9539 0 162 78 8683
9405 33 9540 0 35 91 8684
9405 12 9541 0 190 189 8685
9405 10 9540 0 194 169 8686
9405 4 9541 0 117 1 8687
9405 25 9538 0 25 122 8688
9405 31 9539 0 40 77 8689
9420 6 9554 0 194 169 8690
9420 25 9554 0 35 91 8691
9420 45 9555 0 61 4 8692
9420 6 9558 0 188 80 8693
9420 24 9557 0 25 122 8694
9420 17 9555 0 190 189 8695
9420 9 9557 0 10 193 8696
9420 17 9558 0 108 31 8697
9420 16 9556 0 194 113 8698
9423 78 10000 1 89 137 8699
9435 17 9570 0 156 90 8700
9435 27 9570 0 141 56 8701
9435 6 9571 0 102 36 8702
9435 5 9571 0 100 167 8703
9435 3 9572 0 117 1 8704
9435 21 9569 0 102 59 8705
9435 26 9573 0 63 86 8706
9435 37 9571 0 109 36 8707
9435 6 9570 0 103 1 8708
9435 7 9573 0 123 1 8709
9435 25 9572 0 128 23 8710
9435 32 9568 0 162 78 8711
9435 6 9571 0 113 13 8712
9435 22 9570 0 182 79 8713
9435 37 9570 0 105 42 8714
9435 12 9572 0 188 80 8715
9450 10 9585 0 92 2 8716
9450 3 9586 0 102 36 8717
9450 25 9586 0 194 113 8718
9450 14 9587 0 190 189 8719
9450 20 9586 0 108 31 8720
9450 22 9585 0 102 59 8721
9450 45 9587 0 63 86 8722
9450 39 9587 0 99 1 8723
9450 14 9585 0 182 79 8724
9450 37 9588 0 141 56 8725
9450 23 9586 0 40 105 8726
9450 10 9585 0 113 13 8727
9450 8 9583 0 89 137 8728
9450 21 9585 0 156 90 8729
9450 22 9586 0 52 37 8730
9450 3 9587 0 158 124 8731
9465 6 9603 0 117 1 8732
9465 11 9601 0 123 1 8733
9465 42 9601 0 40 77 8734
9465 45 9601 0 35 91 8735
9465 39 9601 0 63 86 8736
9465 21 9601 0 14 3 8737
9465 13 9600 0 7 35 8738
9465 34 9601 0 105 42 8739
9465 3 9601 0 118 4 8740
9465 37 9599 0 109 36 8741
9465 15 9601 0 137 49 8742
9465 6 9601 0 103 197 8743
9465 40 9601 0 179 186 8744
9465 6 9602 0 194 169 8745
9465 15 9601 0 108 31 8746
9480 16 9616 0 190 189 8747
9480 11 9615 0 123 1 8748
9480 6 9616 0 102 36 8749
9480 8 9616 0 10 193 8750
9480 13 9616 0 25 122 8751
9480 12 9616 0 188 80 8752
9480 24 9616 0 128 23 8753
9480 6 9614 0 113 13 8754
9480 12 9617 0 18 115 8755
9480 12 9615 0 185 66 8756
9480 9 9615 0 10 172 8757
9495 20 9629 0 128 23 8758
9495 5 9630 0 108 58 8759
9495 5 9631 0 117 1 8760
9495 20 9631 0 108 31 8761
9495 10 9631 0 10 193 8762
9495 17 9629 0 119 94 8763
9495 12 9632 0 194 113 8764
9495 8 9630 0 188 80 8765
9495 23 9631 0 156 90 8766
9495 21 9631 0 137 49 8767
9495 16 9630 0 52 37 8768
9495 4 9631 0 102 36 8769
9495 11 9631 0 113 13 8770
9495 23 9630 0 122 137 8771
9495 29 9631 0 109 36 8772
9495 7 9631 0 185 66 8773
9510 23 9645 0 25 122 8774
9510 12 9647 0 92 2 8775
9510 12 9645 0 7 35 8776
9510 6 9646 0 100 167 8777
9510 3 9643 0 118 4 8778
9510 10 9647 0 10 172 8779
9510 22 9648 0 128 23 8780
9510 5 9646 0 117 1 8781
9510 28 9645 0 109 36 8782
9510 20 9645 0 108 31 8783
9510 12 9647 0 182 79 8784
9510 9 9645 0 113 13 8785
9525 3 9663 0 117 1 8786
9525 22 9659 0 182 79 8787
9525 10 9660 0 10 172 8788
9525 9 9662 0 10 193 8789
9525 36 9659 0 40 77 8790
9525 20 9661 0 40 105 8791
9525 14 9660 0 137 49 8792
9525 6 9661 0 118 4 8793
9525 12 9663 0 103 197 8794
9525 39 9660 0 141 56 8795
9525 8 9661 0 37 7 8796
9525 4 9663 0 120 146 8797
9525 6 9661 0 188 80 8798
9525 13 9660 0 52 37 8799
9525 32 9661 0 179 186 8800
9525 12 9659 0 14 3 8801
9525 20 9662 0 7 35 8802
9525 45 9660 0 105 42 8803
9525 13 9659 0 190 189 8804
9525 6 9662 0 100 167 8805
9525 24 9660 0 122 137 8806
9525 13 9659 0 108 31 8807
9525 9 9663 0 18 115 8808
9525 6 9661 0 123 1 8809
9540 11 9675 0 113 13 8810
9540 9 9675 0 37 7 8811
9540 22 9677 0 108 31 8812
9540 43 9676 0 61 4 8813
9540 19 9679 0 128 23 8814
9540 43 9674 0 179 186 8815
9540 6 9678 0 118 4 8816
9540 31 9677 0 109 36 8817
9540 9 9676 0 123 1 8818
9540 42 9676 0 99 1 8819
9540 10 9676 0 188 80 8820
9540 8 9678 0 10 172 8821
9540 4 9677 0 108 58 8822
9540 21 9675 0 137 49 8823
9540 5 9677 0 120 146 8824
9555 12 9691 0 113 13 8825
9555 25 9692 0 63 86 8826
9555 12 9692 0 123 1 8827
9555 31 9690 0 109 36 8828
9555 40 9691 0 66 169 8829
9555 22 9691 0 52 37 8830
9555 3 9692 0 158 124 8831
9555 19 9693 0 137 49 8832
9555 26 9689 0 179 186 8833
9555 25 9692 0 25 122 8834
9555 5 9691 0 102 36 8835
9555 12 9690 0 108 31 8836
9555 21 9692 0 128 23 8837
9555 6 9691 0 100 167 8838
9570 45 9707 0 179 186 8839
9570 20 9704 0 108 31 8840
9570 12 9707 0 188 80 8841
9570 13 9706 0 122 137 8842
9570 7 9706 0 123 1 8843
9570 42 9705 0 63 86 8844
9570 15 9706 0 102 59 8845
9570 10 9708 0 113 13 8846
9570 32 9704 0 105 42 8847
9570 8 9706 0 89 137 8848
9585 5 9721 0 118 4 8849
9585 44 9720 0 109 36 8850
9585 30 9722 0 99 1 8851
9585 34 9720 0 162 78 8852
9585 24 9720 0 20 47 8853
9585 6 9719 0 120 146 8854
9585 11 9721 0 188 80 8855
9585 14 9723 0 7 35 8856
9585 25 9723 0 66 169 8857
9585 34 9722 0 35 91 8858
9585 3 9718 0 102 36 8859
9585 34 9721 0 133 152 8860
9585 27 9720 0 105 42 8861
9585 25 9722 0 108 31 8862
9585 42 9721 0 63 86 8863
9585 9 9719 0 10 193 8864
9585 34 9720 0 40 77 8865
9585 4 9722 0 150 43 8866
9585 6 9723 0 158 124 8867
9600 22 9735 0 102 59 8868
9600 10 9735 0 185 66 8869
9600 13 9735 0 190 189 8870
9600 22 9736 0 25 122 8871
9600 25 9737 0 14 3 8872
9600 28 9733 0 105 42 8873
9600 6 9734 0 89 137 8874
9600 12 9734 0 108 31 8875
9600 6 9736 0 10 172 8876
9600 25 9737 0 137 49 8877
9600 33 9738 0 109 36 8878
9600 17 9737 0 119 94 8879
9600 9 9735 0 113 13 8880
9600 16 9735 0 194 113 8881
9600 38 9734 0 61 4 8882
9600 23 9735 0 128 23 8883
9600 20 9736 0 20 47 8884
9600 4 9737 0 120 146 8885
9600 37 9735 0 141 56 8886
9615 4 9750 0 118 4 8887
9615 21 9753 0 182 79 8888
9615 6 9750 0 194 169 8889
9615 9 9753 0 10 193 8890
9615 18 9751 0 128 23 8891
9615 33 9751 0 105 42 8892
9615 10 9749 0 89 137 8893
9615 20 9749 0 156 90 8894
9615 24 9751 0 137 49 8895
9615 6 9752 0 117 1 8896
9615 32 9750 0 109 36 8897
9615 10 9749 0 18 115 8898
9615 11 9752 0 103 1 8899
9615 9 9751 0 113 13 8900
9615 17 9752 0 194 113 8901
9630 9 9768 0 113 13 8902
9630 29 9765 0 109 36 8903
9630 29 9766 0 133 152 8904
9630 3 9767 0 117 1 8905
9630 12 9765 0 20 47 8906
9630 45 9766 0 63 86 8907
9630 20 9767 0 122 137 8908
9630 6 9767 0 123 1 8909
9630 10 9767 0 194 169 8910
9630 21 9768 0 137 49 8911
9630 24 9766 0 182 79 8912
9630 14 9765 0 108 31 8913
9645 8 9781 0 113 13 8914
9645 10 9781 0 123 1 8915
9645 41 9782 0 105 42 8916
9645 23 9783 0 108 31 8917
9645 36 9781 0 61 4 8918
9645 5 9780 0 118 4 8919
9645 27 9783 0 162 78 8920
9645 22 9782 0 25 122 8921
9645 5 9779 0 117 1 8922
9645 14 9780 0 128 23 8923
9645 4 9781 0 102 36 8924
9645 28 9784 0 35 91 8925
9645 35 9782 0 109 36 8926
9645 4 9781 0 100 167 8927
9645 37 9781 0 110 114 8928
9645 3 9781 0 108 58 8929
9645 24 9783 0 137 49 8930
9645 31 9783 0 63 86 8931
9645 15 9782 0 7 35 8932
9645 20 9780 0 52 37 8933
9645 23 9783 0 40 105 8934
9646 117 10000 1 150 43 8935
9660 8 9798 0 113 13 8936
9660 22 9797 0 182 79 8937
9660 18 9796 0 108 31 8938
9660 5 9795 0 102 36 8939
9660 28 9794 0 35 91 8940
9660 25 9796 0 194 113 8941
9660 41 9796 0 109 36 8942
9660 10 9798 0 188 80 8943
9660 44 9795 0 105 42 8944
9660 4 9796 0 120 146 8945
9660 4 9796 0 117 1 8946
9660 5 9795 0 118 4 8947
9660 45 9794 0 61 4 8948
9670 76 10000 1 105 42 8949
9675 19 9813 0 137 49 8950
9675 10 9811 0 37 7 8951
9675 32 9811 0 61 4 8952
9675 23 9812 0 194 113 8953
9675 12 9811 0 7 35 8954
9675 14 9812 0 52 37 8955
9675 29 9811 0 105 42 8956
9675 11 9809 0 103 197 8957
9675 3 9812 0 158 124 8958
9675 5 9811 0 118 4 8959
9675 4 9812 0 102 36 8960
9675 39 9809 0 141 56 8961
9675 21 9812 0 156 90 8962
9675 45 9812 0 63 86 8963
9675 6 9810 0 117 1 8964
9675 37 9811 0 133 152 8965
9675 10 9811 0 113 13 8966
9675 37 9810 0 162 78 8967
9675 18 9811 0 14 3 8968
9675 22 9812 0 182 79 8969
9681 59 10000 1 194 113 8970
9690 6 9826 0 117 1 8971
9690 5 9825 0 120 146 8972
9690 9 9822 0 103 197 8973
9690 13 9826 0 128 23 8974
9690 25 9828 0 66 169 8975
9690 12 9824 0 10 172 8976
9690 21 9826 0 119 94 8977
9690 8 9826 0 103 1 8978
9690 42 9826 0 40 77 8979
9690 40 9826 0 110 114 8980
9690 3 9827 0 102 36 8981
9690 24 9826 0 25 122 8982
9690 11 9826 0 113 13 8983
9690 14 9826 0 190 189 8984
9690 8 9826 0 18 115 8985
9690 12 9827 0 156 90 8986
9705 27 9839 0 109 36 8987
9705 23 9841 0 108 31 8988
9705 21 9842 0 128 23 8989
9705 3 9838 0 158 124 8990
9705 15 9841 0 52 37 8991
9705 12 9838 0 156 90 8992
9705 10 9841 0 188 80 8993
9705 4 9840 0 108 58 8994
9705 6 9842 0 18 115 8995
9705 22 9843 0 194 113 8996
9705 17 9838 0 119 94 8997
9705 10 9840 0 10 172 8998
9705 23 9842 0 137 49 8999
9705 21 9839 0 122 137 9000
9705 27 9841 0 35 91 9001
9705 11 9843 0 123 1 9002
9705 9 9840 0 194 169 9003
9705 8 9840 0 113 13 9004
9720 33 9855 0 141 56 9005
9720 24 9858 0 108 31 9006
9720 7 9857 0 18 115 9007
9720 10 9854 0 113 13 9008
9720 6 9856 0 123 1 9009
9720 4 9858 0 117 1 9010
9720 15 9857 0 137 49 9011
9720 44 9855 0 105 42 9012
9720 10 9855 0 188 80 9013
9720 5 9857 0 100 167 9014
9720 45 9854 0 179 186 9015
9720 28 9857 0 61 4 9016
9720 34 9857 0 63 86 9017
9729 48 10000 1 113 13 9018
9735 8 9871 0 113 13 9019
9735 8 9870 0 123 1 9020
9735 24 9875 0 194 113 9021
9735 11 9870 0 103 197 9022
9735 3 9872 0 120 146 9023
9735 44 9872 0 35 91 9024
9735 32 9873 0 133 152 9025
9735 15 9869 0 52 37 9026
9735 27 9870 0 40 77 9027
9735 19 9869 0 128 23 9028
9735 28 9871 0 109 36 9029
9735 13 9875 0 40 105 9030
9735 45 9870 0 105 42 9031
9750 42 9887 0 35 91 9032
9750 5 9886 0 102 36 9033
9750 16 9886 0 190 189 9034
9750 36 9884 0 179 186 9035
9750 20 9885 0 102 59 9036
9750 20 9887 0 108 31 9037
9750 8 9886 0 123 1 9038
9750 4 9888 0 117 1 9039
9750 15 9885 0 7 35 9040
9750 4 9887 0 108 58 9041
9750 6 9885 0 185 66 9042
9750 18 9886 0 137 49 9043
9750 12 9887 0 128 23 9044
9750 7 9889 0 92 2 9045
9750 43 9886 0 61 4 9046
9750 42 9886 0 105 42 9047
9765 27 9901 0 141 56 9048
9765 9 9900 0 123 1 9049
9765 3 9901 0 117 1 9050
9765 20 9902 0 7 35 9051
9765 11 9900 0 37 7 9052
9765 30 9900 0 133 152 9053
9765 12 9902 0 103 1 9054
9765 25 9902 0 190 189 9055
9765 9 9901 0 10 172 9056
9765 18 9903 0 137 49 9057
9765 5 9899 0 118 4 9058
9765 6 9901 0 150 43 9059
9765 18 9900 0 108 31 9060
9765 34 9900 0 105 42 9061
9765 6 9901 0 113 13 9062
9765 8 9901 0 92 2 9063
9765 7 9902 0 185 66 9064
9765 10 9900 0 188 80 9065
9765 3 9902 0 108 58 9066
9765 22 9899 0 40 105 9067
9768 122 10000 1 18 115 9068
9773 166 10000 1 102 59 9069
9780 13 9916 0 52 37 9070
9780 14 9916 0 102 59 9071
9780 22 9915 0 194 113 9072
9780 44 9916 0 99 1 9073
9780 25 9916 0 35 91 9074
9780 12 9915 0 103 1 9075
9780 10 9917 0 113 13 9076
9780 15 9916 0 137 49 9077
9780 5 9916 0 117 1 9078
9780 5 9916 0 118 4 9079
9780 10 9917 0 123 1 9080
9780 7 9915 0 103 197 9081
9791 139 10000 1 52 37 9082
9795 45 9931 0 105 42 9083
9795 39 9928 0 40 77 9084
9795 22 9930 0 108 31 9085
9795 13 9931 0 182 79 9086
9795 21 9932 0 7 35 9087
9795 20 9931 0 128 23 9088
9795 42 9932 0 110 114 9089
9795 38 9930 0 109 36 9090
9795 29 9930 0 133 152 9091
9795 11 9930 0 123 1 9092
9795 10 9930 0 10 193 9093
9795 3 9932 0 117 1 9094
9795 17 9930 0 137 49 9095
9810 18 9945 0 25 122 9096
9810 17 9948 0 7 35 9097
9810 22 9947 0 128 23 9098
9810 5 9944 0 108 58 9099
9810 7 9949 0 123 1 9100
9810 25 9946 0 105 42 9101
9810 8 9946 0 113 13 9102
9810 26 9946 0 61 4 9103
9810 12 9946 0 108 31 9104
9810 26 9945 0 162 78 9105
9810 30 9944 0 99 1 9106
9816 50 10000 1 117 1 9107
9825 24 9961 0 182 79 9108
9825 15 9962 0 128 23 9109
9825 12 9963 0 113 13 9110
9825 30 9960 0 105 42 9111
9825 11 9959 0 103 1 9112
9825 7 9961 0 18 115 9113
9825 33 9962 0 110 114 9114
9825 17 9961 0 122 137 9115
9825 37 9959 0 61 4 9116
9825 18 9962 0 194 113 9117
9825 15 9961 0 137 49 9118
9825 41 9962 0 40 77 9119
9825 6 9962 0 37 7 9120
9840 24 9976 0 119 94 9121
9840 14 9974 0 156 90 9122
9840 42 9977 0 109 36 9123
9840 44 9975 0 162 78 9124
9840 9 9976 0 92 2 9125
9840 10 9979 0 123 1 9126
9840 3 9976 0 102 36 9127
9840 16 9978 0 137 49 9128
9840 19 9974 0 25 122 9129
9840 18 9975 0 122 137 9130
9840 6 9976 0 118 4 9131
9840 11 9976 0 89 137 9132
9840 24 9976 0 128 23 9133
9840 5 9976 0 158 124 9134
9855 22 9991 0 137 49 9135
9855 4 9991 0 117 1 9136
9855 12 9990 0 37 7 9137
9855 5 9989 0 108 58 9138
9855 9 9991 0 123 1 9139
9855 8 9991 0 89 137 9140
9855 34 9992 0 105 42 9141
9855 43 9990 0 162 78 9142
9855 6 9992 0 113 13 9143
9855 12 9990 0 92 2 9144
9855 4 9991 0 102 36 9145
9855 22 9991 0 108 31 9146
9855 6 9991 0 10 172 9147
9855 6 9989 0 118 4 9148
9855 20 9992 0 119 94 9149
9855 16 9990 0 7 35 9150
9855 18 9992 0 40 105 9151
9861 37 10000 1 182 79 9152
9868 72 10000 1 119 94 9153
9900 52 10000 1 194 169 9154
