35
75 160
191 37
147 156
120 120
32 90
32 20
12 92
174 67
121 29
142 131
5 12
194 145
167 188
43 1
37 199
37 124
61 123
105 2
87 5
59 105
123 80
28 10
59 195
74 47
92 19
158 124
40 77
103 197
119 94
10 172
122 137
35 91
14 3
190 189
194 113
0 38 136 0 128 55 1
0 9 138 0 99 9 2
0 19 137 0 146 22 3
0 26 135 0 96 33 4
0 22 136 0 86 23 5
0 16 136 0 127 22 6
0 6 137 0 109 56 7
0 43 137 0 131 45 8
0 23 136 0 166 118 9
0 17 137 0 7 180 10
0 11 137 0 147 18 11
0 28 136 0 124 33 12
0 25 137 0 155 122 13
0 9 136 0 127 43 14
0 5 139 0 125 90 15
0 10 137 0 148 23 16
0 24 137 0 138 26 17
0 4 136 0 24 195 18
0 10 136 0 142 143 19
0 29 137 0 40 59 20
0 9 137 0 198 85 21
0 18 135 0 98 36 22
0 33 135 0 50 121 23
0 20 136 0 63 113 24
15 27 151 0 124 33 25
15 23 151 0 161 34 26
15 31 151 0 140 22 27
15 6 151 0 148 23 28
15 18 151 0 146 119 29
15 12 151 0 33 177 30
15 28 150 0 121 49 31
15 4 151 0 63 134 32
15 16 153 0 86 23 33
15 16 151 0 152 41 34
15 23 152 0 98 36 35
15 12 153 0 15 4 36
15 31 151 0 128 55 37
15 24 151 0 22 41 38
15 24 151 0 138 26 39
15 26 152 0 182 28 40
15 7 152 0 128 96 41
15 10 149 0 145 55 42
15 23 150 0 113 48 43
15 22 151 0 72 131 44
15 4 151 0 57 122 45
15 21 152 0 66 169 46
15 4 150 0 125 90 47
15 12 150 0 127 43 48
15 11 152 0 110 24 49
15 17 151 0 146 22 50
15 11 150 0 147 18 51
15 10 151 0 99 9 52
15 12 150 0 7 180 53
15 32 150 0 46 189 54
30 3 164 0 178 113 55
30 27 165 0 140 22 56
30 44 166 0 121 49 57
30 31 166 0 182 28 58
30 23 165 0 146 22 59
30 11 166 0 24 183 60
30 12 166 0 99 9 61
30 3 168 0 125 90 62
30 32 168 0 6 88 63
30 23 167 0 132 13 64
30 44 164 0 124 33 65
30 5 166 0 102 30 66
30 13 167 0 72 131 67
30 8 167 0 127 43 68
30 7 165 0 122 11 69
30 21 165 0 98 36 70
30 7 165 0 96 13 71
30 37 167 0 96 33 72
30 14 167 0 22 41 73
30 9 165 0 148 23 74
30 14 166 0 113 48 75
45 24 182 0 164 40 76
45 5 180 0 102 30 77
45 22 180 0 106 10 78
45 8 183 0 127 43 79
45 8 180 0 147 18 80
45 10 183 0 99 9 81
45 15 182 0 7 180 82
45 37 182 0 131 45 83
45 43 182 0 124 33 84
45 22 181 0 22 41 85
45 6 180 0 58 139 86
45 20 178 0 132 13 87
45 34 182 0 143 170 88
45 6 179 0 146 159 89
45 16 181 0 152 41 90
45 23 181 0 162 60 91
45 37 179 0 128 55 92
45 32 179 0 140 22 93
45 36 181 0 121 49 94
45 37 182 0 102 140 95
45 6 182 0 142 143 96
45 19 180 0 146 119 97
45 10 179 0 15 4 98
45 17 180 0 66 169 99
45 19 182 0 15 186 100
45 11 181 0 96 13 101
60 20 193 0 113 48 102
60 16 194 0 72 131 103
60 23 195 0 106 10 104
60 24 195 0 15 186 105
60 8 196 0 128 96 106
60 33 196 0 140 22 107
60 10 196 0 150 50 108
60 7 196 0 147 18 109
60 12 195 0 16 120 110
60 29 196 0 96 33 111
60 16 196 0 127 22 112
60 17 195 0 86 23 113
60 33 195 0 128 55 114
60 9 198 0 109 1 115
60 5 197 0 186 125 116
60 15 197 0 146 119 117
60 6 195 0 102 30 118
60 26 195 0 121 49 119
60 6 196 0 58 139 120
60 14 197 0 132 13 121
60 15 195 0 98 36 122
70 187 3059 1 198 85 123
75 10 211 0 93 9 124
75 39 212 0 6 88 125
75 6 209 0 102 30 126
75 12 209 0 162 60 127
75 25 212 0 155 122 128
75 11 212 0 147 18 129
75 35 211 0 128 55 130
75 17 211 0 106 10 131
75 12 211 0 127 43 132
75 4 210 0 57 122 133
75 11 210 0 24 183 134
75 6 212 0 99 9 135
75 8 213 0 2 3 136
75 32 211 0 102 140 137
75 18 209 0 78 150 138
75 31 211 0 131 45 139
75 30 211 0 140 22 140
75 41 213 0 121 49 141
75 9 211 0 110 24 142
75 8 209 0 16 120 143
75 13 213 0 146 22 144
75 7 210 0 122 11 145
80 65 3065 1 67 20 146
90 10 225 0 109 56 147
90 25 226 0 67 20 148
90 20 225 0 113 48 149
90 13 226 0 15 186 150
90 45 226 0 182 28 151
90 12 226 0 106 10 152
90 19 227 0 117 40 153
90 11 228 0 128 96 154
90 39 226 0 140 22 155
90 10 225 0 16 120 156
90 13 226 0 98 36 157
90 4 222 0 72 194 158
90 7 228 0 122 11 159
90 6 225 0 153 145 160
90 3 222 0 63 134 161
90 9 225 0 109 1 162
90 11 227 0 146 159 163
90 38 227 0 121 49 164
90 43 226 0 131 45 165
90 8 226 0 155 52 166
90 6 226 0 13 75 167
90 10 225 0 110 24 168
90 25 223 0 96 33 169
90 11 227 0 127 43 170
90 6 227 0 102 30 171
90 18 225 0 155 122 172
90 30 226 0 46 189 173
90 11 225 0 148 23 174
90 15 225 0 63 113 175
90 23 225 0 66 169 176
105 6 241 0 148 23 177
105 7 240 0 24 183 178
105 24 242 0 127 22 179
105 25 242 0 22 41 180
105 44 242 0 121 49 181
105 22 242 0 164 40 182
105 8 242 0 153 145 183
105 14 242 0 162 60 184
105 45 240 0 50 121 185
105 15 242 0 98 36 186
105 8 241 0 198 85 187
105 14 241 0 146 119 188
105 6 242 0 102 30 189
105 34 241 0 124 33 190
105 10 241 0 109 56 191
105 8 242 0 96 13 192
105 12 240 0 113 48 193
105 26 241 0 46 189 194
105 37 241 0 40 59 195
105 39 241 0 140 22 196
105 9 241 0 128 96 197
117 74 3104 1 83 108 198
117 71 3104 1 2 3 199
120 18 257 0 106 10 200
120 9 255 0 110 24 201
120 24 254 0 127 22 202
120 9 258 0 122 11 203
120 45 256 0 155 79 204
120 17 256 0 63 113 205
120 40 256 0 143 170 206
120 7 256 0 109 56 207
120 43 254 0 131 45 208
120 8 256 0 99 9 209
120 5 252 0 57 122 210
120 17 255 0 15 186 211
120 37 256 0 182 28 212
120 11 257 0 66 134 213
120 20 259 0 146 119 214
120 24 254 0 93 57 215
120 44 257 0 6 88 216
120 26 256 0 140 22 217
120 31 259 0 121 49 218
120 6 256 0 127 43 219
120 16 256 0 117 40 220
120 10 255 0 147 18 221
120 43 258 0 128 55 222
120 17 255 0 22 41 223
135 20 270 0 138 26 224
135 7 269 0 110 24 225
135 17 271 0 22 41 226
135 8 271 0 145 55 227
135 12 269 0 132 13 228
135 6 269 0 125 90 229
135 40 274 0 124 33 230
135 18 272 0 93 57 231
135 40 270 0 96 33 232
135 3 270 0 178 113 233
135 14 271 0 164 40 234
135 12 272 0 99 9 235
135 9 271 0 96 13 236
135 6 267 0 147 18 237
135 20 270 0 127 22 238
135 6 269 0 198 85 239
135 15 270 0 86 23 240
135 39 271 0 140 22 241
146 154 3131 1 63 134 242
150 30 286 0 121 49 243
150 3 288 0 102 30 244
150 36 286 0 46 189 245
150 6 287 0 150 50 246
150 21 286 0 161 34 247
150 4 286 0 57 122 248
150 19 284 0 146 22 249
150 8 285 0 33 177 250
150 34 285 0 128 55 251
150 6 286 0 99 9 252
150 9 285 0 145 55 253
150 6 287 0 72 194 254
150 21 288 0 106 10 255
150 6 284 0 127 43 256
150 34 285 0 40 59 257
150 16 286 0 127 22 258
150 23 285 0 113 48 259
150 8 287 0 2 3 260
150 6 286 0 147 18 261
150 8 284 0 16 120 262
150 11 285 0 96 13 263
150 9 287 0 110 24 264
150 17 283 0 138 26 265
150 17 286 0 93 57 266
150 6 287 0 13 75 267
150 11 287 0 153 145 268
150 8 287 0 93 9 269
151 73 3137 1 86 23 270
165 3 298 0 102 30 271
165 6 302 0 109 56 272
165 5 301 0 13 75 273
165 31 302 0 131 45 274
165 25 300 0 86 23 275
165 7 303 0 155 52 276
165 7 301 0 99 9 277
165 15 302 0 146 22 278
165 34 301 0 124 33 279
165 6 301 0 63 134 280
165 37 301 0 6 88 281
165 15 301 0 106 10 282
165 43 302 0 40 59 283
165 25 301 0 127 22 284
165 39 298 0 140 22 285
165 11 301 0 148 23 286
165 8 302 0 110 24 287
165 30 300 0 121 49 288
165 33 302 0 102 140 289
165 3 300 0 72 194 290
165 40 300 0 96 33 291
165 21 300 0 164 40 292
165 33 301 0 155 79 293
165 35 300 0 50 121 294
165 16 300 0 98 36 295
165 12 300 0 122 11 296
165 6 301 0 186 125 297
165 11 302 0 142 143 298
165 31 301 0 128 55 299
171 59 3159 1 198 85 300
174 93 3161 1 72 194 301
180 45 318 0 40 59 302
180 28 313 0 131 45 303
180 7 315 0 142 143 304
180 6 319 0 127 43 305
180 11 317 0 147 18 306
180 35 316 0 128 55 307
180 6 315 0 186 125 308
180 6 316 0 96 13 309
180 42 318 0 121 49 310
180 11 315 0 93 9 311
180 16 317 0 106 10 312
180 7 317 0 173 171 313
180 6 313 0 24 183 314
180 18 315 0 155 122 315
180 17 316 0 146 22 316
180 33 315 0 46 189 317
180 6 315 0 150 50 318
180 3 315 0 102 1 319
180 25 315 0 78 150 320
195 8 333 0 145 55 321
195 34 332 0 6 88 322
195 6 331 0 96 13 323
195 6 331 0 125 90 324
195 14 329 0 162 60 325
195 35 333 0 121 49 326
195 3 331 0 95 77 327
195 6 331 0 99 9 328
195 19 331 0 166 118 329
195 14 332 0 146 22 330
195 15 332 0 67 20 331
195 19 332 0 98 36 332
195 4 333 0 186 125 333
195 6 331 0 178 113 334
195 14 331 0 106 10 335
195 10 328 0 109 56 336
195 6 329 0 13 75 337
195 25 330 0 127 22 338
195 17 331 0 93 57 339
195 7 331 0 93 9 340
195 34 332 0 140 22 341
195 11 333 0 146 159 342
195 33 332 0 124 33 343
198 34 3184 1 128 55 344
210 38 345 0 124 33 345
210 3 347 0 95 77 346
210 23 345 0 127 22 347
210 8 348 0 150 50 348
210 33 348 0 96 33 349
210 11 348 0 148 23 350
210 23 343 0 132 13 351
210 21 345 0 113 48 352
210 11 347 0 2 3 353
210 41 348 0 121 49 354
210 14 348 0 7 180 355
210 21 349 0 138 26 356
210 7 345 0 24 183 357
210 9 346 0 173 171 358
210 18 346 0 86 23 359
210 10 345 0 127 43 360
210 3 348 0 63 134 361
210 19 345 0 146 22 362
210 11 346 0 105 143 363
210 22 344 0 117 40 364
210 3 344 0 57 122 365
210 9 348 0 99 9 366
210 3 350 0 102 30 367
210 21 345 0 66 169 368
210 25 347 0 15 186 369
210 27 346 0 131 45 370
210 11 348 0 29 60 371
222 37 3207 1 46 189 372
225 5 360 0 102 30 373
225 12 361 0 117 40 374
225 22 360 0 161 34 375
225 44 360 0 121 49 376
225 12 361 0 138 26 377
225 7 362 0 127 43 378
225 18 362 0 152 41 379
225 39 362 0 46 189 380
225 8 360 0 96 13 381
225 9 361 0 110 24 382
225 12 360 0 29 60 383
225 7 361 0 147 18 384
225 34 360 0 128 55 385
225 19 364 0 98 36 386
225 21 360 0 66 169 387
225 22 359 0 162 60 388
225 26 360 0 131 45 389
225 12 362 0 122 11 390
225 42 360 0 140 22 391
225 11 363 0 105 143 392
225 30 361 0 102 140 393
225 10 363 0 148 23 394
229 49 3216 1 78 150 395
240 29 374 0 140 22 396
240 25 375 0 146 22 397
240 21 375 0 113 48 398
240 19 376 0 127 22 399
240 9 375 0 109 56 400
240 10 375 0 24 183 401
240 7 376 0 110 24 402
240 22 375 0 166 118 403
240 12 376 0 105 143 404
240 43 375 0 46 189 405
240 3 376 0 24 195 406
240 7 375 0 153 145 407
240 6 377 0 102 1 408
240 18 376 0 7 180 409
240 9 375 0 128 96 410
255 7 392 0 109 56 411
255 16 391 0 127 22 412
255 40 391 0 182 28 413
255 15 390 0 98 36 414
255 16 390 0 78 150 415
255 29 392 0 50 121 416
255 21 391 0 7 180 417
255 8 391 0 147 18 418
255 16 392 0 132 13 419
255 17 391 0 117 40 420
255 6 390 0 96 13 421
255 13 393 0 113 48 422
255 3 391 0 186 125 423
255 20 387 0 106 10 424
255 40 392 0 143 170 425
255 11 392 0 93 9 426
255 11 393 0 33 177 427
255 37 394 0 128 55 428
255 24 389 0 152 41 429
270 23 404 0 117 40 430
270 30 407 0 182 28 431
270 45 407 0 131 45 432
270 15 406 0 93 57 433
270 12 406 0 142 143 434
270 12 405 0 198 85 435
270 15 405 0 7 180 436
270 12 407 0 22 41 437
270 10 406 0 109 56 438
270 4 406 0 186 125 439
270 21 405 0 127 22 440
270 16 405 0 138 26 441
270 11 405 0 155 52 442
270 29 404 0 128 55 443
270 10 407 0 147 18 444
270 5 407 0 102 30 445
270 11 405 0 127 43 446
270 3 406 0 178 113 447
270 6 406 0 125 90 448
285 12 425 0 155 122 449
285 6 419 0 102 1 450
285 39 421 0 96 33 451
285 40 421 0 124 33 452
285 25 420 0 164 40 453
285 7 421 0 122 11 454
285 13 421 0 132 13 455
285 31 422 0 55 108 456
285 22 422 0 98 36 457
285 11 421 0 109 56 458
285 11 421 0 109 1 459
285 21 422 0 138 26 460
285 18 420 0 72 131 461
285 24 421 0 106 10 462
285 12 421 0 127 43 463
285 23 421 0 83 108 464
285 21 422 0 113 48 465
285 44 420 0 140 22 466
285 7 420 0 145 55 467
285 8 420 0 93 9 468
285 5 421 0 178 113 469
285 6 422 0 29 60 470
300 23 434 0 67 20 471
300 6 436 0 99 9 472
300 3 436 0 24 195 473
300 5 435 0 63 134 474
300 43 436 0 121 49 475
300 4 436 0 102 30 476
300 29 437 0 140 22 477
300 38 436 0 131 45 478
300 4 437 0 186 125 479
300 20 438 0 166 118 480
300 18 437 0 66 169 481
300 14 435 0 22 41 482
300 14 435 0 155 122 483
300 10 436 0 155 52 484
300 7 437 0 127 43 485
300 38 435 0 128 55 486
300 19 437 0 63 113 487
300 8 434 0 96 13 488
300 15 437 0 117 40 489
300 10 437 0 128 96 490
300 12 435 0 164 40 491
300 14 437 0 106 10 492
300 11 436 0 148 23 493
300 21 436 0 132 13 494
300 10 437 0 109 56 495
300 11 436 0 110 24 496
315 5 451 0 13 75 497
315 11 453 0 15 4 498
315 19 450 0 132 13 499
315 17 451 0 162 60 500
315 12 453 0 146 119 501
315 40 453 0 96 33 502
315 31 450 0 128 55 503
315 15 451 0 127 22 504
315 11 450 0 146 159 505
315 9 451 0 99 9 506
315 8 454 0 127 43 507
315 35 451 0 121 49 508
315 22 450 0 164 40 509
315 11 451 0 24 183 510
315 20 452 0 86 23 511
315 45 454 0 46 189 512
315 6 448 0 16 120 513
315 6 452 0 122 11 514
315 3 451 0 102 30 515
315 10 451 0 173 171 516
315 42 453 0 102 140 517
322 177 3309 1 155 52 518
330 35 468 0 6 88 519
330 20 469 0 22 41 520
330 12 465 0 127 43 521
330 40 468 0 182 28 522
330 29 466 0 55 108 523
330 3 467 0 102 30 524
330 9 467 0 122 11 525
330 28 466 0 121 49 526
330 12 466 0 145 55 527
330 6 466 0 13 75 528
330 21 465 0 146 22 529
330 13 468 0 146 119 530
330 18 467 0 83 108 531
330 21 466 0 67 20 532
330 3 465 0 186 125 533
330 10 467 0 66 134 534
330 5 466 0 72 194 535
330 31 468 0 131 45 536
330 16 468 0 127 22 537
330 22 464 0 113 48 538
330 41 466 0 96 33 539
345 15 480 0 63 113 540
345 40 482 0 143 170 541
345 39 481 0 131 45 542
345 6 480 0 178 113 543
345 7 480 0 147 18 544
345 6 483 0 146 159 545
345 30 483 0 140 22 546
345 5 483 0 72 194 547
345 7 481 0 127 43 548
345 18 481 0 15 186 549
345 14 480 0 155 122 550
345 25 481 0 66 169 551
345 6 480 0 99 9 552
345 30 479 0 155 79 553
345 13 481 0 93 57 554
345 37 481 0 182 28 555
345 22 481 0 7 180 556
345 42 482 0 124 33 557
345 19 480 0 138 26 558
345 25 481 0 67 20 559
345 30 482 0 55 108 560
356 89 3340 1 96 33 561
360 10 495 0 146 159 562
360 29 496 0 46 189 563
360 23 496 0 155 122 564
360 3 497 0 95 77 565
360 4 495 0 178 113 566
360 24 498 0 138 26 567
360 8 499 0 99 9 568
360 32 494 0 102 140 569
360 30 495 0 182 28 570
360 38 500 0 143 170 571
360 19 495 0 146 119 572
360 3 495 0 102 30 573
360 7 496 0 148 23 574
360 22 496 0 113 48 575
360 15 496 0 67 20 576
360 11 496 0 142 143 577
360 11 496 0 147 18 578
360 12 495 0 110 24 579
360 7 495 0 122 11 580
360 23 497 0 164 40 581
360 38 494 0 50 121 582
360 32 495 0 131 45 583
360 9 495 0 15 4 584
360 16 495 0 98 36 585
360 14 498 0 146 22 586
360 30 498 0 140 22 587
375 24 508 0 138 26 588
375 34 510 0 6 88 589
375 5 511 0 95 77 590
375 22 510 0 63 113 591
375 11 509 0 99 9 592
375 12 512 0 109 56 593
375 24 511 0 113 48 594
375 19 514 0 66 169 595
375 30 510 0 121 49 596
375 33 511 0 102 140 597
375 11 511 0 110 24 598
375 13 508 0 98 36 599
375 8 512 0 96 13 600
375 9 511 0 155 52 601
375 12 511 0 173 171 602
375 6 513 0 186 125 603
375 18 513 0 67 20 604
375 45 511 0 55 108 605
375 25 511 0 182 28 606
375 43 510 0 128 55 607
375 35 511 0 124 33 608
375 24 512 0 86 23 609
375 10 511 0 29 60 610
375 17 511 0 117 40 611
390 17 525 0 98 36 612
390 18 526 0 83 108 613
390 11 525 0 145 55 614
390 17 525 0 15 186 615
390 30 526 0 96 33 616
390 4 525 0 95 77 617
390 5 527 0 57 122 618
390 29 525 0 121 49 619
390 20 524 0 22 41 620
390 15 525 0 127 22 621
390 24 525 0 152 41 622
390 18 527 0 164 40 623
390 5 525 0 58 139 624
390 3 525 0 63 134 625
390 32 527 0 128 55 626
390 20 526 0 161 34 627
390 14 528 0 117 40 628
390 8 526 0 147 18 629
390 22 528 0 132 13 630
390 12 525 0 142 143 631
390 12 527 0 148 23 632
390 6 524 0 24 195 633
390 6 525 0 178 113 634
390 24 526 0 106 10 635
390 25 524 0 146 22 636
405 32 540 0 143 170 637
405 18 541 0 138 26 638
405 16 542 0 106 10 639
405 33 540 0 131 45 640
405 12 540 0 145 55 641
405 24 538 0 152 41 642
405 12 540 0 67 20 643
405 45 540 0 55 108 644
405 15 539 0 72 131 645
405 10 541 0 127 43 646
405 12 542 0 110 24 647
405 39 541 0 128 55 648
405 14 542 0 164 40 649
405 11 542 0 105 143 650
405 10 541 0 142 143 651
405 45 543 0 96 33 652
405 10 541 0 109 1 653
405 31 541 0 121 49 654
407 183 3395 1 66 169 655
411 67 3394 1 186 125 656
420 20 556 0 146 22 657
420 9 556 0 66 134 658
420 8 558 0 93 9 659
420 11 557 0 110 24 660
420 17 556 0 83 108 661
420 10 557 0 173 171 662
420 11 557 0 24 183 663
420 25 555 0 140 22 664
420 10 555 0 147 18 665
420 3 553 0 95 77 666
420 9 558 0 127 43 667
420 37 555 0 96 33 668
420 10 556 0 29 60 669
420 15 557 0 117 40 670
420 11 554 0 142 143 671
420 8 556 0 109 56 672
420 17 557 0 7 180 673
420 8 557 0 148 23 674
420 15 556 0 152 41 675
420 10 556 0 109 1 676
420 9 555 0 146 159 677
420 3 556 0 178 113 678
420 16 558 0 63 113 679
420 7 555 0 122 11 680
420 3 555 0 102 30 681
431 67 3416 1 132 13 682
435 5 571 0 102 1 683
435 13 571 0 15 186 684
435 13 568 0 138 26 685
435 38 572 0 40 59 686
435 12 572 0 33 177 687
435 7 571 0 147 18 688
435 26 570 0 124 33 689
435 35 571 0 140 22 690
435 9 572 0 109 56 691
435 24 570 0 146 22 692
435 5 572 0 57 122 693
435 42 572 0 182 28 694
435 9 572 0 122 11 695
435 24 573 0 127 22 696
435 25 571 0 121 49 697
435 36 571 0 155 79 698
435 19 571 0 164 40 699
435 7 572 0 105 143 700
435 9 571 0 148 23 701
435 8 573 0 146 159 702
435 6 570 0 102 30 703
435 7 570 0 128 96 704
435 9 572 0 2 3 705
435 25 570 0 106 10 706
441 74 3426 1 106 10 707
450 9 586 0 93 9 708
450 15 587 0 138 26 709
450 16 587 0 166 118 710
450 14 587 0 146 22 711
450 8 585 0 24 183 712
450 20 586 0 78 150 713
450 10 587 0 147 18 714
450 8 584 0 96 13 715
450 7 584 0 128 96 716
450 31 586 0 140 22 717
450 18 586 0 22 41 718
450 10 585 0 153 145 719
450 38 587 0 121 49 720
450 22 585 0 66 169 721
450 24 586 0 98 36 722
450 26 586 0 96 33 723
450 8 585 0 148 23 724
450 7 589 0 15 4 725
450 10 584 0 142 143 726
450 18 586 0 67 20 727
450 9 587 0 29 60 728
450 20 586 0 106 10 729
450 15 587 0 117 40 730
450 40 587 0 102 140 731
450 25 586 0 132 13 732
450 11 586 0 109 1 733
450 33 586 0 182 28 734
450 6 585 0 57 122 735
450 45 586 0 131 45 736
450 12 585 0 145 55 737
450 10 585 0 150 50 738
456 51 3441 1 155 122 739
465 6 602 0 16 120 740
465 19 599 0 132 13 741
465 20 603 0 78 150 742
465 23 600 0 67 20 743
465 12 602 0 147 18 744
465 16 603 0 127 22 745
465 39 600 0 6 88 746
465 7 601 0 110 24 747
465 10 600 0 153 145 748
465 10 601 0 96 13 749
465 11 602 0 122 11 750
465 25 600 0 121 49 751
465 22 602 0 164 40 752
465 22 601 0 98 36 753
465 37 602 0 96 33 754
465 29 601 0 131 45 755
465 35 601 0 124 33 756
465 12 600 0 83 108 757
465 8 598 0 109 56 758
465 44 599 0 40 59 759
465 11 600 0 99 9 760
465 3 600 0 72 194 761
465 22 602 0 63 113 762
465 20 602 0 106 10 763
465 12 603 0 127 43 764
480 8 618 0 127 43 765
480 22 616 0 146 119 766
480 38 617 0 6 88 767
480 16 614 0 132 13 768
480 3 616 0 63 134 769
480 4 617 0 72 194 770
480 45 617 0 131 45 771
480 30 616 0 102 140 772
480 12 615 0 142 143 773
480 21 617 0 113 48 774
480 14 616 0 7 180 775
480 42 618 0 128 55 776
480 29 616 0 96 33 777
480 6 617 0 24 195 778
480 11 614 0 146 159 779
480 17 617 0 146 22 780
480 10 616 0 122 11 781
480 20 617 0 155 122 782
480 5 616 0 102 1 783
480 16 618 0 66 169 784
480 16 615 0 22 41 785
480 3 614 0 102 30 786
480 24 616 0 117 40 787
488 36 3475 1 105 143 788
495 21 631 0 127 22 789
495 12 628 0 122 11 790
495 18 630 0 98 36 791
495 22 632 0 164 40 792
495 11 630 0 2 3 793
495 21 629 0 113 48 794
495 20 633 0 63 113 795
495 12 630 0 96 13 796
495 8 628 0 110 24 797
495 22 631 0 166 118 798
495 41 631 0 121 49 799
495 27 631 0 131 45 800
495 18 629 0 106 10 801
495 8 632 0 127 43 802
495 15 630 0 146 22 803
495 6 630 0 173 171 804
495 39 630 0 40 59 805
495 5 631 0 102 30 806
495 9 630 0 16 120 807
495 7 630 0 99 9 808
495 5 632 0 58 139 809
495 40 630 0 96 33 810
495 5 631 0 125 90 811
495 8 631 0 150 50 812
495 9 630 0 33 177 813
495 11 630 0 29 60 814
495 10 631 0 15 4 815
495 13 632 0 7 180 816
495 26 629 0 128 55 817
510 39 643 0 40 59 818
510 25 647 0 22 41 819
510 15 647 0 146 119 820
510 4 647 0 58 139 821
510 6 646 0 102 30 822
510 23 645 0 117 40 823
510 11 645 0 127 43 824
510 24 647 0 93 57 825
510 21 646 0 78 150 826
510 29 647 0 102 140 827
510 22 649 0 98 36 828
510 9 646 0 150 50 829
510 13 647 0 106 10 830
510 15 646 0 138 26 831
510 14 646 0 132 13 832
510 19 645 0 15 186 833
510 20 646 0 146 22 834
516 54 3501 1 153 145 835
521 67 3505 1 15 186 836
525 9 659 0 96 13 837
525 9 661 0 110 24 838
525 19 662 0 161 34 839
525 6 662 0 198 85 840
525 12 661 0 145 55 841
525 27 660 0 131 45 842
525 17 661 0 117 40 843
525 6 661 0 102 30 844
525 11 661 0 24 183 845
525 22 661 0 127 22 846
525 13 660 0 98 36 847
525 5 660 0 102 1 848
525 36 661 0 128 55 849
525 6 660 0 127 43 850
525 31 660 0 96 33 851
525 6 662 0 15 4 852
525 27 660 0 50 121 853
525 34 661 0 182 28 854
525 35 663 0 102 140 855
525 12 662 0 122 11 856
525 22 660 0 22 41 857
525 4 660 0 24 195 858
525 24 661 0 155 122 859
525 12 663 0 66 134 860
525 10 660 0 105 143 861
525 13 659 0 106 10 862
540 15 676 0 164 40 863
540 20 674 0 146 22 864
540 7 677 0 150 50 865
540 15 675 0 106 10 866
540 44 675 0 121 49 867
540 44 673 0 6 88 868
540 7 675 0 127 43 869
540 33 676 0 124 33 870
540 8 674 0 122 11 871
540 25 676 0 40 59 872
540 4 674 0 57 122 873
540 6 675 0 109 1 874
540 3 676 0 125 90 875
540 44 676 0 96 33 876
540 7 677 0 105 143 877
540 13 677 0 146 119 878
540 10 675 0 110 24 879
540 9 677 0 2 3 880
540 8 676 0 33 177 881
540 22 676 0 127 22 882
540 30 678 0 140 22 883
540 6 676 0 29 60 884
544 80 3529 1 182 28 885
548 30 3532 1 121 49 886
555 6 692 0 102 1 887
555 11 690 0 109 56 888
555 42 691 0 46 189 889
555 25 691 0 117 40 890
555 28 690 0 128 55 891
555 21 689 0 164 40 892
555 7 691 0 33 177 893
555 42 691 0 121 49 894
555 31 690 0 124 33 895
555 8 691 0 15 4 896
555 8 690 0 147 18 897
555 25 690 0 96 33 898
555 5 693 0 125 90 899
555 22 690 0 132 13 900
555 12 690 0 110 24 901
555 8 689 0 24 183 902
555 16 692 0 67 20 903
555 6 690 0 96 13 904
555 21 691 0 138 26 905
555 20 693 0 86 23 906
555 14 691 0 22 41 907
555 16 691 0 166 118 908
570 12 707 0 99 9 909
570 12 706 0 138 26 910
570 9 707 0 128 96 911
570 25 706 0 124 33 912
570 41 704 0 55 108 913
570 10 705 0 147 18 914
570 31 705 0 40 59 915
570 4 706 0 24 195 916
570 11 704 0 148 23 917
570 33 707 0 131 45 918
570 17 704 0 132 13 919
570 8 705 0 109 1 920
570 6 707 0 105 143 921
570 5 706 0 102 30 922
570 6 708 0 109 56 923
570 28 707 0 121 49 924
570 22 706 0 106 10 925
570 25 708 0 164 40 926
570 8 706 0 29 60 927
570 6 704 0 122 11 928
570 23 705 0 93 57 929
570 5 706 0 186 125 930
570 7 705 0 155 52 931
573 62 3558 1 102 1 932
583 32 3568 1 96 33 933
585 14 721 0 117 40 934
585 15 722 0 93 57 935
585 41 721 0 140 22 936
585 17 721 0 63 113 937
585 22 722 0 127 22 938
585 11 723 0 153 145 939
585 20 723 0 164 40 940
585 21 719 0 72 131 941
585 11 721 0 96 13 942
585 8 722 0 110 24 943
585 36 719 0 124 33 944
585 3 723 0 24 195 945
585 15 721 0 132 13 946
585 45 722 0 131 45 947
585 7 721 0 109 56 948
585 8 720 0 142 143 949
585 7 721 0 148 23 950
585 6 720 0 102 30 951
585 34 720 0 46 189 952
585 43 721 0 155 79 953
585 13 721 0 113 48 954
585 7 723 0 198 85 955
585 6 721 0 58 139 956
585 6 724 0 99 9 957
600 43 736 0 131 45 958
600 6 737 0 110 24 959
600 13 737 0 146 22 960
600 9 738 0 147 18 961
600 7 737 0 173 171 962
600 6 736 0 128 96 963
600 25 736 0 138 26 964
600 39 736 0 121 49 965
600 10 738 0 96 13 966
600 9 736 0 127 43 967
600 6 734 0 122 11 968
600 26 735 0 155 79 969
600 19 736 0 155 122 970
600 30 735 0 128 55 971
600 44 736 0 50 121 972
603 151 3587 1 24 195 973
615 17 752 0 164 40 974
615 11 751 0 96 13 975
615 14 750 0 78 150 976
615 42 749 0 155 79 977
615 43 751 0 96 33 978
615 8 752 0 105 143 979
615 22 752 0 86 23 980
615 3 749 0 63 134 981
615 5 751 0 24 195 982
615 45 752 0 131 45 983
615 24 751 0 72 131 984
615 17 749 0 93 57 985
615 5 751 0 57 122 986
615 20 754 0 127 22 987
615 17 755 0 67 20 988
615 4 752 0 95 77 989
615 9 749 0 99 9 990
615 12 752 0 146 159 991
615 8 752 0 109 56 992
615 12 748 0 148 23 993
615 6 751 0 198 85 994
615 4 751 0 178 113 995
615 4 752 0 186 125 996
615 30 751 0 55 108 997
615 8 750 0 128 96 998
615 24 751 0 132 13 999
615 25 751 0 6 88 1000
615 33 752 0 124 33 1001
630 27 766 0 55 108 1002
630 11 766 0 110 24 1003
630 22 764 0 83 108 1004
630 25 766 0 40 59 1005
630 8 767 0 105 143 1006
630 18 766 0 127 22 1007
630 35 765 0 140 22 1008
630 3 767 0 13 75 1009
630 24 767 0 72 131 1010
630 6 765 0 150 50 1011
630 20 765 0 146 22 1012
630 12 768 0 166 118 1013
630 6 766 0 147 18 1014
630 24 767 0 132 13 1015
630 12 768 0 127 43 1016
630 21 767 0 162 60 1017
630 23 767 0 161 34 1018
630 43 764 0 131 45 1019
630 4 763 0 186 125 1020
630 7 766 0 109 1 1021
630 13 765 0 98 36 1022
630 9 767 0 109 56 1023
630 34 765 0 124 33 1024
630 41 764 0 128 55 1025
630 6 765 0 58 139 1026
630 3 764 0 63 134 1027
630 20 767 0 113 48 1028
630 27 768 0 182 28 1029
630 6 765 0 102 30 1030
630 31 765 0 155 79 1031
630 19 766 0 106 10 1032
639 42 3626 1 142 143 1033
645 7 780 0 147 18 1034
645 8 782 0 122 11 1035
645 6 782 0 127 43 1036
645 7 781 0 93 9 1037
645 27 780 0 131 45 1038
645 12 782 0 148 23 1039
645 37 781 0 121 49 1040
645 15 779 0 106 10 1041
645 9 783 0 145 55 1042
645 32 780 0 182 28 1043
645 17 782 0 66 169 1044
645 6 781 0 99 9 1045
645 16 781 0 127 22 1046
645 5 782 0 95 77 1047
645 16 782 0 132 13 1048
645 22 780 0 164 40 1049
645 17 780 0 155 122 1050
645 4 781 0 13 75 1051
645 6 782 0 63 134 1052
645 12 779 0 2 3 1053
645 13 781 0 86 23 1054
645 8 780 0 29 60 1055
645 25 782 0 161 34 1056
645 6 781 0 109 1 1057
655 31 3640 1 24 195 1058
660 43 796 0 124 33 1059
660 4 797 0 102 1 1060
660 42 796 0 182 28 1061
660 39 796 0 155 79 1062
660 25 796 0 113 48 1063
660 7 796 0 122 11 1064
660 20 797 0 138 26 1065
660 12 796 0 127 22 1066
660 38 797 0 55 108 1067
660 9 795 0 148 23 1068
660 16 797 0 66 169 1069
660 7 796 0 105 143 1070
660 23 798 0 86 23 1071
660 10 795 0 127 43 1072
660 14 795 0 117 40 1073
660 3 796 0 102 30 1074
660 34 795 0 46 189 1075
660 11 796 0 147 18 1076
660 31 796 0 128 55 1077
660 34 794 0 121 49 1078
660 6 797 0 33 177 1079
660 12 798 0 173 171 1080
660 21 795 0 106 10 1081
660 26 796 0 143 170 1082
660 29 797 0 131 45 1083
660 15 795 0 83 108 1084
660 33 796 0 96 33 1085
660 9 797 0 96 13 1086
661 66 3647 1 57 122 1087
675 3 812 0 95 77 1088
675 6 811 0 96 13 1089
675 5 811 0 102 30 1090
675 45 811 0 140 22 1091
675 12 813 0 127 43 1092
675 9 809 0 147 18 1093
675 26 811 0 121 49 1094
675 7 813 0 145 55 1095
675 7 811 0 122 11 1096
675 5 811 0 13 75 1097
675 22 812 0 67 20 1098
675 6 812 0 173 171 1099
675 16 812 0 113 48 1100
675 12 812 0 24 183 1101
675 17 811 0 98 36 1102
675 24 809 0 127 22 1103
675 13 813 0 138 26 1104
675 45 811 0 155 79 1105
675 12 810 0 166 118 1106
675 7 810 0 99 9 1107
675 10 813 0 142 143 1108
675 41 809 0 182 28 1109
675 28 810 0 124 33 1110
675 12 810 0 2 3 1111
675 37 813 0 96 33 1112
686 145 3672 1 152 41 1113
690 44 827 0 96 33 1114
690 38 826 0 182 28 1115
690 13 825 0 66 169 1116
690 6 826 0 109 56 1117
690 43 829 0 40 59 1118
690 11 827 0 145 55 1119
690 26 827 0 121 49 1120
690 14 825 0 138 26 1121
690 11 826 0 105 143 1122
690 22 825 0 146 22 1123
690 6 827 0 125 90 1124
690 5 823 0 178 113 1125
690 16 824 0 113 48 1126
690 23 827 0 98 36 1127
690 8 829 0 66 134 1128
690 4 825 0 58 139 1129
690 6 827 0 72 194 1130
690 11 826 0 2 3 1131
690 7 827 0 146 159 1132
690 9 825 0 153 145 1133
690 3 824 0 57 122 1134
690 8 823 0 142 143 1135
690 33 826 0 6 88 1136
690 40 824 0 128 55 1137
690 30 826 0 131 45 1138
690 5 827 0 24 195 1139
690 3 824 0 102 30 1140
690 12 826 0 127 22 1141
695 46 3679 1 146 22 1142
705 9 839 0 148 23 1143
705 37 842 0 131 45 1144
705 69 3691 1 150 50 1145
705 12 843 0 93 57 1146
705 14 840 0 132 13 1147
705 25 843 0 152 41 1148
705 15 842 0 155 122 1149
705 22 840 0 138 26 1150
705 9 841 0 153 145 1151
705 7 838 0 2 3 1152
705 4 842 0 95 77 1153
705 20 840 0 22 41 1154
705 11 842 0 147 18 1155
705 5 840 0 72 194 1156
705 7 839 0 29 60 1157
705 22 842 0 146 119 1158
705 35 842 0 124 33 1159
705 37 840 0 140 22 1160
705 21 839 0 162 60 1161
705 19 843 0 98 36 1162
705 6 841 0 102 30 1163
705 6 840 0 99 9 1164
707 47 3691 1 93 57 1165
720 9 855 0 96 13 1166
720 41 857 0 131 45 1167
720 37 856 0 124 33 1168
720 25 855 0 117 40 1169
720 4 856 0 102 30 1170
720 6 856 0 24 195 1171
720 37 858 0 128 55 1172
720 6 854 0 128 96 1173
720 5 856 0 57 122 1174
720 10 856 0 99 9 1175
720 11 857 0 146 159 1176
720 36 857 0 143 170 1177
720 14 856 0 152 41 1178
720 16 857 0 132 13 1179
720 8 854 0 148 23 1180
720 9 856 0 127 43 1181
720 15 854 0 7 180 1182
720 17 857 0 86 23 1183
720 15 856 0 113 48 1184
720 17 854 0 166 118 1185
720 43 855 0 50 121 1186
720 6 856 0 66 134 1187
720 38 857 0 96 33 1188
720 20 855 0 98 36 1189
720 7 854 0 150 50 1190
722 66 3708 1 72 194 1191
730 153 3715 1 93 57 1192
735 24 871 0 127 22 1193
735 23 872 0 7 180 1194
735 32 868 0 128 55 1195
735 13 870 0 67 20 1196
735 21 873 0 113 48 1197
735 6 871 0 58 139 1198
735 12 871 0 99 9 1199
735 33 872 0 55 108 1200
735 28 872 0 143 170 1201
735 42 872 0 140 22 1202
735 15 871 0 98 36 1203
735 40 870 0 131 45 1204
735 14 871 0 164 40 1205
735 12 871 0 127 43 1206
735 44 871 0 96 33 1207
735 39 872 0 124 33 1208
735 15 870 0 117 40 1209
735 14 872 0 161 34 1210
735 3 872 0 102 30 1211
735 23 870 0 146 22 1212
735 6 872 0 109 56 1213
735 10 872 0 24 183 1214
735 9 872 0 145 55 1215
735 12 873 0 138 26 1216
735 37 869 0 121 49 1217
735 16 871 0 78 150 1218
735 3 874 0 24 195 1219
744 61 3731 1 146 119 1220
749 93 3736 1 138 26 1221
750 14 885 0 7 180 1222
750 15 887 0 98 36 1223
750 11 887 0 148 23 1224
750 6 887 0 72 194 1225
750 12 886 0 83 108 1226
750 25 887 0 55 108 1227
750 9 884 0 110 24 1228
750 28 886 0 40 59 1229
750 17 887 0 113 48 1230
750 32 889 0 96 33 1231
750 7 887 0 153 145 1232
750 38 886 0 102 140 1233
750 17 885 0 63 113 1234
750 17 885 0 127 22 1235
750 7 886 0 145 55 1236
750 25 886 0 93 57 1237
750 15 888 0 67 20 1238
750 14 884 0 106 10 1239
750 15 885 0 146 119 1240
750 4 884 0 178 113 1241
750 14 886 0 146 22 1242
750 5 885 0 102 30 1243
750 20 888 0 78 150 1244
750 20 886 0 164 40 1245
750 25 885 0 117 40 1246
750 10 886 0 147 18 1247
750 33 886 0 140 22 1248
765 28 901 0 40 59 1249
765 17 901 0 146 22 1250
765 5 900 0 95 77 1251
765 12 900 0 24 183 1252
765 33 901 0 131 45 1253
765 13 900 0 93 57 1254
765 17 900 0 86 23 1255
765 22 902 0 98 36 1256
765 9 904 0 66 134 1257
765 4 900 0 72 194 1258
765 5 902 0 102 30 1259
765 8 902 0 155 52 1260
765 9 899 0 147 18 1261
765 13 901 0 117 40 1262
765 27 903 0 6 88 1263
765 3 901 0 57 122 1264
765 44 901 0 128 55 1265
765 18 901 0 15 186 1266
765 34 901 0 55 108 1267
774 60 3758 1 98 36 1268
775 200 3759 1 93 9 1269
780 5 915 0 102 30 1270
780 27 916 0 50 121 1271
780 13 916 0 93 57 1272
780 39 916 0 128 55 1273
780 5 915 0 13 75 1274
780 10 918 0 93 9 1275
780 5 916 0 58 139 1276
780 6 915 0 146 159 1277
780 3 918 0 72 194 1278
780 24 916 0 15 186 1279
780 30 914 0 102 140 1280
780 21 918 0 162 60 1281
780 34 916 0 121 49 1282
780 8 917 0 29 60 1283
780 9 915 0 147 18 1284
780 37 916 0 182 28 1285
780 13 915 0 117 40 1286
780 10 914 0 148 23 1287
780 14 916 0 22 41 1288
780 12 915 0 122 11 1289
780 12 916 0 96 13 1290
780 24 915 0 146 22 1291
780 10 915 0 105 143 1292
780 23 915 0 127 22 1293
780 13 916 0 78 150 1294
780 4 914 0 125 90 1295
780 7 917 0 110 24 1296
780 40 916 0 40 59 1297
795 19 929 0 63 113 1298
795 40 933 0 121 49 1299
795 11 933 0 15 4 1300
795 13 930 0 132 13 1301
795 29 932 0 124 33 1302
795 10 930 0 16 120 1303
795 45 930 0 140 22 1304
795 11 933 0 110 24 1305
795 10 930 0 109 1 1306
795 14 932 0 127 22 1307
795 4 930 0 102 30 1308
795 20 931 0 138 26 1309
795 12 931 0 145 55 1310
795 10 931 0 147 18 1311
795 22 929 0 146 22 1312
795 19 931 0 155 122 1313
795 4 930 0 57 122 1314
795 12 931 0 96 13 1315
795 16 930 0 117 40 1316
795 15 933 0 98 36 1317
795 12 930 0 142 143 1318
795 14 932 0 113 48 1319
795 28 932 0 131 45 1320
795 5 931 0 102 1 1321
795 12 932 0 22 41 1322
795 6 930 0 24 195 1323
810 21 946 0 152 41 1324
810 8 945 0 127 43 1325
810 13 945 0 162 60 1326
810 31 945 0 140 22 1327
810 30 945 0 131 45 1328
810 12 946 0 99 9 1329
810 28 948 0 128 55 1330
810 9 946 0 142 143 1331
810 6 944 0 186 125 1332
810 9 945 0 109 1 1333
810 11 949 0 198 85 1334
810 14 946 0 113 48 1335
810 23 946 0 22 41 1336
810 7 947 0 147 18 1337
810 22 946 0 98 36 1338
810 4 947 0 13 75 1339
810 13 948 0 15 186 1340
810 32 946 0 46 189 1341
810 31 946 0 50 121 1342
810 7 946 0 96 13 1343
810 11 944 0 16 120 1344
810 5 946 0 95 77 1345
810 37 944 0 40 59 1346
810 4 948 0 72 194 1347
810 19 945 0 117 40 1348
810 22 945 0 166 118 1349
824 161 3811 1 155 79 1350
825 17 961 0 83 108 1351
825 7 961 0 33 177 1352
825 25 960 0 124 33 1353
825 6 960 0 58 139 1354
825 7 960 0 142 143 1355
825 12 961 0 109 56 1356
825 12 962 0 146 159 1357
825 10 959 0 2 3 1358
825 11 960 0 96 13 1359
825 3 958 0 63 134 1360
825 40 961 0 155 79 1361
825 10 960 0 93 9 1362
825 5 961 0 186 125 1363
825 32 960 0 96 33 1364
825 11 958 0 122 11 1365
825 24 961 0 7 180 1366
825 18 963 0 106 10 1367
825 12 959 0 72 131 1368
825 7 963 0 150 50 1369
825 24 960 0 161 34 1370
825 9 962 0 24 183 1371
825 8 962 0 198 85 1372
825 6 961 0 145 55 1373
825 25 961 0 98 36 1374
825 25 962 0 166 118 1375
825 12 961 0 16 120 1376
825 7 962 0 173 171 1377
825 17 961 0 113 48 1378
825 36 959 0 128 55 1379
825 3 960 0 57 122 1380
825 9 961 0 127 43 1381
825 33 959 0 55 108 1382
825 39 963 0 6 88 1383
825 27 961 0 40 59 1384
825 10 961 0 148 23 1385
825 12 963 0 153 145 1386
828 49 3815 1 16 120 1387
838 39 3824 1 96 13 1388
840 19 975 0 86 23 1389
840 13 976 0 106 10 1390
840 8 977 0 147 18 1391
840 12 975 0 155 52 1392
840 25 977 0 162 60 1393
840 4 977 0 186 125 1394
840 3 974 0 102 30 1395
840 3 977 0 178 113 1396
840 12 976 0 198 85 1397
840 4 977 0 125 90 1398
840 44 977 0 96 33 1399
840 4 974 0 102 1 1400
840 23 975 0 63 113 1401
840 6 975 0 153 145 1402
840 31 975 0 140 22 1403
840 21 976 0 113 48 1404
840 9 978 0 99 9 1405
840 15 976 0 138 26 1406
840 6 973 0 110 24 1407
840 27 978 0 182 28 1408
840 28 976 0 143 170 1409
848 36 3835 1 145 55 1410
851 197 3837 1 109 56 1411
855 33 992 0 124 33 1412
855 37 990 0 143 170 1413
855 23 992 0 98 36 1414
855 9 990 0 110 24 1415
855 26 992 0 121 49 1416
855 17 993 0 166 118 1417
855 6 992 0 24 183 1418
855 11 991 0 150 50 1419
855 18 989 0 146 119 1420
855 3 993 0 102 30 1421
855 32 990 0 128 55 1422
855 9 989 0 148 23 1423
855 25 990 0 102 140 1424
855 17 991 0 132 13 1425
855 24 989 0 155 122 1426
855 10 990 0 96 13 1427
855 9 992 0 127 43 1428
855 19 992 0 106 10 1429
855 11 992 0 173 171 1430
855 39 993 0 46 189 1431
855 3 991 0 186 125 1432
855 3 992 0 72 194 1433
855 16 992 0 63 113 1434
855 21 989 0 127 22 1435
855 13 992 0 162 60 1436
855 5 991 0 13 75 1437
870 8 1007 0 99 9 1438
870 22 1008 0 166 118 1439
870 6 1007 0 153 145 1440
870 7 1006 0 148 23 1441
870 22 1004 0 83 108 1442
870 13 1004 0 98 36 1443
870 10 1005 0 24 183 1444
870 6 1006 0 109 1 1445
870 20 1006 0 132 13 1446
870 40 1005 0 131 45 1447
870 12 1006 0 15 186 1448
870 18 1006 0 106 10 1449
870 43 1004 0 46 189 1450
870 12 1006 0 127 22 1451
870 6 1005 0 72 194 1452
870 6 1006 0 102 30 1453
870 10 1005 0 33 177 1454
870 12 1006 0 198 85 1455
870 37 1006 0 121 49 1456
870 9 1005 0 147 18 1457
870 33 1005 0 182 28 1458
870 5 1005 0 63 134 1459
870 37 1006 0 128 55 1460
870 12 1008 0 145 55 1461
870 18 1007 0 146 22 1462
870 11 1005 0 155 52 1463
870 7 1008 0 173 171 1464
870 24 1007 0 113 48 1465
876 107 3863 1 109 1 1466
880 172 3868 1 46 189 1467
885 6 1022 0 128 96 1468
885 24 1020 0 127 22 1469
885 6 1021 0 13 75 1470
885 12 1019 0 67 20 1471
885 10 1021 0 93 9 1472
885 12 1020 0 147 18 1473
885 7 1022 0 33 177 1474
885 12 1022 0 78 150 1475
885 11 1020 0 148 23 1476
885 19 1020 0 146 119 1477
885 38 1023 0 121 49 1478
885 20 1023 0 132 13 1479
885 12 1022 0 99 9 1480
885 12 1022 0 152 41 1481
885 10 1021 0 127 43 1482
885 31 1020 0 6 88 1483
885 38 1022 0 40 59 1484
885 22 1020 0 98 36 1485
885 19 1019 0 146 22 1486
885 11 1022 0 2 3 1487
885 8 1021 0 153 145 1488
886 38 3875 1 63 134 1489
896 77 3879 1 178 113 1490
900 4 1034 0 178 113 1491
900 12 1035 0 29 60 1492
900 7 1036 0 109 56 1493
900 5 1035 0 24 195 1494
900 21 1037 0 78 150 1495
900 28 1036 0 102 140 1496
900 17 1035 0 83 108 1497
900 19 1036 0 127 22 1498
900 3 1033 0 72 194 1499
900 18 1037 0 66 169 1500
900 27 1038 0 124 33 1501
900 18 1035 0 22 41 1502
900 25 1036 0 132 13 1503
900 25 1038 0 117 40 1504
900 10 1035 0 147 18 1505
900 18 1035 0 98 36 1506
900 9 1035 0 145 55 1507
900 6 1036 0 153 145 1508
900 11 1034 0 93 9 1509
900 8 1034 0 122 11 1510
900 18 1035 0 155 122 1511
900 6 1034 0 128 96 1512
900 7 1036 0 96 13 1513
900 6 1034 0 63 134 1514
900 35 1037 0 96 33 1515
900 11 1036 0 66 134 1516
900 19 1035 0 138 26 1517
915 34 1051 0 6 88 1518
915 6 1052 0 102 1 1519
915 32 1050 0 155 79 1520
915 35 1051 0 128 55 1521
915 8 1052 0 147 18 1522
915 7 1050 0 99 9 1523
915 44 1051 0 131 45 1524
915 6 1053 0 13 75 1525
915 17 1054 0 146 22 1526
915 14 1050 0 117 40 1527
915 6 1051 0 2 3 1528
915 10 1051 0 24 183 1529
915 6 1052 0 24 195 1530
915 9 1051 0 109 56 1531
915 21 1049 0 138 26 1532
915 6 1050 0 128 96 1533
915 4 1052 0 102 30 1534
915 6 1052 0 148 23 1535
915 3 1054 0 72 194 1536
915 9 1052 0 122 11 1537
915 8 1053 0 96 13 1538
922 44 3907 1 131 45 1539
930 36 1066 0 121 49 1540
930 21 1064 0 132 13 1541
930 20 1065 0 146 22 1542
930 17 1065 0 117 40 1543
930 40 1065 0 131 45 1544
930 5 1067 0 102 30 1545
930 26 1069 0 128 55 1546
930 28 1065 0 46 189 1547
930 13 1066 0 106 10 1548
930 6 1067 0 178 113 1549
930 9 1068 0 93 9 1550
930 14 1065 0 155 122 1551
930 12 1067 0 24 183 1552
930 6 1067 0 105 143 1553
930 12 1065 0 109 56 1554
930 24 1064 0 127 22 1555
930 35 1067 0 102 140 1556
930 28 1068 0 182 28 1557
930 24 1067 0 83 108 1558
930 26 1068 0 96 33 1559
930 22 1064 0 7 180 1560
930 9 1065 0 99 9 1561
930 21 1065 0 113 48 1562
945 20 1081 0 72 131 1563
945 15 1081 0 127 22 1564
945 10 1080 0 110 24 1565
945 8 1082 0 145 55 1566
945 9 1082 0 155 52 1567
945 13 1081 0 132 13 1568
945 11 1080 0 127 43 1569
945 10 1081 0 128 96 1570
945 10 1082 0 96 13 1571
945 4 1082 0 102 30 1572
945 9 1082 0 147 18 1573
945 10 1081 0 16 120 1574
945 23 1084 0 98 36 1575
945 22 1080 0 138 26 1576
945 6 1080 0 148 23 1577
945 36 1080 0 6 88 1578
945 21 1080 0 7 180 1579
945 9 1081 0 2 3 1580
945 4 1082 0 72 194 1581
945 14 1081 0 161 34 1582
945 39 1080 0 96 33 1583
945 8 1082 0 198 85 1584
945 6 1082 0 99 9 1585
945 6 1081 0 122 11 1586
945 11 1081 0 29 60 1587
945 17 1082 0 93 57 1588
946 58 3932 1 29 60 1589
947 35 3933 1 182 28 1590
957 174 3942 1 16 120 1591
960 36 1094 0 96 33 1592
960 17 1097 0 98 36 1593
960 11 1094 0 127 43 1594
960 6 1096 0 66 134 1595
960 9 1096 0 109 56 1596
960 11 1096 0 146 159 1597
960 25 1096 0 113 48 1598
960 7 1098 0 93 9 1599
960 23 1098 0 78 150 1600
960 9 1097 0 96 13 1601
960 7 1097 0 155 52 1602
960 7 1095 0 122 11 1603
960 9 1097 0 99 9 1604
960 33 1096 0 50 121 1605
960 11 1094 0 110 24 1606
975 40 1111 0 50 121 1607
975 8 1110 0 122 11 1608
975 17 1109 0 155 122 1609
975 10 1111 0 33 177 1610
975 14 1112 0 127 22 1611
975 11 1110 0 153 145 1612
975 34 1111 0 124 33 1613
975 12 1108 0 128 96 1614
975 33 1109 0 55 108 1615
975 42 1111 0 40 59 1616
975 3 1111 0 178 113 1617
975 9 1110 0 127 43 1618
975 26 1111 0 131 45 1619
975 10 1110 0 99 9 1620
975 12 1110 0 145 55 1621
975 25 1112 0 132 13 1622
975 25 1110 0 86 23 1623
975 36 1109 0 182 28 1624
975 12 1112 0 113 48 1625
975 7 1112 0 142 143 1626
975 19 1111 0 138 26 1627
975 12 1112 0 147 18 1628
975 27 1110 0 121 49 1629
990 23 1127 0 127 22 1630
990 25 1125 0 146 22 1631
990 6 1126 0 13 75 1632
990 17 1125 0 66 169 1633
990 6 1126 0 16 120 1634
990 9 1125 0 109 56 1635
990 4 1127 0 102 30 1636
990 10 1128 0 29 60 1637
990 12 1126 0 106 10 1638
990 11 1125 0 148 23 1639
990 19 1128 0 22 41 1640
990 9 1127 0 142 143 1641
990 6 1124 0 110 24 1642
990 12 1127 0 138 26 1643
990 39 1124 0 124 33 1644
990 8 1126 0 96 13 1645
990 34 1126 0 128 55 1646
990 8 1126 0 122 11 1647
990 9 1124 0 66 134 1648
998 33 3983 1 6 88 1649
1005 12 1141 0 22 41 1650
1005 12 1140 0 122 11 1651
1005 12 1138 0 109 56 1652
1005 5 1140 0 63 134 1653
1005 5 1142 0 72 194 1654
1005 23 1139 0 83 108 1655
1005 22 1142 0 117 40 1656
1005 39 1140 0 40 59 1657
1005 15 1141 0 113 48 1658
1005 17 1142 0 166 118 1659
1005 11 1140 0 145 55 1660
1005 32 1141 0 131 45 1661
1005 8 1143 0 127 43 1662
1005 5 1142 0 178 113 1663
1005 34 1143 0 128 55 1664
1005 12 1143 0 15 4 1665
1005 14 1141 0 127 22 1666
1005 7 1139 0 29 60 1667
1005 11 1141 0 147 18 1668
1005 13 1139 0 66 169 1669
1005 14 1140 0 93 57 1670
1005 8 1140 0 128 96 1671
1005 30 1139 0 155 79 1672
1005 6 1139 0 102 30 1673
1005 27 1140 0 124 33 1674
1008 64 3995 1 113 48 1675
1020 12 1159 0 146 119 1676
1020 25 1157 0 113 48 1677
1020 12 1156 0 138 26 1678
1020 26 1153 0 6 88 1679
1020 6 1156 0 99 9 1680
1020 42 1156 0 131 45 1681
1020 22 1159 0 106 10 1682
1020 28 1156 0 96 33 1683
1020 34 1157 0 140 22 1684
1020 25 1156 0 67 20 1685
1020 25 1155 0 132 13 1686
1020 11 1153 0 110 24 1687
1020 24 1156 0 22 41 1688
1020 21 1156 0 127 22 1689
1020 27 1155 0 121 49 1690
1020 14 1155 0 86 23 1691
1020 45 1155 0 124 33 1692
1020 34 1156 0 40 59 1693
1020 20 1156 0 117 40 1694
1020 19 1154 0 98 36 1695
1020 8 1157 0 148 23 1696
1028 72 4011 1 58 139 1697
1029 51 4016 1 109 1 1698
1035 40 1169 0 6 88 1699
1035 11 1169 0 109 56 1700
1035 4 1170 0 57 122 1701
1035 26 1171 0 182 28 1702
1035 3 1173 0 63 134 1703
1035 41 1169 0 124 33 1704
1035 38 1171 0 121 49 1705
1035 8 1171 0 16 120 1706
1035 13 1172 0 7 180 1707
1035 8 1171 0 99 9 1708
1035 9 1172 0 150 50 1709
1035 7 1171 0 148 23 1710
1035 8 1171 0 110 24 1711
1035 6 1171 0 105 143 1712
1035 15 1171 0 113 48 1713
1035 22 1171 0 63 113 1714
1035 37 1170 0 96 33 1715
1050 5 1186 0 63 134 1716
1050 8 1185 0 147 18 1717
1050 10 1182 0 99 9 1718
1050 11 1185 0 96 13 1719
1050 37 1184 0 121 49 1720
1050 7 1187 0 148 23 1721
1050 42 1186 0 124 33 1722
1050 9 1186 0 109 1 1723
1050 7 1186 0 24 183 1724
1050 6 1184 0 95 77 1725
1050 4 1187 0 178 113 1726
1050 18 1188 0 7 180 1727
1050 39 1185 0 6 88 1728
1050 25 1186 0 140 22 1729
1050 10 1184 0 127 43 1730
1050 7 1186 0 109 56 1731
1050 7 1187 0 153 145 1732
1050 6 1189 0 102 1 1733
1050 13 1184 0 113 48 1734
1050 22 1185 0 138 26 1735
1050 34 1184 0 131 45 1736
1050 25 1185 0 55 108 1737
1059 70 4044 1 110 24 1738
1065 39 1202 0 124 33 1739
1065 36 1202 0 140 22 1740
1065 12 1202 0 96 13 1741
1065 13 1203 0 63 113 1742
1065 19 1200 0 146 119 1743
1065 11 1201 0 146 159 1744
1065 30 1199 0 155 79 1745
1065 9 1203 0 147 18 1746
1065 24 1202 0 138 26 1747
1065 19 1201 0 164 40 1748
1065 35 1198 0 102 140 1749
1065 4 1201 0 102 1 1750
1065 6 1201 0 57 122 1751
1065 3 1201 0 72 194 1752
1065 8 1201 0 145 55 1753
1065 6 1201 0 93 9 1754
1065 12 1202 0 198 85 1755
1065 38 1201 0 55 108 1756
1065 13 1200 0 98 36 1757
1065 3 1201 0 102 30 1758
1065 40 1199 0 96 33 1759
1065 9 1203 0 127 43 1760
1080 14 1216 0 164 40 1761
1080 27 1216 0 124 33 1762
1080 18 1215 0 146 119 1763
1080 16 1215 0 7 180 1764
1080 29 1218 0 102 140 1765
1080 5 1214 0 102 1 1766
1080 24 1217 0 166 118 1767
1080 12 1218 0 105 143 1768
1080 9 1216 0 16 120 1769
1080 23 1216 0 63 113 1770
1080 12 1216 0 155 52 1771
1080 29 1217 0 140 22 1772
1080 22 1214 0 15 186 1773
1080 39 1216 0 96 33 1774
1080 21 1216 0 127 22 1775
1080 48 4066 1 143 170 1776
1080 8 1218 0 127 43 1777
1080 22 1213 0 78 150 1778
1080 27 1214 0 6 88 1779
1080 7 1216 0 110 24 1780
1080 32 1216 0 121 49 1781
1080 20 1214 0 72 131 1782
1080 19 1218 0 132 13 1783
1080 12 1217 0 93 57 1784
1095 26 1232 0 96 33 1785
1095 7 1232 0 2 3 1786
1095 8 1234 0 198 85 1787
1095 4 1230 0 178 113 1788
1095 8 1232 0 145 55 1789
1095 33 1233 0 128 55 1790
1095 21 1230 0 113 48 1791
1095 10 1232 0 155 52 1792
1095 22 1231 0 146 119 1793
1095 9 1230 0 110 24 1794
1095 44 1232 0 55 108 1795
1095 3 1230 0 72 194 1796
1095 7 1232 0 99 9 1797
1095 35 1233 0 121 49 1798
1095 13 1231 0 22 41 1799
1095 7 1230 0 147 18 1800
1095 7 1231 0 122 11 1801
1095 19 1229 0 15 186 1802
1095 7 1230 0 96 13 1803
1095 13 1231 0 132 13 1804
1095 20 1229 0 127 22 1805
1095 10 1231 0 109 1 1806
1110 3 1244 0 13 75 1807
1110 34 1244 0 182 28 1808
1110 4 1245 0 102 30 1809
1110 21 1245 0 86 23 1810
1110 15 1246 0 138 26 1811
1110 7 1247 0 16 120 1812
1110 33 1245 0 143 170 1813
1110 21 1246 0 162 60 1814
1110 18 1243 0 7 180 1815
1110 6 1246 0 173 171 1816
1110 23 1245 0 166 118 1817
1110 15 1246 0 132 13 1818
1110 10 1246 0 109 56 1819
1110 10 1244 0 2 3 1820
1110 3 1245 0 125 90 1821
1110 43 1246 0 50 121 1822
1110 9 1244 0 142 143 1823
1110 33 1246 0 140 22 1824
1110 5 1244 0 57 122 1825
1110 44 1245 0 46 189 1826
1110 6 1248 0 186 125 1827
1110 17 1247 0 83 108 1828
1110 9 1246 0 109 1 1829
1110 13 1248 0 113 48 1830
1110 8 1245 0 105 143 1831
1110 10 1245 0 15 4 1832
1114 40 4100 1 15 4 1833
1125 10 1260 0 66 134 1834
1125 14 1261 0 113 48 1835
1125 4 1261 0 95 77 1836
1125 10 1261 0 128 96 1837
1125 19 1261 0 67 20 1838
1125 7 1259 0 96 13 1839
1125 20 1258 0 146 22 1840
1125 8 1261 0 109 56 1841
1125 6 1261 0 127 43 1842
1125 19 1260 0 132 13 1843
1125 33 1259 0 46 189 1844
1125 12 1261 0 122 11 1845
1125 12 1263 0 66 169 1846
1125 35 1261 0 96 33 1847
1125 8 1262 0 147 18 1848
1125 45 1261 0 131 45 1849
1125 8 1261 0 173 171 1850
1125 21 1259 0 106 10 1851
1125 15 1261 0 138 26 1852
1125 25 1258 0 7 180 1853
1125 4 1261 0 186 125 1854
1125 27 1262 0 40 59 1855
1125 27 1260 0 182 28 1856
1140 7 1276 0 33 177 1857
1140 10 1278 0 24 183 1858
1140 21 1276 0 106 10 1859
1140 20 1278 0 72 131 1860
1140 6 1276 0 148 23 1861
1140 6 1277 0 186 125 1862
1140 10 1277 0 99 9 1863
1140 3 1277 0 102 30 1864
1140 14 1274 0 132 13 1865
1140 39 1277 0 124 33 1866
1140 40 1275 0 131 45 1867
1140 17 1275 0 127 22 1868
1140 21 1276 0 117 40 1869
1140 34 1278 0 140 22 1870
1140 12 1273 0 122 11 1871
1140 19 1273 0 98 36 1872
1140 9 1276 0 109 56 1873
1143 63 4126 1 148 23 1874
1155 13 1290 0 98 36 1875
1155 7 1292 0 66 134 1876
1155 11 1291 0 173 171 1877
1155 12 1292 0 150 50 1878
1155 39 1290 0 140 22 1879
1155 7 1292 0 96 13 1880
1155 16 1291 0 166 118 1881
1155 11 1292 0 122 11 1882
1155 6 1289 0 146 159 1883
1155 12 1292 0 153 145 1884
1155 3 1290 0 13 75 1885
1155 6 1290 0 63 134 1886
1155 17 1292 0 127 22 1887
1155 14 1289 0 146 22 1888
1155 25 1293 0 121 49 1889
1155 18 1290 0 83 108 1890
1155 10 1293 0 147 18 1891
1155 17 1291 0 63 113 1892
1155 9 1291 0 2 3 1893
1155 7 1290 0 99 9 1894
1155 18 1291 0 93 57 1895
1155 38 1289 0 124 33 1896
1155 16 1290 0 66 169 1897
1155 10 1291 0 109 56 1898
1170 9 1306 0 99 9 1899
1170 15 1307 0 63 113 1900
1170 11 1305 0 105 143 1901
1170 15 1303 0 98 36 1902
1170 5 1307 0 102 1 1903
1170 30 1307 0 96 33 1904
1170 35 1307 0 121 49 1905
1170 10 1306 0 29 60 1906
1170 10 1308 0 96 13 1907
1170 17 1307 0 146 22 1908
1170 22 1306 0 152 41 1909
1170 6 1306 0 186 125 1910
1170 12 1304 0 113 48 1911
1170 7 1306 0 33 177 1912
1170 20 1307 0 67 20 1913
1170 12 1307 0 106 10 1914
1170 6 1304 0 109 56 1915
1170 11 1307 0 155 52 1916
1170 17 1305 0 7 180 1917
1170 20 1307 0 117 40 1918
1170 3 1307 0 72 194 1919
1170 7 1306 0 127 43 1920
1170 7 1304 0 146 159 1921
1170 30 1306 0 140 22 1922
1170 31 1306 0 131 45 1923
1185 24 1323 0 155 122 1924
1185 25 1321 0 127 22 1925
1185 11 1319 0 2 3 1926
1185 10 1320 0 150 50 1927
1185 24 1319 0 83 108 1928
1185 6 1321 0 57 122 1929
1185 16 1321 0 138 26 1930
1185 30 1320 0 121 49 1931
1185 25 1320 0 93 57 1932
1185 28 1318 0 124 33 1933
1185 41 1321 0 128 55 1934
1185 6 1323 0 142 143 1935
1185 25 1319 0 182 28 1936
1185 45 1320 0 96 33 1937
1185 12 1323 0 132 13 1938
1185 11 1321 0 122 11 1939
1185 11 1320 0 110 24 1940
1185 25 1321 0 131 45 1941
1188 74 4172 1 40 59 1942
1200 18 1333 0 152 41 1943
1200 8 1336 0 109 56 1944
1200 11 1334 0 147 18 1945
1200 23 1337 0 83 108 1946
1200 4 1334 0 57 122 1947
1200 40 1334 0 155 79 1948
1200 6 1336 0 102 30 1949
1200 9 1337 0 150 50 1950
1200 27 1336 0 55 108 1951
1200 11 1335 0 66 134 1952
1200 24 1336 0 164 40 1953
1200 9 1336 0 173 171 1954
1200 6 1338 0 63 134 1955
1200 39 1335 0 143 170 1956
1200 7 1334 0 145 55 1957
1200 15 1336 0 127 22 1958
1200 29 1336 0 96 33 1959
1200 40 1334 0 121 49 1960
1200 14 1335 0 146 22 1961
1200 6 1337 0 33 177 1962
1200 23 1337 0 66 169 1963
1200 13 1336 0 113 48 1964
1200 44 1336 0 46 189 1965
1212 193 4198 1 178 113 1966
1215 5 1352 0 102 1 1967
1215 9 1352 0 99 9 1968
1215 39 1350 0 131 45 1969
1215 32 1351 0 50 121 1970
1215 5 1351 0 63 134 1971
1215 20 1351 0 117 40 1972
1215 6 1350 0 57 122 1973
1215 44 1351 0 182 28 1974
1215 3 1351 0 102 30 1975
1215 15 1350 0 162 60 1976
1215 11 1352 0 150 50 1977
1215 16 1349 0 15 186 1978
1215 6 1349 0 128 96 1979
1215 16 1352 0 63 113 1980
1215 19 1351 0 22 41 1981
1215 6 1352 0 96 13 1982
1215 3 1351 0 72 194 1983
1215 7 1351 0 146 159 1984
1215 11 1351 0 155 52 1985
1215 8 1353 0 33 177 1986
1215 31 1351 0 128 55 1987
1215 9 1350 0 15 4 1988
1215 14 1350 0 146 22 1989
1215 18 1351 0 98 36 1990
1215 10 1350 0 153 145 1991
1215 8 1352 0 127 43 1992
1215 5 1350 0 58 139 1993
1215 27 1352 0 96 33 1994
1225 59 4212 1 161 34 1995
1230 24 1365 0 15 186 1996
1230 10 1366 0 155 52 1997
1230 37 1365 0 182 28 1998
1230 5 1364 0 102 30 1999
1230 23 1369 0 78 150 2000
1230 8 1364 0 127 43 2001
1230 25 1366 0 7 180 2002
1230 26 1364 0 6 88 2003
1230 18 1368 0 138 26 2004
1230 4 1366 0 95 77 2005
1230 13 1366 0 127 22 2006
1230 10 1368 0 93 9 2007
1230 42 1368 0 96 33 2008
1230 20 1365 0 146 22 2009
1230 9 1366 0 122 11 2010
1230 38 1367 0 131 45 2011
1230 10 1367 0 33 177 2012
1230 14 1363 0 117 40 2013
1230 6 1366 0 128 96 2014
1230 5 1365 0 186 125 2015
1230 8 1367 0 145 55 2016
1230 12 1366 0 93 57 2017
1230 20 1366 0 67 20 2018
1230 6 1367 0 198 85 2019
1230 12 1364 0 106 10 2020
1230 45 1367 0 124 33 2021
1230 45 1368 0 121 49 2022
1230 40 1363 0 140 22 2023
1231 36 4217 1 99 9 2024
1244 60 4229 1 7 180 2025
1245 6 1380 0 186 125 2026
1245 19 1380 0 162 60 2027
1245 24 1382 0 132 13 2028
1245 7 1379 0 127 43 2029
1245 9 1381 0 96 13 2030
1245 22 1382 0 113 48 2031
1245 8 1381 0 93 9 2032
1245 9 1379 0 110 24 2033
1245 7 1380 0 66 134 2034
1245 16 1383 0 22 41 2035
1245 11 1381 0 128 96 2036
1245 3 1381 0 102 30 2037
1245 30 1380 0 46 189 2038
1245 23 1383 0 146 22 2039
1245 24 1380 0 66 169 2040
1245 7 1381 0 109 56 2041
1245 9 1382 0 105 143 2042
1245 5 1381 0 58 139 2043
1245 7 1380 0 142 143 2044
1245 11 1380 0 148 23 2045
1245 11 1380 0 15 4 2046
1245 5 1383 0 95 77 2047
1245 10 1382 0 122 11 2048
1245 19 1380 0 166 118 2049
1245 12 1382 0 16 120 2050
1245 14 1381 0 106 10 2051
1245 24 1380 0 127 22 2052
1245 40 1382 0 140 22 2053
1245 41 1381 0 128 55 2054
1245 43 1382 0 121 49 2055
1245 11 1381 0 147 18 2056
1245 26 1383 0 50 121 2057
1245 4 1380 0 57 122 2058
1245 6 1383 0 173 171 2059
1260 9 1397 0 29 60 2060
1260 18 1397 0 93 57 2061
1260 5 1396 0 72 194 2062
1260 30 1395 0 124 33 2063
1260 14 1394 0 78 150 2064
1260 18 1394 0 146 22 2065
1260 5 1394 0 102 30 2066
1260 17 1397 0 22 41 2067
1260 25 1396 0 140 22 2068
1260 25 1396 0 117 40 2069
1260 38 1397 0 40 59 2070
1260 22 1398 0 138 26 2071
1260 15 1395 0 67 20 2072
1260 3 1396 0 57 122 2073
1260 14 1396 0 83 108 2074
1260 29 1399 0 182 28 2075
1260 16 1397 0 98 36 2076
1260 13 1398 0 132 13 2077
1260 22 1397 0 146 119 2078
1260 23 1395 0 113 48 2079
1260 6 1393 0 96 13 2080
1260 12 1397 0 122 11 2081
1260 12 1396 0 147 18 2082
1260 12 1398 0 128 96 2083
1260 8 1399 0 198 85 2084
1260 23 1397 0 106 10 2085
1260 8 1398 0 110 24 2086
1261 53 4249 1 124 33 2087
1266 103 4253 1 13 75 2088
1269 70 4254 1 162 60 2089
1272 66 4258 1 138 26 2090
1275 6 1411 0 58 139 2091
1275 19 1411 0 166 118 2092
1275 7 1411 0 99 9 2093
1275 29 1410 0 121 49 2094
1275 7 1410 0 198 85 2095
1275 12 1411 0 147 18 2096
1275 25 1410 0 128 55 2097
1275 3 1410 0 178 113 2098
1275 3 1410 0 57 122 2099
1275 11 1411 0 128 96 2100
1275 36 1411 0 96 33 2101
1275 44 1408 0 6 88 2102
1275 10 1412 0 110 24 2103
1275 11 1411 0 148 23 2104
1275 9 1412 0 15 4 2105
1275 40 1411 0 46 189 2106
1275 4 1412 0 186 125 2107
1275 11 1412 0 109 56 2108
1275 22 1411 0 93 57 2109
1276 30 4260 1 95 77 2110
1282 35 4266 1 83 108 2111
1290 10 1425 0 96 13 2112
1290 11 1425 0 147 18 2113
1290 18 1424 0 86 23 2114
1290 6 1426 0 24 183 2115
1290 31 1426 0 124 33 2116
1290 17 1424 0 93 57 2117
1290 20 1425 0 7 180 2118
1290 11 1426 0 109 1 2119
1290 8 1426 0 122 11 2120
1290 40 1425 0 50 121 2121
1290 32 1426 0 131 45 2122
1290 6 1422 0 145 55 2123
1290 36 1426 0 128 55 2124
1290 19 1426 0 98 36 2125
1290 5 1426 0 13 75 2126
1290 34 1428 0 143 170 2127
1290 3 1427 0 178 113 2128
1290 9 1427 0 127 43 2129
1290 29 1428 0 102 140 2130
1305 33 1438 0 140 22 2131
1305 3 1440 0 125 90 2132
1305 36 1443 0 102 140 2133
1305 8 1444 0 24 183 2134
1305 12 1443 0 148 23 2135
1305 7 1443 0 99 9 2136
1305 15 1442 0 146 119 2137
1305 5 1442 0 95 77 2138
1305 14 1439 0 113 48 2139
1305 16 1441 0 146 22 2140
1305 25 1440 0 46 189 2141
1305 8 1444 0 66 134 2142
1305 25 1443 0 6 88 2143
1305 34 1440 0 96 33 2144
1305 11 1441 0 110 24 2145
1305 25 1442 0 98 36 2146
1305 6 1441 0 72 194 2147
1305 32 1443 0 124 33 2148
1305 27 1440 0 182 28 2149
1305 7 1440 0 173 171 2150
1305 13 1440 0 132 13 2151
1305 6 1443 0 122 11 2152
1305 38 1441 0 155 79 2153
1305 26 1442 0 128 55 2154
1305 8 1440 0 93 9 2155
1308 49 4292 1 117 40 2156
1310 36 4297 1 155 79 2157
1320 4 1458 0 102 30 2158
1320 14 1456 0 127 22 2159
1320 27 1454 0 182 28 2160
1320 10 1457 0 66 134 2161
1320 15 1456 0 132 13 2162
1320 10 1455 0 147 18 2163
1320 11 1453 0 153 145 2164
1320 9 1454 0 148 23 2165
1320 42 1456 0 102 140 2166
1320 14 1454 0 146 119 2167
1320 24 1456 0 138 26 2168
1320 11 1455 0 110 24 2169
1320 13 1457 0 98 36 2170
1320 28 1457 0 96 33 2171
1320 10 1456 0 142 143 2172
1320 11 1455 0 24 183 2173
1320 12 1458 0 173 171 2174
1320 24 1457 0 146 22 2175
1320 4 1455 0 186 125 2176
1320 19 1455 0 66 169 2177
1320 6 1456 0 178 113 2178
1320 19 1455 0 117 40 2179
1320 5 1457 0 102 1 2180
1335 4 1472 0 13 75 2181
1335 31 1472 0 96 33 2182
1335 7 1471 0 96 13 2183
1335 12 1473 0 15 186 2184
1335 12 1472 0 145 55 2185
1335 26 1468 0 131 45 2186
1335 10 1471 0 24 183 2187
1335 7 1472 0 122 11 2188
1335 32 1471 0 124 33 2189
1335 5 1470 0 102 30 2190
1335 45 4318 1 152 41 2191
1335 9 1474 0 153 145 2192
1335 11 1470 0 110 24 2193
1335 18 1470 0 117 40 2194
1335 12 1470 0 109 56 2195
1350 6 1487 0 127 43 2196
1350 6 1484 0 24 195 2197
1350 25 1487 0 67 20 2198
1350 45 1484 0 124 33 2199
1350 17 1486 0 132 13 2200
1350 7 1486 0 147 18 2201
1350 26 1485 0 131 45 2202
1350 27 1487 0 96 33 2203
1350 25 1484 0 6 88 2204
1350 20 1488 0 113 48 2205
1350 44 1484 0 140 22 2206
1350 6 1486 0 16 120 2207
1350 5 1484 0 57 122 2208
1350 7 1486 0 109 1 2209
1350 10 1486 0 33 177 2210
1350 12 1485 0 128 96 2211
1350 11 1487 0 150 50 2212
1350 7 1487 0 153 145 2213
1365 12 1501 0 198 85 2214
1365 12 1501 0 147 18 2215
1365 19 1500 0 98 36 2216
1365 6 1501 0 148 23 2217
1365 3 1499 0 95 77 2218
1365 15 1502 0 78 150 2219
1365 26 1502 0 143 170 2220
1365 18 1502 0 15 186 2221
1365 25 1501 0 55 108 2222
1365 9 1501 0 33 177 2223
1365 24 1500 0 113 48 2224
1365 6 1501 0 186 125 2225
1365 11 1500 0 109 56 2226
1365 22 1502 0 146 22 2227
1365 13 1499 0 7 180 2228
1365 16 1501 0 162 60 2229
1365 18 1500 0 155 122 2230
1365 7 1501 0 99 9 2231
1365 7 1502 0 110 24 2232
1365 13 1501 0 161 34 2233
1375 32 4362 1 66 134 2234
1377 78 4364 1 122 11 2235
1380 23 1517 0 72 131 2236
1380 12 1517 0 138 26 2237
1380 8 1516 0 153 145 2238
1380 3 1516 0 178 113 2239
1380 19 1515 0 113 48 2240
1380 6 1515 0 15 4 2241
1380 7 1516 0 99 9 2242
1380 9 1514 0 122 11 2243
1380 14 1513 0 15 186 2244
1380 12 1515 0 106 10 2245
1380 25 1515 0 121 49 2246
1380 12 1517 0 98 36 2247
1380 6 1517 0 63 134 2248
1380 25 1518 0 96 33 2249
1380 17 1516 0 146 22 2250
1380 5 1514 0 102 1 2251
1380 5 1515 0 24 195 2252
1380 7 1516 0 148 23 2253
1380 25 1517 0 127 22 2254
1380 4 1518 0 72 194 2255
1380 23 1516 0 67 20 2256
1380 35 1514 0 124 33 2257
1380 11 1517 0 198 85 2258
1380 11 1517 0 147 18 2259
1380 14 1514 0 86 23 2260
1380 25 1515 0 78 150 2261
1383 44 4370 1 33 177 2262
1395 19 1530 0 83 108 2263
1395 4 1532 0 58 139 2264
1395 10 1531 0 173 171 2265
1395 35 1534 0 128 55 2266
1395 17 1531 0 98 36 2267
1395 8 1529 0 96 13 2268
1395 6 1531 0 63 134 2269
1395 6 1532 0 102 1 2270
1395 34 1531 0 96 33 2271
1395 18 1529 0 132 13 2272
1395 44 1531 0 121 49 2273
1395 11 1533 0 127 43 2274
1395 26 1528 0 131 45 2275
1395 12 1532 0 15 186 2276
1395 6 1529 0 148 23 2277
1395 45 1531 0 124 33 2278
1395 9 1531 0 128 96 2279
1395 22 1532 0 162 60 2280
1395 20 1534 0 113 48 2281
1395 12 1532 0 109 56 2282
1395 9 1531 0 110 24 2283
1395 20 1531 0 63 113 2284
1395 19 1528 0 152 41 2285
1405 142 4393 1 50 121 2286
1410 10 1546 0 99 9 2287
1410 20 1545 0 113 48 2288
1410 10 1548 0 96 13 2289
1410 7 1546 0 150 50 2290
1410 25 1545 0 121 49 2291
1410 5 1547 0 63 134 2292
1410 8 1547 0 110 24 2293
1410 25 1545 0 124 33 2294
1410 23 1545 0 106 10 2295
1410 9 1545 0 109 1 2296
1410 22 1547 0 127 22 2297
1410 10 1548 0 155 52 2298
1410 37 1547 0 46 189 2299
1410 6 1547 0 13 75 2300
1410 42 1548 0 6 88 2301
1410 8 1545 0 109 56 2302
1410 4 1547 0 95 77 2303
1410 16 1547 0 161 34 2304
1410 21 1546 0 78 150 2305
1410 34 1547 0 96 33 2306
1410 9 1547 0 16 120 2307
1425 10 1560 0 29 60 2308
1425 23 1561 0 113 48 2309
1425 12 1558 0 83 108 2310
1425 22 1560 0 22 41 2311
1425 28 1563 0 131 45 2312
1425 8 1560 0 122 11 2313
1425 19 1562 0 127 22 2314
1425 35 1560 0 143 170 2315
1425 22 1562 0 146 119 2316
1425 12 1564 0 109 56 2317
1425 36 1559 0 124 33 2318
1425 21 1559 0 86 23 2319
1425 18 1560 0 67 20 2320
1425 11 1559 0 148 23 2321
1425 6 1560 0 155 52 2322
1425 38 1560 0 96 33 2323
1425 4 1559 0 95 77 2324
1425 4 1563 0 102 30 2325
1425 6 1563 0 147 18 2326
1425 7 1560 0 96 13 2327
1425 28 1562 0 121 49 2328
1425 17 1562 0 98 36 2329
1428 135 4414 1 142 143 2330
1440 8 1576 0 110 24 2331
1440 3 1577 0 57 122 2332
1440 10 1575 0 153 145 2333
1440 25 1575 0 161 34 2334
1440 24 1576 0 138 26 2335
1440 10 1577 0 24 183 2336
1440 5 1577 0 102 30 2337
1440 25 1576 0 121 49 2338
1440 4 1577 0 125 90 2339
1440 12 1576 0 147 18 2340
1440 10 1576 0 148 23 2341
1440 16 1577 0 106 10 2342
1440 25 1577 0 127 22 2343
1440 42 1576 0 128 55 2344
1440 9 1577 0 109 56 2345
1440 29 1577 0 96 33 2346
1440 11 1574 0 146 159 2347
1440 6 1576 0 99 9 2348
1440 7 1575 0 127 43 2349
1440 44 1576 0 40 59 2350
1440 3 1577 0 102 1 2351
1440 22 1577 0 146 22 2352
1442 75 4428 1 66 169 2353
1450 70 4437 1 63 113 2354
1455 16 1591 0 166 118 2355
1455 8 1593 0 127 43 2356
1455 4 1591 0 63 134 2357
1455 11 1589 0 155 52 2358
1455 25 1590 0 121 49 2359
1455 10 1590 0 110 24 2360
1455 39 1591 0 96 33 2361
1455 7 1593 0 150 50 2362
1455 22 1590 0 98 36 2363
1455 36 1591 0 55 108 2364
1455 12 1591 0 109 56 2365
1455 24 1591 0 106 10 2366
1455 9 1590 0 198 85 2367
1455 11 1591 0 148 23 2368
1455 15 1590 0 83 108 2369
1455 17 1592 0 15 186 2370
1455 11 1592 0 15 4 2371
1455 14 1590 0 152 41 2372
1455 8 1592 0 93 9 2373
1455 18 1594 0 155 122 2374
1455 29 1592 0 143 170 2375
1455 24 1592 0 66 169 2376
1470 10 1606 0 122 11 2377
1470 4 1605 0 13 75 2378
1470 12 1607 0 113 48 2379
1470 23 1605 0 98 36 2380
1470 21 1607 0 138 26 2381
1470 7 1606 0 29 60 2382
1470 8 1606 0 148 23 2383
1470 6 1606 0 16 120 2384
1470 19 1606 0 22 41 2385
1470 16 1606 0 161 34 2386
1470 37 1606 0 96 33 2387
1470 35 1605 0 128 55 2388
1470 11 1606 0 127 43 2389
1470 16 1605 0 155 122 2390
1470 3 1607 0 24 195 2391
1470 3 1607 0 178 113 2392
1470 43 1606 0 131 45 2393
1470 6 1606 0 125 90 2394
1470 18 1604 0 152 41 2395
1470 8 1605 0 142 143 2396
1470 8 1605 0 150 50 2397
1470 15 1608 0 7 180 2398
1485 38 1619 0 40 59 2399
1485 14 1621 0 117 40 2400
1485 37 1622 0 124 33 2401
1485 8 1620 0 109 1 2402
1485 39 1622 0 128 55 2403
1485 5 1623 0 24 195 2404
1485 20 1618 0 22 41 2405
1485 3 1621 0 13 75 2406
1485 24 1621 0 155 122 2407
1485 24 1620 0 98 36 2408
1485 45 1621 0 55 108 2409
1485 6 1621 0 102 30 2410
1485 23 1621 0 164 40 2411
1485 24 1621 0 63 113 2412
1485 6 1623 0 173 171 2413
1485 10 1620 0 109 56 2414
1485 21 1621 0 146 119 2415
1485 12 1622 0 138 26 2416
1485 9 1622 0 148 23 2417
1485 9 1622 0 110 24 2418
1485 6 1621 0 96 13 2419
1485 12 1623 0 15 4 2420
1489 42 4475 1 102 140 2421
1495 102 4482 1 24 183 2422
1497 64 4480 1 50 121 2423
1498 56 4486 1 146 159 2424
1500 7 1636 0 155 52 2425
1500 25 1635 0 98 36 2426
1500 6 1638 0 99 9 2427
1500 26 1636 0 96 33 2428
1500 25 1637 0 132 13 2429
1500 18 1636 0 164 40 2430
1500 23 1636 0 161 34 2431
1500 11 1636 0 127 43 2432
1500 25 1636 0 143 170 2433
1500 5 1638 0 125 90 2434
1500 10 1635 0 147 18 2435
1500 5 1636 0 72 194 2436
1500 18 1636 0 106 10 2437
1500 45 1634 0 121 49 2438
1500 15 1635 0 138 26 2439
1500 6 1636 0 96 13 2440
1500 29 1636 0 124 33 2441
1500 9 1635 0 153 145 2442
1500 10 1636 0 24 183 2443
1500 16 1635 0 7 180 2444
1500 13 1635 0 113 48 2445
1500 23 1636 0 117 40 2446
1500 32 1637 0 6 88 2447
1500 7 1637 0 109 56 2448
1515 6 1650 0 150 50 2449
1515 4 1652 0 95 77 2450
1515 3 1652 0 102 30 2451
1515 23 1651 0 106 10 2452
1515 17 1651 0 113 48 2453
1515 24 1651 0 132 13 2454
1515 13 1649 0 161 34 2455
1515 19 1651 0 152 41 2456
1515 7 1650 0 122 11 2457
1515 12 1651 0 147 18 2458
1515 11 1652 0 109 56 2459
1515 19 1651 0 162 60 2460
1515 6 1651 0 155 52 2461
1515 25 1652 0 98 36 2462
1515 11 1650 0 198 85 2463
1515 12 1651 0 2 3 2464
1515 13 1651 0 146 22 2465
1515 16 1651 0 117 40 2466
1515 36 1649 0 131 45 2467
1515 9 1650 0 109 1 2468
1515 6 1651 0 127 43 2469
1524 58 4509 1 155 52 2470
1530 32 1667 0 128 55 2471
1530 10 1663 0 109 56 2472
1530 23 1665 0 113 48 2473
1530 20 1665 0 166 118 2474
1530 11 1665 0 122 11 2475
1530 25 1665 0 83 108 2476
1530 4 1665 0 13 75 2477
1530 6 1668 0 102 30 2478
1530 10 1665 0 99 9 2479
1530 44 1665 0 140 22 2480
1530 35 1667 0 131 45 2481
1530 11 1667 0 127 43 2482
1530 21 1667 0 132 13 2483
1530 11 1664 0 109 1 2484
1530 3 1669 0 58 139 2485
1530 17 1666 0 117 40 2486
1530 3 1664 0 57 122 2487
1530 29 1666 0 155 79 2488
1530 23 1664 0 98 36 2489
1530 22 1667 0 155 122 2490
1533 95 4518 1 15 4 2491
1541 158 4526 1 57 122 2492
1545 6 1681 0 24 195 2493
1545 10 1681 0 153 145 2494
1545 14 1680 0 117 40 2495
1545 12 1679 0 127 43 2496
1545 8 1680 0 109 56 2497
1545 9 1680 0 198 85 2498
1545 9 1679 0 99 9 2499
1545 27 1682 0 96 33 2500
1545 4 1680 0 57 122 2501
1545 24 1680 0 98 36 2502
1545 32 1681 0 140 22 2503
1545 38 1681 0 143 170 2504
1545 17 1681 0 162 60 2505
1545 11 1679 0 29 60 2506
1545 24 1680 0 146 22 2507
1545 37 1680 0 131 45 2508
1545 5 1681 0 178 113 2509
1545 3 1682 0 186 125 2510
1545 8 1680 0 105 143 2511
1545 17 1678 0 155 122 2512
1545 5 1681 0 95 77 2513
1545 12 1680 0 132 13 2514
1545 8 1681 0 147 18 2515
1545 15 1683 0 67 20 2516
1552 39 4537 1 155 122 2517
1560 8 1696 0 105 143 2518
1560 28 1694 0 46 189 2519
1560 20 1697 0 146 119 2520
1560 17 1698 0 127 22 2521
1560 7 1696 0 33 177 2522
1560 4 1697 0 125 90 2523
1560 14 1696 0 7 180 2524
1560 11 1696 0 153 145 2525
1560 10 1698 0 173 171 2526
1560 20 1696 0 146 22 2527
1560 25 1698 0 113 48 2528
1560 22 1696 0 15 186 2529
1560 12 1697 0 15 4 2530
1560 41 1697 0 121 49 2531
1560 25 1695 0 50 121 2532
1560 9 1696 0 93 9 2533
1560 11 1695 0 128 96 2534
1560 16 1696 0 152 41 2535
1560 12 1696 0 67 20 2536
1560 3 1696 0 95 77 2537
1560 6 1696 0 145 55 2538
1560 6 1695 0 122 11 2539
1560 12 1696 0 117 40 2540
1560 42 1700 0 128 55 2541
1560 10 1696 0 147 18 2542
1560 10 1696 0 127 43 2543
1562 45 4547 1 173 171 2544
1575 14 1712 0 98 36 2545
1575 4 1711 0 186 125 2546
1575 19 1712 0 7 180 2547
1575 5 1711 0 72 194 2548
1575 41 1713 0 131 45 2549
1575 12 1713 0 162 60 2550
1575 39 1713 0 102 140 2551
1575 21 1710 0 146 22 2552
1575 10 1712 0 29 60 2553
1575 43 1712 0 124 33 2554
1575 31 1711 0 155 79 2555
1575 38 1708 0 128 55 2556
1575 9 1708 0 110 24 2557
1575 16 1710 0 15 186 2558
1575 6 1711 0 33 177 2559
1575 42 1712 0 140 22 2560
1575 12 1712 0 24 183 2561
1575 17 1709 0 152 41 2562
1575 10 1712 0 142 143 2563
1575 45 1710 0 96 33 2564
1575 8 1711 0 153 145 2565
1575 12 1711 0 132 13 2566
1575 7 1709 0 96 13 2567
1575 10 1710 0 109 56 2568
1575 12 1710 0 72 131 2569
1581 192 4565 1 125 90 2570
1590 12 1726 0 24 183 2571
1590 8 1727 0 109 56 2572
1590 12 1726 0 78 150 2573
1590 20 1726 0 162 60 2574
1590 15 1726 0 161 34 2575
1590 32 1726 0 140 22 2576
1590 13 1725 0 106 10 2577
1590 5 1728 0 186 125 2578
1590 23 1728 0 117 40 2579
1590 44 1725 0 121 49 2580
1590 7 1727 0 110 24 2581
1590 25 1725 0 128 55 2582
1590 8 1726 0 147 18 2583
1590 41 1725 0 6 88 2584
1590 5 1726 0 57 122 2585
1590 14 1727 0 98 36 2586
1590 16 1723 0 72 131 2587
1590 10 1726 0 99 9 2588
1590 9 1729 0 105 143 2589
1590 23 1726 0 22 41 2590
1590 9 1728 0 173 171 2591
1590 4 1725 0 58 139 2592
1590 41 1724 0 131 45 2593
1590 15 1728 0 132 13 2594
1590 24 1725 0 127 22 2595
1590 8 1726 0 148 23 2596
1605 12 1742 0 106 10 2597
1605 12 1739 0 145 55 2598
1605 6 1741 0 96 13 2599
1605 14 1742 0 164 40 2600
1605 16 1740 0 98 36 2601
1605 7 1740 0 2 3 2602
1605 8 1740 0 173 171 2603
1605 6 1742 0 102 30 2604
1605 34 1739 0 182 28 2605
1605 23 1740 0 146 119 2606
1605 10 1745 0 16 120 2607
1605 7 1739 0 99 9 2608
1605 8 1741 0 122 11 2609
1605 11 1739 0 93 9 2610
1605 9 1741 0 33 177 2611
1605 24 1741 0 132 13 2612
1605 42 1740 0 96 33 2613
1605 33 1742 0 121 49 2614
1605 18 1739 0 138 26 2615
1605 10 1742 0 110 24 2616
1605 18 1741 0 127 22 2617
1605 3 1739 0 102 1 2618
1605 28 1738 0 40 59 2619
1605 13 1740 0 146 22 2620
1616 45 4602 1 127 22 2621
1620 7 1759 0 29 60 2622
1620 10 1753 0 155 52 2623
1620 34 1756 0 121 49 2624
1620 14 1755 0 86 23 2625
1620 7 1754 0 145 55 2626
1620 10 1757 0 147 18 2627
1620 12 1757 0 110 24 2628
1620 30 1755 0 140 22 2629
1620 22 1755 0 146 119 2630
1620 12 1755 0 117 40 2631
1620 23 1757 0 132 13 2632
1620 22 1758 0 98 36 2633
1620 15 1756 0 127 22 2634
1620 25 1755 0 143 170 2635
1620 19 1754 0 138 26 2636
1620 23 1754 0 15 186 2637
1620 39 1758 0 46 189 2638
1620 7 1758 0 109 1 2639
1620 4 1756 0 125 90 2640
1635 3 1769 0 72 194 2641
1635 20 1773 0 113 48 2642
1635 14 1771 0 63 113 2643
1635 44 1770 0 96 33 2644
1635 6 1770 0 24 183 2645
1635 19 1771 0 22 41 2646
1635 14 1771 0 138 26 2647
1635 12 1771 0 127 43 2648
1635 15 1770 0 127 22 2649
1635 24 1773 0 106 10 2650
1635 3 1772 0 24 195 2651
1635 22 1772 0 146 119 2652
1635 23 1771 0 117 40 2653
1635 18 1770 0 86 23 2654
1635 14 1770 0 132 13 2655
1635 8 1767 0 142 143 2656
1635 30 1770 0 6 88 2657
1635 11 1772 0 96 13 2658
1635 4 1769 0 95 77 2659
1635 37 1770 0 140 22 2660
1635 11 1772 0 147 18 2661
1635 13 1770 0 162 60 2662
1650 25 1790 0 162 60 2663
1650 6 1786 0 102 30 2664
1650 23 1787 0 113 48 2665
1650 10 1785 0 148 23 2666
1650 6 1787 0 110 24 2667
1650 6 1785 0 72 194 2668
1650 10 1786 0 127 43 2669
1650 42 1787 0 131 45 2670
1650 3 1786 0 13 75 2671
1650 9 1782 0 66 134 2672
1650 31 1787 0 128 55 2673
1650 23 1784 0 146 22 2674
1650 35 1786 0 124 33 2675
1650 18 1788 0 164 40 2676
1653 124 4639 1 150 50 2677
1657 68 4645 1 102 1 2678
1663 46 4649 1 166 118 2679
1664 57 4651 1 127 43 2680
1665 56 4648 1 93 9 2681
1665 41 1801 0 124 33 2682
1665 18 1802 0 138 26 2683
1665 23 1802 0 66 169 2684
1665 34 1802 0 121 49 2685
1665 8 1802 0 142 143 2686
1665 16 1802 0 132 13 2687
1665 32 1800 0 140 22 2688
1665 27 1800 0 40 59 2689
1665 11 1803 0 198 85 2690
1665 25 1801 0 128 55 2691
1665 22 1803 0 127 22 2692
1665 10 1799 0 148 23 2693
1665 9 1800 0 127 43 2694
1665 9 1800 0 33 177 2695
1665 12 1801 0 153 145 2696
1665 8 1801 0 109 56 2697
1665 38 1803 0 182 28 2698
1665 15 1802 0 162 60 2699
1671 68 4656 1 102 30 2700
1673 64 4658 1 13 75 2701
1680 7 1816 0 16 120 2702
1680 9 1815 0 96 13 2703
1680 9 1815 0 142 143 2704
1680 19 1816 0 138 26 2705
1680 25 1816 0 155 79 2706
1680 18 1817 0 117 40 2707
1680 6 1816 0 125 90 2708
1680 24 1816 0 164 40 2709
1680 12 1815 0 146 119 2710
1680 4 1815 0 24 195 2711
1680 28 1815 0 124 33 2712
1680 6 1817 0 29 60 2713
1680 33 1816 0 128 55 2714
1680 21 1816 0 93 57 2715
1680 11 1815 0 99 9 2716
1680 3 1816 0 63 134 2717
1680 35 1818 0 102 140 2718
1680 3 1815 0 57 122 2719
1680 24 1814 0 66 169 2720
1680 11 1817 0 110 24 2721
1680 15 1816 0 132 13 2722
1680 5 1818 0 186 125 2723
1680 16 1816 0 113 48 2724
1680 39 1815 0 121 49 2725
1695 4 1829 0 72 194 2726
1695 45 1832 0 131 45 2727
1695 10 1830 0 127 43 2728
1695 8 1832 0 145 55 2729
1695 10 1831 0 29 60 2730
1695 5 1830 0 95 77 2731
1695 18 1830 0 138 26 2732
1695 10 1832 0 96 13 2733
1695 18 1831 0 66 169 2734
1695 41 1829 0 121 49 2735
1695 29 1832 0 50 121 2736
1695 9 1830 0 122 11 2737
1695 10 1832 0 2 3 2738
1695 22 1833 0 93 57 2739
1695 6 1830 0 58 139 2740
1695 6 1831 0 110 24 2741
1695 15 1829 0 98 36 2742
1695 9 1833 0 109 56 2743
1695 5 1831 0 102 30 2744
1695 19 1832 0 146 22 2745
1698 56 4683 1 22 41 2746
1709 197 4697 1 110 24 2747
1710 16 1847 0 166 118 2748
1710 12 1844 0 128 96 2749
1710 15 1845 0 127 22 2750
1710 7 1846 0 2 3 2751
1710 13 1846 0 67 20 2752
1710 11 1847 0 155 52 2753
1710 7 1844 0 148 23 2754
1710 41 1845 0 128 55 2755
1710 24 1846 0 98 36 2756
1710 8 1846 0 93 9 2757
1710 10 1846 0 110 24 2758
1710 30 1845 0 140 22 2759
1710 3 1846 0 186 125 2760
1710 8 1846 0 147 18 2761
1710 9 1845 0 109 1 2762
1710 23 1844 0 132 13 2763
1710 11 1845 0 66 134 2764
1710 11 1847 0 127 43 2765
1710 39 1845 0 55 108 2766
1710 17 1847 0 15 186 2767
1724 73 4710 1 128 96 2768
1725 6 1861 0 93 9 2769
1725 10 1861 0 2 3 2770
1725 9 1862 0 29 60 2771
1725 9 1861 0 122 11 2772
1725 32 1862 0 46 189 2773
1725 20 1863 0 138 26 2774
1725 42 1861 0 140 22 2775
1725 5 1862 0 13 75 2776
1725 18 1861 0 161 34 2777
1725 31 1860 0 96 33 2778
1725 24 1861 0 7 180 2779
1725 40 1859 0 121 49 2780
1725 11 1862 0 24 183 2781
1725 19 1858 0 78 150 2782
1725 8 1861 0 127 43 2783
1725 35 1861 0 131 45 2784
1725 15 1861 0 66 169 2785
1725 22 1861 0 106 10 2786
1725 3 1860 0 24 195 2787
1725 15 1861 0 83 108 2788
1725 10 1862 0 148 23 2789
1725 9 1861 0 105 143 2790
1725 9 1859 0 99 9 2791
1725 7 1857 0 110 24 2792
1728 36 4715 1 24 183 2793
1732 62 4717 1 147 18 2794
1740 10 1877 0 2 3 2795
1740 32 1877 0 121 49 2796
1740 27 1876 0 124 33 2797
1740 13 1876 0 7 180 2798
1740 10 1876 0 155 52 2799
1740 36 1875 0 182 28 2800
1740 3 1874 0 58 139 2801
1740 8 1874 0 16 120 2802
1740 26 1876 0 140 22 2803
1740 35 1876 0 40 59 2804
1740 12 1875 0 148 23 2805
1740 9 1877 0 127 43 2806
1740 11 1877 0 99 9 2807
1740 16 1876 0 132 13 2808
1740 23 1876 0 127 22 2809
1740 19 1877 0 138 26 2810
1740 3 1875 0 178 113 2811
1740 12 1875 0 122 11 2812
1740 17 1876 0 83 108 2813
1740 8 1875 0 173 171 2814
1748 54 4736 1 72 131 2815
1750 36 4736 1 2 3 2816
1751 30 4735 1 109 56 2817
1755 7 1889 0 147 18 2818
1755 19 1890 0 138 26 2819
1755 14 1891 0 127 22 2820
1755 6 1889 0 2 3 2821
1755 12 1890 0 78 150 2822
1755 7 1890 0 96 13 2823
1755 10 1891 0 15 4 2824
1755 23 1892 0 72 131 2825
1755 8 1891 0 150 50 2826
1755 9 1889 0 148 23 2827
1755 7 1891 0 198 85 2828
1755 8 1890 0 109 56 2829
1755 18 1892 0 63 113 2830
1755 8 1893 0 142 143 2831
1755 12 1889 0 153 145 2832
1755 10 1890 0 99 9 2833
1755 18 1890 0 132 13 2834
1755 16 1892 0 166 118 2835
1755 9 1892 0 93 9 2836
1755 23 1892 0 106 10 2837
1755 26 1893 0 124 33 2838
1770 9 1907 0 173 171 2839
1770 6 1907 0 142 143 2840
1770 21 1907 0 138 26 2841
1770 12 1906 0 127 43 2842
1770 6 1906 0 102 1 2843
1770 35 1908 0 155 79 2844
1770 13 1906 0 63 113 2845
1770 28 1906 0 131 45 2846
1770 19 1905 0 117 40 2847
1770 8 1906 0 155 52 2848
1770 8 1907 0 99 9 2849
1770 21 1905 0 86 23 2850
1770 16 1906 0 152 41 2851
1770 28 1906 0 182 28 2852
1770 4 1907 0 102 30 2853
1770 25 1908 0 72 131 2854
1770 11 1906 0 198 85 2855
1770 7 1908 0 33 177 2856
1770 21 1907 0 146 119 2857
1770 6 1906 0 147 18 2858
1770 12 1907 0 16 120 2859
1770 20 1906 0 161 34 2860
1770 45 1905 0 46 189 2861
1785 24 1920 0 7 180 2862
1785 14 1921 0 67 20 2863
1785 41 1922 0 46 189 2864
1785 4 1920 0 102 30 2865
1785 11 1921 0 153 145 2866
1785 12 1921 0 148 23 2867
1785 11 1920 0 146 159 2868
1785 28 1922 0 102 140 2869
1785 44 1922 0 155 79 2870
1785 6 1920 0 147 18 2871
1785 10 1922 0 96 13 2872
1785 7 1921 0 142 143 2873
1785 6 1920 0 127 43 2874
1785 10 1922 0 29 60 2875
1785 10 1923 0 2 3 2876
1785 44 1921 0 140 22 2877
1800 12 1936 0 99 9 2878
1800 5 1935 0 95 77 2879
1800 14 1934 0 146 22 2880
1800 15 1938 0 78 150 2881
1800 10 1937 0 127 43 2882
1800 43 1937 0 128 55 2883
1800 35 1935 0 182 28 2884
1800 14 1938 0 106 10 2885
1800 23 1934 0 132 13 2886
1800 36 1936 0 124 33 2887
1800 10 1936 0 93 9 2888
1800 9 1938 0 147 18 2889
1800 10 1937 0 153 145 2890
1800 4 1935 0 63 134 2891
1800 30 1934 0 55 108 2892
1800 16 1935 0 155 122 2893
1800 29 1936 0 131 45 2894
1800 24 1938 0 127 22 2895
1800 9 1937 0 96 13 2896
1800 6 1937 0 109 56 2897
1800 16 1936 0 98 36 2898
1800 3 1938 0 72 194 2899
1800 17 1938 0 86 23 2900
1800 7 1936 0 173 171 2901
1806 59 4792 1 55 108 2902
1814 31 4799 1 121 49 2903
1815 24 1950 0 146 119 2904
1815 32 1951 0 102 140 2905
1815 18 1951 0 166 118 2906
1815 23 1950 0 106 10 2907
1815 17 1950 0 22 41 2908
1815 41 1949 0 155 79 2909
1815 21 1949 0 63 113 2910
1815 10 1949 0 128 96 2911
1815 23 1950 0 98 36 2912
1815 19 1952 0 66 169 2913
1815 28 1949 0 131 45 2914
1815 44 1949 0 55 108 2915
1815 6 1950 0 109 56 2916
1815 7 1950 0 99 9 2917
1815 11 1953 0 127 43 2918
1815 6 1950 0 24 183 2919
1815 5 1951 0 186 125 2920
1815 6 1951 0 155 52 2921
1815 37 1950 0 124 33 2922
1815 5 1952 0 178 113 2923
1815 12 1952 0 146 159 2924
1815 8 1951 0 122 11 2925
1815 37 1952 0 96 33 2926
1815 24 1951 0 117 40 2927
1815 16 1953 0 93 57 2928
1815 9 1950 0 173 171 2929
1815 11 1951 0 109 1 2930
1815 25 1953 0 50 121 2931
1827 59 4813 1 164 40 2932
1830 20 1966 0 117 40 2933
1830 8 1967 0 99 9 2934
1830 6 1966 0 142 143 2935
1830 16 1967 0 66 169 2936
1830 38 1968 0 55 108 2937
1830 16 1967 0 98 36 2938
1830 8 1965 0 93 9 2939
1830 10 1966 0 122 11 2940
1830 9 1967 0 128 96 2941
1830 23 1966 0 7 180 2942
1830 29 1966 0 131 45 2943
1830 9 1966 0 66 134 2944
1830 11 1967 0 146 159 2945
1830 44 1968 0 121 49 2946
1830 21 1964 0 127 22 2947
1830 11 1966 0 96 13 2948
1830 6 1965 0 110 24 2949
1830 12 1966 0 127 43 2950
1830 8 1967 0 173 171 2951
1830 10 1966 0 2 3 2952
1830 36 1967 0 140 22 2953
1830 7 1967 0 109 56 2954
1830 6 1967 0 57 122 2955
1830 110 4814 1 33 177 2956
1830 25 1968 0 93 57 2957
1830 41 1966 0 50 121 2958
1830 16 1966 0 146 22 2959
1830 30 1965 0 124 33 2960
1830 5 1964 0 102 30 2961
1830 45 1965 0 96 33 2962
1830 7 1966 0 155 52 2963
1830 12 1966 0 105 143 2964
1845 9 1981 0 173 171 2965
1845 28 1980 0 155 79 2966
1845 45 1980 0 96 33 2967
1845 7 1981 0 2 3 2968
1845 12 1979 0 147 18 2969
1845 12 1983 0 162 60 2970
1845 3 1982 0 13 75 2971
1845 8 1982 0 198 85 2972
1845 10 1979 0 29 60 2973
1845 27 1979 0 140 22 2974
1845 9 1982 0 109 56 2975
1845 9 1982 0 24 183 2976
1845 9 1981 0 109 1 2977
1845 8 1982 0 145 55 2978
1845 9 1981 0 16 120 2979
1845 7 1983 0 122 11 2980
1845 19 1978 0 22 41 2981
1845 7 1981 0 96 13 2982
1845 8 1981 0 142 143 2983
1845 23 1982 0 132 13 2984
1845 27 1982 0 128 55 2985
1845 13 1981 0 146 22 2986
1845 25 1981 0 117 40 2987
1845 10 1980 0 150 50 2988
1845 7 1984 0 99 9 2989
1845 12 1980 0 138 26 2990
1845 6 1979 0 15 4 2991
1845 13 1981 0 106 10 2992
1845 4 1982 0 102 30 2993
1845 15 1980 0 161 34 2994
1846 64 4833 1 142 143 2995
1858 49 4843 1 125 90 2996
1860 17 1996 0 98 36 2997
1860 23 1996 0 22 41 2998
1860 7 1997 0 109 1 2999
1860 25 1997 0 132 13 3000
1860 34 1995 0 124 33 3001
1860 39 1996 0 46 189 3002
1860 33 1996 0 155 79 3003
1860 6 1997 0 105 143 3004
1860 9 1993 0 142 143 3005
1860 12 1996 0 122 11 3006
1860 5 1995 0 178 113 3007
1860 6 1996 0 72 194 3008
1860 7 1994 0 110 24 3009
1860 23 1996 0 146 22 3010
1860 14 1993 0 93 57 3011
1860 11 1994 0 148 23 3012
1860 12 1999 0 109 56 3013
1860 43 1995 0 140 22 3014
1860 11 1995 0 99 9 3015
1860 11 1997 0 147 18 3016
1860 34 1998 0 121 49 3017
1860 22 1996 0 106 10 3018
1864 126 4849 1 106 10 3019
1875 21 2010 0 132 13 3020
1875 16 2011 0 127 22 3021
1875 3 2012 0 58 139 3022
1875 12 2011 0 127 43 3023
1875 7 2013 0 148 23 3024
1875 11 2011 0 110 24 3025
1875 31 2011 0 124 33 3026
1875 12 2011 0 122 11 3027
1875 45 2011 0 131 45 3028
1875 23 2011 0 98 36 3029
1875 24 2011 0 106 10 3030
1875 4 2012 0 102 1 3031
1875 4 2012 0 63 134 3032
1875 9 2012 0 105 143 3033
1875 24 2011 0 93 57 3034
1875 4 2011 0 102 30 3035
1875 18 2011 0 138 26 3036
1875 35 2011 0 46 189 3037
1875 18 2009 0 22 41 3038
1875 12 2012 0 96 13 3039
1875 10 2008 0 66 134 3040
1890 9 2027 0 155 52 3041
1890 10 2027 0 147 18 3042
1890 44 2024 0 128 55 3043
1890 3 2027 0 24 195 3044
1890 8 2028 0 2 3 3045
1890 29 2026 0 124 33 3046
1890 9 2028 0 146 159 3047
1890 6 2027 0 63 134 3048
1890 7 2025 0 29 60 3049
1890 42 2027 0 140 22 3050
1890 22 2026 0 67 20 3051
1890 6 2027 0 96 13 3052
1890 16 2025 0 117 40 3053
1890 45 2025 0 131 45 3054
1890 19 2027 0 155 122 3055
1890 9 2025 0 15 4 3056
1890 11 2028 0 99 9 3057
1890 12 2026 0 128 96 3058
1890 12 2025 0 109 1 3059
1890 41 2027 0 143 170 3060
1905 8 2043 0 127 43 3061
1905 19 2041 0 155 122 3062
1905 9 2042 0 33 177 3063
1905 3 2041 0 58 139 3064
1905 12 2042 0 113 48 3065
1905 25 2038 0 121 49 3066
1905 10 2041 0 173 171 3067
1905 24 2042 0 161 34 3068
1905 5 2041 0 178 113 3069
1905 43 2044 0 182 28 3070
1905 3 2039 0 95 77 3071
1905 20 2041 0 15 186 3072
1905 24 2039 0 98 36 3073
1905 12 2042 0 106 10 3074
1905 7 2039 0 96 13 3075
1905 4 2040 0 57 122 3076
1920 8 2057 0 198 85 3077
1920 12 2055 0 66 169 3078
1920 12 2055 0 98 36 3079
1920 14 2054 0 162 60 3080
1920 19 2056 0 15 186 3081
1920 8 2056 0 150 50 3082
1920 11 2060 0 122 11 3083
1920 17 2054 0 67 20 3084
1920 12 2055 0 110 24 3085
1920 4 2054 0 125 90 3086
1920 9 2056 0 147 18 3087
1920 8 2056 0 148 23 3088
1920 11 2055 0 109 56 3089
1920 12 2056 0 161 34 3090
1920 23 2054 0 164 40 3091
1920 13 2055 0 127 22 3092
1920 43 2058 0 140 22 3093
1920 7 2057 0 142 143 3094
1920 42 2057 0 124 33 3095
1920 14 2055 0 72 131 3096
1935 40 2071 0 140 22 3097
1935 14 2073 0 113 48 3098
1935 37 2072 0 46 189 3099
1935 3 2070 0 102 30 3100
1935 37 2069 0 143 170 3101
1935 11 2070 0 145 55 3102
1935 35 2071 0 121 49 3103
1935 6 2072 0 15 4 3104
1935 12 2071 0 127 22 3105
1935 11 2070 0 142 143 3106
1935 7 2072 0 99 9 3107
1935 17 2069 0 98 36 3108
1935 17 2072 0 146 22 3109
1935 25 2069 0 93 57 3110
1935 10 2074 0 105 143 3111
1935 42 2069 0 128 55 3112
1935 7 2069 0 146 159 3113
1935 7 2071 0 155 52 3114
1935 5 2070 0 57 122 3115
1935 25 2071 0 138 26 3116
1935 15 2070 0 117 40 3117
1935 33 2073 0 131 45 3118
1935 13 2070 0 66 169 3119
1935 12 2072 0 127 43 3120
1936 52 4921 1 146 22 3121
1950 3 2086 0 24 195 3122
1950 5 2088 0 58 139 3123
1950 16 2086 0 93 57 3124
1950 9 2085 0 109 56 3125
1950 29 2085 0 182 28 3126
1950 14 2086 0 113 48 3127
1950 7 2085 0 146 159 3128
1950 18 2085 0 152 41 3129
1950 6 2086 0 63 134 3130
1950 13 2085 0 155 122 3131
1950 9 2087 0 15 4 3132
1950 13 2084 0 106 10 3133
1950 11 2087 0 150 50 3134
1950 20 2084 0 132 13 3135
1950 29 2084 0 131 45 3136
1950 30 2089 0 140 22 3137
1950 11 2086 0 2 3 3138
1950 15 2086 0 86 23 3139
1950 6 2085 0 173 171 3140
1950 17 2087 0 67 20 3141
1950 12 2089 0 122 11 3142
1965 3 2103 0 186 125 3143
1965 6 2102 0 122 11 3144
1965 6 2100 0 148 23 3145
1965 24 2099 0 98 36 3146
1965 11 2102 0 99 9 3147
1965 4 2100 0 102 30 3148
1965 7 2104 0 109 56 3149
1965 19 2103 0 83 108 3150
1965 28 2102 0 124 33 3151
1965 4 2100 0 102 1 3152
1965 15 2100 0 117 40 3153
1965 31 2101 0 96 33 3154
1965 24 2100 0 132 13 3155
1965 12 2100 0 173 171 3156
1965 14 2098 0 162 60 3157
1965 6 2102 0 24 183 3158
1965 20 2102 0 113 48 3159
1965 25 2103 0 140 22 3160
1965 25 2101 0 78 150 3161
1965 6 2101 0 147 18 3162
1965 18 2103 0 164 40 3163
1980 14 2115 0 66 169 3164
1980 12 2117 0 96 13 3165
1980 33 2117 0 121 49 3166
1980 8 2118 0 109 56 3167
1980 18 2117 0 162 60 3168
1980 11 2115 0 109 1 3169
1980 21 2116 0 117 40 3170
1980 41 2116 0 128 55 3171
1980 10 2115 0 99 9 3172
1980 6 2116 0 2 3 3173
1980 22 2116 0 161 34 3174
1980 8 2116 0 155 52 3175
1980 23 2118 0 127 22 3176
1980 40 2117 0 6 88 3177
1980 34 2115 0 96 33 3178
1980 40 2116 0 140 22 3179
1980 22 2116 0 106 10 3180
1980 6 2117 0 102 30 3181
1980 32 2115 0 124 33 3182
1980 39 2115 0 55 108 3183
1980 30 2116 0 40 59 3184
1980 6 2115 0 122 11 3185
1982 42 4969 1 105 143 3186
1994 73 4980 1 24 195 3187
1994 41 4979 1 140 22 3188
1995 43 2131 0 96 33 3189
1995 34 2134 0 6 88 3190
1995 6 2130 0 13 75 3191
1995 12 2129 0 147 18 3192
1995 8 2133 0 96 13 3193
1995 17 2130 0 113 48 3194
1995 25 2133 0 98 36 3195
1995 5 2130 0 178 113 3196
1995 3 2131 0 102 30 3197
1995 28 2133 0 121 49 3198
1995 7 2133 0 150 50 3199
1995 10 2128 0 105 143 3200
1995 25 2131 0 72 131 3201
1995 19 2131 0 117 40 3202
1995 33 2132 0 102 140 3203
2006 73 4992 1 150 50 3204
2010 12 2145 0 146 119 3205
2010 10 2145 0 109 56 3206
2010 14 2148 0 166 118 3207
2010 3 2145 0 57 122 3208
2010 15 2148 0 22 41 3209
2010 36 2146 0 55 108 3210
2010 21 2146 0 113 48 3211
2010 20 2146 0 98 36 3212
2010 6 2146 0 110 24 3213
2010 36 2145 0 96 33 3214
2010 36 2146 0 6 88 3215
2010 14 2146 0 164 40 3216
2010 4 2147 0 102 30 3217
2010 10 2145 0 29 60 3218
2010 11 2141 0 150 50 3219
2010 8 2148 0 155 52 3220
2010 38 2145 0 131 45 3221
2010 30 2147 0 140 22 3222
2010 11 2145 0 96 13 3223
2010 20 2146 0 138 26 3224
2010 43 2144 0 155 79 3225
2010 19 2148 0 7 180 3226
2010 19 2144 0 117 40 3227
2010 8 2146 0 127 43 3228
2010 8 2146 0 148 23 3229
2010 20 2146 0 127 22 3230
2010 12 2146 0 99 9 3231
2025 9 2160 0 127 43 3232
2025 38 2159 0 131 45 3233
2025 6 2161 0 102 30 3234
2025 9 2160 0 150 50 3235
2025 14 2163 0 7 180 3236
2025 9 2163 0 142 143 3237
2025 39 2161 0 102 140 3238
2025 13 2160 0 117 40 3239
2025 20 2159 0 146 22 3240
2025 11 2160 0 148 23 3241
2025 5 2160 0 24 195 3242
2025 6 2161 0 99 9 3243
2025 45 2161 0 96 33 3244
2025 6 2161 0 178 113 3245
2025 16 2161 0 106 10 3246
2025 8 2162 0 110 24 3247
2025 8 2161 0 109 1 3248
2025 4 2162 0 57 122 3249
2025 30 2162 0 143 170 3250
2025 17 2161 0 113 48 3251
2025 24 2159 0 138 26 3252
2025 8 2160 0 96 13 3253
2026 44 5011 1 67 20 3254
2040 44 2176 0 140 22 3255
2040 6 2174 0 148 23 3256
2040 7 2176 0 128 96 3257
2040 12 2174 0 110 24 3258
2040 12 2176 0 99 9 3259
2040 45 2175 0 124 33 3260
2040 30 2176 0 143 170 3261
2040 12 2177 0 173 171 3262
2040 38 2175 0 40 59 3263
2040 8 2177 0 127 43 3264
2040 21 2174 0 7 180 3265
2040 29 2175 0 131 45 3266
2040 5 2176 0 95 77 3267
2040 19 2177 0 67 20 3268
2040 16 2176 0 138 26 3269
2040 7 2175 0 96 13 3270
2040 10 2173 0 147 18 3271
2040 10 2177 0 93 9 3272
2040 23 2177 0 22 41 3273
2040 12 2176 0 109 1 3274
2040 24 2175 0 98 36 3275
2040 22 2177 0 106 10 3276
2040 26 2175 0 96 33 3277
2040 3 2177 0 102 1 3278
2040 18 2177 0 66 169 3279
2040 4 2175 0 24 195 3280
2048 61 5035 1 128 55 3281
2055 41 2191 0 121 49 3282
2055 4 2191 0 72 194 3283
2055 7 2192 0 122 11 3284
2055 6 2192 0 95 77 3285
2055 7 2190 0 110 24 3286
2055 13 2192 0 166 118 3287
2055 10 2191 0 16 120 3288
2055 11 2189 0 127 43 3289
2055 4 2190 0 13 75 3290
2055 12 2192 0 86 23 3291
2055 44 2191 0 40 59 3292
2055 12 2189 0 99 9 3293
2055 21 2190 0 98 36 3294
2055 7 2189 0 128 96 3295
2055 8 2192 0 148 23 3296
2055 7 2192 0 96 13 3297
2055 42 2190 0 55 108 3298
2055 38 2190 0 124 33 3299
2055 7 2192 0 147 18 3300
2055 13 2191 0 127 22 3301
2070 9 2205 0 153 145 3302
2070 19 2205 0 138 26 3303
2070 6 2207 0 72 194 3304
2070 16 2205 0 155 122 3305
2070 40 2207 0 143 170 3306
2070 35 2207 0 140 22 3307
2070 5 2205 0 57 122 3308
2070 14 2207 0 146 22 3309
2070 9 2204 0 109 56 3310
2070 12 2207 0 109 1 3311
2070 24 2207 0 127 22 3312
2070 4 2208 0 63 134 3313
2070 12 2204 0 98 36 3314
2070 19 2205 0 117 40 3315
2070 6 2204 0 147 18 3316
2070 7 2203 0 148 23 3317
2070 25 2207 0 67 20 3318
2070 14 2205 0 113 48 3319
2070 29 2206 0 55 108 3320
2070 30 2206 0 96 33 3321
2070 9 2206 0 127 43 3322
2070 7 2206 0 122 11 3323
2070 18 2207 0 106 10 3324
2085 22 2221 0 72 131 3325
2085 8 2220 0 15 4 3326
2085 26 2220 0 128 55 3327
2085 3 2223 0 13 75 3328
2085 7 2220 0 145 55 3329
2085 10 2219 0 122 11 3330
2085 10 2222 0 142 143 3331
2085 7 2222 0 148 23 3332
2085 26 2220 0 6 88 3333
2085 25 2222 0 83 108 3334
2085 13 2220 0 86 23 3335
2085 12 2219 0 147 18 3336
2085 6 2221 0 29 60 3337
2085 8 2223 0 110 24 3338
2085 24 2220 0 138 26 3339
2085 4 2220 0 63 134 3340
2085 24 2224 0 106 10 3341
2085 20 2219 0 78 150 3342
2085 5 2221 0 57 122 3343
2100 45 2235 0 124 33 3344
2100 11 2233 0 105 143 3345
2100 21 2235 0 15 186 3346
2100 9 2235 0 147 18 3347
2100 12 2236 0 109 1 3348
2100 15 2235 0 132 13 3349
2100 8 2236 0 145 55 3350
2100 23 2236 0 155 122 3351
2100 18 2237 0 78 150 3352
2100 11 2235 0 148 23 3353
2100 8 2235 0 155 52 3354
2100 6 2236 0 24 195 3355
2100 6 2235 0 110 24 3356
2100 12 2235 0 161 34 3357
2100 25 2236 0 146 119 3358
2100 3 2236 0 186 125 3359
2100 12 2235 0 153 145 3360
2100 3 2236 0 102 30 3361
2100 16 2235 0 127 22 3362
2100 18 2236 0 72 131 3363
2100 7 2234 0 122 11 3364
2100 19 2237 0 98 36 3365
2115 25 2253 0 143 170 3366
2115 8 2253 0 127 43 3367
2115 8 2251 0 109 56 3368
2115 21 2252 0 138 26 3369
2115 4 2252 0 24 195 3370
2115 7 2250 0 33 177 3371
2115 20 2252 0 78 150 3372
2115 7 2251 0 146 159 3373
2115 11 2251 0 198 85 3374
2115 5 2251 0 13 75 3375
2115 16 2252 0 106 10 3376
2115 10 2250 0 142 143 3377
2115 20 2250 0 146 22 3378
2115 33 2249 0 140 22 3379
2115 33 2250 0 96 33 3380
2115 27 2251 0 128 55 3381
2115 11 2251 0 110 24 3382
2115 14 2251 0 98 36 3383
2115 20 2250 0 132 13 3384
2115 8 2251 0 122 11 3385
2115 13 2249 0 161 34 3386
2115 13 2254 0 66 169 3387
2115 7 2251 0 147 18 3388
2130 37 2264 0 155 79 3389
2130 4 2264 0 63 134 3390
2130 29 2267 0 6 88 3391
2130 44 2266 0 131 45 3392
2130 10 2265 0 16 120 3393
2130 10 2266 0 148 23 3394
2130 17 2265 0 78 150 3395
2130 8 2265 0 142 143 3396
2130 21 2266 0 138 26 3397
2130 33 2264 0 143 170 3398
2130 5 2266 0 24 195 3399
2130 33 2266 0 121 49 3400
2130 24 2266 0 66 169 3401
2130 17 2266 0 106 10 3402
2130 6 2265 0 125 90 3403
2130 26 2265 0 124 33 3404
2130 7 2268 0 147 18 3405
2130 23 2265 0 98 36 3406
2130 9 2266 0 105 143 3407
2130 19 2265 0 113 48 3408
2130 15 2266 0 166 118 3409
2130 23 2266 0 146 22 3410
2130 42 2266 0 128 55 3411
2130 12 2267 0 63 113 3412
2130 8 2267 0 109 56 3413
2130 13 2267 0 127 22 3414
2130 11 2265 0 150 50 3415
2145 21 2281 0 146 22 3416
2145 6 2282 0 102 1 3417
2145 9 2282 0 96 13 3418
2145 7 2281 0 109 56 3419
2145 25 2281 0 138 26 3420
2145 7 2283 0 198 85 3421
2145 8 2281 0 66 134 3422
2145 11 2281 0 127 43 3423
2145 11 2281 0 109 1 3424
2145 22 2281 0 164 40 3425
2145 6 2281 0 15 4 3426
2145 18 2280 0 98 36 3427
2145 36 2281 0 124 33 3428
2145 4 2283 0 102 30 3429
2145 12 2279 0 117 40 3430
2145 110 5129 1 6 88 3431
2145 12 2282 0 128 96 3432
2145 15 2282 0 106 10 3433
2145 11 2280 0 29 60 3434
2145 5 2281 0 57 122 3435
2145 18 2282 0 146 119 3436
2145 27 2281 0 6 88 3437
2145 16 2282 0 78 150 3438
2145 6 2282 0 95 77 3439
2145 39 2282 0 131 45 3440
2145 29 2283 0 96 33 3441
2145 23 2281 0 113 48 3442
2145 9 2280 0 150 50 3443
2145 22 2280 0 72 131 3444
2145 25 2282 0 7 180 3445
2145 18 2282 0 22 41 3446
2160 28 2296 0 121 49 3447
2160 34 2296 0 96 33 3448
2160 13 2294 0 127 22 3449
2160 21 2297 0 152 41 3450
2160 8 2297 0 99 9 3451
2160 14 2296 0 117 40 3452
2160 10 2298 0 142 143 3453
2160 7 2296 0 110 24 3454
2160 28 2296 0 40 59 3455
2160 7 2297 0 96 13 3456
2160 12 2294 0 127 43 3457
2160 12 2297 0 86 23 3458
2160 39 2296 0 131 45 3459
2160 11 2296 0 93 9 3460
2160 13 2296 0 138 26 3461
2175 5 2311 0 102 1 3462
2175 7 2311 0 15 4 3463
2175 38 2312 0 102 140 3464
2175 23 2309 0 98 36 3465
2175 8 2311 0 155 52 3466
2175 11 2312 0 29 60 3467
2175 10 2312 0 16 120 3468
2175 14 2314 0 132 13 3469
2175 34 2311 0 6 88 3470
2175 10 2312 0 147 18 3471
2175 9 2310 0 109 56 3472
2175 45 2311 0 46 189 3473
2175 41 2311 0 128 55 3474
2175 11 2310 0 96 13 3475
2175 38 2312 0 140 22 3476
2175 13 2309 0 67 20 3477
2175 6 2312 0 178 113 3478
2175 12 2310 0 153 145 3479
2175 4 2311 0 72 194 3480
2175 8 2310 0 145 55 3481
2175 25 2312 0 124 33 3482
2175 15 2309 0 146 119 3483
2175 28 2310 0 55 108 3484
2175 19 2313 0 66 169 3485
2175 6 2311 0 148 23 3486
2175 39 2312 0 121 49 3487
2175 7 2312 0 110 24 3488
2175 4 2309 0 58 139 3489
2190 6 2326 0 109 1 3490
2190 18 2325 0 113 48 3491
2190 43 2328 0 128 55 3492
2190 9 2327 0 155 52 3493
2190 27 2325 0 50 121 3494
2190 6 2325 0 150 50 3495
2190 4 2324 0 125 90 3496
2190 12 2329 0 72 131 3497
2190 9 2328 0 29 60 3498
2190 28 2328 0 40 59 3499
2190 40 2325 0 143 170 3500
2190 31 2324 0 124 33 3501
2190 10 2327 0 146 159 3502
2190 6 2326 0 13 75 3503
2190 9 2327 0 110 24 3504
2190 17 2326 0 146 22 3505
2190 39 2328 0 121 49 3506
2190 3 2327 0 186 125 3507
2190 30 2326 0 102 140 3508
2190 6 2329 0 96 13 3509
2190 14 2326 0 132 13 3510
2190 10 2326 0 153 145 3511
2190 12 2325 0 127 22 3512
2190 33 2326 0 140 22 3513
2205 22 2341 0 166 118 3514
2205 14 2341 0 106 10 3515
2205 25 2341 0 127 22 3516
2205 4 2341 0 186 125 3517
2205 13 2340 0 117 40 3518
2205 6 2340 0 128 96 3519
2205 5 2342 0 63 134 3520
2205 45 2341 0 121 49 3521
2205 9 2341 0 142 143 3522
2205 21 2338 0 15 186 3523
2205 16 2341 0 113 48 3524
2205 27 2343 0 96 33 3525
2205 7 2342 0 148 23 3526
2205 45 2342 0 140 22 3527
2205 12 2341 0 127 43 3528
2205 9 2343 0 198 85 3529
2205 16 2342 0 78 150 3530
2205 11 2339 0 147 18 3531
2205 12 2343 0 109 56 3532
2205 39 2341 0 131 45 3533
2205 43 2341 0 46 189 3534
2205 6 2341 0 96 13 3535
2205 24 2340 0 86 23 3536
2205 25 2342 0 155 122 3537
2205 16 2341 0 132 13 3538
2205 20 2341 0 72 131 3539
2205 19 2342 0 66 169 3540
2205 12 2341 0 7 180 3541
2212 52 5196 1 6 88 3542
2220 18 2355 0 98 36 3543
2220 18 2356 0 117 40 3544
2220 19 2356 0 106 10 3545
2220 13 2358 0 132 13 3546
2220 11 2355 0 105 143 3547
2220 12 2356 0 15 4 3548
2220 17 2357 0 127 22 3549
2220 25 2357 0 138 26 3550
2220 6 2358 0 13 75 3551
2220 9 2357 0 148 23 3552
2220 7 2355 0 99 9 3553
2220 3 2356 0 102 30 3554
2220 6 2354 0 122 11 3555
2220 6 2356 0 147 18 3556
2220 9 2357 0 142 143 3557
2220 36 2355 0 121 49 3558
2225 48 5210 1 96 33 3559
2235 3 2368 0 102 1 3560
2235 11 2371 0 109 56 3561
2235 15 2372 0 146 22 3562
2235 8 2370 0 147 18 3563
2235 6 2371 0 63 134 3564
2235 38 2371 0 121 49 3565
2235 16 2372 0 7 180 3566
2235 22 2369 0 106 10 3567
2235 16 2373 0 132 13 3568
2235 11 2371 0 146 159 3569
2235 31 2371 0 124 33 3570
2235 6 2369 0 24 183 3571
2235 6 2372 0 125 90 3572
2235 8 2371 0 198 85 3573
2235 19 2369 0 138 26 3574
2235 7 2372 0 29 60 3575
2235 6 2373 0 15 4 3576
2235 6 2371 0 102 30 3577
2235 20 2370 0 86 23 3578
2250 10 2385 0 99 9 3579
2250 25 2386 0 127 22 3580
2250 28 2387 0 124 33 3581
2250 9 2388 0 122 11 3582
2250 12 2384 0 146 22 3583
2250 4 2387 0 24 195 3584
2250 40 2385 0 128 55 3585
2250 25 2386 0 121 49 3586
2250 7 2385 0 109 56 3587
2250 23 2387 0 132 13 3588
2250 11 2384 0 148 23 3589
2250 12 2388 0 142 143 3590
2250 7 2387 0 128 96 3591
2250 16 2386 0 113 48 3592
2250 14 2386 0 98 36 3593
2250 7 2387 0 96 13 3594
2250 5 2387 0 125 90 3595
2250 7 2385 0 173 171 3596
2250 29 2385 0 96 33 3597
2250 11 2384 0 147 18 3598
2250 30 2387 0 40 59 3599
2250 18 2385 0 164 40 3600
2264 200 5251 1 127 22 3601
2265 18 2401 0 113 48 3602
2265 33 2399 0 46 189 3603
2265 19 2401 0 155 122 3604
2265 7 2402 0 99 9 3605
2265 9 2400 0 142 143 3606
2265 7 2401 0 2 3 3607
2265 16 2401 0 127 22 3608
2265 10 2401 0 198 85 3609
2265 12 2401 0 155 52 3610
2265 3 2400 0 186 125 3611
2265 23 2402 0 98 36 3612
2265 25 2401 0 143 170 3613
2265 25 2401 0 132 13 3614
2265 6 2402 0 72 194 3615
2265 8 2403 0 96 13 3616
2265 13 2404 0 117 40 3617
2265 23 2400 0 162 60 3618
2265 18 2401 0 166 118 3619
2265 35 2399 0 96 33 3620
2265 12 2402 0 173 171 3621
2265 41 2400 0 131 45 3622
2265 6 2400 0 57 122 3623
2265 30 2400 0 140 22 3624
2280 6 2415 0 142 143 3625
2280 37 2414 0 140 22 3626
2280 11 2417 0 33 177 3627
2280 43 2417 0 102 140 3628
2280 7 2418 0 155 52 3629
2280 7 2415 0 128 96 3630
2280 4 2416 0 186 125 3631
2280 40 2417 0 124 33 3632
2280 3 2415 0 125 90 3633
2280 12 2415 0 146 159 3634
2280 18 2416 0 132 13 3635
2280 3 2417 0 72 194 3636
2280 22 2415 0 117 40 3637
2280 18 2416 0 66 169 3638
2280 20 2417 0 22 41 3639
2280 44 2418 0 182 28 3640
2280 22 2414 0 78 150 3641
2280 9 2415 0 99 9 3642
2280 8 2415 0 109 56 3643
2280 13 2416 0 63 113 3644
2280 10 2415 0 147 18 3645
2295 25 2432 0 50 121 3646
2295 23 2431 0 166 118 3647
2295 6 2431 0 178 113 3648
2295 8 2432 0 99 9 3649
2295 35 2430 0 140 22 3650
2295 42 2432 0 124 33 3651
2295 15 2431 0 117 40 3652
2295 11 2429 0 142 143 3653
2295 6 2429 0 125 90 3654
2295 33 2430 0 131 45 3655
2295 7 2433 0 147 18 3656
2295 7 2432 0 127 43 3657
2295 6 2431 0 58 139 3658
2295 24 2431 0 162 60 3659
2295 3 2431 0 102 1 3660
2295 11 2430 0 33 177 3661
2295 7 2432 0 109 56 3662
2295 18 2431 0 146 22 3663
2295 4 2431 0 13 75 3664
2295 24 2432 0 132 13 3665
2295 6 2430 0 148 23 3666
2295 17 2433 0 113 48 3667
2295 21 2432 0 161 34 3668
2295 7 2431 0 2 3 3669
2295 5 2429 0 63 134 3670
2295 20 2433 0 106 10 3671
2295 8 2432 0 110 24 3672
2295 10 2432 0 24 183 3673
2302 186 5288 1 153 145 3674
2309 108 5297 1 128 55 3675
2310 6 2448 0 128 96 3676
2310 11 2447 0 147 18 3677
2310 21 2447 0 86 23 3678
2310 11 2445 0 109 56 3679
2310 5 2446 0 102 30 3680
2310 21 2446 0 117 40 3681
2310 35 2446 0 121 49 3682
2310 25 2446 0 67 20 3683
2310 10 2444 0 99 9 3684
2310 18 2446 0 63 113 3685
2310 31 2445 0 155 79 3686
2310 12 2446 0 33 177 3687
2310 19 2446 0 152 41 3688
2310 3 2446 0 125 90 3689
2310 3 2444 0 63 134 3690
2310 39 2446 0 96 33 3691
2310 6 2445 0 2 3 3692
2310 13 2444 0 132 13 3693
2325 6 2462 0 66 134 3694
2325 45 2462 0 140 22 3695
2325 17 2461 0 155 122 3696
2325 18 2461 0 113 48 3697
2325 41 2462 0 121 49 3698
2325 9 2460 0 96 13 3699
2325 10 2461 0 99 9 3700
2325 6 2462 0 148 23 3701
2325 11 2460 0 142 143 3702
2325 19 2460 0 63 113 3703
2325 10 2459 0 122 11 3704
2325 9 2463 0 15 4 3705
2325 8 2463 0 110 24 3706
2325 8 2459 0 127 43 3707
2325 37 2460 0 55 108 3708
2325 5 2460 0 57 122 3709
2325 25 2460 0 106 10 3710
2325 24 2459 0 15 186 3711
2325 20 2458 0 132 13 3712
2325 10 2462 0 173 171 3713
2325 6 2460 0 109 1 3714
2325 9 2463 0 146 159 3715
2325 22 2463 0 66 169 3716
2325 20 2461 0 83 108 3717
2325 8 2461 0 147 18 3718
2325 9 2462 0 109 56 3719
2325 3 2461 0 13 75 3720
2340 10 2477 0 148 23 3721
2340 4 2478 0 102 1 3722
2340 25 2476 0 78 150 3723
2340 42 2476 0 182 28 3724
2340 25 2475 0 40 59 3725
2340 4 2478 0 178 113 3726
2340 10 2478 0 110 24 3727
2340 20 2476 0 152 41 3728
2340 42 2476 0 124 33 3729
2340 27 2476 0 131 45 3730
2340 9 2477 0 15 4 3731
2340 7 2477 0 198 85 3732
2340 6 2475 0 93 9 3733
2340 12 2476 0 146 22 3734
2340 8 2473 0 147 18 3735
2340 45 2477 0 50 121 3736
2340 21 2476 0 106 10 3737
2340 15 2474 0 127 22 3738
2340 10 2477 0 109 56 3739
2340 13 2477 0 117 40 3740
2340 23 2475 0 15 186 3741
2340 15 2476 0 113 48 3742
2340 21 2476 0 138 26 3743
2340 6 2477 0 13 75 3744
2340 29 2478 0 102 140 3745
2340 11 2474 0 2 3 3746
2340 11 2476 0 127 43 3747
2340 24 2474 0 67 20 3748
2349 105 5332 1 99 9 3749
2355 8 2491 0 127 43 3750
2355 21 2492 0 127 22 3751
2355 8 2492 0 147 18 3752
2355 15 2491 0 106 10 3753
2355 6 2491 0 153 145 3754
2355 36 2491 0 124 33 3755
2355 6 2491 0 72 194 3756
2355 29 2491 0 128 55 3757
2355 15 2491 0 132 13 3758
2355 13 2491 0 152 41 3759
2355 11 2490 0 110 24 3760
2355 12 2493 0 16 120 3761
2355 11 2491 0 99 9 3762
2355 22 2487 0 117 40 3763
2355 26 2492 0 102 140 3764
2355 10 2490 0 109 56 3765
2355 15 2491 0 138 26 3766
2355 21 2490 0 93 57 3767
2355 4 2489 0 102 30 3768
2355 12 2491 0 66 134 3769
2355 33 2491 0 182 28 3770
2355 14 2491 0 22 41 3771
2355 9 2489 0 148 23 3772
2355 39 2493 0 121 49 3773
2355 10 2490 0 173 171 3774
2355 17 2490 0 146 22 3775
2355 9 2491 0 93 9 3776
2355 10 2491 0 122 11 3777
2359 60 5345 1 113 48 3778
2370 40 2505 0 121 49 3779
2370 7 2506 0 147 18 3780
2370 44 2506 0 6 88 3781
2370 14 2505 0 22 41 3782
2370 15 2505 0 164 40 3783
2370 29 2507 0 96 33 3784
2370 6 2507 0 145 55 3785
2370 9 2506 0 146 159 3786
2370 22 2504 0 127 22 3787
2370 14 2504 0 86 23 3788
2370 5 2506 0 63 134 3789
2370 41 2506 0 102 140 3790
2370 8 2507 0 24 183 3791
2370 13 2504 0 138 26 3792
2370 40 2507 0 182 28 3793
2370 14 2507 0 67 20 3794
2370 11 2506 0 148 23 3795
2370 25 2508 0 140 22 3796
2370 4 2507 0 72 194 3797
2370 3 2505 0 102 1 3798
2370 16 2506 0 83 108 3799
2370 14 2507 0 98 36 3800
2370 7 2505 0 66 134 3801
2370 22 2505 0 146 119 3802
2370 12 2507 0 127 43 3803
2370 17 2506 0 106 10 3804
2370 9 2509 0 96 13 3805
2370 29 2506 0 128 55 3806
2385 18 2521 0 138 26 3807
2385 35 2522 0 128 55 3808
2385 21 2520 0 127 22 3809
2385 12 2524 0 2 3 3810
2385 12 2523 0 99 9 3811
2385 12 2520 0 128 96 3812
2385 3 2521 0 186 125 3813
2385 20 2521 0 152 41 3814
2385 19 2521 0 117 40 3815
2385 25 2520 0 146 22 3816
2385 29 2523 0 6 88 3817
2385 39 2521 0 96 33 3818
2385 23 2521 0 106 10 3819
2385 8 2520 0 122 11 3820
2385 24 2519 0 113 48 3821
2385 10 2522 0 150 50 3822
2385 6 2523 0 105 143 3823
2385 16 2519 0 132 13 3824
2385 13 2521 0 98 36 3825
2385 5 2523 0 102 1 3826
2385 25 2520 0 155 122 3827
2385 18 2520 0 67 20 3828
2385 4 2522 0 178 113 3829
2385 45 2521 0 140 22 3830
2385 6 2521 0 57 122 3831
2385 10 2521 0 127 43 3832
2386 188 5372 1 147 18 3833
2397 34 5383 1 117 40 3834
2400 86 5385 1 131 45 3835
2400 6 2536 0 109 1 3836
2400 13 2537 0 146 22 3837
2400 4 2536 0 102 30 3838
2400 15 2536 0 152 41 3839
2400 32 2540 0 102 140 3840
2400 18 2537 0 98 36 3841
2400 7 2536 0 147 18 3842
2400 10 2536 0 146 159 3843
2400 12 2539 0 24 183 3844
2400 12 2536 0 198 85 3845
2400 10 2536 0 96 13 3846
2400 16 2536 0 22 41 3847
2400 22 2539 0 72 131 3848
2400 13 2535 0 146 119 3849
2400 9 2535 0 122 11 3850
2400 21 2537 0 78 150 3851
2400 18 2536 0 162 60 3852
2400 10 2535 0 15 4 3853
2400 7 2535 0 148 23 3854
2400 10 2535 0 127 43 3855
2400 16 2535 0 106 10 3856
2400 10 2537 0 173 171 3857
2414 76 5400 1 96 13 3858
2415 5 2550 0 102 30 3859
2415 10 2551 0 66 134 3860
2415 37 2551 0 128 55 3861
2415 22 2550 0 106 10 3862
2415 24 2553 0 15 186 3863
2415 10 2553 0 122 11 3864
2415 14 2550 0 113 48 3865
2415 12 2551 0 127 22 3866
2415 19 2552 0 155 122 3867
2415 7 2552 0 33 177 3868
2415 8 2550 0 93 9 3869
2415 34 2551 0 131 45 3870
2415 4 2550 0 95 77 3871
2415 5 2551 0 178 113 3872
2415 27 2552 0 182 28 3873
2415 32 2553 0 6 88 3874
2415 34 2552 0 46 189 3875
2415 18 2551 0 22 41 3876
2415 6 2550 0 58 139 3877
2415 11 2552 0 109 56 3878
2415 25 2551 0 117 40 3879
2415 6 2550 0 147 18 3880
2415 12 2551 0 152 41 3881
2415 25 2553 0 55 108 3882
2415 24 2554 0 132 13 3883
2415 3 2554 0 57 122 3884
2415 12 2552 0 96 13 3885
2418 91 5407 1 98 36 3886
2420 197 5404 1 146 22 3887
2430 31 2565 0 155 79 3888
2430 25 2566 0 138 26 3889
2430 9 2567 0 198 85 3890
2430 18 2568 0 152 41 3891
2430 42 2565 0 131 45 3892
2430 4 2566 0 102 30 3893
2430 16 2567 0 146 22 3894
2430 12 2566 0 127 22 3895
2430 20 2566 0 106 10 3896
2430 35 2567 0 6 88 3897
2430 10 2566 0 122 11 3898
2430 5 2565 0 72 194 3899
2430 10 2566 0 110 24 3900
2430 16 2566 0 98 36 3901
2430 12 2567 0 147 18 3902
2432 38 5419 1 132 13 3903
2445 10 2582 0 33 177 3904
2445 14 2580 0 113 48 3905
2445 5 2580 0 24 195 3906
2445 11 2580 0 127 43 3907
2445 16 2583 0 132 13 3908
2445 8 2581 0 109 56 3909
2445 6 2582 0 186 125 3910
2445 4 2582 0 102 30 3911
2445 13 2581 0 127 22 3912
2445 35 2580 0 124 33 3913
2445 7 2581 0 122 11 3914
2445 6 2583 0 15 4 3915
2445 19 2581 0 164 40 3916
2445 31 2582 0 155 79 3917
2445 14 2581 0 7 180 3918
2445 10 2579 0 148 23 3919
2445 38 2582 0 182 28 3920
2445 4 2581 0 95 77 3921
2445 20 2578 0 117 40 3922
2445 31 2580 0 131 45 3923
2445 12 2581 0 198 85 3924
2445 7 2580 0 96 13 3925
2445 6 2581 0 155 52 3926
2445 23 2579 0 152 41 3927
2452 35 5439 1 152 41 3928
2459 68 5445 1 15 186 3929
2460 7 2594 0 16 120 3930
2460 15 2594 0 117 40 3931
2460 15 2597 0 86 23 3932
2460 5 2597 0 95 77 3933
2460 8 2599 0 142 143 3934
2460 20 2596 0 113 48 3935
2460 4 2594 0 102 1 3936
2460 25 2596 0 132 13 3937
2460 7 2596 0 128 96 3938
2460 36 2595 0 128 55 3939
2460 10 2594 0 24 183 3940
2460 25 2597 0 96 33 3941
2460 34 2595 0 131 45 3942
2460 35 2599 0 6 88 3943
2460 20 2596 0 63 113 3944
2460 12 2596 0 105 143 3945
2460 37 2596 0 121 49 3946
2460 12 2596 0 33 177 3947
2460 40 2598 0 155 79 3948
2460 20 2598 0 146 119 3949
2460 9 2596 0 2 3 3950
2460 12 2598 0 99 9 3951
2460 7 2595 0 110 24 3952
2460 6 2598 0 186 125 3953
2460 19 2595 0 22 41 3954
2460 45 2598 0 143 170 3955
2473 187 5459 1 96 13 3956
2475 44 2611 0 128 55 3957
2475 14 2613 0 152 41 3958
2475 5 2613 0 95 77 3959
2475 9 2609 0 148 23 3960
2475 12 2613 0 198 85 3961
2475 8 2611 0 96 13 3962
2475 13 2608 0 15 186 3963
2475 25 2612 0 164 40 3964
2475 7 2612 0 153 145 3965
2475 12 2610 0 127 22 3966
2475 45 2611 0 124 33 3967
2475 25 2612 0 102 140 3968
2475 18 2610 0 106 10 3969
2475 35 2609 0 121 49 3970
2475 8 2612 0 127 43 3971
2475 9 2612 0 99 9 3972
2475 11 2610 0 146 159 3973
2475 19 2612 0 146 22 3974
2475 5 2612 0 102 1 3975
2475 4 2611 0 72 194 3976
2475 12 2610 0 98 36 3977
2475 19 2611 0 138 26 3978
2475 32 2612 0 182 28 3979
2475 30 2612 0 140 22 3980
2475 40 2612 0 96 33 3981
2475 30 2611 0 155 79 3982
2475 17 2613 0 93 57 3983
2475 24 2610 0 113 48 3984
2475 19 2613 0 161 34 3985
2484 40 5472 1 198 85 3986
2490 3 2626 0 57 122 3987
2490 6 2626 0 58 139 3988
2490 6 2627 0 148 23 3989
2490 15 2626 0 146 22 3990
2490 39 2627 0 96 33 3991
2490 9 2623 0 110 24 3992
2490 9 2626 0 33 177 3993
2490 37 2624 0 121 49 3994
2490 13 2625 0 72 131 3995
2490 16 2629 0 146 119 3996
2490 10 2625 0 29 60 3997
2490 6 2626 0 128 96 3998
2490 17 2626 0 127 22 3999
2490 3 2628 0 125 90 4000
2490 17 2626 0 93 57 4001
2490 3 2628 0 102 30 4002
2490 12 2625 0 147 18 4003
2490 39 2626 0 140 22 4004
2495 45 5479 1 153 145 4005
2504 193 5489 1 132 13 4006
2505 20 2639 0 83 108 4007
2505 11 2642 0 110 24 4008
2505 38 2645 0 96 33 4009
2505 16 2639 0 93 57 4010
2505 25 2642 0 113 48 4011
2505 8 2644 0 105 143 4012
2505 12 2642 0 109 56 4013
2505 6 2640 0 96 13 4014
2505 16 2641 0 106 10 4015
2505 25 2643 0 6 88 4016
2505 6 2639 0 29 60 4017
2505 3 2642 0 102 30 4018
2505 8 2641 0 145 55 4019
2505 29 2641 0 121 49 4020
2505 9 2643 0 127 43 4021
2505 24 2643 0 117 40 4022
2505 6 2642 0 178 113 4023
2505 9 2640 0 147 18 4024
2505 8 2640 0 128 96 4025
2505 22 2640 0 155 122 4026
2505 23 2642 0 132 13 4027
2505 21 2642 0 161 34 4028
2505 12 2641 0 148 23 4029
2507 50 5491 1 78 150 4030
2515 32 5499 1 182 28 4031
2520 7 2656 0 148 23 4032
2520 5 2656 0 57 122 4033
2520 4 2655 0 95 77 4034
2520 45 2656 0 131 45 4035
2520 14 2657 0 146 119 4036
2520 15 2654 0 72 131 4037
2520 45 2655 0 128 55 4038
2520 10 2657 0 198 85 4039
2520 6 2657 0 63 134 4040
2520 35 2656 0 140 22 4041
2520 21 2659 0 113 48 4042
2520 11 2658 0 146 159 4043
2520 45 2655 0 121 49 4044
2520 6 2655 0 127 43 4045
2520 43 2654 0 96 33 4046
2520 16 2655 0 138 26 4047
2520 24 2657 0 98 36 4048
2520 12 2656 0 110 24 4049
2520 6 2658 0 102 30 4050
2520 12 2656 0 132 13 4051
2520 63 5505 1 109 1 4052
2520 22 2656 0 78 150 4053
2520 9 2657 0 109 1 4054
2520 17 2657 0 86 23 4055
2520 11 2656 0 16 120 4056
2520 6 2654 0 153 145 4057
2520 11 2657 0 33 177 4058
2530 41 5516 1 110 24 4059
2535 7 2670 0 145 55 4060
2535 3 2671 0 125 90 4061
2535 45 2669 0 6 88 4062
2535 12 2672 0 63 113 4063
2535 16 2672 0 132 13 4064
2535 10 2671 0 33 177 4065
2535 28 2670 0 96 33 4066
2535 6 2669 0 110 24 4067
2535 43 2672 0 46 189 4068
2535 3 2670 0 13 75 4069
2535 39 2674 0 40 59 4070
2535 15 2672 0 98 36 4071
2535 18 2672 0 66 169 4072
2535 17 2671 0 106 10 4073
2535 42 2672 0 140 22 4074
2535 10 2670 0 109 56 4075
2535 12 2670 0 86 23 4076
2535 11 2672 0 99 9 4077
2535 16 2669 0 15 186 4078
2535 39 2671 0 131 45 4079
2535 12 2671 0 173 171 4080
2535 8 2670 0 122 11 4081
2535 28 2670 0 128 55 4082
2535 11 2670 0 127 43 4083
2535 24 2670 0 146 119 4084
2535 23 2673 0 146 22 4085
2535 12 2671 0 148 23 4086
2535 10 2670 0 198 85 4087
2535 6 2670 0 153 145 4088
2535 16 2671 0 93 57 4089
2535 14 2671 0 78 150 4090
2550 13 2685 0 113 48 4091
2550 10 2685 0 66 134 4092
2550 9 2685 0 99 9 4093
2550 4 2687 0 102 1 4094
2550 24 2690 0 106 10 4095
2550 21 2686 0 162 60 4096
2550 9 2688 0 146 159 4097
2550 31 2687 0 102 140 4098
2550 44 2687 0 96 33 4099
2550 33 2687 0 131 45 4100
2550 16 2688 0 7 180 4101
2550 23 2686 0 138 26 4102
2550 12 2687 0 147 18 4103
2550 4 2685 0 95 77 4104
2550 41 2687 0 50 121 4105
2550 13 2685 0 166 118 4106
2550 30 2687 0 121 49 4107
2550 10 2685 0 33 177 4108
2550 18 2686 0 78 150 4109
2550 21 2684 0 98 36 4110
2550 6 2686 0 102 30 4111
2550 6 2686 0 148 23 4112
2550 10 2686 0 110 24 4113
2550 8 2685 0 122 11 4114
2559 183 5546 1 102 1 4115
2565 37 2700 0 50 121 4116
2565 6 2703 0 110 24 4117
2565 20 2701 0 15 186 4118
2565 21 2701 0 86 23 4119
2565 44 2703 0 155 79 4120
2565 13 2701 0 132 13 4121
2565 14 2703 0 146 22 4122
2565 6 2704 0 57 122 4123
2565 9 2702 0 99 9 4124
2565 3 2701 0 102 1 4125
2565 17 2702 0 117 40 4126
2565 35 2701 0 121 49 4127
2565 15 2698 0 138 26 4128
2565 13 2698 0 152 41 4129
2565 5 2699 0 102 30 4130
2565 29 2701 0 46 189 4131
2565 45 2700 0 55 108 4132
2575 46 5564 1 63 113 4133
2580 25 2717 0 155 122 4134
2580 23 2715 0 127 22 4135
2580 6 2717 0 72 194 4136
2580 17 2716 0 166 118 4137
2580 25 2717 0 131 45 4138
2580 43 2717 0 55 108 4139
2580 40 2715 0 40 59 4140
2580 44 2713 0 46 189 4141
2580 15 2715 0 117 40 4142
2580 10 2716 0 147 18 4143
2580 17 2716 0 86 23 4144
2580 6 2717 0 153 145 4145
2580 7 2715 0 2 3 4146
2580 11 2714 0 105 143 4147
2580 10 2715 0 148 23 4148
2580 12 2715 0 110 24 4149
2580 24 2716 0 164 40 4150
2580 5 2715 0 95 77 4151
2580 18 2717 0 138 26 4152
2580 7 2715 0 99 9 4153
2580 24 2717 0 106 10 4154
2580 6 2717 0 63 134 4155
2580 10 2717 0 93 9 4156
2580 43 2714 0 6 88 4157
2580 13 2716 0 161 34 4158
2580 23 2717 0 66 169 4159
2580 29 2716 0 121 49 4160
2580 19 2714 0 72 131 4161
2580 30 2717 0 124 33 4162
2595 31 2734 0 143 170 4163
2595 19 2732 0 117 40 4164
2595 38 2734 0 121 49 4165
2595 8 2732 0 109 1 4166
2595 8 2732 0 109 56 4167
2595 20 2731 0 67 20 4168
2595 22 2730 0 138 26 4169
2595 7 2730 0 33 177 4170
2595 18 2731 0 98 36 4171
2595 4 2730 0 95 77 4172
2595 10 2731 0 99 9 4173
2595 9 2730 0 96 13 4174
2595 37 2731 0 46 189 4175
2595 8 2732 0 148 23 4176
2595 14 2731 0 113 48 4177
2595 10 2731 0 16 120 4178
2595 25 2732 0 127 22 4179
2595 15 2731 0 132 13 4180
2595 8 2731 0 110 24 4181
2595 25 2729 0 155 79 4182
2595 19 2734 0 106 10 4183
2595 8 2732 0 15 4 4184
2595 6 2733 0 173 171 4185
2595 38 2730 0 140 22 4186
2595 6 2732 0 147 18 4187
2610 36 2745 0 40 59 4188
2610 33 2748 0 131 45 4189
2610 12 2746 0 122 11 4190
2610 3 2745 0 102 30 4191
2610 8 2746 0 109 56 4192
2610 24 2746 0 127 22 4193
2610 21 2746 0 164 40 4194
2610 25 2747 0 146 22 4195
2610 11 2747 0 33 177 4196
2610 33 2745 0 143 170 4197
2610 14 2746 0 113 48 4198
2610 18 2745 0 98 36 4199
2610 10 2746 0 110 24 4200
2610 6 2746 0 186 125 4201
2610 8 2747 0 29 60 4202
2610 3 2746 0 24 195 4203
2610 22 2747 0 117 40 4204
2610 6 2748 0 58 139 4205
2610 39 2748 0 121 49 4206
2610 37 2747 0 50 121 4207
2610 9 2745 0 109 1 4208
2610 11 2746 0 16 120 4209
2610 3 2745 0 13 75 4210
2610 31 2745 0 155 79 4211
2610 25 2748 0 124 33 4212
2625 11 2760 0 24 183 4213
2625 38 2761 0 182 28 4214
2625 38 2761 0 40 59 4215
2625 44 2761 0 121 49 4216
2625 20 2761 0 98 36 4217
2625 20 2763 0 113 48 4218
2625 11 2762 0 128 96 4219
2625 9 2760 0 109 1 4220
2625 6 2760 0 16 120 4221
2625 10 2763 0 150 50 4222
2625 8 2760 0 145 55 4223
2625 32 2761 0 102 140 4224
2625 38 2761 0 46 189 4225
2625 26 2760 0 96 33 4226
2625 6 2760 0 148 23 4227
2625 41 2763 0 124 33 4228
2625 20 2761 0 162 60 4229
2625 13 2761 0 138 26 4230
2625 39 2762 0 131 45 4231
2625 22 2762 0 7 180 4232
2625 9 2759 0 122 11 4233
2625 19 2760 0 106 10 4234
2628 63 5615 1 98 36 4235
2630 30 5618 1 33 177 4236
2634 59 5621 1 63 134 4237
2640 12 2776 0 24 183 4238
2640 42 2776 0 128 55 4239
2640 19 2776 0 127 22 4240
2640 39 2775 0 46 189 4241
2640 9 2775 0 148 23 4242
2640 5 2773 0 102 1 4243
2640 36 2774 0 131 45 4244
2640 6 2778 0 102 30 4245
2640 18 2774 0 138 26 4246
2640 10 2775 0 105 143 4247
2640 6 2776 0 96 13 4248
2640 12 2779 0 78 150 4249
2640 11 2776 0 99 9 4250
2640 17 2775 0 155 122 4251
2640 40 2776 0 96 33 4252
2640 8 2777 0 122 11 4253
2640 34 2776 0 6 88 4254
2640 11 2774 0 153 145 4255
2640 38 2776 0 143 170 4256
2640 10 2775 0 147 18 4257
2640 10 2777 0 110 24 4258
2640 3 2777 0 125 90 4259
2640 6 2779 0 63 134 4260
2640 31 2777 0 124 33 4261
2640 4 2774 0 186 125 4262
2640 18 2774 0 113 48 4263
2640 20 2778 0 98 36 4264
2655 25 2792 0 166 118 4265
2655 10 2792 0 24 183 4266
2655 24 2792 0 146 119 4267
2655 8 2791 0 155 52 4268
2655 4 2790 0 58 139 4269
2655 25 2790 0 138 26 4270
2655 20 2791 0 152 41 4271
2655 7 2791 0 96 13 4272
2655 16 2791 0 146 22 4273
2655 45 2792 0 121 49 4274
2655 6 2788 0 122 11 4275
2655 41 2793 0 128 55 4276
2655 23 2792 0 117 40 4277
2655 9 2791 0 173 171 4278
2655 7 2791 0 105 143 4279
2655 35 2792 0 50 121 4280
2655 7 2790 0 15 4 4281
2655 9 2790 0 127 43 4282
2655 20 2789 0 106 10 4283
2655 24 2791 0 83 108 4284
2655 6 2789 0 150 50 4285
2655 3 2793 0 125 90 4286
2655 18 2791 0 98 36 4287
2655 25 2790 0 132 13 4288
2655 12 2793 0 33 177 4289
2655 10 2790 0 198 85 4290
2655 13 2789 0 93 57 4291
2655 9 2792 0 66 134 4292
2655 6 2791 0 24 195 4293
2655 15 2792 0 72 131 4294
2655 5 2791 0 13 75 4295
2655 3 2790 0 95 77 4296
2670 8 2806 0 142 143 4297
2670 5 2809 0 72 194 4298
2670 10 2807 0 99 9 4299
2670 6 2805 0 125 90 4300
2670 18 2807 0 78 150 4301
2670 7 2807 0 150 50 4302
2670 14 2805 0 15 186 4303
2670 6 2806 0 66 134 4304
2670 8 2806 0 147 18 4305
2670 26 2807 0 155 79 4306
2670 7 2806 0 128 96 4307
2670 16 2806 0 138 26 4308
2670 7 2808 0 122 11 4309
2670 29 2806 0 131 45 4310
2670 7 2806 0 109 56 4311
2670 7 2807 0 110 24 4312
2670 8 2808 0 29 60 4313
2670 15 2805 0 117 40 4314
2670 27 2807 0 121 49 4315
2670 17 2804 0 146 22 4316
2683 47 5669 1 86 23 4317
2685 27 2821 0 96 33 4318
2685 3 2821 0 72 194 4319
2685 9 2819 0 109 56 4320
2685 7 2820 0 16 120 4321
2685 4 2822 0 178 113 4322
2685 7 2822 0 99 9 4323
2685 6 2822 0 57 122 4324
2685 36 2819 0 128 55 4325
2685 13 2823 0 146 22 4326
2685 38 2819 0 155 79 4327
2685 25 2822 0 98 36 4328
2685 24 2823 0 117 40 4329
2685 28 2822 0 40 59 4330
2685 16 2823 0 106 10 4331
2685 10 2821 0 127 43 4332
2685 22 2820 0 138 26 4333
2685 8 2819 0 110 24 4334
2685 26 2822 0 55 108 4335
2685 6 2822 0 122 11 4336
2685 34 2824 0 46 189 4337
2685 21 2822 0 164 40 4338
2685 38 2820 0 121 49 4339
2700 29 2837 0 6 88 4340
2700 6 2835 0 153 145 4341
2700 8 2837 0 198 85 4342
2700 12 2835 0 127 22 4343
2700 23 2836 0 146 119 4344
2700 18 2838 0 106 10 4345
2700 15 2835 0 117 40 4346
2700 12 2836 0 142 143 4347
2700 4 2836 0 95 77 4348
2700 18 2837 0 138 26 4349
2700 8 2836 0 93 9 4350
2700 33 2836 0 46 189 4351
2700 44 2838 0 131 45 4352
2700 12 2836 0 127 43 4353
2700 15 2836 0 155 122 4354
2700 26 2836 0 96 33 4355
2708 51 5695 1 66 169 4356
2715 9 2850 0 148 23 4357
2715 3 2852 0 102 30 4358
2715 20 2849 0 146 22 4359
2715 9 2851 0 122 11 4360
2715 4 2852 0 57 122 4361
2715 44 2851 0 40 59 4362
2715 5 2852 0 13 75 4363
2715 5 2851 0 24 195 4364
2715 21 2851 0 127 22 4365
2715 6 2850 0 186 125 4366
2715 40 2851 0 155 79 4367
2715 7 2850 0 146 159 4368
2715 21 2850 0 7 180 4369
2715 6 2851 0 102 1 4370
2715 20 2853 0 146 119 4371
2715 35 2851 0 140 22 4372
2715 8 2850 0 99 9 4373
2715 14 2849 0 93 57 4374
2715 9 2853 0 109 56 4375
2715 41 2851 0 128 55 4376
2715 6 2853 0 110 24 4377
2730 8 2866 0 148 23 4378
2730 9 2868 0 150 50 4379
2730 12 2866 0 63 113 4380
2730 4 2864 0 178 113 4381
2730 10 2867 0 109 1 4382
2730 7 2866 0 127 43 4383
2730 8 2866 0 66 134 4384
2730 9 2865 0 110 24 4385
2730 7 2867 0 155 52 4386
2730 22 2867 0 22 41 4387
2730 6 2867 0 95 77 4388
2730 20 2864 0 106 10 4389
2730 31 2866 0 96 33 4390
2730 24 2864 0 127 22 4391
2730 45 2868 0 128 55 4392
2730 12 2866 0 109 56 4393
2730 4 2868 0 63 134 4394
2730 12 2867 0 24 183 4395
2730 40 2865 0 124 33 4396
2730 44 2864 0 155 79 4397
2730 43 2865 0 121 49 4398
2730 21 2868 0 117 40 4399
2730 10 2866 0 173 171 4400
2730 25 2868 0 161 34 4401
2730 9 2866 0 96 13 4402
2730 23 2866 0 146 22 4403
2741 164 5729 1 86 23 4404
2745 8 2881 0 110 24 4405
2745 17 2883 0 162 60 4406
2745 43 2881 0 121 49 4407
2745 21 2883 0 86 23 4408
2745 11 2881 0 29 60 4409
2745 21 2883 0 132 13 4410
2745 39 2880 0 140 22 4411
2745 22 2880 0 7 180 4412
2745 42 2881 0 155 79 4413
2745 14 2880 0 146 119 4414
2745 8 2881 0 150 50 4415
2745 3 2881 0 13 75 4416
2745 15 2880 0 117 40 4417
2745 20 2881 0 98 36 4418
2758 34 5743 1 145 55 4419
2760 7 2895 0 110 24 4420
2760 9 2896 0 99 9 4421
2760 12 2896 0 153 145 4422
2760 13 2895 0 161 34 4423
2760 15 2895 0 127 22 4424
2760 10 2896 0 127 43 4425
2760 22 2898 0 146 22 4426
2760 35 2896 0 121 49 4427
2760 4 2895 0 63 134 4428
2760 18 2895 0 113 48 4429
2760 12 2897 0 16 120 4430
2760 7 2896 0 147 18 4431
2760 5 2897 0 95 77 4432
2760 9 2897 0 148 23 4433
2760 23 2895 0 98 36 4434
2775 8 2910 0 146 159 4435
2775 22 2913 0 152 41 4436
2775 4 2910 0 13 75 4437
2775 7 2910 0 122 11 4438
2775 11 2912 0 96 13 4439
2775 7 2913 0 173 171 4440
2775 26 2912 0 124 33 4441
2775 8 2910 0 16 120 4442
2775 8 2911 0 147 18 4443
2775 25 2910 0 138 26 4444
2775 27 2914 0 128 55 4445
2775 27 2912 0 102 140 4446
2775 21 2911 0 106 10 4447
2775 3 2909 0 24 195 4448
2775 10 2912 0 66 134 4449
2775 25 2911 0 143 170 4450
2775 3 2910 0 125 90 4451
2775 9 2911 0 110 24 4452
2775 40 2915 0 55 108 4453
2775 45 2912 0 40 59 4454
2775 30 2910 0 140 22 4455
2775 5 2912 0 102 30 4456
2775 6 2911 0 72 194 4457
2775 19 2911 0 146 22 4458
2775 8 2912 0 15 4 4459
2777 60 5763 1 127 43 4460
2790 43 2927 0 121 49 4461
2790 6 2927 0 99 9 4462
2790 13 2926 0 63 113 4463
2790 10 2925 0 109 56 4464
2790 11 2925 0 155 52 4465
2790 6 2927 0 13 75 4466
2790 6 2927 0 102 30 4467
2790 23 2926 0 66 169 4468
2790 37 2926 0 50 121 4469
2790 4 2925 0 125 90 4470
2790 8 2926 0 147 18 4471
2790 18 2925 0 132 13 4472
2790 6 2927 0 63 134 4473
2790 25 2924 0 113 48 4474
2790 12 2926 0 98 36 4475
2790 32 2926 0 140 22 4476
2790 9 2927 0 148 23 4477
2790 19 2925 0 161 34 4478
2790 17 2926 0 146 22 4479
2790 11 2928 0 33 177 4480
2790 22 2927 0 138 26 4481
2790 6 2925 0 122 11 4482
2805 26 2943 0 140 22 4483
2805 9 2942 0 145 55 4484
2805 20 2943 0 22 41 4485
2805 20 2941 0 162 60 4486
2805 18 2942 0 113 48 4487
2805 16 2941 0 161 34 4488
2805 24 2941 0 146 22 4489
2805 4 2941 0 102 30 4490
2805 44 2942 0 50 121 4491
2805 12 2941 0 122 11 4492
2805 6 2941 0 99 9 4493
2805 10 2940 0 110 24 4494
2805 8 2939 0 109 1 4495
2805 7 2941 0 148 23 4496
2805 25 2942 0 128 55 4497
2805 19 2944 0 98 36 4498
2805 11 2939 0 2 3 4499
2805 21 2939 0 78 150 4500
2805 4 2940 0 63 134 4501
2805 27 2941 0 96 33 4502
2820 25 2957 0 15 186 4503
2820 13 2956 0 113 48 4504
2820 24 2958 0 22 41 4505
2820 21 2956 0 164 40 4506
2820 22 2954 0 83 108 4507
2820 15 2957 0 138 26 4508
2820 24 2956 0 146 22 4509
2820 12 2959 0 99 9 4510
2820 19 2956 0 98 36 4511
2820 45 2955 0 128 55 4512
2820 31 2958 0 124 33 4513
2820 16 2954 0 146 119 4514
2820 9 2955 0 128 96 4515
2820 21 2957 0 106 10 4516
2820 15 2956 0 155 122 4517
2820 6 2956 0 63 134 4518
2820 9 2958 0 146 159 4519
2820 17 2956 0 66 169 4520
2820 8 2955 0 33 177 4521
2820 6 2956 0 58 139 4522
2820 10 2957 0 96 13 4523
2820 10 2956 0 155 52 4524
2820 12 2957 0 127 22 4525
2820 7 2957 0 127 43 4526
2820 13 2956 0 63 113 4527
2820 28 2956 0 140 22 4528
2820 3 2956 0 125 90 4529
2830 71 5816 1 58 139 4530
2834 55 5819 1 106 10 4531
2835 16 2972 0 117 40 4532
2835 9 2972 0 29 60 4533
2835 27 2973 0 182 28 4534
2835 10 2971 0 147 18 4535
2835 6 2970 0 102 1 4536
2835 6 2974 0 16 120 4537
2835 23 2971 0 152 41 4538
2835 5 2970 0 72 194 4539
2835 6 2972 0 127 43 4540
2835 4 2971 0 57 122 4541
2835 18 2971 0 113 48 4542
2835 4 2971 0 102 30 4543
2835 29 2970 0 128 55 4544
2835 10 2972 0 99 9 4545
2835 7 2972 0 122 11 4546
2835 14 2969 0 7 180 4547
2835 20 2971 0 146 22 4548
2835 21 2970 0 132 13 4549
2835 22 2971 0 106 10 4550
2835 14 2973 0 22 41 4551
2835 29 2970 0 6 88 4552
2835 8 2969 0 150 50 4553
2835 25 2970 0 127 22 4554
2835 42 2970 0 131 45 4555
2848 52 5833 1 40 59 4556
2850 5 2986 0 102 30 4557
2850 39 2986 0 140 22 4558
2850 10 2987 0 99 9 4559
2850 11 2985 0 96 13 4560
2850 20 2985 0 132 13 4561
2850 22 2984 0 7 180 4562
2850 13 2986 0 162 60 4563
2850 14 2986 0 63 113 4564
2850 4 2983 0 72 194 4565
2850 25 2985 0 121 49 4566
2850 6 2987 0 33 177 4567
2850 23 2985 0 93 57 4568
2850 6 2987 0 127 43 4569
2850 39 2986 0 128 55 4570
2850 27 2986 0 96 33 4571
2850 23 2985 0 117 40 4572
2850 9 2986 0 122 11 4573
2850 17 2985 0 83 108 4574
2850 6 2985 0 110 24 4575
2850 13 2986 0 155 122 4576
2850 7 2986 0 148 23 4577
2850 20 2988 0 98 36 4578
2865 11 2999 0 33 177 4579
2865 10 3001 0 127 43 4580
2865 30 3002 0 131 45 4581
2865 16 3002 0 7 180 4582
2865 37 3000 0 40 59 4583
2865 25 3001 0 46 189 4584
2865 24 3003 0 152 41 4585
2865 24 3000 0 86 23 4586
2865 8 3002 0 147 18 4587
2865 19 3000 0 166 118 4588
2865 11 3002 0 148 23 4589
2865 10 3004 0 110 24 4590
2865 12 3000 0 109 56 4591
2865 23 3001 0 132 13 4592
2865 16 3001 0 164 40 4593
2865 19 3002 0 63 113 4594
2865 11 3000 0 122 11 4595
2865 25 3002 0 106 10 4596
2865 18 2998 0 78 150 4597
2865 14 3002 0 138 26 4598
2865 33 2999 0 128 55 4599
2865 22 2999 0 155 122 4600
2865 41 3000 0 102 140 4601
2865 11 3002 0 96 13 4602
2865 25 3001 0 182 28 4603
2865 11 3002 0 93 9 4604
2865 6 3002 0 63 134 4605
2865 32 3002 0 140 22 4606
2868 70 5852 1 93 57 4607
2880 12 3017 0 66 134 4608
2880 3 3015 0 102 30 4609
2880 34 3014 0 140 22 4610
2880 16 3015 0 146 119 4611
2880 26 3017 0 124 33 4612
2880 29 3017 0 128 55 4613
2880 13 3017 0 98 36 4614
2880 37 3016 0 96 33 4615
2880 11 3014 0 122 11 4616
2880 6 3016 0 186 125 4617
2880 38 3012 0 40 59 4618
2880 5 3016 0 58 139 4619
2880 7 3017 0 110 24 4620
2880 6 3016 0 99 9 4621
2880 22 3018 0 164 40 4622
2880 13 3016 0 63 113 4623
2880 34 3015 0 121 49 4624
2880 21 3015 0 132 13 4625
2880 11 3015 0 109 56 4626
2880 12 3014 0 22 41 4627
2880 6 3017 0 57 122 4628
2880 19 3018 0 138 26 4629
2880 12 3017 0 78 150 4630
2880 23 3017 0 83 108 4631
2891 188 5878 1 72 131 4632
2894 65 5879 1 147 18 4633
2895 17 3032 0 72 131 4634
2895 30 3031 0 6 88 4635
2895 15 3031 0 127 22 4636
2895 31 3031 0 140 22 4637
2895 15 3033 0 164 40 4638
2895 6 3030 0 99 9 4639
2895 10 3030 0 145 55 4640
2895 25 3031 0 143 170 4641
2895 18 3032 0 86 23 4642
2895 3 3031 0 57 122 4643
2895 21 3030 0 132 13 4644
2895 8 3031 0 15 4 4645
2895 34 3028 0 124 33 4646
2895 11 3031 0 122 11 4647
2895 27 3032 0 96 33 4648
2895 9 3030 0 96 13 4649
2895 6 3030 0 29 60 4650
2895 7 3029 0 16 120 4651
2895 14 3034 0 113 48 4652
2895 14 3030 0 138 26 4653
2895 10 3031 0 127 43 4654
2895 5 3032 0 102 30 4655
2895 3 3031 0 58 139 4656
2895 41 3031 0 55 108 4657
2895 16 3031 0 155 122 4658
2895 37 3031 0 182 28 4659
2895 18 3031 0 93 57 4660
2910 10 3044 0 109 56 4661
2910 12 3047 0 16 120 4662
2910 21 3046 0 98 36 4663
2910 21 3046 0 15 186 4664
2910 23 3046 0 166 118 4665
2910 33 3048 0 121 49 4666
2910 6 3047 0 148 23 4667
2910 23 3047 0 164 40 4668
2910 33 3047 0 131 45 4669
2910 36 3047 0 6 88 4670
2910 22 3046 0 113 48 4671
2910 8 3047 0 198 85 4672
2910 10 3043 0 127 43 4673
2910 16 3045 0 106 10 4674
2910 25 3046 0 182 28 4675
2910 45 3045 0 128 55 4676
2910 43 3046 0 55 108 4677
2910 38 3046 0 140 22 4678
2910 6 3048 0 147 18 4679
2910 4 3046 0 102 30 4680
2910 10 3045 0 105 143 4681
2910 31 3046 0 102 140 4682
2925 15 3060 0 117 40 4683
2925 5 3064 0 72 194 4684
2925 7 3062 0 150 50 4685
2925 12 3062 0 99 9 4686
2925 24 3060 0 15 186 4687
2925 13 3060 0 138 26 4688
2925 9 3061 0 93 9 4689
2925 7 3061 0 110 24 4690
2925 43 3061 0 140 22 4691
2925 25 3058 0 152 41 4692
2925 19 3061 0 106 10 4693
2925 19 3062 0 127 22 4694
2925 8 3061 0 16 120 4695
2925 25 3064 0 46 189 4696
2925 12 3060 0 161 34 4697
2925 10 3060 0 109 56 4698
2925 29 3060 0 131 45 4699
2925 30 3059 0 143 170 4700
2925 25 3061 0 98 36 4701
2925 11 3061 0 147 18 4702
2925 11 3060 0 29 60 4703
2925 6 3060 0 96 13 4704
2925 26 3061 0 124 33 4705
2925 19 3059 0 162 60 4706
2925 30 3064 0 102 140 4707
2925 9 3062 0 66 134 4708
2925 7 3061 0 122 11 4709
2940 13 3078 0 113 48 4710
2940 21 3075 0 132 13 4711
2940 33 3077 0 131 45 4712
2940 5 3076 0 102 1 4713
2940 11 3077 0 147 18 4714
2940 10 3076 0 109 56 4715
2940 18 3079 0 78 150 4716
2940 29 3076 0 140 22 4717
2940 5 3077 0 95 77 4718
2940 14 3076 0 106 10 4719
2940 21 3075 0 146 119 4720
2940 12 3077 0 161 34 4721
2940 12 3076 0 109 1 4722
2940 4 3077 0 102 30 4723
2940 5 3078 0 125 90 4724
2940 15 3077 0 117 40 4725
2940 22 3076 0 98 36 4726
2940 6 3075 0 16 120 4727
2940 14 3077 0 166 118 4728
2940 7 3077 0 150 50 4729
2940 9 3074 0 122 11 4730
2955 12 3090 0 109 56 4731
2955 23 3091 0 146 22 4732
2955 11 3091 0 93 9 4733
2955 24 3092 0 67 20 4734
2955 11 3091 0 127 43 4735
2955 12 3093 0 150 50 4736
2955 10 3093 0 122 11 4737
2955 11 3090 0 148 23 4738
2955 6 3092 0 29 60 4739
2955 20 3089 0 113 48 4740
2955 15 3091 0 127 22 4741
2955 8 3091 0 147 18 4742
2955 31 3091 0 102 140 4743
2955 12 3091 0 66 134 4744
2955 12 3091 0 117 40 4745
2955 40 3088 0 140 22 4746
2955 3 3090 0 102 1 4747
2955 15 3094 0 138 26 4748
2955 20 3090 0 106 10 4749
2955 7 3091 0 15 4 4750
2955 14 3093 0 72 131 4751
2955 33 3090 0 128 55 4752
2955 12 3091 0 99 9 4753
2955 12 3092 0 173 171 4754
2962 95 5947 1 105 143 4755
2970 11 3104 0 16 120 4756
2970 18 3106 0 127 22 4757
2970 12 3107 0 173 171 4758
2970 15 3107 0 155 122 4759
2970 11 3105 0 105 143 4760
2970 4 3105 0 102 1 4761
2970 15 3106 0 93 57 4762
2970 19 3105 0 146 22 4763
2970 8 3107 0 29 60 4764
2970 7 3108 0 147 18 4765
2970 5 3106 0 95 77 4766
2970 14 3108 0 98 36 4767
2970 26 3108 0 124 33 4768
2970 16 3106 0 166 118 4769
2970 32 3104 0 182 28 4770
2970 8 3104 0 122 11 4771
2970 25 3105 0 155 79 4772
2970 39 3108 0 121 49 4773
2970 37 3105 0 128 55 4774
2970 21 3106 0 106 10 4775
2970 11 3105 0 109 56 4776
2979 158 5966 1 113 48 4777
2979 32 5965 1 22 41 4778
2984 65 5970 1 155 122 4779
2985 12 3123 0 173 171 4780
2985 25 3120 0 132 13 4781
2985 7 3120 0 127 43 4782
2985 43 3123 0 121 49 4783
2985 5 3123 0 57 122 4784
2985 5 3120 0 63 134 4785
2985 21 3122 0 127 22 4786
2985 11 3121 0 122 11 4787
2985 6 3121 0 148 23 4788
2985 18 3121 0 166 118 4789
2985 12 3122 0 142 143 4790
2985 10 3121 0 147 18 4791
2985 8 3121 0 96 13 4792
2985 6 3122 0 95 77 4793
2985 38 3122 0 131 45 4794
2985 28 3120 0 124 33 4795
2985 38 3121 0 40 59 4796
2985 26 3123 0 96 33 4797
2985 12 3121 0 66 134 4798
2985 25 3121 0 164 40 4799
2985 24 3119 0 66 169 4800
2985 33 3121 0 128 55 4801
2985 21 3122 0 162 60 4802
2993 72 5979 1 46 189 4803
2995 62 5982 1 50 121 4804
3000 16 3136 0 113 48 4805
3000 10 3135 0 96 13 4806
3000 8 3136 0 93 9 4807
3000 30 3136 0 131 45 4808
3000 9 3136 0 99 9 4809
3000 5 3135 0 102 30 4810
3000 18 3136 0 66 169 4811
3000 10 3137 0 148 23 4812
3000 16 3137 0 161 34 4813
3000 26 3136 0 46 189 4814
3000 23 3135 0 117 40 4815
3000 18 3137 0 164 40 4816
3000 27 3136 0 121 49 4817
3000 8 3136 0 155 52 4818
3000 8 3137 0 110 24 4819
3000 12 3135 0 127 43 4820
3000 35 3135 0 140 22 4821
3000 34 3136 0 128 55 4822
3000 17 3136 0 106 10 4823
3000 15 3134 0 72 131 4824
3000 12 3137 0 105 143 4825
3000 3 3137 0 186 125 4826
3000 15 3135 0 146 22 4827
3015 19 3150 0 138 26 4828
3015 43 3150 0 124 33 4829
3015 5 3149 0 13 75 4830
3015 25 3151 0 155 79 4831
3015 6 3154 0 146 159 4832
3015 43 3152 0 128 55 4833
3015 13 3148 0 113 48 4834
3015 11 3151 0 15 4 4835
3015 17 3153 0 155 122 4836
3015 4 3150 0 102 30 4837
3015 23 3152 0 86 23 4838
3015 21 3152 0 117 40 4839
3015 32 3151 0 55 108 4840
3015 20 3151 0 152 41 4841
3015 10 3153 0 145 55 4842
3015 3 3153 0 102 1 4843
3015 9 3148 0 109 56 4844
3015 41 3149 0 96 33 4845
3015 6 3150 0 99 9 4846
3015 13 3152 0 162 60 4847
3015 12 3152 0 127 22 4848
3015 19 3152 0 63 113 4849
3015 15 3153 0 22 41 4850
3015 23 3151 0 132 13 4851
3030 8 3164 0 15 4 4852
3030 33 3167 0 6 88 4853
3030 6 3166 0 150 50 4854
3030 11 3163 0 148 23 4855
3030 7 3166 0 109 56 4856
3030 20 3165 0 15 186 4857
3030 8 3166 0 109 1 4858
3030 33 3164 0 128 55 4859
3030 10 3167 0 2 3 4860
3030 24 3165 0 98 36 4861
3030 24 3165 0 155 122 4862
3030 24 3166 0 146 119 4863
3030 22 3165 0 166 118 4864
3030 8 3166 0 147 18 4865
3030 11 3166 0 146 159 4866
3030 5 3167 0 63 134 4867
3030 8 3166 0 105 143 4868
3030 33 3164 0 140 22 4869
3030 39 3165 0 121 49 4870
3030 12 3166 0 106 10 4871
3030 13 3164 0 164 40 4872
3030 18 3165 0 146 22 4873
3030 12 3165 0 63 113 4874
3030 15 3167 0 93 57 4875
3030 10 3164 0 99 9 4876
3030 25 3166 0 66 169 4877
3030 20 3165 0 132 13 4878
3033 159 6019 1 102 30 4879
3035 145 6022 1 186 125 4880
3045 8 3180 0 198 85 4881
3045 21 3180 0 15 186 4882
3045 25 3182 0 155 79 4883
3045 6 3181 0 127 43 4884
3045 32 3180 0 96 33 4885
3045 6 3181 0 128 96 4886
3045 31 3181 0 124 33 4887
3045 15 3183 0 138 26 4888
3045 6 3180 0 147 18 4889
3045 10 3182 0 122 11 4890
3045 25 3181 0 117 40 4891
3045 12 3179 0 148 23 4892
3045 16 3182 0 166 118 4893
3045 44 3183 0 40 59 4894
3045 26 3179 0 143 170 4895
3045 28 3180 0 121 49 4896
3045 23 3180 0 161 34 4897
3045 25 3182 0 140 22 4898
3045 12 3181 0 86 23 4899
3045 22 3181 0 106 10 4900
3045 6 3180 0 29 60 4901
3045 3 3182 0 63 134 4902
3045 10 3180 0 142 143 4903
3045 44 3179 0 55 108 4904
3060 25 3196 0 166 118 4905
3060 25 3197 0 182 28 4906
3060 16 3195 0 127 22 4907
3060 6 3195 0 186 125 4908
3060 5 3196 0 102 30 4909
3060 7 3197 0 33 177 4910
3060 17 3197 0 86 23 4911
3060 20 3196 0 117 40 4912
3060 22 3196 0 138 26 4913
3060 11 3198 0 99 9 4914
3060 9 3196 0 110 24 4915
3060 8 3194 0 122 11 4916
3060 36 3197 0 140 22 4917
3060 42 3196 0 128 55 4918
3060 28 3195 0 155 79 4919
3060 40 3195 0 6 88 4920
3060 12 3195 0 146 159 4921
3060 6 3196 0 57 122 4922
3060 45 3197 0 121 49 4923
3060 8 3197 0 150 50 4924
3060 11 3196 0 29 60 4925
3060 12 3196 0 66 134 4926
3075 21 3210 0 15 186 4927
3075 25 3208 0 50 121 4928
3075 26 3210 0 40 59 4929
3075 6 3211 0 198 85 4930
3075 9 3211 0 155 52 4931
3075 43 3210 0 46 189 4932
3075 24 3214 0 113 48 4933
3075 13 3213 0 127 22 4934
3075 8 3212 0 99 9 4935
3075 4 3214 0 186 125 4936
3075 8 3211 0 122 11 4937
3075 39 3211 0 140 22 4938
3075 22 3214 0 93 57 4939
3075 31 3213 0 96 33 4940
3075 26 3210 0 6 88 4941
3075 30 3211 0 155 79 4942
3075 26 3208 0 128 55 4943
3075 11 3213 0 109 56 4944
3075 17 3209 0 146 22 4945
3075 4 3213 0 58 139 4946
3075 12 3212 0 138 26 4947
3075 3 3213 0 178 113 4948
3075 10 3209 0 96 13 4949
3075 9 3212 0 153 145 4950
3088 200 6074 1 102 140 4951
3088 62 6073 1 138 26 4952
3090 22 3227 0 152 41 4953
3090 6 3225 0 57 122 4954
3090 13 3229 0 83 108 4955
3090 12 3225 0 166 118 4956
3090 19 3226 0 66 169 4957
3090 42 3225 0 46 189 4958
3090 43 3225 0 128 55 4959
3090 24 3225 0 161 34 4960
3090 37 3226 0 96 33 4961
3090 12 3228 0 29 60 4962
3090 4 3225 0 58 139 4963
3090 19 3227 0 155 122 4964
3090 6 3228 0 122 11 4965
3090 7 3228 0 96 13 4966
3090 4 3228 0 186 125 4967
3090 4 3225 0 125 90 4968
3090 12 3224 0 148 23 4969
3103 50 6090 1 102 1 4970
3105 12 3240 0 7 180 4971
3105 5 3240 0 72 194 4972
3105 12 3240 0 128 96 4973
3105 12 3239 0 146 119 4974
3105 34 3242 0 6 88 4975
3105 14 3241 0 162 60 4976
3105 12 3241 0 161 34 4977
3105 23 3243 0 22 41 4978
3105 11 3241 0 127 43 4979
3105 40 3241 0 140 22 4980
3105 15 3241 0 86 23 4981
3105 10 3242 0 198 85 4982
3105 24 3243 0 66 169 4983
3105 11 3243 0 109 56 4984
3105 19 3242 0 127 22 4985
3105 41 3241 0 46 189 4986
3105 3 3242 0 63 134 4987
3105 23 3240 0 106 10 4988
3105 13 3242 0 83 108 4989
3105 6 3242 0 13 75 4990
3105 8 3242 0 122 11 4991
3105 3 3240 0 186 125 4992
3105 9 3241 0 148 23 4993
3105 25 3241 0 131 45 4994
3105 6 3239 0 33 177 4995
3105 15 3240 0 146 22 4996
3105 11 3242 0 15 4 4997
3105 27 3241 0 55 108 4998
3105 6 3244 0 145 55 4999
3105 11 3240 0 96 13 5000
3105 12 3242 0 66 134 5001
3120 44 3254 0 50 121 5002
3120 12 3255 0 132 13 5003
3120 19 3257 0 117 40 5004
3120 16 3257 0 98 36 5005
3120 7 3254 0 153 145 5006
3120 16 3256 0 78 150 5007
3120 11 3256 0 15 4 5008
3120 12 3258 0 173 171 5009
3120 9 3256 0 2 3 5010
3120 44 3257 0 128 55 5011
3120 10 3256 0 146 159 5012
3120 23 3255 0 72 131 5013
3120 44 3256 0 182 28 5014
3120 44 3255 0 131 45 5015
3120 10 3256 0 122 11 5016
3120 17 3259 0 63 113 5017
3120 37 3256 0 124 33 5018
3120 44 3258 0 46 189 5019
3120 31 3255 0 121 49 5020
3120 22 3258 0 164 40 5021
3120 23 3256 0 138 26 5022
3120 6 3258 0 102 1 5023
3120 12 3257 0 33 177 5024
3120 24 3256 0 106 10 5025
3120 16 3258 0 162 60 5026
3120 14 3257 0 166 118 5027
3120 6 3256 0 145 55 5028
3120 8 3255 0 110 24 5029
3120 11 3256 0 127 43 5030
3135 9 3267 0 109 56 5031
3135 20 3270 0 93 57 5032
3135 16 3273 0 132 13 5033
3135 26 3271 0 155 79 5034
3135 21 3270 0 166 118 5035
3135 12 3270 0 110 24 5036
3135 7 3271 0 147 18 5037
3135 7 3273 0 109 1 5038
3135 13 3272 0 146 22 5039
3135 6 3269 0 102 30 5040
3135 45 3270 0 121 49 5041
3135 44 3271 0 6 88 5042
3135 14 3269 0 117 40 5043
3135 41 3271 0 50 121 5044
3135 5 3272 0 13 75 5045
3135 18 3270 0 106 10 5046
3135 11 3271 0 99 9 5047
3135 5 3272 0 102 1 5048
3135 14 3269 0 138 26 5049
3149 79 6135 1 102 30 5050
3150 5 3289 0 125 90 5051
3150 43 3287 0 128 55 5052
3150 6 3287 0 63 134 5053
3150 10 3285 0 173 171 5054
3150 36 3286 0 143 170 5055
3150 9 3289 0 66 134 5056
3150 12 3283 0 155 52 5057
3150 13 3286 0 106 10 5058
3150 8 3287 0 110 24 5059
3150 9 3286 0 122 11 5060
3150 11 3290 0 150 50 5061
3150 9 3286 0 109 56 5062
3150 14 3286 0 166 118 5063
3150 18 3287 0 155 122 5064
3165 17 3302 0 15 186 5065
3165 12 3300 0 99 9 5066
3165 10 3303 0 96 13 5067
3165 38 3300 0 140 22 5068
3165 26 3301 0 40 59 5069
3165 10 3300 0 105 143 5070
3165 6 3299 0 58 139 5071
3165 25 3299 0 50 121 5072
3165 18 3297 0 78 150 5073
3165 6 3300 0 57 122 5074
3165 13 3301 0 113 48 5075
3165 32 3300 0 131 45 5076
3165 16 3302 0 98 36 5077
3165 14 3301 0 117 40 5078
3165 4 3302 0 24 195 5079
3165 4 3302 0 63 134 5080
3165 6 3302 0 110 24 5081
3165 22 3302 0 132 13 5082
3165 12 3301 0 93 9 5083
3165 12 3303 0 153 145 5084
3165 44 3302 0 128 55 5085
3165 10 3302 0 146 159 5086
3175 32 6163 1 57 122 5087
3180 45 3316 0 128 55 5088
3180 10 3318 0 122 11 5089
3180 19 3315 0 117 40 5090
3180 30 3316 0 182 28 5091
3180 7 3316 0 147 18 5092
3180 27 3316 0 124 33 5093
3180 19 3317 0 127 22 5094
3180 32 3318 0 131 45 5095
3180 9 3316 0 145 55 5096
3180 12 3316 0 128 96 5097
3180 10 3317 0 146 159 5098
3180 12 3316 0 86 23 5099
3180 14 3316 0 138 26 5100
3180 18 3315 0 132 13 5101
3180 5 3316 0 125 90 5102
3180 11 3316 0 109 56 5103
3180 19 3315 0 66 169 5104
3180 12 3317 0 99 9 5105
3180 16 3316 0 166 118 5106
3180 39 3317 0 121 49 5107
3183 75 6170 1 161 34 5108
3195 10 3328 0 145 55 5109
3195 44 3331 0 140 22 5110
3195 24 3332 0 113 48 5111
3195 11 3331 0 105 143 5112
3195 36 3331 0 6 88 5113
3195 3 3330 0 102 1 5114
3195 12 3331 0 198 85 5115
3195 13 3332 0 152 41 5116
3195 8 3330 0 122 11 5117
3195 12 3329 0 127 43 5118
3195 10 3332 0 96 13 5119
3195 10 3330 0 16 120 5120
3195 8 3330 0 110 24 5121
3195 12 3331 0 147 18 5122
3195 16 3330 0 162 60 5123
3195 6 3331 0 153 145 5124
3195 35 3329 0 96 33 5125
3195 21 3331 0 72 131 5126
3195 8 3329 0 66 134 5127
3195 12 3333 0 132 13 5128
3195 24 3331 0 15 186 5129
3195 20 3332 0 66 169 5130
3195 17 3330 0 146 119 5131
3195 7 3329 0 128 96 5132
3195 23 3331 0 146 22 5133
3195 5 3331 0 13 75 5134
3195 23 3331 0 127 22 5135
3195 12 3332 0 15 4 5136
3195 6 3331 0 148 23 5137
3195 34 3333 0 128 55 5138
3195 19 3330 0 106 10 5139
3199 46 6187 1 93 9 5140
3208 68 6197 1 125 90 5141
3210 10 3346 0 122 11 5142
3210 9 3343 0 198 85 5143
3210 6 3347 0 127 43 5144
3210 10 3347 0 29 60 5145
3210 8 3344 0 24 183 5146
3210 4 3346 0 125 90 5147
3210 12 3346 0 145 55 5148
3210 21 3347 0 106 10 5149
3210 7 3348 0 33 177 5150
3210 7 3344 0 66 134 5151
3210 33 3344 0 40 59 5152
3210 4 3348 0 58 139 5153
3210 25 3346 0 131 45 5154
3210 11 3346 0 99 9 5155
3210 34 3346 0 55 108 5156
3210 10 3345 0 147 18 5157
3210 15 3348 0 113 48 5158
3210 13 3345 0 98 36 5159
3210 30 3347 0 140 22 5160
3219 43 6205 1 15 4 5161
3225 14 3361 0 93 57 5162
3225 7 3360 0 147 18 5163
3225 8 3362 0 142 143 5164
3225 24 3360 0 138 26 5165
3225 8 3360 0 109 56 5166
3225 22 3360 0 132 13 5167
3225 14 3363 0 166 118 5168
3225 43 3361 0 128 55 5169
3225 13 3359 0 146 22 5170
3225 3 3360 0 178 113 5171
3225 5 3361 0 57 122 5172
3225 9 3360 0 99 9 5173
3225 21 3362 0 66 169 5174
3225 6 3360 0 145 55 5175
3225 37 3361 0 6 88 5176
3225 7 3359 0 96 13 5177
3225 34 3361 0 121 49 5178
3225 25 3361 0 131 45 5179
3225 25 3361 0 127 22 5180
3225 11 3361 0 110 24 5181
3225 41 3362 0 140 22 5182
3225 29 3358 0 124 33 5183
3225 16 3363 0 113 48 5184
3225 25 3361 0 86 23 5185
3225 22 3361 0 161 34 5186
3225 10 3363 0 33 177 5187
3225 24 3361 0 15 186 5188
3235 41 6218 1 122 11 5189
3238 146 6224 1 198 85 5190
3240 25 3375 0 78 150 5191
3240 8 3376 0 16 120 5192
3240 10 3376 0 148 23 5193
3240 28 3374 0 182 28 5194
3240 3 3376 0 178 113 5195
3240 15 3375 0 67 20 5196
3240 44 3376 0 128 55 5197
3240 8 3377 0 128 96 5198
3240 43 3376 0 124 33 5199
3240 18 3376 0 166 118 5200
3240 4 3375 0 58 139 5201
3240 3 3375 0 57 122 5202
3240 14 3376 0 93 57 5203
3240 7 3377 0 110 24 5204
3240 43 3375 0 140 22 5205
3240 9 3376 0 127 43 5206
3240 6 3376 0 122 11 5207
3240 12 3377 0 147 18 5208
3240 9 3376 0 146 159 5209
3240 5 3377 0 13 75 5210
3240 24 3376 0 117 40 5211
3240 6 3375 0 125 90 5212
3240 34 3376 0 40 59 5213
3240 33 3376 0 46 189 5214
3240 23 3379 0 132 13 5215
3255 11 3390 0 147 18 5216
3255 26 3389 0 46 189 5217
3255 44 3393 0 124 33 5218
3255 5 3394 0 72 194 5219
3255 22 3391 0 132 13 5220
3255 11 3392 0 93 9 5221
3255 6 3390 0 109 56 5222
3255 8 3391 0 29 60 5223
3255 22 3391 0 152 41 5224
3255 20 3389 0 93 57 5225
3255 14 3389 0 138 26 5226
3255 10 3390 0 122 11 5227
3255 26 3391 0 96 33 5228
3255 6 3393 0 96 13 5229
3255 12 3392 0 63 113 5230
3255 6 3390 0 110 24 5231
3255 11 3391 0 33 177 5232
3255 11 3390 0 142 143 5233
3255 6 3392 0 24 195 5234
3255 22 3393 0 66 169 5235
3270 22 3407 0 138 26 5236
3270 11 3407 0 198 85 5237
3270 21 3407 0 15 186 5238
3270 3 3407 0 102 30 5239
3270 31 3408 0 121 49 5240
3270 9 3408 0 33 177 5241
3270 42 3405 0 140 22 5242
3270 29 3405 0 96 33 5243
3270 8 3407 0 128 96 5244
3270 4 3405 0 24 195 5245
3270 8 3407 0 93 9 5246
3270 6 3407 0 99 9 5247
3270 14 3408 0 161 34 5248
3270 13 3404 0 152 41 5249
3270 13 3404 0 127 22 5250
3270 14 3408 0 117 40 5251
3270 12 3406 0 127 43 5252
3270 40 3407 0 128 55 5253
3270 15 3403 0 132 13 5254
3270 17 3406 0 98 36 5255
3270 7 3407 0 142 143 5256
3270 6 3406 0 102 1 5257
3285 35 3420 0 128 55 5258
3285 17 3421 0 63 113 5259
3285 6 3422 0 99 9 5260
3285 13 3419 0 132 13 5261
3285 5 3420 0 125 90 5262
3285 42 3419 0 6 88 5263
3285 11 3421 0 109 56 5264
3285 3 3420 0 24 195 5265
3285 21 3421 0 166 118 5266
3285 6 3419 0 122 11 5267
3285 27 3423 0 131 45 5268
3285 12 3420 0 117 40 5269
3285 18 3421 0 98 36 5270
3285 10 3423 0 33 177 5271
3285 21 3422 0 93 57 5272
3285 11 3422 0 110 24 5273
3285 7 3420 0 109 1 5274
3285 17 3421 0 113 48 5275
3285 5 3422 0 186 125 5276
3285 7 3419 0 127 43 5277
3285 6 3420 0 102 30 5278
3285 8 3423 0 147 18 5279
3285 12 3419 0 148 23 5280
3285 17 3421 0 127 22 5281
3285 37 3423 0 50 121 5282
3285 12 3419 0 86 23 5283
3285 5 3422 0 13 75 5284
3285 12 3420 0 146 22 5285
3285 21 3419 0 22 41 5286
3296 42 6283 1 29 60 5287
3300 13 3436 0 113 48 5288
3300 13 3437 0 152 41 5289
3300 10 3435 0 2 3 5290
3300 19 3437 0 22 41 5291
3300 28 3437 0 96 33 5292
3300 8 3437 0 146 159 5293
3300 11 3436 0 122 11 5294
3300 8 3435 0 96 13 5295
3300 20 3435 0 117 40 5296
3300 9 3436 0 109 56 5297
3300 26 3436 0 121 49 5298
3300 6 3433 0 125 90 5299
3300 4 3436 0 72 194 5300
3300 8 3437 0 33 177 5301
3300 25 3434 0 146 22 5302
3300 18 3437 0 138 26 5303
3300 13 3437 0 132 13 5304
3300 12 3435 0 155 52 5305
3300 37 3436 0 50 121 5306
3300 11 3437 0 148 23 5307
3300 39 3436 0 124 33 5308
3300 11 3438 0 15 4 5309
3300 6 3435 0 147 18 5310
3300 6 3437 0 102 30 5311
3300 12 3435 0 142 143 5312
3300 5 3436 0 186 125 5313
3300 41 3434 0 102 140 5314
3300 14 3436 0 7 180 5315
3310 42 6297 1 146 22 5316
3315 37 3451 0 46 189 5317
3315 7 3451 0 147 18 5318
3315 20 3449 0 66 169 5319
3315 10 3452 0 148 23 5320
3315 38 3453 0 143 170 5321
3315 31 3451 0 40 59 5322
3315 13 3450 0 152 41 5323
3315 6 3451 0 63 134 5324
3315 12 3452 0 146 159 5325
3315 30 3451 0 121 49 5326
3315 10 3451 0 15 4 5327
3315 4 3451 0 178 113 5328
3315 22 3450 0 127 22 5329
3315 10 3451 0 96 13 5330
3315 7 3451 0 109 56 5331
3315 34 3453 0 55 108 5332
3315 25 3449 0 117 40 5333
3315 15 3449 0 93 57 5334
3315 12 3453 0 98 36 5335
3315 10 3450 0 99 9 5336
3315 11 3451 0 173 171 5337
3315 37 3451 0 128 55 5338
3315 12 3452 0 132 13 5339
3315 23 3449 0 83 108 5340
3315 9 3450 0 122 11 5341
3315 20 3450 0 162 60 5342
3315 20 3451 0 106 10 5343
3315 8 3449 0 93 9 5344
3315 11 3449 0 29 60 5345
3315 28 3452 0 140 22 5346
3330 6 3464 0 178 113 5347
3330 3 3464 0 24 195 5348
3330 18 3466 0 155 122 5349
3330 14 3470 0 67 20 5350
3330 6 3466 0 93 9 5351
3330 25 3464 0 131 45 5352
3330 6 3469 0 15 4 5353
3330 15 3463 0 113 48 5354
3330 4 3464 0 58 139 5355
3330 5 3466 0 13 75 5356
3330 37 3468 0 96 33 5357
3330 11 3466 0 105 143 5358
3330 10 3466 0 148 23 5359
3330 7 3468 0 110 24 5360
3330 12 3464 0 63 113 5361
3330 10 3465 0 109 56 5362
3330 19 3466 0 106 10 5363
3330 7 3467 0 155 52 5364
3330 7 3465 0 147 18 5365
3330 6 3466 0 57 122 5366
3330 32 3465 0 124 33 5367
3330 11 3465 0 150 50 5368
3330 40 3466 0 140 22 5369
3332 72 6319 1 72 194 5370
3334 63 6318 1 99 9 5371
3341 52 6328 1 16 120 5372
3343 71 6329 1 186 125 5373
3345 7 3478 0 109 1 5374
3345 33 3483 0 131 45 5375
3345 25 3481 0 132 13 5376
3345 6 3480 0 186 125 5377
3345 21 3482 0 127 22 5378
3345 11 3480 0 145 55 5379
3345 11 3480 0 122 11 5380
3345 22 3481 0 106 10 5381
3345 21 3482 0 155 122 5382
3345 11 3482 0 153 145 5383
3345 13 3482 0 138 26 5384
3345 7 3479 0 99 9 5385
3345 6 3481 0 93 9 5386
3345 30 3479 0 40 59 5387
3345 4 3482 0 178 113 5388
3345 40 3483 0 121 49 5389
3345 11 3482 0 150 50 5390
3345 10 3481 0 29 60 5391
3345 21 3479 0 146 22 5392
3345 8 3480 0 110 24 5393
3345 6 3481 0 125 90 5394
3360 37 3497 0 6 88 5395
3360 12 3496 0 122 11 5396
3360 7 3497 0 109 56 5397
3360 5 3496 0 63 134 5398
3360 12 3497 0 127 43 5399
3360 11 3496 0 109 1 5400
3360 8 3497 0 93 9 5401
3360 15 3498 0 155 122 5402
3360 6 3498 0 110 24 5403
3360 6 3496 0 142 143 5404
3360 40 3497 0 96 33 5405
3360 12 3495 0 7 180 5406
3360 18 3496 0 146 119 5407
3360 12 3497 0 147 18 5408
3360 5 3496 0 57 122 5409
3360 4 3493 0 178 113 5410
3360 7 3497 0 99 9 5411
3360 8 3496 0 96 13 5412
3360 15 3496 0 106 10 5413
3360 12 3496 0 105 143 5414
3360 33 3495 0 131 45 5415
3360 14 3496 0 127 22 5416
3360 3 3497 0 102 30 5417
3360 12 3496 0 132 13 5418
3360 18 3495 0 113 48 5419
3360 40 3495 0 124 33 5420
3360 14 3497 0 146 22 5421
3360 15 3496 0 164 40 5422
3375 41 3512 0 131 45 5423
3375 39 3510 0 124 33 5424
3375 8 3512 0 173 171 5425
3375 3 3510 0 102 30 5426
3375 10 3511 0 153 145 5427
3375 9 3510 0 147 18 5428
3375 20 3513 0 7 180 5429
3375 7 3513 0 148 23 5430
3375 6 3511 0 150 50 5431
3375 21 3509 0 132 13 5432
3375 13 3510 0 113 48 5433
3375 10 3513 0 122 11 5434
3375 22 3512 0 127 22 5435
3375 7 3509 0 155 52 5436
3375 6 3509 0 95 77 5437
3375 8 3509 0 99 9 5438
3375 12 3512 0 146 159 5439
3375 23 3510 0 86 23 5440
3375 8 3511 0 24 183 5441
3375 4 3512 0 72 194 5442
3375 16 3510 0 146 22 5443
3375 25 3510 0 152 41 5444
3375 45 3512 0 121 49 5445
3390 44 3527 0 121 49 5446
3390 34 3523 0 182 28 5447
3390 38 3526 0 124 33 5448
3390 12 3525 0 15 186 5449
3390 45 3526 0 128 55 5450
3390 16 3525 0 161 34 5451
3390 17 3525 0 132 13 5452
3390 11 3526 0 145 55 5453
3390 23 3526 0 127 22 5454
3390 9 3523 0 15 4 5455
3390 3 3527 0 95 77 5456
3390 6 3526 0 178 113 5457
3390 7 3526 0 109 56 5458
3390 35 3525 0 140 22 5459
3390 14 3526 0 155 122 5460
3390 12 3526 0 146 159 5461
3390 21 3528 0 117 40 5462
3390 10 3528 0 99 9 5463
3390 11 3527 0 153 145 5464
3390 13 3526 0 83 108 5465
3400 40 6384 1 2 3 5466
3405 34 3542 0 40 59 5467
3405 37 3542 0 131 45 5468
3405 13 3540 0 67 20 5469
3405 9 3543 0 29 60 5470
3405 12 3542 0 150 50 5471
3405 43 3542 0 182 28 5472
3405 12 3542 0 148 23 5473
3405 19 3541 0 117 40 5474
3405 25 3540 0 113 48 5475
3405 23 3542 0 161 34 5476
3405 21 3542 0 7 180 5477
3405 5 3541 0 13 75 5478
3405 9 3542 0 147 18 5479
3405 19 3539 0 132 13 5480
3405 4 3541 0 102 30 5481
3405 17 3539 0 86 23 5482
3405 3 3540 0 95 77 5483
3405 10 3541 0 2 3 5484
3405 9 3540 0 122 11 5485
3405 4 3541 0 24 195 5486
3420 36 3557 0 140 22 5487
3420 17 3557 0 106 10 5488
3420 9 3556 0 122 11 5489
3420 24 3555 0 15 186 5490
3420 3 3557 0 102 30 5491
3420 20 3556 0 138 26 5492
3420 5 3556 0 57 122 5493
3420 7 3556 0 150 50 5494
3420 22 3557 0 146 22 5495
3420 7 3557 0 127 43 5496
3420 12 3556 0 99 9 5497
3420 14 3556 0 72 131 5498
3420 4 3556 0 24 195 5499
3420 6 3557 0 145 55 5500
3420 7 3554 0 109 56 5501
3420 29 3553 0 50 121 5502
3420 21 3554 0 161 34 5503
3420 9 3557 0 147 18 5504
3420 32 3555 0 55 108 5505
3420 17 3556 0 117 40 5506
3420 43 3557 0 128 55 5507
3420 11 3557 0 142 143 5508
3433 61 6420 1 146 119 5509
3433 52 6419 1 66 134 5510
3435 9 3573 0 122 11 5511
3435 12 3572 0 96 13 5512
3435 37 3570 0 96 33 5513
3435 9 3572 0 109 56 5514
3435 12 3571 0 16 120 5515
3435 37 3571 0 128 55 5516
3435 12 3572 0 109 1 5517
3435 16 3571 0 98 36 5518
3435 7 3571 0 145 55 5519
3435 3 3571 0 102 1 5520
3435 20 3572 0 78 150 5521
3435 6 3571 0 95 77 5522
3435 14 3571 0 152 41 5523
3435 9 3571 0 142 143 5524
3435 28 3570 0 46 189 5525
3435 17 3571 0 166 118 5526
3435 18 3571 0 106 10 5527
3435 28 3571 0 155 79 5528
3435 14 3574 0 67 20 5529
3450 37 3587 0 46 189 5530
3450 31 3587 0 55 108 5531
3450 30 3587 0 140 22 5532
3450 25 3586 0 113 48 5533
3450 4 3586 0 13 75 5534
3450 27 3587 0 182 28 5535
3450 8 3585 0 66 134 5536
3450 4 3586 0 24 195 5537
3450 6 3586 0 102 30 5538
3450 12 3585 0 173 171 5539
3450 15 3587 0 132 13 5540
3450 24 3584 0 98 36 5541
3450 3 3585 0 95 77 5542
3450 39 3587 0 121 49 5543
3450 41 3585 0 50 121 5544
3450 12 3585 0 148 23 5545
3450 20 3587 0 138 26 5546
3450 10 3586 0 150 50 5547
3450 8 3586 0 122 11 5548
3465 8 3603 0 122 11 5549
3465 24 3603 0 83 108 5550
3465 11 3602 0 99 9 5551
3465 36 3602 0 40 59 5552
3465 16 3601 0 113 48 5553
3465 19 3600 0 132 13 5554
3465 5 3602 0 72 194 5555
3465 4 3601 0 13 75 5556
3465 11 3603 0 198 85 5557
3465 8 3602 0 127 43 5558
3465 9 3602 0 110 24 5559
3465 42 3599 0 55 108 5560
3465 12 3601 0 146 22 5561
3465 6 3602 0 102 1 5562
3465 6 3600 0 15 4 5563
3465 10 3601 0 146 159 5564
3465 6 3600 0 63 134 5565
3465 42 3601 0 155 79 5566
3465 9 3603 0 66 134 5567
3465 6 3600 0 109 56 5568
3465 10 3604 0 128 96 5569
3465 11 3604 0 153 145 5570
3465 16 3603 0 127 22 5571
3465 24 3602 0 106 10 5572
3465 12 3602 0 147 18 5573
3465 43 3599 0 128 55 5574
3465 25 3601 0 98 36 5575
3465 32 3601 0 131 45 5576
3465 3 3600 0 58 139 5577
3474 113 6461 1 124 33 5578
3479 119 6466 1 63 134 5579
3480 40 3614 0 124 33 5580
3480 42 3615 0 143 170 5581
3480 6 3615 0 146 159 5582
3480 7 3617 0 66 134 5583
3480 28 3614 0 102 140 5584
3480 29 3615 0 96 33 5585
3480 14 3615 0 138 26 5586
3480 6 3614 0 110 24 5587
3480 8 3616 0 15 4 5588
3480 19 3617 0 78 150 5589
3480 22 3616 0 72 131 5590
3480 5 3614 0 24 195 5591
3480 31 3615 0 40 59 5592
3480 6 3617 0 99 9 5593
3480 8 3619 0 150 50 5594
3480 16 3616 0 132 13 5595
3480 17 3614 0 106 10 5596
3480 24 3615 0 113 48 5597
3480 10 3616 0 122 11 5598
3480 12 3615 0 127 43 5599
3491 187 6477 1 143 170 5600
3495 8 3630 0 173 171 5601
3495 25 3631 0 83 108 5602
3495 11 3631 0 122 11 5603
3495 12 3631 0 155 52 5604
3495 24 3630 0 7 180 5605
3495 38 3631 0 124 33 5606
3495 18 3631 0 98 36 5607
3495 5 3632 0 24 195 5608
3495 34 3631 0 128 55 5609
3495 6 3633 0 99 9 5610
3495 3 3632 0 102 30 5611
3495 32 3630 0 46 189 5612
3495 15 3630 0 113 48 5613
3495 5 3633 0 72 194 5614
3495 25 3630 0 138 26 5615
3495 8 3632 0 147 18 5616
3495 7 3629 0 148 23 5617
3495 3 3630 0 102 1 5618
3495 14 3631 0 146 22 5619
3495 11 3630 0 110 24 5620
3510 19 3647 0 138 26 5621
3510 27 3648 0 140 22 5622
3510 15 3647 0 162 60 5623
3510 27 3645 0 143 170 5624
3510 11 3646 0 29 60 5625
3510 25 3646 0 146 22 5626
3510 10 3646 0 109 1 5627
3510 16 3645 0 161 34 5628
3510 41 3649 0 128 55 5629
3510 14 3646 0 72 131 5630
3510 9 3645 0 147 18 5631
3510 5 3646 0 102 30 5632
3510 7 3646 0 66 134 5633
3510 28 3646 0 131 45 5634
3510 5 3645 0 95 77 5635
3510 17 3645 0 15 186 5636
3510 25 3645 0 7 180 5637
3510 10 3648 0 150 50 5638
3510 10 3646 0 16 120 5639
3510 8 3645 0 122 11 5640
3510 11 3646 0 127 43 5641
3520 68 6502 1 109 1 5642
3525 9 3663 0 145 55 5643
3525 9 3662 0 109 1 5644
3525 6 3662 0 57 122 5645
3525 24 3662 0 146 119 5646
3525 21 3663 0 63 113 5647
3525 20 3660 0 166 118 5648
3525 6 3661 0 99 9 5649
3525 8 3662 0 148 23 5650
3525 10 3663 0 198 85 5651
3525 11 3663 0 110 24 5652
3525 18 3660 0 117 40 5653
3525 11 3660 0 16 120 5654
3525 19 3662 0 106 10 5655
3525 6 3658 0 96 13 5656
3525 41 3660 0 128 55 5657
3525 23 3661 0 155 122 5658
3525 5 3660 0 95 77 5659
3525 8 3662 0 109 56 5660
3525 36 3662 0 96 33 5661
3525 26 3664 0 121 49 5662
3525 10 3659 0 122 11 5663
3525 9 3660 0 150 50 5664
3525 18 3662 0 66 169 5665
3525 10 3661 0 29 60 5666
3525 30 3665 0 131 45 5667
3525 22 3661 0 138 26 5668
3525 22 3663 0 161 34 5669
3525 34 3661 0 143 170 5670
3525 15 3661 0 146 22 5671
3525 16 3661 0 15 186 5672
3540 7 3677 0 110 24 5673
3540 8 3674 0 96 13 5674
3540 12 3675 0 66 134 5675
3540 5 3675 0 24 195 5676
3540 21 3674 0 132 13 5677
3540 44 3676 0 6 88 5678
3540 17 3675 0 113 48 5679
3540 12 3677 0 2 3 5680
3540 9 3675 0 99 9 5681
3540 6 3675 0 57 122 5682
3540 5 3677 0 13 75 5683
3540 22 3675 0 15 186 5684
3540 34 3675 0 121 49 5685
3540 3 3675 0 102 1 5686
3540 6 3674 0 63 134 5687
3540 5 3678 0 58 139 5688
3540 23 3675 0 117 40 5689
3540 8 3676 0 122 11 5690
3540 12 3677 0 127 43 5691
3540 21 3677 0 138 26 5692
3540 10 3675 0 142 143 5693
3540 18 3674 0 98 36 5694
3555 11 3692 0 33 177 5695
3555 11 3692 0 2 3 5696
3555 25 3691 0 106 10 5697
3555 45 3691 0 124 33 5698
3555 19 3691 0 78 150 5699
3555 7 3691 0 96 13 5700
3555 20 3690 0 132 13 5701
3555 18 3690 0 113 48 5702
3555 7 3689 0 93 9 5703
3555 3 3691 0 186 125 5704
3555 10 3691 0 148 23 5705
3555 11 3692 0 105 143 5706
3555 11 3691 0 146 159 5707
3555 42 3690 0 102 140 5708
3555 26 3692 0 140 22 5709
3555 12 3691 0 93 57 5710
3555 9 3692 0 24 183 5711
3555 18 3691 0 166 118 5712
3555 15 3690 0 138 26 5713
3555 22 3692 0 63 113 5714
3555 20 3691 0 146 22 5715
3555 40 3692 0 40 59 5716
3555 3 3693 0 125 90 5717
3555 11 3689 0 99 9 5718
3555 5 3691 0 58 139 5719
3555 4 3691 0 178 113 5720
3555 41 3689 0 131 45 5721
3555 6 3693 0 127 43 5722
3555 33 3690 0 55 108 5723
3555 43 3690 0 182 28 5724
3555 23 3691 0 152 41 5725
3560 62 6544 1 131 45 5726
3561 88 6548 1 15 186 5727
3566 40 6552 1 7 180 5728
3567 66 6552 1 173 171 5729
3570 6 3706 0 122 11 5730
3570 23 3704 0 132 13 5731
3570 6 3707 0 186 125 5732
3570 29 3705 0 128 55 5733
3570 37 3706 0 121 49 5734
3570 9 3706 0 15 4 5735
3570 9 3707 0 105 143 5736
3570 10 3705 0 96 13 5737
3570 15 3707 0 127 22 5738
3570 38 3704 0 143 170 5739
3570 11 3705 0 198 85 5740
3570 8 3705 0 110 24 5741
3570 43 3705 0 131 45 5742
3570 25 3706 0 166 118 5743
3570 43 3704 0 124 33 5744
3570 6 3706 0 13 75 5745
3570 6 3706 0 58 139 5746
3570 8 3707 0 109 1 5747
3570 17 3707 0 106 10 5748
3572 36 6561 1 13 75 5749
3585 6 3722 0 178 113 5750
3585 12 3719 0 99 9 5751
3585 12 3721 0 22 41 5752
3585 9 3718 0 29 60 5753
3585 5 3721 0 125 90 5754
3585 24 3723 0 132 13 5755
3585 24 3720 0 67 20 5756
3585 12 3719 0 110 24 5757
3585 12 3721 0 145 55 5758
3585 10 3722 0 122 11 5759
3585 30 3722 0 102 140 5760
3585 4 3721 0 63 134 5761
3585 6 3721 0 102 30 5762
3585 16 3720 0 113 48 5763
3585 16 3721 0 15 186 5764
3585 10 3721 0 96 13 5765
3585 34 3719 0 121 49 5766
3585 36 3722 0 55 108 5767
3585 4 3721 0 95 77 5768
3585 6 3720 0 24 195 5769
3591 143 6576 1 2 3 5770
3600 11 3737 0 109 56 5771
3600 17 3739 0 93 57 5772
3600 19 3735 0 113 48 5773
3600 16 3738 0 162 60 5774
3600 3 3736 0 24 195 5775
3600 23 3736 0 146 22 5776
3600 9 3735 0 16 120 5777
3600 11 3738 0 148 23 5778
3600 10 3734 0 110 24 5779
3600 43 3735 0 131 45 5780
3600 7 3738 0 198 85 5781
3600 34 3734 0 155 79 5782
3600 41 3738 0 128 55 5783
3600 14 3739 0 146 119 5784
3600 11 3736 0 66 134 5785
3600 31 3736 0 96 33 5786
3600 40 3735 0 121 49 5787
3600 16 3734 0 83 108 5788
3600 10 3737 0 127 43 5789
3600 7 3737 0 146 159 5790
3600 32 3736 0 102 140 5791
3605 75 6593 1 83 108 5792
3606 73 6591 1 140 22 5793
3612 59 6598 1 143 170 5794
3615 7 3749 0 146 159 5795
3615 19 3751 0 66 169 5796
3615 8 3751 0 122 11 5797
3615 41 3750 0 102 140 5798
3615 41 3750 0 155 79 5799
3615 21 3750 0 152 41 5800
3615 9 3751 0 109 1 5801
3615 45 3751 0 182 28 5802
3615 41 3752 0 140 22 5803
3615 12 3749 0 145 55 5804
3615 22 3751 0 7 180 5805
3615 26 3751 0 40 59 5806
3615 6 3751 0 63 134 5807
3615 12 3753 0 127 43 5808
3615 17 3754 0 166 118 5809
3615 40 3752 0 124 33 5810
3615 5 3750 0 58 139 5811
3615 37 3749 0 131 45 5812
3615 16 3751 0 67 20 5813
3615 34 3750 0 55 108 5814
3615 30 3750 0 143 170 5815
3615 19 3751 0 161 34 5816
3615 16 3750 0 127 22 5817
3615 23 3751 0 138 26 5818
3615 8 3753 0 150 50 5819
3615 12 3750 0 142 143 5820
3615 8 3751 0 24 183 5821
3615 3 3750 0 178 113 5822
3615 14 3751 0 83 108 5823
3615 14 3751 0 117 40 5824
3615 18 3752 0 132 13 5825
3615 8 3748 0 99 9 5826
3615 8 3750 0 128 96 5827
3615 36 3752 0 46 189 5828
3615 5 3753 0 13 75 5829
3615 20 3749 0 98 36 5830
3615 12 3754 0 147 18 5831
3620 43 6605 1 178 113 5832
3620 55 6604 1 128 55 5833
3623 77 6609 1 198 85 5834
3630 32 3768 0 102 140 5835
3630 42 3764 0 128 55 5836
3630 22 3767 0 138 26 5837
3630 4 3767 0 102 30 5838
3630 24 3766 0 22 41 5839
3630 17 3766 0 113 48 5840
3630 12 3766 0 15 4 5841
3630 45 3763 0 131 45 5842
3630 23 3766 0 72 131 5843
3630 11 3765 0 110 24 5844
3630 10 3767 0 66 134 5845
3630 31 3768 0 40 59 5846
3630 6 3764 0 127 43 5847
3630 24 3767 0 98 36 5848
3630 42 3765 0 155 79 5849
3630 25 3767 0 96 33 5850
3630 16 3765 0 67 20 5851
3630 12 3768 0 122 11 5852
3630 12 3765 0 15 186 5853
3630 10 3766 0 24 183 5854
3630 14 3767 0 106 10 5855
3633 107 6621 1 78 150 5856
3645 11 3782 0 148 23 5857
3645 19 3779 0 83 108 5858
3645 11 3782 0 127 43 5859
3645 10 3781 0 147 18 5860
3645 24 3783 0 63 113 5861
3645 21 3781 0 138 26 5862
3645 8 3777 0 145 55 5863
3645 5 3782 0 102 30 5864
3645 23 3781 0 98 36 5865
3645 17 3778 0 155 122 5866
3645 14 3780 0 132 13 5867
3645 7 3781 0 99 9 5868
3645 9 3779 0 109 56 5869
3645 10 3780 0 15 4 5870
3645 18 3781 0 93 57 5871
3645 35 3780 0 140 22 5872
3645 25 3780 0 117 40 5873
3645 6 3782 0 58 139 5874
3645 33 3780 0 50 121 5875
3660 10 3797 0 153 145 5876
3660 17 3796 0 98 36 5877
3660 5 3796 0 95 77 5878
3660 6 3797 0 102 30 5879
3660 22 3797 0 155 122 5880
3660 11 3798 0 150 50 5881
3660 4 3794 0 178 113 5882
3660 39 3797 0 124 33 5883
3660 22 3796 0 161 34 5884
3660 9 3797 0 24 183 5885
3660 8 3796 0 145 55 5886
3660 28 3796 0 121 49 5887
3660 6 3797 0 13 75 5888
3660 24 3796 0 15 186 5889
3660 6 3797 0 122 11 5890
3660 6 3795 0 63 134 5891
3660 18 3796 0 67 20 5892
3660 19 3798 0 7 180 5893
3660 14 3798 0 146 22 5894
3660 6 3794 0 147 18 5895
3660 20 3797 0 117 40 5896
3660 14 3796 0 127 22 5897
3660 21 3796 0 113 48 5898
3660 8 3795 0 148 23 5899
3660 20 3795 0 152 41 5900
3660 3 3795 0 57 122 5901
3660 12 3794 0 110 24 5902
3660 25 3795 0 93 57 5903
3660 8 3796 0 99 9 5904
3660 14 3798 0 138 26 5905
3660 6 3796 0 109 56 5906
3660 39 3796 0 140 22 5907
3661 79 6647 1 24 183 5908
3673 148 6659 1 148 23 5909
3675 16 3811 0 117 40 5910
3675 15 3812 0 113 48 5911
3675 22 3810 0 93 57 5912
3675 23 3812 0 83 108 5913
3675 25 3810 0 182 28 5914
3675 12 3811 0 122 11 5915
3675 16 3808 0 106 10 5916
3675 9 3813 0 147 18 5917
3675 6 3812 0 148 23 5918
3675 10 3813 0 93 9 5919
3675 10 3810 0 2 3 5920
3675 12 3811 0 110 24 5921
3675 8 3813 0 146 159 5922
3675 5 3812 0 178 113 5923
3675 29 3811 0 124 33 5924
3675 4 3810 0 186 125 5925
3675 18 3813 0 138 26 5926
3675 34 3810 0 140 22 5927
3675 7 3812 0 33 177 5928
3675 43 3811 0 128 55 5929
3675 6 3809 0 95 77 5930
3675 25 3810 0 132 13 5931
3675 9 3811 0 105 143 5932
3675 10 3811 0 16 120 5933
3675 39 3811 0 96 33 5934
3675 17 3811 0 15 186 5935
3675 35 3812 0 131 45 5936
3675 6 3811 0 13 75 5937
3675 15 3812 0 146 22 5938
3690 37 3825 0 131 45 5939
3690 10 3829 0 122 11 5940
3690 21 3824 0 146 119 5941
3690 13 3829 0 164 40 5942
3690 20 3822 0 155 122 5943
3690 23 3825 0 161 34 5944
3690 12 3825 0 113 48 5945
3690 3 3823 0 58 139 5946
3690 4 3826 0 24 195 5947
3690 36 3825 0 128 55 5948
3690 8 3827 0 127 43 5949
3690 6 3825 0 109 1 5950
3690 28 3828 0 6 88 5951
3690 7 3824 0 198 85 5952
3690 37 3826 0 140 22 5953
3690 6 3827 0 102 30 5954
3690 8 3825 0 153 145 5955
3690 32 3825 0 121 49 5956
3690 12 3827 0 146 22 5957
3690 8 3827 0 105 143 5958
3690 6 3825 0 109 56 5959
3690 5 3825 0 63 134 5960
3690 7 3826 0 146 159 5961
3705 43 3838 0 50 121 5962
3705 32 3841 0 128 55 5963
3705 12 3842 0 153 145 5964
3705 20 3841 0 72 131 5965
3705 9 3842 0 15 4 5966
3705 11 3841 0 173 171 5967
3705 25 3842 0 98 36 5968
3705 36 3840 0 140 22 5969
3705 14 3840 0 155 122 5970
3705 9 3841 0 155 52 5971
3705 34 3840 0 131 45 5972
3705 40 3840 0 55 108 5973
3705 10 3842 0 105 143 5974
3705 6 3840 0 63 134 5975
3705 6 3842 0 127 43 5976
3705 25 3841 0 117 40 5977
3705 25 3841 0 132 13 5978
3705 15 3842 0 106 10 5979
3705 8 3841 0 148 23 5980
3705 27 3839 0 143 170 5981
3705 6 3840 0 110 24 5982
3705 18 3840 0 166 118 5983
3705 10 3842 0 96 13 5984
3705 8 3839 0 16 120 5985
3705 6 3838 0 13 75 5986
3720 18 3857 0 113 48 5987
3720 8 3856 0 145 55 5988
3720 5 3858 0 102 30 5989
3720 16 3856 0 132 13 5990
3720 23 3853 0 155 122 5991
3720 6 3855 0 102 1 5992
3720 4 3852 0 63 134 5993
3720 5 3856 0 72 194 5994
3720 22 3857 0 106 10 5995
3720 9 3854 0 24 183 5996
3720 10 3856 0 153 145 5997
3720 3 3858 0 24 195 5998
3720 38 3856 0 155 79 5999
3720 20 3857 0 138 26 6000
3720 12 3858 0 29 60 6001
3720 43 3855 0 182 28 6002
3720 6 3855 0 110 24 6003
3720 14 3854 0 127 22 6004
3720 17 3854 0 166 118 6005
3720 12 3854 0 99 9 6006
3720 12 3858 0 147 18 6007
3720 7 3856 0 127 43 6008
3720 43 3860 0 124 33 6009
3735 11 3870 0 148 23 6010
3735 44 3872 0 46 189 6011
3735 19 3870 0 146 22 6012
3735 6 3871 0 147 18 6013
3735 11 3871 0 145 55 6014
3735 32 3871 0 96 33 6015
3735 6 3873 0 95 77 6016
3735 15 3873 0 155 122 6017
3735 4 3873 0 186 125 6018
3735 6 3873 0 72 194 6019
3735 9 3872 0 105 143 6020
3735 12 3871 0 98 36 6021
3735 23 3872 0 113 48 6022
3735 7 3870 0 110 24 6023
3735 24 3869 0 152 41 6024
3735 6 3873 0 173 171 6025
3735 7 3871 0 109 56 6026
3735 10 3872 0 142 143 6027
3735 21 3870 0 138 26 6028
3735 10 3869 0 29 60 6029
3735 22 3870 0 146 119 6030
3735 9 3870 0 153 145 6031
3735 24 3872 0 162 60 6032
3735 22 3872 0 83 108 6033
3737 57 6723 1 95 77 6034
3750 12 3885 0 155 52 6035
3750 5 3888 0 63 134 6036
3750 25 3883 0 138 26 6037
3750 3 3886 0 72 194 6038
3750 23 3888 0 22 41 6039
3750 19 3888 0 155 122 6040
3750 13 3887 0 164 40 6041
3750 27 3886 0 96 33 6042
3750 44 3885 0 121 49 6043
3750 4 3884 0 102 1 6044
3750 13 3888 0 7 180 6045
3750 5 3885 0 58 139 6046
3750 21 3884 0 113 48 6047
3750 24 3886 0 161 34 6048
3750 23 3885 0 83 108 6049
3750 44 3887 0 6 88 6050
3750 7 3884 0 198 85 6051
3750 9 3884 0 96 13 6052
3750 40 3886 0 140 22 6053
3750 38 3885 0 155 79 6054
3750 34 3884 0 40 59 6055
3750 9 3888 0 24 183 6056
3750 22 3885 0 117 40 6057
3750 6 3886 0 2 3 6058
3750 8 3886 0 148 23 6059
3750 6 3888 0 122 11 6060
3750 18 3887 0 152 41 6061
3750 8 3886 0 146 159 6062
3750 9 3884 0 147 18 6063
3765 28 3902 0 124 33 6064
3765 11 3901 0 145 55 6065
3765 31 3902 0 96 33 6066
3765 39 3903 0 55 108 6067
3765 3 3901 0 102 30 6068
3765 8 3899 0 128 96 6069
3765 9 3900 0 96 13 6070
3765 17 3902 0 138 26 6071
3765 11 3899 0 99 9 6072
3765 20 3903 0 161 34 6073
3765 4 3902 0 57 122 6074
3765 25 3901 0 102 140 6075
3765 22 3901 0 155 122 6076
3765 25 3902 0 127 22 6077
3765 10 3902 0 109 1 6078
3765 10 3903 0 127 43 6079
3765 15 3899 0 113 48 6080
3765 30 3901 0 155 79 6081
3765 7 3901 0 29 60 6082
3765 6 3901 0 109 56 6083
3765 18 3901 0 66 169 6084
3778 134 6764 1 138 26 6085
3780 12 3913 0 148 23 6086
3780 4 3915 0 102 1 6087
3780 25 3917 0 15 186 6088
3780 8 3915 0 2 3 6089
3780 25 3915 0 121 49 6090
3780 24 3919 0 132 13 6091
3780 6 3918 0 99 9 6092
3780 9 3917 0 127 43 6093
3780 28 3918 0 50 121 6094
3780 23 3917 0 127 22 6095
3780 31 3917 0 96 33 6096
3780 31 3916 0 6 88 6097
3780 21 3916 0 7 180 6098
3780 6 3916 0 16 120 6099
3780 36 3916 0 140 22 6100
3780 20 3917 0 106 10 6101
3780 9 3916 0 109 56 6102
3780 14 3915 0 113 48 6103
3780 19 3916 0 146 22 6104
3780 45 3916 0 143 170 6105
3780 5 3915 0 72 194 6106
3780 16 3916 0 138 26 6107
3795 11 3931 0 99 9 6108
3795 18 3930 0 164 40 6109
3795 16 3932 0 152 41 6110
3795 25 3930 0 117 40 6111
3795 12 3929 0 128 96 6112
3795 7 3929 0 109 56 6113
3795 45 3932 0 121 49 6114
3795 20 3933 0 106 10 6115
3795 6 3932 0 186 125 6116
3795 22 3930 0 7 180 6117
3795 14 3932 0 113 48 6118
3795 9 3932 0 148 23 6119
3795 23 3931 0 138 26 6120
3795 30 3932 0 131 45 6121
3795 26 3930 0 40 59 6122
3795 25 3932 0 124 33 6123
3795 6 3931 0 125 90 6124
3795 25 3931 0 132 13 6125
3795 21 3931 0 98 36 6126
3795 31 3931 0 96 33 6127
3795 6 3931 0 145 55 6128
3795 4 3932 0 102 30 6129
3795 7 3932 0 122 11 6130
3795 17 3930 0 146 119 6131
3795 3 3932 0 102 1 6132
3795 3 3932 0 13 75 6133
3795 20 3929 0 161 34 6134
3807 38 6792 1 132 13 6135
3810 7 3948 0 99 9 6136
3810 5 3947 0 58 139 6137
3810 32 3946 0 46 189 6138
3810 12 3945 0 66 134 6139
3810 6 3945 0 148 23 6140
3810 11 3947 0 109 56 6141
3810 10 3946 0 93 9 6142
3810 11 3946 0 128 96 6143
3810 22 3948 0 117 40 6144
3810 8 3944 0 16 120 6145
3810 39 3948 0 6 88 6146
3810 26 3946 0 50 121 6147
3810 10 3943 0 122 11 6148
3810 28 3945 0 155 79 6149
3810 33 3946 0 121 49 6150
3810 19 3947 0 106 10 6151
3810 12 3947 0 145 55 6152
3810 22 3948 0 138 26 6153
3810 5 3946 0 95 77 6154
3810 41 3947 0 96 33 6155
3810 27 3947 0 131 45 6156
3810 12 3947 0 105 143 6157
3810 41 3946 0 128 55 6158
3810 21 3947 0 132 13 6159
3810 16 3947 0 155 122 6160
3825 15 3962 0 127 22 6161
3825 28 3959 0 102 140 6162
3825 25 3962 0 117 40 6163
3825 23 3963 0 72 131 6164
3825 7 3962 0 33 177 6165
3825 37 3960 0 40 59 6166
3825 38 3961 0 124 33 6167
3825 9 3963 0 16 120 6168
3825 19 3963 0 15 186 6169
3825 20 3961 0 132 13 6170
3825 3 3958 0 95 77 6171
3825 7 3961 0 147 18 6172
3825 17 3960 0 83 108 6173
3825 44 3963 0 131 45 6174
3825 24 3961 0 98 36 6175
3825 4 3961 0 58 139 6176
3825 3 3958 0 102 30 6177
3825 12 3963 0 138 26 6178
3825 45 3960 0 50 121 6179
3825 27 3959 0 128 55 6180
3825 3 3961 0 63 134 6181
3825 5 3962 0 72 194 6182
3825 3 3961 0 24 195 6183
3825 3 3960 0 13 75 6184
3825 25 3962 0 155 122 6185
3825 9 3962 0 29 60 6186
3825 24 3962 0 7 180 6187
3825 41 3962 0 140 22 6188
3840 12 3977 0 127 43 6189
3840 6 3975 0 58 139 6190
3840 23 3975 0 78 150 6191
3840 10 3977 0 16 120 6192
3840 5 3976 0 102 30 6193
3840 36 3976 0 121 49 6194
3840 25 3975 0 132 13 6195
3840 6 3978 0 173 171 6196
3840 18 3977 0 98 36 6197
3840 41 3975 0 140 22 6198
3840 9 3976 0 96 13 6199
3840 37 3976 0 131 45 6200
3840 21 3976 0 146 22 6201
3840 14 3975 0 93 57 6202
3840 23 3979 0 152 41 6203
3840 5 3976 0 63 134 6204
3840 28 3976 0 128 55 6205
3840 12 3977 0 161 34 6206
3840 24 3976 0 127 22 6207
3843 72 6828 1 148 23 6208
3850 52 6835 1 164 40 6209
3855 22 3992 0 83 108 6210
3855 31 3990 0 102 140 6211
3855 6 3989 0 24 195 6212
3855 14 3991 0 78 150 6213
3855 15 3990 0 146 22 6214
3855 24 3992 0 98 36 6215
3855 24 3989 0 138 26 6216
3855 3 3990 0 102 30 6217
3855 6 3989 0 127 43 6218
3855 8 3992 0 109 1 6219
3855 40 3991 0 182 28 6220
3855 14 3990 0 63 113 6221
3855 26 3992 0 121 49 6222
3855 5 3989 0 57 122 6223
3855 6 3993 0 58 139 6224
3855 7 3989 0 2 3 6225
3855 3 3992 0 125 90 6226
3855 12 3990 0 127 22 6227
3855 16 3993 0 117 40 6228
3855 41 3989 0 124 33 6229
3855 11 3991 0 16 120 6230
3855 16 3990 0 132 13 6231
3855 7 3991 0 122 11 6232
3870 21 4007 0 98 36 6233
3870 8 4008 0 29 60 6234
3870 14 4005 0 106 10 6235
3870 14 4008 0 117 40 6236
3870 23 4005 0 146 119 6237
3870 12 4007 0 109 56 6238
3870 12 4007 0 146 159 6239
3870 6 4005 0 15 4 6240
3870 21 4008 0 152 41 6241
3870 4 4006 0 24 195 6242
3870 10 4006 0 99 9 6243
3870 15 4006 0 63 113 6244
3870 11 4007 0 109 1 6245
3870 11 4008 0 66 134 6246
3870 11 4004 0 110 24 6247
3870 4 4007 0 58 139 6248
3870 12 4007 0 127 22 6249
3870 7 4007 0 155 52 6250
3870 9 4007 0 150 50 6251
3870 6 4007 0 145 55 6252
3870 44 4007 0 96 33 6253
3870 10 4006 0 122 11 6254
3870 35 4006 0 124 33 6255
3870 36 4004 0 140 22 6256
3870 16 4007 0 132 13 6257
3870 16 4006 0 67 20 6258
3870 25 4003 0 128 55 6259
3870 5 4007 0 102 30 6260
3870 24 4004 0 66 169 6261
3885 22 4019 0 146 22 6262
3885 29 4021 0 128 55 6263
3885 9 4022 0 109 56 6264
3885 15 4018 0 66 169 6265
3885 15 4024 0 113 48 6266
3885 40 4021 0 131 45 6267
3885 9 4020 0 127 43 6268
3885 39 4023 0 121 49 6269
3885 24 4021 0 106 10 6270
3885 33 4022 0 96 33 6271
3885 16 4022 0 152 41 6272
3885 21 4023 0 164 40 6273
3885 4 4021 0 58 139 6274
3885 11 4020 0 122 11 6275
3885 33 4022 0 55 108 6276
3885 40 4019 0 140 22 6277
3885 11 4022 0 153 145 6278
3885 9 4021 0 148 23 6279
3885 38 4022 0 102 140 6280
3885 22 4019 0 138 26 6281
3885 3 4022 0 72 194 6282
3885 3 4020 0 186 125 6283
3885 15 4023 0 22 41 6284
3885 22 4022 0 98 36 6285
3887 110 6874 1 162 60 6286
3889 99 6875 1 152 41 6287
3898 30 6883 1 124 33 6288
3900 5 4038 0 63 134 6289
3900 12 4036 0 150 50 6290
3900 21 4036 0 146 22 6291
3900 4 4037 0 72 194 6292
3900 5 4038 0 102 30 6293
3900 11 4037 0 127 43 6294
3900 11 4035 0 105 143 6295
3900 8 4037 0 109 56 6296
3900 12 4037 0 29 60 6297
3900 3 4035 0 125 90 6298
3900 9 4035 0 110 24 6299
3900 11 4035 0 96 13 6300
3900 25 4035 0 155 122 6301
3900 41 4036 0 131 45 6302
3900 12 4033 0 147 18 6303
3900 9 4034 0 142 143 6304
3900 13 4037 0 117 40 6305
3900 22 4035 0 83 108 6306
3900 17 4037 0 138 26 6307
3900 7 4036 0 148 23 6308
3907 43 6893 1 127 22 6309
3915 7 4051 0 16 120 6310
3915 21 4051 0 106 10 6311
3915 4 4051 0 57 122 6312
3915 6 4050 0 13 75 6313
3915 10 4051 0 127 43 6314
3915 28 4052 0 121 49 6315
3915 12 4050 0 142 143 6316
3915 20 4049 0 15 186 6317
3915 6 4051 0 102 1 6318
3915 25 4051 0 146 22 6319
3915 14 4050 0 127 22 6320
3915 34 4048 0 124 33 6321
3915 25 4051 0 162 60 6322
3915 9 4051 0 105 143 6323
3915 21 4051 0 83 108 6324
3915 25 4050 0 166 118 6325
3915 14 4051 0 78 150 6326
3915 15 4051 0 155 122 6327
3915 11 4051 0 109 56 6328
3915 41 4049 0 128 55 6329
3915 7 4052 0 146 159 6330
3915 13 4053 0 98 36 6331
3915 16 4050 0 86 23 6332
3915 9 4050 0 148 23 6333
3915 3 4050 0 72 194 6334
3915 43 4052 0 182 28 6335
3915 6 4051 0 153 145 6336
3915 13 4055 0 72 131 6337
3915 21 4050 0 113 48 6338
3915 11 4053 0 96 13 6339
3915 8 4052 0 122 11 6340
3915 37 4050 0 40 59 6341
3915 43 4050 0 102 140 6342
3915 3 4052 0 63 134 6343
3915 9 4052 0 110 24 6344
3915 26 4050 0 96 33 6345
3915 6 4052 0 150 50 6346
3918 75 6905 1 55 108 6347
3922 44 6908 1 96 33 6348
3930 26 4065 0 131 45 6349
3930 25 4064 0 40 59 6350
3930 15 4065 0 127 22 6351
3930 10 4068 0 105 143 6352
3930 10 4065 0 24 183 6353
3930 7 4066 0 127 43 6354
3930 6 4065 0 110 24 6355
3930 10 4066 0 147 18 6356
3930 6 4066 0 72 194 6357
3930 23 4065 0 146 22 6358
3930 11 4068 0 99 9 6359
3930 17 4067 0 138 26 6360
3930 9 4064 0 96 13 6361
3930 10 4067 0 150 50 6362
3930 31 4066 0 96 33 6363
3930 8 4067 0 29 60 6364
3930 21 4066 0 66 169 6365
3930 8 4064 0 109 56 6366
3930 4 4065 0 57 122 6367
3945 22 4079 0 72 131 6368
3945 45 4082 0 140 22 6369
3945 45 4081 0 182 28 6370
3945 12 4080 0 86 23 6371
3945 19 4080 0 138 26 6372
3945 9 4080 0 96 13 6373
3945 4 4081 0 102 30 6374
3945 14 4081 0 113 48 6375
3945 7 4080 0 99 9 6376
3945 8 4080 0 109 56 6377
3945 6 4082 0 145 55 6378
3945 11 4080 0 127 43 6379
3945 24 4079 0 162 60 6380
3945 20 4081 0 132 13 6381
3945 29 4080 0 155 79 6382
3945 10 4080 0 122 11 6383
3945 19 4081 0 117 40 6384
3945 14 4081 0 166 118 6385
3945 12 4083 0 105 143 6386
3945 31 4079 0 128 55 6387
3945 22 4081 0 7 180 6388
3945 8 4081 0 147 18 6389
3945 15 4081 0 106 10 6390
3945 11 4081 0 110 24 6391
3945 45 4082 0 50 121 6392
3945 44 4082 0 96 33 6393
3945 42 4080 0 131 45 6394
3945 13 4080 0 146 119 6395
3945 11 4080 0 2 3 6396
3952 96 6936 1 140 22 6397
3955 33 6942 1 155 52 6398
3960 33 4096 0 182 28 6399
3960 19 4096 0 113 48 6400
3960 24 4096 0 146 22 6401
3960 10 4097 0 96 13 6402
3960 6 4095 0 58 139 6403
3960 6 4097 0 102 30 6404
3960 19 4096 0 127 22 6405
3960 4 4098 0 72 194 6406
3960 16 4093 0 106 10 6407
3960 18 4096 0 117 40 6408
3960 12 4096 0 33 177 6409
3960 3 4096 0 178 113 6410
3960 9 4095 0 122 11 6411
3960 35 4095 0 124 33 6412
3960 34 4097 0 140 22 6413
3960 35 4095 0 128 55 6414
3960 21 4094 0 138 26 6415
3975 16 4112 0 146 22 6416
3975 3 4110 0 102 1 6417
3975 8 4112 0 105 143 6418
3975 14 4113 0 138 26 6419
3975 5 4111 0 102 30 6420
3975 36 4109 0 121 49 6421
3975 20 4111 0 106 10 6422
3975 20 4110 0 93 57 6423
3975 32 4111 0 131 45 6424
3975 38 4111 0 6 88 6425
3975 13 4111 0 146 119 6426
3975 17 4110 0 98 36 6427
3975 25 4112 0 40 59 6428
3975 4 4110 0 95 77 6429
3975 16 4111 0 117 40 6430
3975 13 4112 0 113 48 6431
3975 3 4112 0 63 134 6432
3975 22 4113 0 127 22 6433
3975 6 4110 0 186 125 6434
3975 12 4112 0 122 11 6435
3975 10 4112 0 16 120 6436
3975 6 4112 0 109 56 6437
3975 18 4110 0 164 40 6438
3985 36 6970 1 96 13 6439
3986 31 6974 1 162 60 6440
3990 7 4125 0 110 24 6441
3990 8 4124 0 150 50 6442
3990 43 4126 0 96 33 6443
3990 25 4125 0 83 108 6444
3990 19 4123 0 166 118 6445
3990 5 4127 0 178 113 6446
3990 16 4126 0 15 186 6447
3990 5 4127 0 63 134 6448
3990 45 4125 0 121 49 6449
3990 24 4127 0 117 40 6450
3990 11 4125 0 93 9 6451
3990 5 4128 0 186 125 6452
3990 21 4127 0 164 40 6453
3990 14 4125 0 86 23 6454
3990 30 4127 0 46 189 6455
3990 14 4125 0 138 26 6456
3990 36 4125 0 124 33 6457
3990 32 4124 0 50 121 6458
3990 27 4126 0 140 22 6459
3990 9 4124 0 127 43 6460
3990 11 4128 0 122 11 6461
3998 33 6986 1 113 48 6462
4004 54 6991 1 127 43 6463
4005 19 4138 0 78 150 6464
4005 7 4141 0 99 9 6465
4005 45 4140 0 50 121 6466
4005 43 4140 0 96 33 6467
4005 8 4142 0 96 13 6468
4005 7 4140 0 153 145 6469
4005 8 4142 0 93 9 6470
4005 38 4142 0 6 88 6471
4005 12 4140 0 146 119 6472
4005 7 4140 0 128 96 6473
4005 39 4141 0 128 55 6474
4005 11 4143 0 147 18 6475
4005 8 4144 0 127 43 6476
4005 7 4141 0 105 143 6477
4005 12 4140 0 122 11 6478
4005 11 4142 0 15 4 6479
4005 12 4142 0 15 186 6480
4005 12 4140 0 106 10 6481
4005 30 4143 0 124 33 6482
4005 44 4140 0 140 22 6483
4005 3 4141 0 102 1 6484
4005 11 4140 0 109 1 6485
4005 18 4142 0 66 169 6486
4005 43 4141 0 131 45 6487
4014 50 6998 1 58 139 6488
4018 82 7007 1 29 60 6489
4019 41 7004 1 155 79 6490
4020 7 4155 0 127 43 6491
4020 7 4156 0 96 13 6492
4020 4 4158 0 57 122 6493
4020 11 4156 0 142 143 6494
4020 25 4157 0 146 22 6495
4020 20 4156 0 146 119 6496
4020 10 4155 0 109 56 6497
4020 8 4156 0 122 11 6498
4020 20 4156 0 132 13 6499
4020 41 4156 0 131 45 6500
4020 21 4155 0 155 122 6501
4020 7 4156 0 173 171 6502
4020 15 4157 0 15 186 6503
4020 35 4156 0 121 49 6504
4020 16 4155 0 166 118 6505
4020 7 4156 0 147 18 6506
4020 12 4158 0 99 9 6507
4020 8 4157 0 29 60 6508
4020 15 4156 0 83 108 6509
4035 30 4169 0 6 88 6510
4035 5 4169 0 13 75 6511
4035 25 4170 0 128 55 6512
4035 11 4169 0 122 11 6513
4035 36 4172 0 143 170 6514
4035 18 4171 0 106 10 6515
4035 40 4172 0 124 33 6516
4035 6 4170 0 109 56 6517
4035 20 4173 0 138 26 6518
4035 10 4171 0 128 96 6519
4035 14 4173 0 66 169 6520
4035 6 4173 0 147 18 6521
4035 7 4171 0 127 43 6522
4035 12 4172 0 110 24 6523
4035 32 4173 0 131 45 6524
4035 24 4172 0 132 13 6525
4035 5 4171 0 24 195 6526
4035 25 4171 0 96 33 6527
4035 13 4170 0 93 57 6528
4035 9 4170 0 99 9 6529
4035 18 4172 0 72 131 6530
4050 5 4186 0 63 134 6531
4050 12 4186 0 127 43 6532
4050 20 4186 0 66 169 6533
4050 12 4183 0 98 36 6534
4050 3 4186 0 72 194 6535
4050 18 4184 0 83 108 6536
4050 34 4184 0 96 33 6537
4050 22 4185 0 22 41 6538
4050 34 4185 0 50 121 6539
4050 4 4186 0 125 90 6540
4050 13 4186 0 152 41 6541
4050 13 4186 0 93 57 6542
4050 24 4186 0 86 23 6543
4050 9 4186 0 109 56 6544
4050 36 4185 0 128 55 6545
4050 39 4187 0 124 33 6546
4050 19 4187 0 72 131 6547
4050 19 4187 0 138 26 6548
4050 23 4185 0 162 60 6549
4050 14 4187 0 132 13 6550
4050 20 4187 0 127 22 6551
4050 23 4185 0 117 40 6552
4050 7 4185 0 122 11 6553
4065 12 4202 0 146 22 6554
4065 31 4201 0 121 49 6555
4065 8 4199 0 109 56 6556
4065 41 4203 0 102 140 6557
4065 16 4203 0 166 118 6558
4065 12 4201 0 109 1 6559
4065 11 4201 0 155 52 6560
4065 22 4202 0 93 57 6561
4065 7 4200 0 96 13 6562
4065 12 4203 0 164 40 6563
4065 3 4200 0 95 77 6564
4065 7 4202 0 148 23 6565
4065 12 4201 0 117 40 6566
4065 6 4203 0 122 11 6567
4065 11 4201 0 15 4 6568
4065 3 4201 0 57 122 6569
4065 17 4201 0 106 10 6570
4065 24 4202 0 132 13 6571
4065 15 4203 0 66 169 6572
4065 29 4201 0 124 33 6573
4065 14 4200 0 98 36 6574
4065 12 4204 0 127 22 6575
4065 41 4201 0 50 121 6576
4065 31 4203 0 131 45 6577
4065 9 4201 0 153 145 6578
4065 33 4202 0 96 33 6579
4065 9 4201 0 147 18 6580
4065 21 4199 0 113 48 6581
4065 9 4202 0 93 9 6582
4065 4 4204 0 63 134 6583
4071 186 7058 1 95 77 6584
4072 186 7059 1 93 9 6585
4080 18 4218 0 146 22 6586
4080 10 4216 0 153 145 6587
4080 22 4217 0 162 60 6588
4080 31 4216 0 131 45 6589
4080 39 4216 0 124 33 6590
4080 9 4218 0 148 23 6591
4080 11 4217 0 122 11 6592
4080 4 4215 0 58 139 6593
4080 6 4218 0 95 77 6594
4080 25 4217 0 164 40 6595
4080 11 4215 0 127 43 6596
4080 26 4214 0 140 22 6597
4080 11 4216 0 16 120 6598
4080 8 4216 0 142 143 6599
4080 13 4214 0 98 36 6600
4080 22 4216 0 127 22 6601
4080 11 4215 0 15 4 6602
4080 12 4215 0 29 60 6603
4080 36 4214 0 96 33 6604
4080 6 4216 0 66 134 6605
4080 6 4216 0 99 9 6606
4086 69 7070 1 146 159 6607
4095 7 4229 0 33 177 6608
4095 11 4230 0 110 24 6609
4095 43 4231 0 46 189 6610
4095 15 4231 0 127 22 6611
4095 11 4231 0 99 9 6612
4095 11 4230 0 127 43 6613
4095 10 4230 0 122 11 6614
4095 32 4231 0 155 79 6615
4095 45 4230 0 124 33 6616
4095 14 4230 0 138 26 6617
4095 15 4232 0 72 131 6618
4095 42 4232 0 140 22 6619
4095 5 4232 0 13 75 6620
4095 12 4229 0 142 143 6621
4095 12 4230 0 15 4 6622
4095 35 4232 0 182 28 6623
4095 6 4231 0 109 56 6624
4095 21 4230 0 78 150 6625
4095 6 4232 0 24 195 6626
4095 8 4230 0 16 120 6627
4095 8 4230 0 145 55 6628
4095 17 4229 0 86 23 6629
4095 17 4231 0 98 36 6630
4095 8 4230 0 2 3 6631
4095 38 4232 0 128 55 6632
4095 16 4230 0 7 180 6633
4110 5 4249 0 186 125 6634
4110 8 4245 0 122 11 6635
4110 11 4247 0 147 18 6636
4110 3 4244 0 24 195 6637
4110 44 4244 0 143 170 6638
4110 24 4245 0 117 40 6639
4110 35 4245 0 155 79 6640
4110 37 4243 0 140 22 6641
4110 6 4247 0 102 30 6642
4110 6 4246 0 16 120 6643
4110 27 4247 0 128 55 6644
4110 25 4246 0 63 113 6645
4110 17 4245 0 132 13 6646
4110 6 4244 0 142 143 6647
4110 10 4245 0 2 3 6648
4110 5 4246 0 102 1 6649
4110 6 4246 0 150 50 6650
4110 11 4247 0 109 56 6651
4110 17 4245 0 72 131 6652
4110 5 4246 0 58 139 6653
4110 7 4248 0 109 1 6654
4110 13 4246 0 127 22 6655
4110 7 4245 0 99 9 6656
4110 4 4248 0 178 113 6657
4110 12 4247 0 96 13 6658
4110 15 4246 0 152 41 6659
4125 19 4262 0 146 119 6660
4125 10 4261 0 198 85 6661
4125 15 4261 0 15 186 6662
4125 11 4259 0 99 9 6663
4125 4 4261 0 57 122 6664
4125 23 4261 0 127 22 6665
4125 11 4263 0 105 143 6666
4125 19 4261 0 86 23 6667
4125 41 4262 0 140 22 6668
4125 3 4262 0 24 195 6669
4125 24 4261 0 138 26 6670
4125 10 4261 0 33 177 6671
4125 14 4260 0 78 150 6672
4125 4 4259 0 72 194 6673
4125 3 4261 0 95 77 6674
4125 17 4259 0 146 22 6675
4125 25 4261 0 164 40 6676
4125 12 4262 0 96 13 6677
4125 22 4261 0 72 131 6678
4125 25 4260 0 40 59 6679
4125 41 4259 0 124 33 6680
4125 17 4260 0 7 180 6681
4125 12 4262 0 142 143 6682
4125 43 4260 0 121 49 6683
4125 11 4261 0 173 171 6684
4140 6 4278 0 178 113 6685
4140 25 4276 0 132 13 6686
4140 8 4277 0 128 96 6687
4140 30 4278 0 182 28 6688
4140 6 4274 0 29 60 6689
4140 36 4275 0 102 140 6690
4140 18 4274 0 113 48 6691
4140 20 4277 0 22 41 6692
4140 20 4277 0 138 26 6693
4140 16 4275 0 164 40 6694
4140 6 4275 0 110 24 6695
4140 38 4277 0 40 59 6696
4140 23 4275 0 63 113 6697
4140 11 4275 0 109 56 6698
4140 24 4276 0 117 40 6699
4140 23 4278 0 166 118 6700
4140 14 4279 0 78 150 6701
4140 20 4274 0 98 36 6702
4140 4 4276 0 24 195 6703
4140 33 4277 0 140 22 6704
4140 9 4278 0 146 159 6705
4140 6 4274 0 109 1 6706
4140 6 4278 0 99 9 6707
4140 32 4278 0 128 55 6708
4140 9 4277 0 24 183 6709
4140 4 4276 0 102 30 6710
4142 107 7128 1 155 122 6711
4144 63 7130 1 166 118 6712
4145 63 7132 1 110 24 6713
4155 40 4291 0 50 121 6714
4155 9 4292 0 146 159 6715
4155 25 4291 0 124 33 6716
4155 4 4291 0 186 125 6717
4155 37 4290 0 143 170 6718
4155 31 4294 0 131 45 6719
4155 18 4290 0 138 26 6720
4155 6 4289 0 63 134 6721
4155 7 4290 0 99 9 6722
4155 9 4289 0 93 9 6723
4155 18 4291 0 127 22 6724
4155 18 4291 0 86 23 6725
4155 6 4291 0 57 122 6726
4155 29 4290 0 96 33 6727
4155 9 4292 0 128 96 6728
4155 24 4290 0 63 113 6729
4155 17 4291 0 132 13 6730
4155 7 4291 0 173 171 6731
4155 6 4292 0 102 1 6732
4155 12 4291 0 155 52 6733
4155 11 4291 0 2 3 6734
4169 111 7153 1 127 43 6735
4170 4 4306 0 24 195 6736
4170 12 4305 0 155 122 6737
4170 27 4306 0 182 28 6738
4170 13 4304 0 127 22 6739
4170 32 4305 0 121 49 6740
4170 6 4304 0 72 194 6741
4170 37 4305 0 50 121 6742
4170 28 4304 0 46 189 6743
4170 10 4305 0 66 134 6744
4170 13 4306 0 164 40 6745
4170 24 4306 0 86 23 6746
4170 12 4305 0 105 143 6747
4170 16 4306 0 146 22 6748
4170 12 4305 0 147 18 6749
4170 9 4308 0 16 120 6750
4170 24 4305 0 152 41 6751
4170 6 4305 0 153 145 6752
4170 5 4304 0 57 122 6753
4170 26 4306 0 96 33 6754
4170 18 4308 0 113 48 6755
4170 9 4307 0 96 13 6756
4170 19 4305 0 7 180 6757
4170 3 4307 0 125 90 6758
4170 25 4307 0 22 41 6759
4170 17 4308 0 161 34 6760
4170 12 4306 0 109 1 6761
4170 9 4308 0 109 56 6762
4170 10 4306 0 127 43 6763
4170 3 4305 0 102 30 6764
4170 4 4306 0 63 134 6765
4170 11 4306 0 198 85 6766
4171 177 7157 1 173 171 6767
4185 13 4320 0 127 22 6768
4185 34 4320 0 140 22 6769
4185 26 4319 0 128 55 6770
4185 5 4322 0 95 77 6771
4185 10 4321 0 66 134 6772
4185 15 4322 0 155 122 6773
4185 21 4322 0 98 36 6774
4185 12 4321 0 145 55 6775
4185 20 4320 0 117 40 6776
4185 9 4322 0 153 145 6777
4185 12 4320 0 96 13 6778
4185 6 4320 0 125 90 6779
4185 10 4321 0 127 43 6780
4185 3 4321 0 102 30 6781
4185 8 4321 0 110 24 6782
4185 35 4320 0 143 170 6783
4185 6 4321 0 13 75 6784
4185 12 4322 0 138 26 6785
4185 21 4321 0 164 40 6786
4185 7 4322 0 122 11 6787
4185 12 4322 0 24 183 6788
4185 18 4320 0 132 13 6789
4185 5 4320 0 102 1 6790
4185 19 4319 0 146 22 6791
4185 11 4320 0 109 1 6792
4185 32 4321 0 121 49 6793
4185 6 4321 0 109 56 6794
4185 20 4321 0 113 48 6795
4191 55 7176 1 22 41 6796
4194 78 7179 1 15 186 6797
4200 9 4335 0 15 4 6798
4200 8 4337 0 96 13 6799
4200 33 4337 0 143 170 6800
4200 7 4336 0 127 43 6801
4200 12 4334 0 146 159 6802
4200 36 4337 0 131 45 6803
4200 6 4337 0 150 50 6804
4200 23 4338 0 138 26 6805
4200 4 4335 0 102 1 6806
4200 9 4338 0 16 120 6807
4200 3 4338 0 63 134 6808
4200 12 4335 0 110 24 6809
4200 21 4335 0 146 22 6810
4200 7 4335 0 148 23 6811
4200 17 4336 0 15 186 6812
4200 39 4335 0 128 55 6813
4200 13 4336 0 72 131 6814
4200 30 4337 0 140 22 6815
4200 10 4337 0 66 134 6816
4200 6 4336 0 128 96 6817
4200 14 4336 0 117 40 6818
4200 15 4336 0 66 169 6819
4200 6 4335 0 122 11 6820
4200 24 4334 0 132 13 6821
4200 9 4335 0 109 1 6822
4212 192 7197 1 22 41 6823
4215 22 4351 0 106 10 6824
4215 6 4349 0 145 55 6825
4215 27 4352 0 124 33 6826
4215 10 4352 0 147 18 6827
4215 25 4351 0 98 36 6828
4215 18 4354 0 132 13 6829
4215 12 4351 0 99 9 6830
4215 8 4352 0 146 159 6831
4215 10 4349 0 109 56 6832
4215 10 4352 0 155 52 6833
4215 10 4352 0 150 50 6834
4215 13 4349 0 83 108 6835
4215 24 4352 0 164 40 6836
4215 24 4352 0 166 118 6837
4215 41 4351 0 102 140 6838
4215 16 4352 0 117 40 6839
4215 6 4350 0 148 23 6840
4215 22 4352 0 72 131 6841
4215 5 4353 0 102 30 6842
4215 3 4351 0 178 113 6843
4215 5 4350 0 24 195 6844
4215 35 4350 0 40 59 6845
4215 7 4352 0 96 13 6846
4215 9 4353 0 16 120 6847
4218 119 7203 1 161 34 6848
4230 11 4368 0 110 24 6849
4230 38 4366 0 121 49 6850
4230 21 4365 0 78 150 6851
4230 8 4365 0 109 56 6852
4230 8 4369 0 33 177 6853
4230 31 4368 0 46 189 6854
4230 22 4366 0 164 40 6855
4230 11 4366 0 153 145 6856
4230 9 4366 0 96 13 6857
4230 9 4365 0 173 171 6858
4230 25 4365 0 63 113 6859
4230 19 4365 0 146 22 6860
4230 22 4367 0 22 41 6861
4230 6 4366 0 13 75 6862
4230 38 4367 0 140 22 6863
4230 4 4367 0 95 77 6864
4230 12 4365 0 72 131 6865
4230 37 4363 0 128 55 6866
4230 10 4364 0 148 23 6867
4244 68 7230 1 102 140 6868
4245 45 4382 0 140 22 6869
4245 11 4381 0 93 9 6870
4245 41 4380 0 121 49 6871
4245 12 4383 0 138 26 6872
4245 20 4380 0 117 40 6873
4245 12 4381 0 148 23 6874
4245 16 4383 0 15 186 6875
4245 39 4381 0 155 79 6876
4245 24 4379 0 146 22 6877
4245 16 4382 0 22 41 6878
4245 27 4381 0 96 33 6879
4245 6 4383 0 147 18 6880
4245 8 4380 0 110 24 6881
4245 20 4381 0 127 22 6882
4245 41 4384 0 128 55 6883
4245 34 4378 0 131 45 6884
4260 25 4394 0 78 150 6885
4260 8 4397 0 96 13 6886
4260 4 4396 0 58 139 6887
4260 11 4395 0 122 11 6888
4260 12 4397 0 29 60 6889
4260 4 4396 0 102 30 6890
4260 3 4396 0 13 75 6891
4260 7 4396 0 109 1 6892
4260 18 4396 0 106 10 6893
4260 20 4397 0 162 60 6894
4260 26 4395 0 140 22 6895
4260 11 4394 0 147 18 6896
4260 11 4398 0 153 145 6897
4260 8 4396 0 109 56 6898
4269 179 7253 1 166 118 6899
4275 11 4410 0 122 11 6900
4275 19 4410 0 63 113 6901
4275 45 4411 0 124 33 6902
4275 20 4411 0 7 180 6903
4275 25 4413 0 86 23 6904
4275 10 4409 0 2 3 6905
4275 10 4411 0 109 56 6906
4275 19 4411 0 127 22 6907
4275 30 4411 0 131 45 6908
4275 44 4410 0 55 108 6909
4275 11 4412 0 96 13 6910
4275 6 4412 0 72 194 6911
4275 12 4409 0 142 143 6912
4275 7 4411 0 146 159 6913
4275 22 4411 0 117 40 6914
4275 18 4411 0 138 26 6915
4275 11 4413 0 109 1 6916
4275 11 4412 0 198 85 6917
4275 11 4409 0 99 9 6918
4275 7 4411 0 128 96 6919
4275 6 4411 0 186 125 6920
4275 43 4411 0 128 55 6921
4275 17 4412 0 146 22 6922
4287 179 7273 1 128 96 6923
4290 14 4425 0 132 13 6924
4290 31 4427 0 128 55 6925
4290 3 4427 0 178 113 6926
4290 8 4425 0 24 183 6927
4290 11 4427 0 127 43 6928
4290 4 4426 0 95 77 6929
4290 11 4425 0 109 1 6930
4290 15 4424 0 138 26 6931
4290 6 4428 0 96 13 6932
4290 40 4427 0 102 140 6933
4290 30 4425 0 55 108 6934
4290 25 4425 0 117 40 6935
4290 5 4425 0 186 125 6936
4290 25 4427 0 166 118 6937
4290 9 4427 0 110 24 6938
4290 11 4424 0 173 171 6939
4290 11 4426 0 148 23 6940
4290 27 4426 0 121 49 6941
4290 11 4425 0 99 9 6942
4290 14 4425 0 22 41 6943
4290 23 4426 0 106 10 6944
4290 6 4425 0 102 1 6945
4290 39 4426 0 96 33 6946
4290 6 4427 0 122 11 6947
4290 18 4425 0 113 48 6948
4290 23 4425 0 78 150 6949
4290 36 4425 0 6 88 6950
4305 4 4440 0 95 77 6951
4305 23 4441 0 127 22 6952
4305 8 4442 0 198 85 6953
4305 28 4441 0 50 121 6954
4305 9 4439 0 142 143 6955
4305 15 4443 0 98 36 6956
4305 26 4440 0 6 88 6957
4305 43 4443 0 121 49 6958
4305 11 4441 0 147 18 6959
4305 38 4440 0 102 140 6960
4305 11 4440 0 146 159 6961
4305 12 4441 0 24 183 6962
4305 23 4441 0 113 48 6963
4305 11 4441 0 127 43 6964
4305 24 4441 0 106 10 6965
4305 20 4443 0 164 40 6966
4305 8 4440 0 109 1 6967
4305 11 4441 0 96 13 6968
4305 23 4440 0 7 180 6969
4305 28 4442 0 131 45 6970
4305 12 4441 0 148 23 6971
4305 38 4442 0 182 28 6972
4305 21 4443 0 66 169 6973
4319 54 7305 1 6 88 6974
4320 11 4456 0 99 9 6975
4320 4 4455 0 125 90 6976
4320 25 4453 0 152 41 6977
4320 7 4456 0 16 120 6978
4320 11 4455 0 96 13 6979
4320 6 4456 0 122 11 6980
4320 34 4459 0 143 170 6981
4320 9 4458 0 24 183 6982
4320 12 4457 0 15 4 6983
4320 25 4455 0 106 10 6984
4320 12 4456 0 83 108 6985
4320 12 4454 0 93 57 6986
4320 16 4459 0 98 36 6987
4320 12 4456 0 15 186 6988
4320 11 4454 0 145 55 6989
4320 25 4456 0 55 108 6990
4320 11 4454 0 33 177 6991
4320 17 4455 0 117 40 6992
4320 41 4457 0 140 22 6993
4320 11 4459 0 153 145 6994
4320 8 4456 0 127 43 6995
4320 17 4456 0 113 48 6996
4320 78 7307 1 138 26 6997
4320 36 4453 0 128 55 6998
4335 14 4472 0 22 41 6999
4335 23 4469 0 127 22 7000
4335 28 4470 0 96 33 7001
4335 5 4472 0 102 30 7002
4335 23 4473 0 138 26 7003
4335 19 4470 0 86 23 7004
4335 36 4471 0 128 55 7005
4335 42 4470 0 155 79 7006
4335 8 4469 0 148 23 7007
4335 12 4471 0 106 10 7008
4335 21 4472 0 146 22 7009
4335 13 4471 0 15 186 7010
4335 16 4472 0 113 48 7011
4335 8 4469 0 110 24 7012
4335 25 4468 0 140 22 7013
4335 10 4472 0 2 3 7014
4335 7 4471 0 147 18 7015
4335 9 4470 0 109 56 7016
4335 8 4473 0 122 11 7017
4335 12 4469 0 161 34 7018
4335 11 4471 0 127 43 7019
4335 17 4471 0 132 13 7020
4335 8 4471 0 96 13 7021
4335 3 4470 0 178 113 7022
4344 55 7331 1 161 34 7023
4350 17 4486 0 113 48 7024
4350 25 4486 0 128 55 7025
4350 7 4487 0 146 159 7026
4350 33 4484 0 124 33 7027
4350 9 4486 0 96 13 7028
4350 16 4487 0 166 118 7029
4350 10 4485 0 173 171 7030
4350 31 4487 0 140 22 7031
4350 14 4485 0 7 180 7032
4350 6 4487 0 110 24 7033
4350 6 4487 0 2 3 7034
4350 9 4488 0 109 56 7035
4350 8 4486 0 147 18 7036
4350 10 4487 0 16 120 7037
4350 9 4487 0 122 11 7038
4350 12 4486 0 29 60 7039
4350 21 4486 0 164 40 7040
4350 13 4486 0 66 169 7041
4350 37 4485 0 96 33 7042
4353 39 7337 1 121 49 7043
4357 84 7343 1 122 11 7044
4360 60 7345 1 109 56 7045
4365 12 4498 0 15 186 7046
4365 7 4502 0 96 13 7047
4365 3 4500 0 178 113 7048
4365 11 4501 0 173 171 7049
4365 16 4499 0 161 34 7050
4365 17 4499 0 98 36 7051
4365 8 4500 0 99 9 7052
4365 6 4498 0 2 3 7053
4365 10 4502 0 198 85 7054
4365 35 4503 0 96 33 7055
4365 14 4500 0 113 48 7056
4365 11 4501 0 145 55 7057
4365 13 4500 0 166 118 7058
4365 20 4500 0 164 40 7059
4365 34 4502 0 102 140 7060
4365 33 4501 0 121 49 7061
4365 6 4502 0 122 11 7062
4365 9 4502 0 15 4 7063
4365 15 4499 0 106 10 7064
4365 3 4501 0 63 134 7065
4365 7 4502 0 33 177 7066
4365 16 4498 0 7 180 7067
4365 44 4500 0 124 33 7068
4365 5 4503 0 102 30 7069
4365 12 4502 0 138 26 7070
4380 19 4516 0 86 23 7071
4380 11 4517 0 24 183 7072
4380 6 4517 0 109 56 7073
4380 11 4516 0 96 13 7074
4380 18 4518 0 98 36 7075
4380 38 4517 0 50 121 7076
4380 12 4517 0 93 9 7077
4380 28 4518 0 121 49 7078
4380 22 4516 0 127 22 7079
4380 25 4518 0 106 10 7080
4380 33 4518 0 143 170 7081
4380 9 4515 0 128 96 7082
4380 8 4517 0 99 9 7083
4380 45 4516 0 46 189 7084
4380 15 4517 0 146 119 7085
4380 8 4515 0 105 143 7086
4380 11 4514 0 127 43 7087
4380 29 4516 0 124 33 7088
4380 4 4516 0 102 30 7089
4380 22 4514 0 146 22 7090
4380 7 4516 0 122 11 7091
4395 4 4533 0 186 125 7092
4395 21 4532 0 66 169 7093
4395 7 4532 0 153 145 7094
4395 22 4532 0 67 20 7095
4395 21 4529 0 155 122 7096
4395 3 4532 0 102 30 7097
4395 14 4531 0 98 36 7098
4395 12 4532 0 110 24 7099
4395 12 4529 0 127 43 7100
4395 5 4533 0 63 134 7101
4395 22 4532 0 161 34 7102
4395 6 4531 0 58 139 7103
4395 44 4532 0 131 45 7104
4395 27 4531 0 124 33 7105
4395 5 4530 0 102 1 7106
4395 25 4532 0 155 79 7107
4395 3 4530 0 95 77 7108
4395 17 4531 0 106 10 7109
4395 11 4531 0 128 96 7110
4395 13 4533 0 146 22 7111
4395 38 4531 0 121 49 7112
4395 8 4531 0 173 171 7113
4395 11 4529 0 99 9 7114
4395 6 4529 0 178 113 7115
4395 8 4531 0 155 52 7116
4395 3 4532 0 125 90 7117
4395 11 4530 0 109 56 7118
4395 29 4532 0 143 170 7119
4410 34 4546 0 143 170 7120
4410 20 4546 0 138 26 7121
4410 20 4545 0 164 40 7122
4410 24 4546 0 117 40 7123
4410 23 4549 0 106 10 7124
4410 24 4546 0 146 119 7125
4410 13 4546 0 72 131 7126
4410 22 4544 0 132 13 7127
4410 9 4544 0 96 13 7128
4410 31 4546 0 124 33 7129
4410 9 4548 0 148 23 7130
4410 3 4547 0 102 1 7131
4410 24 4548 0 146 22 7132
4410 37 4546 0 121 49 7133
4410 6 4545 0 155 52 7134
4410 9 4546 0 99 9 7135
4410 26 4547 0 50 121 7136
4410 6 4547 0 24 183 7137
4410 23 4546 0 152 41 7138
4410 22 4546 0 66 169 7139
4410 7 4548 0 33 177 7140
4410 15 4546 0 67 20 7141
4410 43 4547 0 182 28 7142
4410 28 4544 0 140 22 7143
4410 12 4546 0 127 22 7144
4415 104 7400 1 121 49 7145
4425 22 4558 0 146 22 7146
4425 16 4561 0 93 57 7147
4425 7 4563 0 148 23 7148
4425 28 4560 0 131 45 7149
4425 43 4561 0 128 55 7150
4425 17 4560 0 117 40 7151
4425 8 4561 0 16 120 7152
4425 24 4563 0 138 26 7153
4425 43 4560 0 124 33 7154
4425 9 4561 0 109 56 7155
4425 15 4561 0 66 169 7156
4425 13 4562 0 132 13 7157
4425 43 4563 0 140 22 7158
4425 10 4560 0 153 145 7159
4425 24 4562 0 98 36 7160
4425 19 4561 0 67 20 7161
4425 8 4561 0 147 18 7162
4425 6 4561 0 150 50 7163
4425 7 4560 0 128 96 7164
4425 43 4560 0 155 79 7165
4425 5 4560 0 102 1 7166
4425 36 4559 0 46 189 7167
4425 37 4561 0 96 33 7168
4425 9 4560 0 93 9 7169
4425 5 4562 0 63 134 7170
4425 6 4560 0 122 11 7171
4425 32 4562 0 102 140 7172
4425 3 4561 0 58 139 7173
4440 12 4576 0 148 23 7174
4440 9 4574 0 153 145 7175
4440 13 4576 0 63 113 7176
4440 44 4575 0 121 49 7177
4440 4 4576 0 125 90 7178
4440 39 4574 0 182 28 7179
4440 42 4574 0 50 121 7180
4440 12 4574 0 146 22 7181
4440 8 4576 0 147 18 7182
4440 18 4577 0 67 20 7183
4440 21 4575 0 127 22 7184
4440 4 4575 0 57 122 7185
4440 23 4578 0 22 41 7186
4440 42 4575 0 102 140 7187
4440 10 4576 0 109 56 7188
4440 14 4578 0 132 13 7189
4440 20 4575 0 72 131 7190
4440 21 4575 0 138 26 7191
4440 45 4575 0 131 45 7192
4440 6 4575 0 99 9 7193
4452 46 7440 1 72 131 7194
4455 8 4591 0 148 23 7195
4455 11 4594 0 96 13 7196
4455 30 4591 0 96 33 7197
4455 12 4593 0 173 171 7198
4455 7 4592 0 128 96 7199
4455 20 4590 0 117 40 7200
4455 3 4591 0 63 134 7201
4455 16 4592 0 155 122 7202
4455 7 4590 0 122 11 7203
4455 35 4594 0 102 140 7204
4455 23 4591 0 113 48 7205
4455 5 4592 0 186 125 7206
4455 12 4592 0 66 134 7207
4455 25 4593 0 131 45 7208
4455 3 4591 0 58 139 7209
4455 6 4591 0 127 43 7210
4455 7 4591 0 33 177 7211
4455 11 4592 0 109 56 7212
4455 28 4590 0 182 28 7213
4455 42 4592 0 121 49 7214
4455 11 4592 0 105 143 7215
4455 30 4591 0 50 121 7216
4455 4 4592 0 13 75 7217
4455 16 4592 0 127 22 7218
4455 20 4591 0 146 22 7219
4470 19 4603 0 146 119 7220
4470 23 4605 0 155 122 7221
4470 13 4608 0 15 186 7222
4470 4 4609 0 102 30 7223
4470 23 4607 0 66 169 7224
4470 20 4607 0 132 13 7225
4470 12 4606 0 148 23 7226
4470 10 4604 0 96 13 7227
4470 4 4606 0 95 77 7228
4470 45 4606 0 143 170 7229
4470 12 4606 0 127 43 7230
4470 15 4605 0 98 36 7231
4470 24 4606 0 162 60 7232
4470 9 4607 0 147 18 7233
4470 9 4605 0 173 171 7234
4470 14 4606 0 127 22 7235
4470 25 4607 0 55 108 7236
4470 6 4605 0 150 50 7237
4470 6 4605 0 186 125 7238
4470 21 4609 0 106 10 7239
4470 9 4606 0 128 96 7240
4470 13 4606 0 78 150 7241
4470 17 4606 0 7 180 7242
4470 14 4606 0 63 113 7243
4470 35 4606 0 102 140 7244
4470 22 4608 0 83 108 7245
4470 27 4604 0 128 55 7246
4470 25 4606 0 113 48 7247
4470 45 4606 0 131 45 7248
4471 37 7458 1 46 189 7249
4471 38 7455 1 150 50 7250
4476 68 7462 1 128 96 7251
4485 4 4619 0 58 139 7252
4485 36 4619 0 121 49 7253
4485 13 4623 0 127 22 7254
4485 17 4621 0 155 122 7255
4485 12 4621 0 63 113 7256
4485 5 4621 0 186 125 7257
4485 9 4619 0 145 55 7258
4485 8 4621 0 128 96 7259
4485 16 4621 0 67 20 7260
4485 12 4621 0 105 143 7261
4485 7 4622 0 198 85 7262
4485 8 4621 0 96 13 7263
4485 18 4622 0 93 57 7264
4485 10 4620 0 148 23 7265
4485 16 4621 0 86 23 7266
4485 35 4620 0 46 189 7267
4485 32 4619 0 96 33 7268
4485 30 4621 0 128 55 7269
4485 40 4621 0 40 59 7270
4485 6 4622 0 102 30 7271
4485 26 4620 0 131 45 7272
4492 129 7479 1 67 20 7273
4496 49 7483 1 117 40 7274
4500 7 4634 0 127 43 7275
4500 8 4637 0 99 9 7276
4500 31 4634 0 121 49 7277
4500 23 4637 0 66 169 7278
4500 9 4637 0 155 52 7279
4500 39 4637 0 131 45 7280
4500 14 4636 0 67 20 7281
4500 8 4637 0 147 18 7282
4500 11 4635 0 148 23 7283
4500 19 4635 0 127 22 7284
4500 7 4637 0 15 4 7285
4500 13 4636 0 86 23 7286
4500 12 4637 0 96 13 7287
4500 29 4635 0 6 88 7288
4500 6 4637 0 122 11 7289
4500 14 4635 0 113 48 7290
4500 21 4633 0 72 131 7291
4500 20 4636 0 132 13 7292
4500 11 4637 0 33 177 7293
4500 23 4637 0 117 40 7294
4500 7 4634 0 2 3 7295
4500 11 4636 0 128 96 7296
4500 17 4635 0 83 108 7297
4500 7 4635 0 110 24 7298
4509 159 7493 1 55 108 7299
4510 47 7495 1 24 195 7300
4513 189 7499 1 83 108 7301
4515 12 4648 0 162 60 7302
4515 8 4652 0 147 18 7303
4515 27 4650 0 128 55 7304
4515 42 4652 0 50 121 7305
4515 45 4651 0 124 33 7306
4515 12 4652 0 63 113 7307
4515 4 4652 0 13 75 7308
4515 8 4652 0 122 11 7309
4515 19 4652 0 78 150 7310
4515 18 4652 0 15 186 7311
4515 16 4652 0 127 22 7312
4515 15 4649 0 106 10 7313
4515 25 4651 0 164 40 7314
4515 10 4651 0 33 177 7315
4515 9 4650 0 155 52 7316
4515 29 4653 0 140 22 7317
4515 4 4653 0 58 139 7318
4515 7 4649 0 148 23 7319
4515 18 4650 0 93 57 7320
4515 12 4651 0 113 48 7321
4515 12 4653 0 98 36 7322
4515 37 4650 0 182 28 7323
4515 23 4651 0 132 13 7324
4530 17 4666 0 106 10 7325
4530 22 4666 0 117 40 7326
4530 5 4668 0 63 134 7327
4530 6 4667 0 58 139 7328
4530 6 4667 0 99 9 7329
4530 5 4665 0 95 77 7330
4530 6 4669 0 102 30 7331
4530 12 4667 0 22 41 7332
4530 43 4666 0 46 189 7333
4530 13 4666 0 72 131 7334
4530 35 4667 0 143 170 7335
4530 4 4665 0 13 75 7336
4530 12 4666 0 122 11 7337
4530 43 4666 0 155 79 7338
4530 3 4664 0 24 195 7339
4530 30 4667 0 124 33 7340
4530 6 4666 0 24 183 7341
4530 45 4667 0 128 55 7342
4530 21 4663 0 98 36 7343
4530 25 4664 0 162 60 7344
4530 9 4666 0 148 23 7345
4545 4 4681 0 24 195 7346
4545 8 4682 0 109 1 7347
4545 20 4682 0 161 34 7348
4545 25 4683 0 86 23 7349
4545 16 4681 0 117 40 7350
4545 6 4681 0 146 159 7351
4545 22 4680 0 113 48 7352
4545 17 4679 0 146 22 7353
4545 42 4682 0 128 55 7354
4545 24 4680 0 132 13 7355
4545 9 4681 0 122 11 7356
4545 5 4682 0 102 30 7357
4545 24 4681 0 152 41 7358
4545 10 4681 0 147 18 7359
4545 18 4681 0 7 180 7360
4545 17 4683 0 63 113 7361
4545 10 4677 0 105 143 7362
4545 9 4680 0 198 85 7363
4545 5 4681 0 13 75 7364
4545 22 4682 0 83 108 7365
4545 11 4681 0 150 50 7366
4545 8 4682 0 99 9 7367
4545 25 4683 0 131 45 7368
4545 6 4682 0 178 113 7369
4545 12 4680 0 15 186 7370
4545 36 4681 0 140 22 7371
4545 43 4681 0 121 49 7372
4545 7 4678 0 2 3 7373
4545 12 4680 0 148 23 7374
4545 6 4680 0 15 4 7375
4560 6 4697 0 186 125 7376
4560 5 4696 0 95 77 7377
4560 12 4697 0 7 180 7378
4560 17 4696 0 98 36 7379
4560 9 4696 0 29 60 7380
4560 10 4697 0 127 43 7381
4560 14 4697 0 166 118 7382
4560 12 4695 0 132 13 7383
4560 24 4697 0 138 26 7384
4560 15 4696 0 83 108 7385
4560 8 4699 0 147 18 7386
4560 11 4696 0 122 11 7387
4560 6 4697 0 125 90 7388
4560 9 4696 0 99 9 7389
4560 15 4698 0 127 22 7390
4560 24 4697 0 78 150 7391
4560 21 4697 0 106 10 7392
4560 8 4696 0 16 120 7393
4560 16 4696 0 146 119 7394
4560 13 4697 0 22 41 7395
4560 16 4697 0 146 22 7396
4560 37 4696 0 96 33 7397
4560 17 4698 0 117 40 7398
4567 104 7553 1 66 169 7399
4573 196 7561 1 66 134 7400
4575 9 4712 0 15 4 7401
4575 35 4711 0 182 28 7402
4575 23 4711 0 155 122 7403
4575 31 4713 0 124 33 7404
4575 6 4711 0 16 120 7405
4575 3 4711 0 72 194 7406
4575 20 4714 0 15 186 7407
4575 8 4710 0 33 177 7408
4575 23 4712 0 72 131 7409
4575 25 4711 0 22 41 7410
4575 6 4712 0 102 1 7411
4575 39 4710 0 6 88 7412
4575 17 4712 0 127 22 7413
4575 15 4711 0 138 26 7414
4575 3 4712 0 63 134 7415
4575 30 4711 0 128 55 7416
4575 39 4711 0 102 140 7417
4575 10 4709 0 122 11 7418
4575 8 4712 0 173 171 7419
4575 6 4712 0 148 23 7420
4590 9 4728 0 153 145 7421
4590 21 4726 0 138 26 7422
4590 11 4727 0 110 24 7423
4590 15 4728 0 98 36 7424
4590 6 4727 0 148 23 7425
4590 24 4727 0 152 41 7426
4590 6 4723 0 147 18 7427
4590 11 4728 0 198 85 7428
4590 12 4723 0 99 9 7429
4590 18 4725 0 72 131 7430
4590 23 4724 0 106 10 7431
4590 15 4728 0 22 41 7432
4590 4 4728 0 57 122 7433
4590 3 4725 0 102 1 7434
4590 11 4726 0 146 159 7435
4590 17 4726 0 127 22 7436
4590 26 4726 0 128 55 7437
4590 44 4726 0 124 33 7438
4590 5 4724 0 186 125 7439
4590 4 4726 0 102 30 7440
4590 25 4725 0 132 13 7441
4605 11 4741 0 66 134 7442
4605 6 4742 0 96 13 7443
4605 12 4739 0 29 60 7444
4605 8 4741 0 2 3 7445
4605 6 4742 0 102 30 7446
4605 12 4742 0 16 120 7447
4605 25 4743 0 132 13 7448
4605 20 4740 0 138 26 7449
4605 19 4741 0 22 41 7450
4605 20 4741 0 106 10 7451
4605 23 4739 0 98 36 7452
4605 24 4742 0 117 40 7453
4605 11 4741 0 147 18 7454
4605 23 4739 0 66 169 7455
4605 4 4741 0 58 139 7456
4605 26 4741 0 46 189 7457
4605 11 4742 0 127 43 7458
4605 18 4740 0 78 150 7459
4605 15 4742 0 162 60 7460
4605 12 4741 0 122 11 7461
4605 18 4740 0 152 41 7462
4605 10 4740 0 99 9 7463
4620 20 4757 0 98 36 7464
4620 22 4757 0 63 113 7465
4620 11 4755 0 99 9 7466
4620 4 4755 0 24 195 7467
4620 15 4757 0 113 48 7468
4620 10 4757 0 122 11 7469
4620 24 4756 0 127 22 7470
4620 30 4755 0 182 28 7471
4620 9 4756 0 148 23 7472
4620 8 4756 0 109 56 7473
4620 22 4755 0 106 10 7474
4620 32 4756 0 6 88 7475
4620 20 4757 0 7 180 7476
4620 7 4756 0 127 43 7477
4620 4 4757 0 95 77 7478
4620 25 4756 0 146 22 7479
4620 25 4757 0 128 55 7480
4620 37 4755 0 124 33 7481
4629 48 7616 1 63 113 7482
4631 32 7616 1 182 28 7483
4635 35 4771 0 124 33 7484
4635 16 4770 0 98 36 7485
4635 23 4770 0 152 41 7486
4635 6 4771 0 102 30 7487
4635 21 4770 0 106 10 7488
4635 20 4771 0 127 22 7489
4635 9 4770 0 127 43 7490
4635 17 4771 0 83 108 7491
4635 9 4772 0 96 13 7492
4635 11 4771 0 153 145 7493
4635 33 4770 0 50 121 7494
4635 8 4771 0 110 24 7495
4635 32 4772 0 121 49 7496
4635 23 4769 0 67 20 7497
4635 29 4770 0 128 55 7498
4635 42 4772 0 155 79 7499
4635 21 4773 0 66 169 7500
4635 8 4772 0 147 18 7501
4635 7 4772 0 109 56 7502
4635 44 4771 0 102 140 7503
4635 18 4769 0 113 48 7504
4635 14 4772 0 138 26 7505
4645 76 7631 1 131 45 7506
4650 6 4786 0 110 24 7507
4650 16 4786 0 155 122 7508
4650 12 4787 0 15 4 7509
4650 12 4787 0 150 50 7510
4650 35 4786 0 6 88 7511
4650 21 4785 0 86 23 7512
4650 43 4787 0 96 33 7513
4650 4 4784 0 102 1 7514
4650 5 4789 0 178 113 7515
4650 10 4787 0 147 18 7516
4650 6 4785 0 72 194 7517
4650 11 4785 0 109 56 7518
4650 12 4787 0 148 23 7519
4650 11 4787 0 105 143 7520
4650 44 4787 0 128 55 7521
4650 32 4787 0 124 33 7522
4650 23 4785 0 106 10 7523
4650 7 4786 0 122 11 7524
4650 4 4786 0 125 90 7525
4650 12 4786 0 96 13 7526
4665 4 4799 0 24 195 7527
4665 8 4801 0 122 11 7528
4665 45 4801 0 96 33 7529
4665 9 4802 0 146 159 7530
4665 6 4801 0 72 194 7531
4665 15 4802 0 127 22 7532
4665 18 4801 0 166 118 7533
4665 21 4802 0 117 40 7534
4665 8 4802 0 109 56 7535
4665 31 4799 0 102 140 7536
4665 40 4800 0 128 55 7537
4665 12 4801 0 155 52 7538
4665 21 4803 0 22 41 7539
4665 9 4801 0 24 183 7540
4665 19 4803 0 86 23 7541
4665 44 4800 0 155 79 7542
4665 17 4803 0 93 57 7543
4665 4 4801 0 102 30 7544
4665 14 4802 0 106 10 7545
4665 36 4802 0 182 28 7546
4665 8 4802 0 110 24 7547
4665 21 4800 0 162 60 7548
4680 42 4817 0 96 33 7549
4680 4 4818 0 102 1 7550
4680 35 4816 0 124 33 7551
4680 45 4817 0 131 45 7552
4680 13 4817 0 106 10 7553
4680 11 4814 0 146 159 7554
4680 19 4815 0 161 34 7555
4680 41 4813 0 46 189 7556
4680 4 4816 0 102 30 7557
4680 18 4814 0 132 13 7558
4680 23 4816 0 127 22 7559
4680 19 4816 0 93 57 7560
4680 8 4814 0 24 183 7561
4680 12 4818 0 29 60 7562
4680 43 4817 0 102 140 7563
4680 6 4815 0 127 43 7564
4680 16 4814 0 117 40 7565
4680 6 4815 0 72 194 7566
4680 6 4815 0 148 23 7567
4680 23 4816 0 146 22 7568
4680 11 4815 0 2 3 7569
4680 38 4817 0 40 59 7570
4680 9 4813 0 99 9 7571
4680 12 4816 0 110 24 7572
4695 23 4832 0 166 118 7573
4695 15 4831 0 106 10 7574
4695 20 4831 0 164 40 7575
4695 37 4831 0 143 170 7576
4695 4 4830 0 58 139 7577
4695 6 4831 0 186 125 7578
4695 45 4832 0 131 45 7579
4695 13 4832 0 63 113 7580
4695 25 4831 0 93 57 7581
4695 15 4832 0 117 40 7582
4695 11 4833 0 109 56 7583
4695 12 4832 0 110 24 7584
4695 43 4833 0 140 22 7585
4695 25 4832 0 155 122 7586
4695 10 4832 0 148 23 7587
4695 21 4832 0 72 131 7588
4695 6 4830 0 72 194 7589
4695 12 4829 0 96 13 7590
4695 8 4830 0 150 50 7591
4695 14 4830 0 146 22 7592
4695 6 4833 0 127 43 7593
4695 21 4830 0 78 150 7594
4695 36 4831 0 50 121 7595
4695 11 4831 0 146 159 7596
4695 11 4832 0 99 9 7597
4703 104 7688 1 7 180 7598
4707 46 7693 1 105 143 7599
4710 34 4846 0 96 33 7600
4710 8 4846 0 145 55 7601
4710 20 4846 0 106 10 7602
4710 37 4847 0 121 49 7603
4710 15 4846 0 162 60 7604
4710 9 4846 0 173 171 7605
4710 19 4846 0 72 131 7606
4710 12 4846 0 93 57 7607
4710 14 4846 0 117 40 7608
4710 24 4847 0 132 13 7609
4710 3 4848 0 102 30 7610
4710 39 4848 0 140 22 7611
4710 19 4845 0 113 48 7612
4710 10 4845 0 146 159 7613
4710 10 4847 0 110 24 7614
4710 16 4842 0 146 22 7615
4710 3 4845 0 13 75 7616
4710 9 4844 0 29 60 7617
4717 55 7703 1 142 143 7618
4725 12 4862 0 66 134 7619
4725 18 4860 0 127 22 7620
4725 12 4861 0 109 1 7621
4725 17 4860 0 93 57 7622
4725 10 4862 0 142 143 7623
4725 22 4862 0 113 48 7624
4725 12 4860 0 173 171 7625
4725 7 4860 0 105 143 7626
4725 3 4861 0 186 125 7627
4725 8 4861 0 109 56 7628
4725 30 4861 0 102 140 7629
4725 3 4862 0 102 30 7630
4725 6 4860 0 148 23 7631
4725 14 4862 0 66 169 7632
4725 4 4859 0 125 90 7633
4725 8 4860 0 153 145 7634
4725 28 4862 0 96 33 7635
4725 7 4860 0 99 9 7636
4725 11 4860 0 96 13 7637
4725 16 4862 0 132 13 7638
4725 12 4860 0 16 120 7639
4725 3 4859 0 58 139 7640
4725 14 4860 0 22 41 7641
4725 22 4861 0 106 10 7642
4725 12 4861 0 162 60 7643
4734 101 7720 1 164 40 7644
4740 6 4875 0 109 56 7645
4740 7 4877 0 96 13 7646
4740 36 4874 0 124 33 7647
4740 11 4876 0 147 18 7648
4740 11 4875 0 198 85 7649
4740 42 4874 0 131 45 7650
4740 23 4878 0 146 22 7651
4740 14 4876 0 7 180 7652
4740 43 4875 0 121 49 7653
4740 45 4875 0 50 121 7654
4740 40 4876 0 96 33 7655
4740 28 4876 0 128 55 7656
4740 12 4875 0 24 183 7657
4740 6 4876 0 155 52 7658
4740 20 4876 0 162 60 7659
4740 12 4877 0 113 48 7660
4755 37 4892 0 128 55 7661
4755 7 4889 0 146 159 7662
4755 15 4890 0 146 22 7663
4755 11 4891 0 147 18 7664
4755 41 4890 0 40 59 7665
4755 8 4890 0 153 145 7666
4755 12 4892 0 113 48 7667
4755 32 4890 0 131 45 7668
4755 25 4890 0 50 121 7669
4755 25 4889 0 182 28 7670
4755 10 4891 0 33 177 7671
4755 16 4891 0 98 36 7672
4755 6 4892 0 102 30 7673
4755 13 4891 0 63 113 7674
4755 24 4891 0 117 40 7675
4755 7 4891 0 122 11 7676
4755 20 4891 0 162 60 7677
4755 10 4891 0 148 23 7678
4755 6 4891 0 29 60 7679
4755 11 4892 0 127 43 7680
4755 25 4892 0 72 131 7681
4755 18 4891 0 106 10 7682
4755 13 4891 0 146 119 7683
4755 11 4891 0 15 4 7684
4755 13 4893 0 138 26 7685
4755 16 4892 0 127 22 7686
4755 37 4892 0 140 22 7687
4755 7 4890 0 155 52 7688
4755 11 4892 0 93 9 7689
4755 22 4889 0 83 108 7690
4755 3 4890 0 72 194 7691
4755 12 4888 0 24 183 7692
4770 11 4907 0 16 120 7693
4770 22 4907 0 22 41 7694
4770 5 4905 0 102 1 7695
4770 25 4907 0 117 40 7696
4770 17 4907 0 67 20 7697
4770 4 4906 0 102 30 7698
4770 24 4906 0 106 10 7699
4770 41 4908 0 140 22 7700
4770 21 4907 0 161 34 7701
4770 20 4906 0 162 60 7702
4770 5 4907 0 186 125 7703
4770 37 4907 0 121 49 7704
4770 18 4908 0 166 118 7705
4770 7 4907 0 99 9 7706
4770 44 4903 0 55 108 7707
4770 11 4904 0 122 11 7708
4770 4 4905 0 58 139 7709
4770 11 4908 0 173 171 7710
4770 11 4905 0 15 4 7711
4770 6 4907 0 63 134 7712
4770 44 4904 0 182 28 7713
4770 6 4905 0 128 96 7714
4770 6 4904 0 145 55 7715
4770 23 4906 0 132 13 7716
4770 25 4906 0 124 33 7717
4770 22 4905 0 113 48 7718
4785 36 4920 0 182 28 7719
4785 12 4921 0 109 56 7720
4785 11 4920 0 99 9 7721
4785 25 4920 0 86 23 7722
4785 11 4920 0 122 11 7723
4785 38 4922 0 124 33 7724
4785 15 4920 0 138 26 7725
4785 7 4921 0 127 43 7726
4785 5 4921 0 24 195 7727
4785 32 4922 0 128 55 7728
4785 5 4920 0 63 134 7729
4785 21 4919 0 132 13 7730
4785 85 7772 1 145 55 7731
4785 44 4921 0 140 22 7732
4785 9 4921 0 2 3 7733
4785 21 4922 0 106 10 7734
4785 30 4921 0 40 59 7735
4785 44 4923 0 131 45 7736
4785 15 4919 0 98 36 7737
4785 5 4921 0 72 194 7738
4785 3 4919 0 125 90 7739
4785 3 4922 0 186 125 7740
4785 9 4921 0 147 18 7741
4785 8 4921 0 110 24 7742
4785 36 4923 0 121 49 7743
4785 43 4922 0 55 108 7744
4785 14 4922 0 15 186 7745
4800 20 4938 0 106 10 7746
4800 5 4937 0 186 125 7747
4800 12 4932 0 22 41 7748
4800 7 4937 0 150 50 7749
4800 21 4937 0 155 122 7750
4800 13 4935 0 138 26 7751
4800 12 4937 0 147 18 7752
4800 3 4936 0 102 30 7753
4800 16 4937 0 113 48 7754
4800 30 4937 0 128 55 7755
4800 12 4936 0 146 159 7756
4800 6 4935 0 145 55 7757
4800 12 4935 0 16 120 7758
4800 12 4933 0 173 171 7759
4800 44 4937 0 124 33 7760
4800 41 4937 0 6 88 7761
4800 16 4938 0 146 22 7762
4801 192 7786 1 40 59 7763
4815 22 4951 0 138 26 7764
4815 29 4951 0 46 189 7765
4815 16 4948 0 86 23 7766
4815 15 4950 0 164 40 7767
4815 12 4950 0 105 143 7768
4815 15 4952 0 113 48 7769
4815 4 4951 0 24 195 7770
4815 21 4953 0 152 41 7771
4815 12 4950 0 109 56 7772
4815 10 4950 0 29 60 7773
4815 10 4949 0 122 11 7774
4815 44 4951 0 96 33 7775
4815 7 4951 0 110 24 7776
4815 33 4949 0 128 55 7777
4815 45 4951 0 140 22 7778
4815 12 4952 0 117 40 7779
4815 17 4951 0 162 60 7780
4815 12 4951 0 161 34 7781
4815 9 4950 0 147 18 7782
4825 77 7812 1 86 23 7783
4830 11 4967 0 110 24 7784
4830 12 4966 0 15 186 7785
4830 18 4967 0 138 26 7786
4830 5 4965 0 57 122 7787
4830 38 4964 0 182 28 7788
4830 6 4966 0 109 56 7789
4830 24 4964 0 132 13 7790
4830 28 4967 0 121 49 7791
4830 18 4965 0 113 48 7792
4830 44 4966 0 155 79 7793
4830 9 4963 0 2 3 7794
4830 30 4967 0 128 55 7795
4830 43 4965 0 143 170 7796
4830 7 4966 0 148 23 7797
4830 13 4966 0 106 10 7798
4830 30 4968 0 124 33 7799
4830 17 4966 0 162 60 7800
4830 7 4966 0 128 96 7801
4830 3 4965 0 102 30 7802
4830 7 4966 0 146 159 7803
4830 6 4966 0 15 4 7804
4830 12 4964 0 99 9 7805
4830 6 4967 0 58 139 7806
4830 25 4966 0 140 22 7807
4836 193 7824 1 58 139 7808
4845 9 4981 0 145 55 7809
4845 27 4981 0 55 108 7810
4845 9 4981 0 99 9 7811
4845 25 4981 0 113 48 7812
4845 4 4980 0 95 77 7813
4845 17 4983 0 161 34 7814
4845 6 4980 0 122 11 7815
4845 9 4981 0 127 43 7816
4845 7 4983 0 148 23 7817
4845 3 4980 0 57 122 7818
4845 3 4982 0 102 30 7819
4845 12 4981 0 109 56 7820
4845 16 4980 0 106 10 7821
4845 33 4978 0 140 22 7822
4845 12 4982 0 138 26 7823
4845 6 4984 0 198 85 7824
4845 6 4981 0 147 18 7825
4845 7 4981 0 110 24 7826
4845 7 4983 0 96 13 7827
4845 13 4981 0 146 22 7828
4845 19 4981 0 132 13 7829
4845 12 4981 0 93 9 7830
4845 18 4982 0 117 40 7831
4845 7 4979 0 105 143 7832
4845 29 4983 0 40 59 7833
4845 37 4981 0 121 49 7834
4845 6 4981 0 109 1 7835
4860 33 4995 0 50 121 7836
4860 8 4997 0 109 56 7837
4860 8 4996 0 198 85 7838
4860 8 4997 0 96 13 7839
4860 11 4997 0 16 120 7840
4860 6 4996 0 173 171 7841
4860 21 4996 0 127 22 7842
4860 45 4997 0 140 22 7843
4860 3 4995 0 125 90 7844
4860 34 4994 0 6 88 7845
4860 8 4997 0 147 18 7846
4860 33 4996 0 131 45 7847
4860 10 4996 0 109 1 7848
4860 10 4995 0 2 3 7849
4860 36 4992 0 46 189 7850
4860 12 4995 0 113 48 7851
4860 23 4996 0 164 40 7852
4860 19 4995 0 162 60 7853
4860 24 4996 0 138 26 7854
4860 22 4996 0 161 34 7855
4860 45 4996 0 124 33 7856
4860 9 4997 0 110 24 7857
4860 10 4996 0 148 23 7858
4860 12 4995 0 145 55 7859
4860 6 4997 0 24 183 7860
4860 9 4996 0 122 11 7861
4860 35 4997 0 128 55 7862
4866 71 7851 1 164 40 7863
4873 39 7859 1 125 90 7864
4874 124 7862 1 146 119 7865
4875 7 5013 0 110 24 7866
4875 18 5010 0 152 41 7867
4875 12 5011 0 15 186 7868
4875 9 5010 0 173 171 7869
4875 6 5009 0 66 134 7870
4875 11 5009 0 147 18 7871
4875 17 5010 0 113 48 7872
4875 9 5011 0 198 85 7873
4875 3 5011 0 58 139 7874
4875 15 5012 0 106 10 7875
4875 7 5010 0 96 13 7876
4875 7 5011 0 16 120 7877
4875 17 5013 0 146 22 7878
4875 6 5011 0 148 23 7879
4875 7 5009 0 142 143 7880
4875 24 5009 0 117 40 7881
4875 11 5012 0 2 3 7882
4875 31 5011 0 40 59 7883
4875 21 5011 0 166 118 7884
4875 17 5010 0 86 23 7885
4875 21 5010 0 67 20 7886
4875 13 5011 0 63 113 7887
4875 10 5011 0 24 183 7888
4875 11 5012 0 122 11 7889
4875 43 5011 0 96 33 7890
4875 42 5010 0 55 108 7891
4875 5 5013 0 102 30 7892
4875 26 5011 0 50 121 7893
4875 6 5012 0 145 55 7894
4875 3 5010 0 72 194 7895
4884 114 7867 1 63 113 7896
4890 6 5028 0 29 60 7897
4890 40 5025 0 124 33 7898
4890 8 5024 0 147 18 7899
4890 5 5027 0 102 30 7900
4890 21 5026 0 117 40 7901
4890 21 5027 0 155 122 7902
4890 25 5025 0 152 41 7903
4890 44 5027 0 121 49 7904
4890 7 5027 0 109 56 7905
4890 12 5024 0 145 55 7906
4890 6 5026 0 186 125 7907
4890 10 5024 0 127 43 7908
4890 3 5026 0 95 77 7909
4890 10 5024 0 110 24 7910
4890 27 5025 0 40 59 7911
4890 11 5026 0 122 11 7912
4890 26 5028 0 140 22 7913
4890 17 5023 0 78 150 7914
4890 44 7876 1 63 134 7915
4905 10 5039 0 96 13 7916
4905 11 5041 0 109 56 7917
4905 11 5038 0 110 24 7918
4905 6 5042 0 125 90 7919
4905 35 5042 0 128 55 7920
4905 21 5041 0 117 40 7921
4905 18 5044 0 93 57 7922
4905 28 5042 0 96 33 7923
4905 11 5040 0 105 143 7924
4905 14 5041 0 72 131 7925
4905 23 5041 0 86 23 7926
4905 18 5044 0 146 119 7927
4905 25 5042 0 162 60 7928
4905 11 5042 0 146 159 7929
4905 43 5045 0 124 33 7930
4905 22 5039 0 146 22 7931
4905 29 5039 0 140 22 7932
4905 5 5041 0 13 75 7933
4905 3 5042 0 57 122 7934
4905 6 5040 0 95 77 7935
4905 8 5041 0 147 18 7936
4905 32 5040 0 121 49 7937
4913 33 7900 1 66 169 7938
4914 187 7902 1 117 40 7939
4920 12 5057 0 132 13 7940
4920 5 5056 0 95 77 7941
4920 7 5057 0 122 11 7942
4920 33 5055 0 121 49 7943
4920 12 5056 0 142 143 7944
4920 4 5056 0 102 1 7945
4920 18 5055 0 72 131 7946
4920 21 5055 0 146 119 7947
4920 7 5056 0 105 143 7948
4920 8 5055 0 110 24 7949
4920 10 5055 0 147 18 7950
4920 9 5055 0 16 120 7951
4920 11 5056 0 198 85 7952
4920 5 5054 0 57 122 7953
4920 3 5055 0 72 194 7954
4920 29 5053 0 131 45 7955
4920 4 5056 0 13 75 7956
4920 15 5058 0 127 22 7957
4920 30 5055 0 155 79 7958
4920 6 5057 0 109 56 7959
4920 34 5057 0 50 121 7960
4920 15 5054 0 146 22 7961
4920 30 5056 0 140 22 7962
4920 22 5057 0 93 57 7963
4920 16 5055 0 83 108 7964
4920 10 5057 0 2 3 7965
4920 12 5056 0 138 26 7966
4920 5 5057 0 102 30 7967
4920 21 5055 0 67 20 7968
4920 44 5057 0 55 108 7969
4935 25 5072 0 121 49 7970
4935 4 5070 0 102 1 7971
4935 5 5072 0 58 139 7972
4935 21 5071 0 106 10 7973
4935 43 5072 0 124 33 7974
4935 5 5071 0 13 75 7975
4935 14 5072 0 98 36 7976
4935 16 5073 0 155 122 7977
4935 7 5074 0 145 55 7978
4935 6 5070 0 128 96 7979
4935 5 5071 0 63 134 7980
4935 21 5070 0 72 131 7981
4935 21 5072 0 161 34 7982
4935 32 5070 0 131 45 7983
4935 5 5073 0 186 125 7984
4935 5 5072 0 72 194 7985
4935 13 5071 0 93 57 7986
4935 8 5072 0 93 9 7987
4935 27 5071 0 40 59 7988
4935 7 5071 0 127 43 7989
4935 39 5071 0 6 88 7990
4935 19 5072 0 162 60 7991
4935 18 5071 0 15 186 7992
4935 34 5071 0 128 55 7993
4935 7 5073 0 110 24 7994
4950 6 5084 0 109 56 7995
4950 12 5085 0 72 131 7996
4950 23 5084 0 127 22 7997
4950 33 5085 0 140 22 7998
4950 23 5086 0 166 118 7999
4950 8 5087 0 198 85 8000
4950 6 5085 0 128 96 8001
4950 13 5088 0 138 26 8002
4950 6 5087 0 24 183 8003
4950 16 5086 0 22 41 8004
4950 7 5086 0 110 24 8005
4950 11 5086 0 99 9 8006
4950 4 5091 0 95 77 8007
4950 27 5085 0 46 189 8008
4950 3 5088 0 63 134 8009
4950 33 5084 0 40 59 8010
4950 19 5084 0 117 40 8011
4950 22 5083 0 106 10 8012
4950 17 5087 0 63 113 8013
4950 11 5086 0 122 11 8014
4950 35 5086 0 124 33 8015
4950 11 5086 0 93 9 8016
4950 20 5086 0 132 13 8017
4950 5 5088 0 24 195 8018
4950 45 5086 0 96 33 8019
4965 13 5100 0 164 40 8020
4965 32 5100 0 128 55 8021
4965 15 5104 0 98 36 8022
4965 12 5102 0 147 18 8023
4965 16 5103 0 22 41 8024
4965 3 5101 0 125 90 8025
4965 41 5101 0 55 108 8026
4965 24 5103 0 155 122 8027
4965 7 5103 0 29 60 8028
4965 32 5102 0 140 22 8029
4965 196 7950 1 146 159 8030
4965 24 5102 0 166 118 8031
4965 15 5100 0 138 26 8032
4965 3 5100 0 102 30 8033
4965 14 5102 0 132 13 8034
4965 3 5101 0 24 195 8035
4965 10 5101 0 110 24 8036
4965 3 5099 0 102 1 8037
4965 13 5102 0 162 60 8038
4965 12 5103 0 99 9 8039
4965 20 5101 0 93 57 8040
4965 10 5100 0 127 43 8041
4965 39 5100 0 182 28 8042
4965 8 5101 0 109 56 8043
4965 6 5101 0 58 139 8044
4965 6 5101 0 109 1 8045
4965 31 5102 0 40 59 8046
4965 15 5100 0 86 23 8047
4965 32 5101 0 131 45 8048
4965 12 5098 0 16 120 8049
4971 109 7956 1 24 195 8050
4980 6 5117 0 63 134 8051
4980 14 5114 0 138 26 8052
4980 7 5114 0 147 18 8053
4980 32 5116 0 102 140 8054
4980 4 5116 0 102 30 8055
4980 37 5115 0 124 33 8056
4980 21 5118 0 113 48 8057
4980 26 5114 0 131 45 8058
4980 20 5115 0 152 41 8059
4980 39 5117 0 121 49 8060
4980 20 5116 0 15 186 8061
4980 9 5114 0 155 52 8062
4980 9 5114 0 24 183 8063
4980 8 5118 0 148 23 8064
4980 11 5116 0 15 4 8065
4980 7 5116 0 128 96 8066
4980 43 5115 0 96 33 8067
4980 13 5117 0 98 36 8068
4980 31 5117 0 46 189 8069
4980 67 7964 1 178 113 8070
4980 7 5115 0 142 143 8071
4980 16 5115 0 146 22 8072
4980 16 5115 0 161 34 8073
4980 24 5117 0 117 40 8074
4992 79 7977 1 67 20 8075
4995 10 5131 0 127 43 8076
4995 11 5132 0 24 183 8077
4995 25 5132 0 152 41 8078
4995 18 5129 0 93 57 8079
4995 7 5131 0 96 13 8080
4995 30 5131 0 140 22 8081
4995 41 5127 0 182 28 8082
4995 3 5133 0 72 194 8083
4995 43 5132 0 40 59 8084
4995 12 5132 0 148 23 8085
4995 8 5132 0 153 145 8086
4995 12 5133 0 122 11 8087
4995 9 5129 0 99 9 8088
4995 21 5131 0 138 26 8089
4995 12 5129 0 113 48 8090
4995 21 5131 0 132 13 8091
4995 6 5132 0 198 85 8092
4995 24 5134 0 117 40 8093
4995 20 5132 0 146 22 8094
4995 13 5129 0 83 108 8095
4995 37 5129 0 121 49 8096
4995 25 5131 0 166 118 8097
5010 39 5147 0 50 121 8098
5010 39 5147 0 124 33 8099
5010 11 5145 0 93 9 8100
5010 5 5148 0 57 122 8101
5010 44 5146 0 143 170 8102
5010 25 5147 0 146 22 8103
5010 41 5147 0 55 108 8104
5010 17 5146 0 78 150 8105
5010 8 5144 0 110 24 8106
5010 10 5147 0 96 13 8107
5010 11 5146 0 148 23 8108
5010 6 5147 0 24 195 8109
5010 41 5145 0 121 49 8110
5010 6 5147 0 178 113 8111
5010 25 5145 0 63 113 8112
5010 10 5147 0 147 18 8113
5010 23 5147 0 22 41 8114
5010 6 5146 0 102 1 8115
5010 44 5147 0 140 22 8116
5010 3 5145 0 125 90 8117
5019 45 8005 1 155 122 8118
5025 22 5163 0 127 22 8119
5025 16 5163 0 83 108 8120
5025 6 5162 0 146 159 8121
5025 35 5161 0 143 170 8122
5025 5 5161 0 102 1 8123
5025 21 5161 0 132 13 8124
5025 6 5161 0 57 122 8125
5025 10 5161 0 16 120 8126
5025 7 5160 0 148 23 8127
5025 16 5162 0 67 20 8128
5025 15 5161 0 106 10 8129
5025 42 5160 0 128 55 8130
5025 11 5159 0 109 56 8131
5025 26 5160 0 124 33 8132
5025 12 5162 0 147 18 8133
5025 9 5161 0 96 13 8134
5025 5 5162 0 178 113 8135
5025 18 5161 0 138 26 8136
5025 28 5159 0 6 88 8137
5025 7 5161 0 122 11 8138
5025 18 5161 0 152 41 8139
5025 6 5160 0 128 96 8140
5025 23 5160 0 162 60 8141
5025 16 5161 0 146 22 8142
5025 8 5163 0 24 183 8143
5025 9 5162 0 29 60 8144
5025 7 5162 0 110 24 8145
5025 22 5162 0 98 36 8146
5039 50 8025 1 152 41 8147
5040 12 5177 0 127 22 8148
5040 19 5173 0 106 10 8149
5040 40 5175 0 102 140 8150
5040 12 5176 0 16 120 8151
5040 4 5178 0 186 125 8152
5040 3 5178 0 102 30 8153
5040 6 5175 0 58 139 8154
5040 12 5175 0 109 56 8155
5040 13 5174 0 98 36 8156
5040 12 5174 0 78 150 8157
5040 30 5176 0 40 59 8158
5040 38 5175 0 124 33 8159
5040 7 5177 0 2 3 8160
5040 25 5177 0 66 169 8161
5040 18 5176 0 138 26 8162
5040 8 5175 0 127 43 8163
5040 25 5176 0 161 34 8164
5040 26 5174 0 128 55 8165
5040 23 5174 0 67 20 8166
5040 6 5176 0 99 9 8167
5040 37 5176 0 131 45 8168
5040 10 5176 0 122 11 8169
5040 25 5175 0 113 48 8170
5040 7 5176 0 146 159 8171
5040 23 5176 0 83 108 8172
5040 36 5175 0 182 28 8173
5055 43 5191 0 55 108 8174
5055 43 5192 0 124 33 8175
5055 16 5191 0 86 23 8176
5055 22 5191 0 98 36 8177
5055 39 5190 0 182 28 8178
5055 13 5191 0 138 26 8179
5055 7 5192 0 173 171 8180
5055 24 5191 0 155 122 8181
5055 7 5189 0 99 9 8182
5055 21 5189 0 78 150 8183
5055 12 5191 0 127 43 8184
5055 8 5190 0 128 96 8185
5055 12 5191 0 147 18 8186
5055 36 5190 0 131 45 8187
5055 19 5189 0 72 131 8188
5055 25 5190 0 6 88 8189
5055 3 5192 0 72 194 8190
5055 45 5188 0 128 55 8191
5055 24 5194 0 127 22 8192
5055 13 5192 0 67 20 8193
5055 5 5192 0 57 122 8194
5055 18 5193 0 146 119 8195
5055 7 5190 0 66 134 8196
5055 5 5192 0 186 125 8197
5055 9 5192 0 146 159 8198
5055 26 5189 0 96 33 8199
5055 19 5191 0 152 41 8200
5055 11 5191 0 96 13 8201
5060 63 8047 1 147 18 8202
5070 8 5203 0 2 3 8203
5070 7 5206 0 16 120 8204
5070 24 5205 0 63 113 8205
5070 16 5207 0 138 26 8206
5070 6 5207 0 122 11 8207
5070 21 5207 0 67 20 8208
5070 21 5206 0 161 34 8209
5070 36 5205 0 121 49 8210
5070 25 5205 0 98 36 8211
5070 12 5207 0 146 159 8212
5070 12 5205 0 148 23 8213
5070 23 5206 0 162 60 8214
5070 14 5204 0 127 22 8215
5070 6 5207 0 57 122 8216
5070 11 5206 0 93 9 8217
5070 7 5204 0 155 52 8218
5070 21 5205 0 106 10 8219
5070 17 5207 0 117 40 8220
5070 12 5206 0 109 56 8221
5070 22 5205 0 132 13 8222
5070 25 5208 0 140 22 8223
5070 8 5207 0 29 60 8224
5070 32 5206 0 131 45 8225
5070 6 5206 0 110 24 8226
5070 13 5204 0 72 131 8227
5072 53 8059 1 106 10 8228
5085 17 5221 0 166 118 8229
5085 31 5218 0 121 49 8230
5085 32 5221 0 46 189 8231
5085 16 5219 0 67 20 8232
5085 17 5221 0 117 40 8233
5085 36 5219 0 96 33 8234
5085 3 5222 0 13 75 8235
5085 7 5221 0 148 23 8236
5085 42 5222 0 140 22 8237
5085 41 5223 0 102 140 8238
5085 14 5222 0 106 10 8239
5085 15 5221 0 132 13 8240
5085 30 5221 0 50 121 8241
5085 11 5221 0 173 171 8242
5085 9 5222 0 109 1 8243
5085 29 5222 0 143 170 8244
5085 8 5221 0 110 24 8245
5085 23 5219 0 138 26 8246
5085 18 5221 0 63 113 8247
5085 34 5221 0 124 33 8248
5085 12 5221 0 127 43 8249
5085 3 5221 0 72 194 8250
5085 35 5221 0 131 45 8251
5099 104 8087 1 109 56 8252
5100 12 5235 0 127 43 8253
5100 28 5235 0 46 189 8254
5100 18 5239 0 155 122 8255
5100 7 5238 0 155 52 8256
5100 6 5236 0 148 23 8257
5100 4 5239 0 13 75 8258
5100 9 5239 0 142 143 8259
5100 9 5236 0 146 159 8260
5100 33 5235 0 128 55 8261
5100 3 5235 0 95 77 8262
5100 15 5237 0 117 40 8263
5100 25 5234 0 138 26 8264
5100 3 5236 0 24 195 8265
5100 40 5235 0 121 49 8266
5100 32 5234 0 124 33 8267
5100 23 5234 0 152 41 8268
5100 24 5237 0 106 10 8269
5100 17 5237 0 98 36 8270
5100 20 5236 0 146 22 8271
5100 12 5237 0 109 56 8272
5106 68 8090 1 162 60 8273
5112 40 8099 1 148 23 8274
5115 40 5250 0 131 45 8275
5115 42 5251 0 40 59 8276
5115 11 5253 0 93 9 8277
5115 26 5248 0 46 189 8278
5115 9 5253 0 24 183 8279
5115 12 5251 0 67 20 8280
5115 19 5250 0 164 40 8281
5115 10 5254 0 145 55 8282
5115 39 5253 0 182 28 8283
5115 4 5251 0 102 30 8284
5115 11 5250 0 110 24 8285
5115 12 5250 0 122 11 8286
5115 9 5252 0 15 4 8287
5115 18 5251 0 63 113 8288
5115 27 5252 0 140 22 8289
5115 38 5252 0 155 79 8290
5130 11 5267 0 96 13 8291
5130 45 5265 0 46 189 8292
5130 32 5267 0 102 140 8293
5130 10 5266 0 173 171 8294
5130 24 5267 0 98 36 8295
5130 16 5265 0 146 22 8296
5130 12 5265 0 122 11 8297
5130 44 5265 0 6 88 8298
5130 28 5265 0 155 79 8299
5130 6 5265 0 110 24 8300
5130 32 5267 0 124 33 8301
5130 5 5266 0 186 125 8302
5130 12 5266 0 147 18 8303
5130 15 5265 0 86 23 8304
5130 15 5265 0 132 13 8305
5130 39 5268 0 128 55 8306
5130 16 5266 0 117 40 8307
5130 12 5266 0 109 1 8308
5130 6 5266 0 66 134 8309
5130 39 5266 0 140 22 8310
5130 11 5268 0 198 85 8311
5130 12 5267 0 148 23 8312
5130 11 5266 0 33 177 8313
5130 9 5268 0 146 159 8314
5130 4 5265 0 178 113 8315
5130 5 5265 0 95 77 8316
5130 7 5267 0 99 9 8317
5130 20 5266 0 113 48 8318
5130 8 5267 0 15 4 8319
5145 24 5283 0 93 57 8320
5145 33 5283 0 40 59 8321
5145 8 5281 0 24 183 8322
5145 20 5279 0 67 20 8323
5145 35 5278 0 131 45 8324
5145 3 5280 0 178 113 8325
5145 19 5281 0 138 26 8326
5145 12 5283 0 96 13 8327
5145 8 5284 0 147 18 8328
5145 14 5283 0 132 13 8329
5145 18 5282 0 63 113 8330
5145 12 5283 0 109 56 8331
5145 8 5282 0 109 1 8332
5145 3 5280 0 125 90 8333
5145 12 5283 0 148 23 8334
5145 21 5282 0 152 41 8335
5145 19 5282 0 113 48 8336
5145 8 5281 0 122 11 8337
5145 42 5281 0 143 170 8338
5145 6 5283 0 63 134 8339
5145 12 5280 0 98 36 8340
5160 6 5296 0 15 4 8341
5160 12 5298 0 150 50 8342
5160 12 5296 0 24 183 8343
5160 19 5296 0 113 48 8344
5160 15 5297 0 138 26 8345
5160 8 5298 0 147 18 8346
5160 22 5297 0 132 13 8347
5160 11 5298 0 109 56 8348
5160 23 5296 0 127 22 8349
5160 9 5296 0 66 134 8350
5160 10 5296 0 93 9 8351
5160 6 5296 0 198 85 8352
5160 7 5297 0 33 177 8353
5160 12 5296 0 15 186 8354
5160 32 5296 0 102 140 8355
5160 37 5296 0 155 79 8356
5160 15 5295 0 98 36 8357
5160 12 5296 0 162 60 8358
5160 16 5295 0 93 57 8359
5160 9 5297 0 110 24 8360
5160 3 5295 0 72 194 8361
5160 13 5296 0 161 34 8362
5160 19 5297 0 166 118 8363
5160 39 5299 0 124 33 8364
5160 45 5297 0 128 55 8365
5160 12 5293 0 117 40 8366
5160 5 5296 0 125 90 8367
5160 44 5295 0 140 22 8368
5160 8 5296 0 142 143 8369
5160 12 5297 0 67 20 8370
5160 34 5296 0 96 33 8371
5160 12 5295 0 148 23 8372
5160 23 5296 0 22 41 8373
5160 14 5297 0 106 10 8374
5175 25 5312 0 50 121 8375
5175 34 5310 0 55 108 8376
5175 23 5310 0 146 119 8377
5175 9 5311 0 142 143 8378
5175 44 5311 0 143 170 8379
5175 9 5311 0 15 4 8380
5175 5 5312 0 72 194 8381
5175 5 5312 0 63 134 8382
5175 24 5311 0 15 186 8383
5175 5 5308 0 102 30 8384
5175 19 5314 0 98 36 8385
5175 16 5311 0 113 48 8386
5175 27 5311 0 128 55 8387
5175 45 5310 0 102 140 8388
5175 35 5311 0 140 22 8389
5175 43 5309 0 121 49 8390
5175 13 5311 0 132 13 8391
5175 6 5311 0 155 52 8392
5175 8 5311 0 99 9 8393
5175 16 5310 0 146 22 8394
5190 12 5325 0 146 159 8395
5190 6 5325 0 102 30 8396
5190 27 5326 0 96 33 8397
5190 12 5327 0 147 18 8398
5190 35 5325 0 50 121 8399
5190 6 5329 0 66 134 8400
5190 10 5326 0 145 55 8401
5190 16 5324 0 106 10 8402
5190 43 5327 0 131 45 8403
5190 7 5324 0 173 171 8404
5190 3 5326 0 57 122 8405
5190 20 5326 0 93 57 8406
5190 6 5326 0 96 13 8407
5190 21 5325 0 138 26 8408
5190 38 5324 0 140 22 8409
5190 33 5327 0 124 33 8410
5190 25 5325 0 121 49 8411
5190 19 5324 0 146 22 8412
5190 24 5326 0 7 180 8413
5205 18 5344 0 138 26 8414
5205 25 5341 0 127 22 8415
5205 17 5340 0 106 10 8416
5205 14 5341 0 132 13 8417
5205 9 5342 0 148 23 8418
5205 6 5342 0 153 145 8419
5205 12 5339 0 142 143 8420
5205 5 5342 0 72 194 8421
5205 45 5344 0 128 55 8422
5205 20 5342 0 161 34 8423
5205 12 5339 0 16 120 8424
5205 38 5342 0 124 33 8425
5205 9 5341 0 155 52 8426
5205 35 5339 0 55 108 8427
5205 12 5342 0 164 40 8428
5205 21 5341 0 155 122 8429
5205 10 5340 0 150 50 8430
5205 3 5341 0 102 30 8431
5205 34 5340 0 50 121 8432
5205 11 5339 0 145 55 8433
5205 12 5340 0 33 177 8434
5205 22 5341 0 98 36 8435
5205 39 5340 0 96 33 8436
5205 6 5344 0 178 113 8437
5205 18 5341 0 113 48 8438
5205 36 5342 0 40 59 8439
5205 21 5339 0 117 40 8440
5220 25 5355 0 7 180 8441
5220 13 5354 0 66 169 8442
5220 9 5357 0 109 56 8443
5220 16 5355 0 117 40 8444
5220 18 5355 0 98 36 8445
5220 4 5358 0 72 194 8446
5220 11 5359 0 127 43 8447
5220 22 5356 0 132 13 8448
5220 18 5356 0 127 22 8449
5220 20 5356 0 86 23 8450
5220 6 5356 0 57 122 8451
5220 11 5355 0 96 13 8452
5220 9 5356 0 110 24 8453
5220 25 5356 0 155 122 8454
5220 16 5356 0 83 108 8455
5220 35 5354 0 124 33 8456
5220 3 5356 0 13 75 8457
5220 35 8207 1 146 22 8458
5220 7 5355 0 150 50 8459
5220 41 5357 0 128 55 8460
5220 10 5357 0 128 96 8461
5226 45 8210 1 78 150 8462
5235 16 5371 0 67 20 8463
5235 16 5371 0 66 169 8464
5235 25 5370 0 113 48 8465
5235 35 5371 0 143 170 8466
5235 4 5372 0 24 195 8467
5235 18 5372 0 146 22 8468
5235 11 5372 0 66 134 8469
5235 18 5370 0 86 23 8470
5235 10 5371 0 146 159 8471
5235 21 5371 0 98 36 8472
5235 4 5372 0 95 77 8473
5235 9 5371 0 147 18 8474
5235 37 5372 0 40 59 8475
5235 39 5373 0 140 22 8476
5235 17 5372 0 127 22 8477
5235 36 5371 0 124 33 8478
5235 8 5371 0 127 43 8479
5235 9 5371 0 24 183 8480
5235 17 5371 0 22 41 8481
5235 24 5371 0 7 180 8482
5235 4 5373 0 63 134 8483
5250 40 5385 0 124 33 8484
5250 3 5386 0 125 90 8485
5250 6 5385 0 147 18 8486
5250 11 5386 0 109 56 8487
5250 23 5387 0 138 26 8488
5250 11 5385 0 96 13 8489
5250 31 5388 0 143 170 8490
5250 17 5384 0 113 48 8491
5250 8 5384 0 16 120 8492
5250 7 5386 0 33 177 8493
5250 12 5387 0 67 20 8494
5250 7 5384 0 150 50 8495
5250 26 5386 0 128 55 8496
5250 12 5386 0 155 52 8497
5250 14 5386 0 63 113 8498
5250 39 5388 0 46 189 8499
5250 32 5388 0 121 49 8500
5250 7 5387 0 146 159 8501
5250 39 5386 0 140 22 8502
5250 3 5387 0 13 75 8503
5250 7 5388 0 99 9 8504
5250 21 5386 0 7 180 8505
5259 65 8243 1 15 4 8506
5265 7 5402 0 148 23 8507
5265 12 5402 0 117 40 8508
5265 19 5401 0 161 34 8509
5265 3 5399 0 58 139 8510
5265 14 5404 0 67 20 8511
5265 4 5400 0 72 194 8512
5265 5 5402 0 57 122 8513
5265 8 5403 0 198 85 8514
5265 19 5399 0 106 10 8515
5265 10 5399 0 127 43 8516
5265 25 5401 0 128 55 8517
5265 3 5401 0 24 195 8518
5265 35 5401 0 121 49 8519
5265 5 5402 0 186 125 8520
5265 16 5400 0 98 36 8521
5265 21 5401 0 127 22 8522
5265 14 5401 0 146 119 8523
5280 22 5416 0 113 48 8524
5280 25 5415 0 86 23 8525
5280 18 5416 0 155 122 8526
5280 29 5417 0 131 45 8527
5280 25 5415 0 117 40 8528
5280 7 5417 0 110 24 8529
5280 8 5414 0 198 85 8530
5280 23 5416 0 78 150 8531
5280 35 5416 0 182 28 8532
5280 28 5414 0 121 49 8533
5280 12 5417 0 152 41 8534
5280 7 5415 0 142 143 8535
5280 27 5414 0 155 79 8536
5280 31 5415 0 140 22 8537
5280 9 5418 0 128 96 8538
5280 22 5416 0 63 113 8539
5280 10 5417 0 146 159 8540
5280 10 5417 0 24 183 8541
5280 17 5416 0 138 26 8542
5280 8 5417 0 127 43 8543
5280 5 5416 0 102 1 8544
5280 13 5417 0 164 40 8545
5280 19 5416 0 98 36 8546
5280 6 5416 0 58 139 8547
5280 9 5417 0 99 9 8548
5280 28 5416 0 128 55 8549
5280 13 5416 0 66 169 8550
5280 25 5417 0 22 41 8551
5280 21 5416 0 132 13 8552
5280 4 5415 0 13 75 8553
5280 10 5417 0 148 23 8554
5295 27 5432 0 96 33 8555
5295 25 5430 0 146 22 8556
5295 18 5429 0 98 36 8557
5295 6 5431 0 102 1 8558
5295 12 5431 0 155 52 8559
5295 45 5433 0 182 28 8560
5295 45 5430 0 121 49 8561
5295 44 5432 0 140 22 8562
5295 17 5431 0 155 122 8563
5295 23 5432 0 72 131 8564
5295 8 5429 0 128 96 8565
5295 43 5432 0 128 55 8566
5295 7 5429 0 150 50 8567
5295 7 5433 0 24 183 8568
5295 24 5431 0 127 22 8569
5295 26 5431 0 46 189 8570
5295 6 5431 0 145 55 8571
5295 42 5431 0 143 170 8572
5295 7 5430 0 127 43 8573
5295 17 5431 0 78 150 8574
5295 5 5430 0 24 195 8575
5295 11 5431 0 153 145 8576
5295 8 5431 0 96 13 8577
5295 42 5432 0 131 45 8578
5295 10 5431 0 147 18 8579
5295 15 5429 0 132 13 8580
5310 12 5446 0 67 20 8581
5310 6 5445 0 109 1 8582
5310 4 5448 0 186 125 8583
5310 20 5445 0 86 23 8584
5310 11 5445 0 148 23 8585
5310 14 5446 0 117 40 8586
5310 20 5448 0 161 34 8587
5310 9 5445 0 147 18 8588
5310 45 5445 0 55 108 8589
5310 11 5445 0 33 177 8590
5310 23 5445 0 132 13 8591
5310 7 5446 0 96 13 8592
5310 16 5444 0 138 26 8593
5310 9 5445 0 127 43 8594
5310 3 5445 0 58 139 8595
5310 25 5447 0 113 48 8596
5310 9 5447 0 66 134 8597
5310 11 5447 0 122 11 8598
5310 21 5446 0 98 36 8599
5310 23 5447 0 15 186 8600
5310 17 5449 0 146 119 8601
5310 18 5446 0 162 60 8602
5310 25 5446 0 63 113 8603
5310 26 5447 0 96 33 8604
5310 8 5445 0 99 9 8605
5325 9 5462 0 99 9 8606
5325 9 5461 0 147 18 8607
5325 25 5459 0 138 26 8608
5325 3 5459 0 125 90 8609
5325 21 5461 0 146 22 8610
5325 41 5462 0 124 33 8611
5325 14 5460 0 72 131 8612
5325 14 5461 0 106 10 8613
5325 33 5461 0 102 140 8614
5325 11 5461 0 127 43 8615
5325 21 5463 0 113 48 8616
5325 8 5463 0 29 60 8617
5325 7 5461 0 110 24 8618
5325 37 5460 0 155 79 8619
5325 38 5462 0 96 33 8620
5325 21 5462 0 132 13 8621
5325 33 5462 0 50 121 8622
5325 5 5460 0 186 125 8623
5325 36 5461 0 121 49 8624
5333 31 8320 1 96 13 8625
5335 49 8321 1 93 57 8626
5340 12 5477 0 127 43 8627
5340 16 5478 0 66 169 8628
5340 34 5476 0 140 22 8629
5340 3 5476 0 125 90 8630
5340 9 5475 0 16 120 8631
5340 25 5475 0 83 108 8632
5340 40 5476 0 121 49 8633
5340 14 5476 0 127 22 8634
5340 6 5476 0 173 171 8635
5340 10 5478 0 109 56 8636
5340 31 5475 0 182 28 8637
5340 16 5476 0 132 13 8638
5340 9 5477 0 24 183 8639
5340 20 5474 0 146 119 8640
5340 7 5476 0 110 24 8641
5340 20 5475 0 161 34 8642
5340 22 5475 0 162 60 8643
5340 20 5476 0 106 10 8644
5340 36 5478 0 124 33 8645
5340 10 5476 0 142 143 8646
5340 20 5476 0 98 36 8647
5340 11 5477 0 150 50 8648
5340 15 5477 0 113 48 8649
5340 28 5476 0 96 33 8650
5340 3 5474 0 102 1 8651
5340 26 5475 0 143 170 8652
5355 6 5489 0 72 194 8653
5355 6 5493 0 99 9 8654
5355 7 5491 0 173 171 8655
5355 12 5491 0 150 50 8656
5355 3 5491 0 125 90 8657
5355 27 5492 0 182 28 8658
5355 12 5489 0 110 24 8659
5355 38 5491 0 124 33 8660
5355 19 5490 0 138 26 8661
5355 10 5492 0 109 1 8662
5355 30 5490 0 6 88 8663
5355 12 5490 0 93 9 8664
5355 8 5491 0 96 13 8665
5355 9 5490 0 122 11 8666
5355 31 5489 0 96 33 8667
5355 25 5492 0 127 22 8668
5355 25 5493 0 22 41 8669
5355 19 5493 0 166 118 8670
5355 6 5491 0 13 75 8671
5355 21 5491 0 98 36 8672
5362 36 8348 1 122 11 8673
5370 9 5508 0 150 50 8674
5370 31 5507 0 143 170 8675
5370 6 5505 0 95 77 8676
5370 15 5507 0 106 10 8677
5370 32 5506 0 131 45 8678
5370 36 5507 0 121 49 8679
5370 9 5506 0 173 171 8680
5370 25 5505 0 138 26 8681
5370 10 5507 0 109 56 8682
5370 12 5504 0 147 18 8683
5370 11 5505 0 109 1 8684
5370 26 5505 0 96 33 8685
5370 13 5507 0 86 23 8686
5370 34 5505 0 124 33 8687
5370 9 5506 0 16 120 8688
5370 19 5505 0 146 22 8689
5370 16 5507 0 7 180 8690
5370 13 5505 0 117 40 8691
5370 7 5504 0 122 11 8692
5370 10 5506 0 105 143 8693
5370 21 5507 0 93 57 8694
5370 34 5505 0 128 55 8695
5370 6 5505 0 125 90 8696
5370 42 5505 0 182 28 8697
5370 9 5506 0 99 9 8698
5381 50 8368 1 132 13 8699
5385 25 5521 0 86 23 8700
5385 4 5521 0 95 77 8701
5385 37 5523 0 40 59 8702
5385 15 5522 0 132 13 8703
5385 3 5521 0 125 90 8704
5385 10 5520 0 122 11 8705
5385 6 5520 0 16 120 8706
5385 3 5521 0 72 194 8707
5385 11 5521 0 109 1 8708
5385 17 5520 0 161 34 8709
5385 10 5522 0 147 18 8710
5385 11 5519 0 96 13 8711
5385 14 5521 0 106 10 8712
5385 14 5520 0 83 108 8713
5385 16 5522 0 162 60 8714
5385 25 5521 0 121 49 8715
5385 32 5520 0 182 28 8716
5385 6 5521 0 110 24 8717
5385 3 5518 0 102 30 8718
5385 6 5521 0 105 143 8719
5385 3 5521 0 57 122 8720
5385 45 5521 0 6 88 8721
5385 3 5522 0 63 134 8722
5394 67 8380 1 153 145 8723
5400 11 5537 0 122 11 8724
5400 5 5536 0 95 77 8725
5400 39 5534 0 96 33 8726
5400 12 5535 0 146 119 8727
5400 15 5538 0 98 36 8728
5400 38 5535 0 182 28 8729
5400 8 5535 0 155 52 8730
5400 26 5537 0 140 22 8731
5400 10 5535 0 110 24 8732
5400 3 5538 0 102 30 8733
5400 36 5537 0 128 55 8734
5400 23 5536 0 106 10 8735
5400 11 5536 0 148 23 8736
5400 17 5535 0 117 40 8737
5400 42 5537 0 124 33 8738
5400 8 5534 0 142 143 8739
5400 12 5537 0 22 41 8740
5400 15 5535 0 166 118 8741
5400 25 5537 0 63 113 8742
5400 15 5538 0 113 48 8743
5400 6 5535 0 109 56 8744
5400 4 5535 0 57 122 8745
5400 10 5536 0 173 171 8746
5400 12 5535 0 33 177 8747
5400 35 5538 0 131 45 8748
5400 18 5536 0 78 150 8749
5415 18 5551 0 117 40 8750
5415 4 5551 0 178 113 8751
5415 19 5551 0 15 186 8752
5415 8 5550 0 109 56 8753
5415 4 5552 0 186 125 8754
5415 19 5552 0 155 122 8755
5415 16 5551 0 162 60 8756
5415 23 5550 0 138 26 8757
5415 14 5550 0 86 23 8758
5415 9 5552 0 127 43 8759
5415 31 5552 0 124 33 8760
5415 45 5554 0 128 55 8761
5415 12 5550 0 155 52 8762
5415 25 5553 0 164 40 8763
5415 17 5551 0 67 20 8764
5415 3 5550 0 102 30 8765
5415 11 5550 0 110 24 8766
5415 7 5549 0 15 4 8767
5415 25 5551 0 127 22 8768
5415 22 5552 0 146 119 8769
5415 12 5551 0 122 11 8770
5415 7 5551 0 145 55 8771
5430 7 5565 0 99 9 8772
5430 41 5568 0 40 59 8773
5430 3 5566 0 63 134 8774
5430 18 5566 0 117 40 8775
5430 17 5567 0 132 13 8776
5430 37 5566 0 140 22 8777
5430 6 5566 0 128 96 8778
5430 8 5566 0 33 177 8779
5430 42 5567 0 96 33 8780
5430 36 5567 0 128 55 8781
5430 31 5565 0 102 140 8782
5430 10 5566 0 29 60 8783
5430 14 5567 0 155 122 8784
5430 35 5564 0 124 33 8785
5430 12 5566 0 147 18 8786
5430 21 5566 0 98 36 8787
5430 6 5565 0 24 195 8788
5430 8 5567 0 66 134 8789
5430 13 5568 0 146 22 8790
5430 6 5566 0 72 194 8791
5430 11 5565 0 15 4 8792
5430 11 5566 0 153 145 8793
5430 30 5566 0 121 49 8794
5445 9 5582 0 128 96 8795
5445 20 5583 0 98 36 8796
5445 32 5583 0 121 49 8797
5445 14 5581 0 146 22 8798
5445 14 5581 0 113 48 8799
5445 18 5579 0 67 20 8800
5445 10 5580 0 109 56 8801
5445 9 5581 0 147 18 8802
5445 24 5578 0 138 26 8803
5445 38 5581 0 131 45 8804
5445 7 5580 0 99 9 8805
5445 7 5583 0 122 11 8806
5445 10 5581 0 110 24 8807
5445 5 5581 0 24 195 8808
5445 4 5584 0 58 139 8809
5445 8 5580 0 105 143 8810
5445 30 5582 0 143 170 8811
5445 6 5582 0 15 4 8812
5445 8 5582 0 96 13 8813
5445 15 5581 0 66 169 8814
5445 25 5579 0 106 10 8815
5445 25 5581 0 72 131 8816
5445 6 5584 0 95 77 8817
5455 77 8440 1 98 36 8818
5457 53 8444 1 57 122 8819
5458 48 8446 1 140 22 8820
5460 44 5595 0 50 121 8821
5460 31 5598 0 40 59 8822
5460 27 5597 0 46 189 8823
5460 11 5598 0 142 143 8824
5460 32 5595 0 124 33 8825
5460 16 5594 0 63 113 8826
5460 6 5596 0 63 134 8827
5460 41 5597 0 128 55 8828
5460 12 5595 0 98 36 8829
5460 21 5596 0 146 22 8830
5460 33 5596 0 131 45 8831
5460 39 5597 0 102 140 8832
5460 11 5594 0 127 43 8833
5460 9 5594 0 66 134 8834
5460 11 5596 0 93 9 8835
5460 11 5597 0 16 120 8836
5460 25 5596 0 86 23 8837
5460 8 5598 0 147 18 8838
5460 14 5595 0 138 26 8839
5460 9 5597 0 122 11 8840
5460 23 5595 0 162 60 8841
5460 24 5594 0 117 40 8842
5460 8 5598 0 150 50 8843
5460 43 5595 0 96 33 8844
5460 23 5596 0 78 150 8845
5468 57 8453 1 145 55 8846
5475 12 5611 0 96 13 8847
5475 5 5611 0 102 30 8848
5475 45 5611 0 96 33 8849
5475 15 5612 0 106 10 8850
5475 13 5610 0 117 40 8851
5475 3 5611 0 186 125 8852
5475 9 5613 0 147 18 8853
5475 24 5610 0 138 26 8854
5475 18 5613 0 113 48 8855
5475 11 5612 0 148 23 8856
5475 18 5613 0 166 118 8857
5475 29 5612 0 124 33 8858
5475 22 5611 0 127 22 8859
5475 18 5610 0 146 22 8860
5475 17 5611 0 15 186 8861
5475 8 5612 0 66 134 8862
5475 6 5611 0 109 56 8863
5475 3 5609 0 125 90 8864
5483 60 8468 1 173 171 8865
5483 68 8470 1 109 1 8866
5490 7 5625 0 96 13 8867
5490 24 5625 0 106 10 8868
5490 17 5628 0 146 119 8869
5490 21 5626 0 127 22 8870
5490 6 5626 0 147 18 8871
5490 43 5627 0 46 189 8872
5490 17 5626 0 83 108 8873
5490 8 5625 0 15 4 8874
5490 12 5625 0 109 56 8875
5490 37 5624 0 96 33 8876
5490 6 5624 0 125 90 8877
5490 9 5627 0 110 24 8878
5490 8 5627 0 146 159 8879
5490 5 5627 0 24 195 8880
5490 40 5627 0 55 108 8881
5490 17 5626 0 132 13 8882
5490 6 5625 0 109 1 8883
5490 22 5625 0 66 169 8884
5490 23 5625 0 161 34 8885
5490 4 5626 0 63 134 8886
5490 16 5628 0 152 41 8887
5490 12 5627 0 86 23 8888
5490 8 5627 0 24 183 8889
5505 14 5642 0 113 48 8890
5505 24 5642 0 132 13 8891
5505 21 5643 0 146 22 8892
5505 14 5642 0 67 20 8893
5505 31 5639 0 124 33 8894
5505 7 5642 0 29 60 8895
5505 4 5642 0 102 30 8896
5505 22 5643 0 161 34 8897
5505 6 5640 0 147 18 8898
5505 12 5642 0 93 9 8899
5505 10 5642 0 122 11 8900
5505 10 5640 0 96 13 8901
5505 24 5641 0 164 40 8902
5505 5 5638 0 95 77 8903
5505 12 5641 0 110 24 8904
5505 31 5642 0 143 170 8905
5505 12 5643 0 66 134 8906
5505 10 5640 0 99 9 8907
5505 44 5641 0 50 121 8908
5505 9 5644 0 145 55 8909
5505 3 5642 0 58 139 8910
5505 37 5641 0 128 55 8911
5505 20 5641 0 117 40 8912
5505 15 5641 0 106 10 8913
5520 11 5657 0 109 1 8914
5520 11 5655 0 153 145 8915
5520 14 5657 0 166 118 8916
5520 27 5659 0 155 79 8917
5520 21 5657 0 63 113 8918
5520 19 5656 0 161 34 8919
5520 3 5654 0 13 75 8920
5520 6 5655 0 15 4 8921
5520 19 5655 0 98 36 8922
5520 19 5657 0 146 119 8923
5520 6 5655 0 142 143 8924
5520 12 5656 0 96 13 8925
5520 19 5656 0 127 22 8926
5520 32 5656 0 121 49 8927
5520 36 5657 0 124 33 8928
5520 10 5657 0 99 9 8929
5520 31 5655 0 131 45 8930
5520 45 5656 0 50 121 8931
5520 8 5657 0 109 56 8932
5520 21 5656 0 72 131 8933
5520 34 5656 0 40 59 8934
5520 3 5656 0 102 30 8935
5520 10 5657 0 128 96 8936
5520 25 5656 0 140 22 8937
5520 12 5655 0 122 11 8938
5526 50 8513 1 58 139 8939
5535 5 5670 0 178 113 8940
5535 8 5670 0 122 11 8941
5535 8 5672 0 110 24 8942
5535 25 5671 0 50 121 8943
5535 12 5669 0 198 85 8944
5535 15 5671 0 138 26 8945
5535 5 5670 0 63 134 8946
5535 11 5671 0 96 13 8947
5535 32 5671 0 55 108 8948
5535 11 5671 0 128 96 8949
5535 18 5671 0 63 113 8950
5535 3 5671 0 57 122 8951
5535 21 5671 0 78 150 8952
5535 15 5672 0 132 13 8953
5535 43 5672 0 102 140 8954
5535 6 5669 0 102 30 8955
5535 21 5671 0 98 36 8956
5535 8 5671 0 148 23 8957
5535 25 5670 0 155 122 8958
5535 35 5669 0 96 33 8959
5535 22 5672 0 93 57 8960
5535 10 5672 0 153 145 8961
5535 6 5671 0 145 55 8962
5535 8 5670 0 142 143 8963
5535 19 5670 0 146 22 8964
5540 47 8527 1 102 1 8965
5550 4 5687 0 178 113 8966
5550 31 5686 0 121 49 8967
5550 37 5685 0 55 108 8968
5550 17 5688 0 78 150 8969
5550 12 5687 0 122 11 8970
5550 18 5687 0 72 131 8971
5550 32 5684 0 128 55 8972
5550 33 5686 0 140 22 8973
5550 6 5685 0 186 125 8974
5550 5 5688 0 102 30 8975
5550 28 5685 0 131 45 8976
5550 34 5685 0 124 33 8977
5550 12 5683 0 146 119 8978
5550 21 5684 0 127 22 8979
5550 9 5687 0 142 143 8980
5550 3 5685 0 57 122 8981
5550 76 8535 1 102 30 8982
5550 12 5686 0 106 10 8983
5550 13 5685 0 117 40 8984
5550 7 5687 0 110 24 8985
5550 9 5686 0 147 18 8986
5550 21 5686 0 138 26 8987
5550 7 5689 0 99 9 8988
5550 15 5684 0 22 41 8989
5550 14 5687 0 98 36 8990
5565 5 5702 0 178 113 8991
5565 29 5702 0 96 33 8992
5565 22 5701 0 161 34 8993
5565 15 5700 0 127 22 8994
5565 8 5702 0 109 56 8995
5565 6 5702 0 110 24 8996
5565 22 5700 0 146 22 8997
5565 22 5699 0 152 41 8998
5565 18 5701 0 86 23 8999
5565 9 5703 0 93 9 9000
5565 26 5701 0 131 45 9001
5565 42 8552 1 33 177 9002
5565 11 5700 0 99 9 9003
5565 4 5703 0 57 122 9004
5565 27 5700 0 124 33 9005
5565 6 5701 0 102 30 9006
5565 43 5701 0 121 49 9007
5565 35 5699 0 40 59 9008
5565 19 5699 0 138 26 9009
5565 21 5700 0 106 10 9010
5565 25 5702 0 63 113 9011
5565 12 5700 0 66 134 9012
5565 11 5701 0 29 60 9013
5565 7 5701 0 128 96 9014
5566 57 8553 1 102 140 9015
5580 25 5715 0 86 23 9016
5580 11 5716 0 145 55 9017
5580 33 5713 0 121 49 9018
5580 10 5716 0 198 85 9019
5580 22 5716 0 166 118 9020
5580 14 5716 0 66 169 9021
5580 23 5715 0 127 22 9022
5580 12 5715 0 138 26 9023
5580 9 5718 0 110 24 9024
5580 25 5715 0 7 180 9025
5580 6 5718 0 147 18 9026
5580 36 5716 0 124 33 9027
5580 20 5717 0 98 36 9028
5580 42 5714 0 96 33 9029
5580 17 5717 0 106 10 9030
5580 6 5715 0 109 1 9031
5580 11 5718 0 109 56 9032
5580 40 5717 0 40 59 9033
5580 43 5713 0 140 22 9034
5580 3 5717 0 102 30 9035
5595 16 5731 0 117 40 9036
5595 16 5731 0 63 113 9037
5595 12 5732 0 146 22 9038
5595 32 5730 0 121 49 9039
5595 13 5729 0 138 26 9040
5595 12 5733 0 110 24 9041
5595 25 5732 0 86 23 9042
5595 9 5730 0 105 143 9043
5595 12 5734 0 7 180 9044
5595 7 5728 0 155 52 9045
5595 12 5731 0 142 143 9046
5595 17 5733 0 166 118 9047
5595 6 5731 0 147 18 9048
5595 23 5730 0 161 34 9049
5595 5 5732 0 125 90 9050
5595 3 5732 0 178 113 9051
5595 16 5733 0 106 10 9052
5595 23 5732 0 113 48 9053
5595 22 5731 0 132 13 9054
5595 12 5730 0 148 23 9055
5595 7 5732 0 33 177 9056
5595 7 5731 0 127 43 9057
5595 43 5731 0 124 33 9058
5595 29 5731 0 131 45 9059
5595 9 5730 0 198 85 9060
5610 8 5746 0 99 9 9061
5610 34 5746 0 121 49 9062
5610 3 5745 0 178 113 9063
5610 12 5746 0 113 48 9064
5610 32 5745 0 40 59 9065
5610 11 5747 0 96 13 9066
5610 5 5747 0 102 30 9067
5610 23 5745 0 146 22 9068
5610 6 5746 0 127 43 9069
5610 7 5746 0 155 52 9070
5610 10 5746 0 110 24 9071
5610 17 5748 0 161 34 9072
5610 18 5746 0 127 22 9073
5610 21 5746 0 78 150 9074
5610 32 5746 0 128 55 9075
5610 7 5745 0 105 143 9076
5610 12 5745 0 33 177 9077
5610 9 5747 0 24 183 9078
5610 23 5747 0 132 13 9079
5610 4 5745 0 186 125 9080
5610 12 5748 0 147 18 9081
5610 12 5747 0 148 23 9082
5610 7 5748 0 109 56 9083
5625 17 5761 0 117 40 9084
5625 10 5761 0 122 11 9085
5625 22 5758 0 72 131 9086
5625 32 5760 0 121 49 9087
5625 40 5759 0 140 22 9088
5625 12 5762 0 142 143 9089
5625 5 5761 0 13 75 9090
5625 12 5760 0 127 43 9091
5625 14 5760 0 138 26 9092
5625 17 5759 0 106 10 9093
5625 12 5760 0 110 24 9094
5625 6 5761 0 109 56 9095
5640 8 5777 0 109 56 9096
5640 15 5774 0 22 41 9097
5640 31 5778 0 140 22 9098
5640 7 5777 0 2 3 9099
5640 16 5777 0 72 131 9100
5640 25 5777 0 138 26 9101
5640 6 5776 0 99 9 9102
5640 7 5775 0 110 24 9103
5640 7 5774 0 24 183 9104
5640 5 5775 0 58 139 9105
5640 12 5777 0 128 96 9106
5640 25 5774 0 113 48 9107
5640 35 5778 0 102 140 9108
5640 22 5776 0 15 186 9109
5640 3 5775 0 178 113 9110
5640 17 5778 0 161 34 9111
5640 8 5777 0 96 13 9112
5640 35 5776 0 131 45 9113
5640 36 5777 0 96 33 9114
5640 22 5777 0 63 113 9115
5640 38 5776 0 121 49 9116
5640 44 5777 0 155 79 9117
5640 3 5776 0 102 1 9118
5640 19 5777 0 146 22 9119
5640 19 5776 0 127 22 9120
5640 35 5778 0 124 33 9121
5640 6 5777 0 155 52 9122
5640 18 5775 0 164 40 9123
5640 8 5777 0 153 145 9124
5640 25 5775 0 128 55 9125
5640 3 5774 0 125 90 9126
5640 12 5776 0 152 41 9127
5655 15 5791 0 138 26 9128
5655 37 5790 0 124 33 9129
5655 22 5793 0 152 41 9130
5655 25 5791 0 86 23 9131
5655 10 5791 0 148 23 9132
5655 9 5792 0 145 55 9133
5655 7 5791 0 153 145 9134
5655 15 5791 0 7 180 9135
5655 8 5791 0 110 24 9136
5655 32 5793 0 6 88 9137
5655 20 5793 0 166 118 9138
5655 21 5789 0 78 150 9139
5655 5 5788 0 178 113 9140
5655 6 5790 0 155 52 9141
5655 33 5793 0 140 22 9142
5655 5 5791 0 63 134 9143
5655 11 5792 0 142 143 9144
5655 10 5791 0 99 9 9145
5655 8 5792 0 15 4 9146
5655 10 5792 0 29 60 9147
5655 15 5790 0 155 122 9148
5655 31 5791 0 96 33 9149
5655 14 5792 0 98 36 9150
5655 6 5789 0 102 30 9151
5655 12 5791 0 16 120 9152
5655 19 5792 0 22 41 9153
5670 12 5807 0 96 13 9154
5670 19 5807 0 127 22 9155
5670 35 5808 0 96 33 9156
5670 9 5805 0 16 120 9157
5670 7 5806 0 66 134 9158
5670 6 5804 0 13 75 9159
5670 20 5806 0 132 13 9160
5670 7 5805 0 110 24 9161
5670 6 5806 0 147 18 9162
5670 31 5805 0 131 45 9163
5670 7 5805 0 33 177 9164
5670 12 5807 0 122 11 9165
5670 13 5806 0 146 22 9166
5670 13 5804 0 63 113 9167
5670 32 5806 0 102 140 9168
5670 12 5806 0 138 26 9169
5670 6 5804 0 24 195 9170
5670 24 5805 0 98 36 9171
5670 33 5805 0 140 22 9172
5685 22 5821 0 117 40 9173
5685 5 5821 0 186 125 9174
5685 12 5823 0 109 56 9175
5685 12 5820 0 122 11 9176
5685 13 5821 0 127 22 9177
5685 6 5820 0 102 30 9178
5685 8 5824 0 127 43 9179
5685 20 5822 0 164 40 9180
5685 35 5821 0 124 33 9181
5685 25 5822 0 146 22 9182
5685 4 5823 0 63 134 9183
5685 43 5824 0 96 33 9184
5685 25 5818 0 162 60 9185
5685 9 5821 0 99 9 9186
5685 34 5820 0 50 121 9187
5685 42 5822 0 6 88 9188
5685 7 5821 0 24 183 9189
5685 6 5822 0 198 85 9190
5685 24 5821 0 98 36 9191
5685 17 5819 0 113 48 9192
5689 73 8676 1 40 59 9193
5700 40 5836 0 128 55 9194
5700 15 5834 0 7 180 9195
5700 16 5835 0 15 186 9196
5700 30 5838 0 124 33 9197
5700 22 5835 0 117 40 9198
5700 14 5835 0 106 10 9199
5700 23 5834 0 78 150 9200
5700 7 5837 0 33 177 9201
5700 21 5836 0 127 22 9202
5700 22 5834 0 155 122 9203
5700 21 5839 0 98 36 9204
5700 19 5835 0 132 13 9205
5700 10 5835 0 109 56 9206
5700 12 5834 0 99 9 9207
5700 31 5837 0 131 45 9208
5700 5 5835 0 72 194 9209
5700 12 5838 0 110 24 9210
5700 8 5836 0 66 134 9211
5700 3 5837 0 24 195 9212
5700 10 5835 0 127 43 9213
5707 71 8691 1 55 108 9214
5715 11 5852 0 105 143 9215
5715 40 5852 0 140 22 9216
5715 21 5851 0 117 40 9217
5715 15 5849 0 127 22 9218
5715 10 5852 0 33 177 9219
5715 4 5853 0 125 90 9220
5715 17 5851 0 15 186 9221
5715 29 5852 0 131 45 9222
5715 26 5852 0 40 59 9223
5715 17 5852 0 146 22 9224
5715 20 5851 0 132 13 9225
5715 16 5850 0 138 26 9226
5715 15 5852 0 72 131 9227
5715 17 5852 0 86 23 9228
5715 36 5853 0 55 108 9229
5715 43 5852 0 128 55 9230
5715 13 5849 0 113 48 9231
5715 15 5852 0 162 60 9232
5715 7 5851 0 148 23 9233
5715 21 5852 0 166 118 9234
5730 10 5867 0 173 171 9235
5730 8 5866 0 110 24 9236
5730 7 5867 0 15 4 9237
5730 36 5865 0 96 33 9238
5730 3 5866 0 102 1 9239
5730 8 5866 0 150 50 9240
5730 25 5866 0 6 88 9241
5730 10 5867 0 122 11 9242
5730 12 5869 0 127 22 9243
5730 41 5867 0 121 49 9244
5730 8 5866 0 148 23 9245
5730 7 5866 0 99 9 9246
5730 4 5865 0 102 30 9247
5730 12 5864 0 147 18 9248
5730 16 5867 0 161 34 9249
5730 19 5865 0 22 41 9250
5730 8 5867 0 96 13 9251
5730 12 5866 0 72 131 9252
5730 9 5868 0 198 85 9253
5730 29 5867 0 128 55 9254
5730 7 5865 0 93 9 9255
5730 25 5866 0 67 20 9256
5730 9 5868 0 127 43 9257
5730 15 5868 0 117 40 9258
5730 38 5865 0 140 22 9259
5730 39 5865 0 50 121 9260
5745 44 5880 0 182 28 9261
5745 8 5880 0 198 85 9262
5745 17 5881 0 98 36 9263
5745 12 5881 0 66 134 9264
5745 11 5880 0 96 13 9265
5745 10 5883 0 147 18 9266
5745 14 5881 0 146 22 9267
5745 8 5881 0 128 96 9268
5745 10 5880 0 110 24 9269
5745 34 5879 0 50 121 9270
5745 18 5880 0 117 40 9271
5745 3 5881 0 178 113 9272
5745 4 5881 0 13 75 9273
5745 14 5882 0 162 60 9274
5745 10 5881 0 93 9 9275
5745 20 5881 0 63 113 9276
5745 7 5880 0 150 50 9277
5745 32 5881 0 121 49 9278
5745 6 5881 0 102 1 9279
5745 4 5880 0 57 122 9280
5745 31 5880 0 128 55 9281
5760 8 5897 0 15 4 9282
5760 7 5892 0 29 60 9283
5760 5 5894 0 125 90 9284
5760 9 5895 0 99 9 9285
5760 12 5898 0 72 131 9286
5760 8 5897 0 145 55 9287
5760 39 5895 0 124 33 9288
5760 4 5894 0 102 30 9289
5760 22 5898 0 15 186 9290
5760 40 5896 0 182 28 9291
5760 5 5895 0 13 75 9292
5760 25 5895 0 121 49 9293
5760 12 5897 0 98 36 9294
5760 10 5896 0 109 56 9295
5760 18 5897 0 162 60 9296
5760 6 5895 0 146 159 9297
5760 22 5899 0 106 10 9298
5760 26 5896 0 131 45 9299
5760 24 5899 0 161 34 9300
5760 9 5897 0 2 3 9301
5760 13 5895 0 138 26 9302
5760 8 5897 0 142 143 9303
5760 17 5898 0 117 40 9304
5760 40 5896 0 96 33 9305
5775 10 5910 0 150 50 9306
5775 25 5911 0 6 88 9307
5775 28 5911 0 128 55 9308
5775 17 5911 0 152 41 9309
5775 25 5910 0 98 36 9310
5775 9 5911 0 173 171 9311
5775 7 5909 0 127 43 9312
5775 15 5910 0 113 48 9313
5775 7 5913 0 105 143 9314
5775 6 5912 0 63 134 9315
5775 19 5911 0 93 57 9316
5775 11 5908 0 99 9 9317
5775 36 5910 0 121 49 9318
5775 8 5912 0 66 134 9319
5775 33 5911 0 96 33 9320
5775 12 5913 0 110 24 9321
5775 25 5912 0 140 22 9322
5775 9 5911 0 147 18 9323
5775 12 5912 0 72 131 9324
5775 7 5911 0 109 56 9325
5775 22 5912 0 66 169 9326
5775 4 5909 0 57 122 9327
5775 13 5910 0 106 10 9328
5775 10 5911 0 2 3 9329
5775 3 5912 0 95 77 9330
5775 3 5910 0 58 139 9331
5775 3 5913 0 125 90 9332
5790 8 5927 0 96 13 9333
5790 11 5927 0 153 145 9334
5790 17 5925 0 93 57 9335
5790 5 5925 0 102 1 9336
5790 33 5928 0 128 55 9337
5790 16 5926 0 132 13 9338
5790 37 5923 0 121 49 9339
5790 23 5927 0 146 22 9340
5790 6 5928 0 109 56 9341
5790 15 5926 0 161 34 9342
5790 4 5923 0 13 75 9343
5790 5 5925 0 24 195 9344
5790 9 5926 0 147 18 9345
5790 24 5926 0 66 169 9346
5790 4 5928 0 57 122 9347
5790 6 5926 0 122 11 9348
5790 44 5925 0 143 170 9349
5790 6 5925 0 99 9 9350
5790 14 5926 0 146 119 9351
5790 14 5922 0 63 113 9352
5790 21 5925 0 72 131 9353
5790 6 5928 0 198 85 9354
5790 18 5927 0 138 26 9355
5805 42 5940 0 6 88 9356
5805 5 5942 0 102 1 9357
5805 7 5941 0 150 50 9358
5805 22 5942 0 98 36 9359
5805 12 5942 0 122 11 9360
5805 5 5938 0 63 134 9361
5805 4 5942 0 57 122 9362
5805 25 5938 0 124 33 9363
5805 4 5942 0 186 125 9364
5805 6 5939 0 15 4 9365
5805 20 5939 0 66 169 9366
5805 32 5940 0 121 49 9367
5805 7 5940 0 99 9 9368
5805 10 5941 0 147 18 9369
5805 10 5940 0 198 85 9370
5805 13 5941 0 127 22 9371
5805 3 5941 0 24 195 9372
5805 18 5942 0 106 10 9373
5805 12 5942 0 173 171 9374
5820 23 5958 0 117 40 9375
5820 7 5954 0 147 18 9376
5820 3 5954 0 63 134 9377
5820 6 5955 0 2 3 9378
5820 6 5955 0 148 23 9379
5820 10 5955 0 173 171 9380
5820 12 5958 0 15 186 9381
5820 19 5956 0 161 34 9382
5820 16 5957 0 113 48 9383
5820 10 5956 0 109 56 9384
5820 15 5956 0 162 60 9385
5820 21 5956 0 127 22 9386
5820 34 5955 0 131 45 9387
5820 9 5957 0 142 143 9388
5820 5 5952 0 102 30 9389
5820 42 5957 0 143 170 9390
5820 20 5955 0 66 169 9391
5820 30 5958 0 96 33 9392
5820 15 5957 0 132 13 9393
5820 38 5955 0 102 140 9394
5820 4 5955 0 95 77 9395
5820 44 5957 0 46 189 9396
5820 5 5957 0 186 125 9397
5820 34 5957 0 124 33 9398
5820 39 5956 0 128 55 9399
5820 7 5953 0 145 55 9400
5820 14 5956 0 63 113 9401
5835 11 5969 0 142 143 9402
5835 18 5971 0 127 22 9403
5835 16 5970 0 132 13 9404
5835 36 5973 0 50 121 9405
5835 18 5972 0 93 57 9406
5835 6 5972 0 109 56 9407
5835 18 5971 0 63 113 9408
5835 4 5972 0 102 1 9409
5835 3 5972 0 102 30 9410
5835 18 5971 0 78 150 9411
5835 7 5971 0 198 85 9412
5835 18 5971 0 22 41 9413
5835 6 5970 0 93 9 9414
5835 36 5970 0 131 45 9415
5835 41 5970 0 121 49 9416
5835 26 5970 0 128 55 9417
5835 15 5970 0 106 10 9418
5835 25 5970 0 7 180 9419
5835 4 5972 0 57 122 9420
5835 20 5972 0 166 118 9421
5835 25 5972 0 146 22 9422
5835 10 5973 0 66 134 9423
5835 8 5970 0 15 4 9424
5850 34 5987 0 121 49 9425
5850 8 5989 0 99 9 9426
5850 3 5984 0 125 90 9427
5850 11 5987 0 147 18 9428
5850 45 5983 0 140 22 9429
5850 25 5986 0 117 40 9430
5850 17 5987 0 106 10 9431
5850 11 5986 0 155 52 9432
5850 11 5986 0 105 143 9433
5850 20 5983 0 67 20 9434
5850 8 5986 0 15 4 9435
5850 10 5983 0 142 143 9436
5850 6 5985 0 102 30 9437
5850 6 5989 0 110 24 9438
5850 7 5985 0 153 145 9439
5850 7 5985 0 16 120 9440
5850 6 5985 0 146 159 9441
5859 45 8842 1 72 194 9442
5865 3 6001 0 102 30 9443
5865 10 6002 0 153 145 9444
5865 11 6002 0 110 24 9445
5865 31 6002 0 46 189 9446
5865 44 6002 0 128 55 9447
5865 33 6001 0 50 121 9448
5865 11 6001 0 105 143 9449
5865 32 6001 0 55 108 9450
5865 6 6003 0 148 23 9451
5865 8 6000 0 147 18 9452
5865 37 6000 0 40 59 9453
5865 9 6000 0 15 4 9454
5865 16 6000 0 63 113 9455
5865 6 6001 0 102 1 9456
5865 15 6003 0 162 60 9457
5865 19 6002 0 72 131 9458
5865 15 6001 0 161 34 9459
5865 6 6001 0 109 56 9460
5865 35 5999 0 140 22 9461
5865 20 6002 0 106 10 9462
5865 9 6001 0 93 9 9463
5865 19 6002 0 113 48 9464
5865 5 6001 0 13 75 9465
5865 14 6000 0 93 57 9466
5865 13 6001 0 132 13 9467
5865 5 5999 0 178 113 9468
5865 21 6001 0 138 26 9469
5880 32 6016 0 128 55 9470
5880 21 6017 0 138 26 9471
5880 10 6013 0 148 23 9472
5880 22 6016 0 78 150 9473
5880 6 6015 0 93 9 9474
5880 5 6014 0 95 77 9475
5880 6 6015 0 33 177 9476
5880 27 6014 0 124 33 9477
5880 32 6015 0 121 49 9478
5880 13 6015 0 146 22 9479
5880 6 6017 0 178 113 9480
5880 3 6013 0 102 30 9481
5880 5 6016 0 72 194 9482
5880 21 6016 0 127 22 9483
5880 15 6016 0 106 10 9484
5880 14 6017 0 63 113 9485
5880 13 6016 0 117 40 9486
5880 9 6018 0 66 134 9487
5892 61 8878 1 83 108 9488
5895 19 6031 0 22 41 9489
5895 12 6032 0 16 120 9490
5895 18 6031 0 106 10 9491
5895 10 6031 0 29 60 9492
5895 7 6029 0 2 3 9493
5895 33 6031 0 121 49 9494
5895 20 6032 0 7 180 9495
5895 8 6031 0 109 56 9496
5895 21 6030 0 63 113 9497
5895 15 6030 0 166 118 9498
5895 35 6033 0 96 33 9499
5895 20 6030 0 146 22 9500
5895 38 6030 0 6 88 9501
5895 5 6033 0 102 1 9502
5895 4 6031 0 13 75 9503
5895 12 6030 0 155 52 9504
5895 6 6032 0 110 24 9505
5895 3 6034 0 58 139 9506
5895 12 6031 0 127 22 9507
5910 22 6046 0 113 48 9508
5910 11 6045 0 96 13 9509
5910 7 6048 0 66 134 9510
5910 7 6048 0 122 11 9511
5910 35 6046 0 143 170 9512
5910 5 6045 0 57 122 9513
5910 17 6050 0 117 40 9514
5910 10 6045 0 109 56 9515
5910 7 6047 0 198 85 9516
5910 3 6044 0 178 113 9517
5910 14 6046 0 106 10 9518
5910 3 6044 0 95 77 9519
5910 36 6044 0 140 22 9520
5910 22 6047 0 146 22 9521
5910 11 6045 0 110 24 9522
5910 10 6046 0 99 9 9523
5910 35 6046 0 102 140 9524
5910 16 6046 0 166 118 9525
5910 9 6049 0 155 52 9526
5910 45 6046 0 128 55 9527
5910 12 6044 0 86 23 9528
5910 25 6046 0 96 33 9529
5922 50 8908 1 128 55 9530
5925 29 6061 0 124 33 9531
5925 9 6060 0 15 4 9532
5925 18 6060 0 67 20 9533
5925 24 6059 0 146 22 9534
5925 17 6061 0 138 26 9535
5925 7 6061 0 110 24 9536
5925 25 6061 0 127 22 9537
5925 6 6061 0 127 43 9538
5925 6 6063 0 122 11 9539
5925 9 6062 0 146 159 9540
5925 4 6061 0 95 77 9541
5925 20 6062 0 83 108 9542
5925 25 6061 0 182 28 9543
5925 3 6063 0 63 134 9544
5925 6 6059 0 72 194 9545
5925 24 6061 0 117 40 9546
5925 6 6061 0 96 13 9547
5925 40 6064 0 121 49 9548
5925 31 6060 0 102 140 9549
5925 10 6060 0 148 23 9550
5925 10 6060 0 16 120 9551
5925 27 6060 0 128 55 9552
5925 16 6062 0 86 23 9553
5930 46 8916 1 16 120 9554
5940 18 6074 0 7 180 9555
5940 25 6074 0 131 45 9556
5940 22 6076 0 146 119 9557
5940 7 6078 0 2 3 9558
5940 9 6076 0 198 85 9559
5940 18 6078 0 86 23 9560
5940 25 6074 0 128 55 9561
5940 16 6073 0 106 10 9562
5940 4 6076 0 72 194 9563
5940 39 6076 0 6 88 9564
5940 43 6077 0 102 140 9565
5940 23 6077 0 132 13 9566
5940 6 6076 0 110 24 9567
5940 19 6077 0 166 118 9568
5940 24 6075 0 113 48 9569
5940 34 6076 0 50 121 9570
5940 6 6076 0 16 120 9571
5940 22 6076 0 146 22 9572
5940 14 6078 0 127 22 9573
5940 3 6077 0 102 30 9574
5940 7 6077 0 147 18 9575
5940 8 6075 0 155 52 9576
5952 46 8939 1 46 189 9577
5955 22 6092 0 72 131 9578
5955 42 6091 0 128 55 9579
5955 25 6092 0 146 22 9580
5955 11 6091 0 96 13 9581
5955 7 6092 0 33 177 9582
5955 10 6093 0 150 50 9583
5955 30 6091 0 140 22 9584
5955 16 6092 0 66 169 9585
5955 13 6092 0 161 34 9586
5955 16 6091 0 132 13 9587
5955 24 6092 0 152 41 9588
5955 13 6091 0 164 40 9589
5955 6 6092 0 173 171 9590
5955 15 6092 0 78 150 9591
5955 24 6091 0 138 26 9592
5955 20 6091 0 117 40 9593
5955 44 6091 0 155 79 9594
5955 10 6091 0 148 23 9595
5955 5 6086 0 57 122 9596
5955 8 6090 0 122 11 9597
5955 10 6091 0 66 134 9598
5955 8 6090 0 198 85 9599
5955 25 6092 0 113 48 9600
5955 21 6092 0 106 10 9601
5955 27 6089 0 96 33 9602
5955 7 6091 0 127 43 9603
5955 29 6090 0 124 33 9604
5955 6 6092 0 109 1 9605
5955 36 6090 0 182 28 9606
5955 15 6090 0 7 180 9607
5970 45 6104 0 55 108 9608
5970 25 6105 0 152 41 9609
5970 6 6107 0 125 90 9610
5970 6 6107 0 99 9 9611
5970 41 6106 0 124 33 9612
5970 9 6106 0 147 18 9613
5970 11 6107 0 109 56 9614
5970 38 6106 0 140 22 9615
5970 18 6106 0 63 113 9616
5970 19 6106 0 166 118 9617
5970 5 6102 0 13 75 9618
5970 10 6104 0 198 85 9619
5970 14 6106 0 98 36 9620
5970 26 6106 0 143 170 9621
5970 3 6104 0 178 113 9622
5970 12 6107 0 22 41 9623
5970 12 6105 0 150 50 9624
5970 5 6106 0 102 30 9625
5970 24 6106 0 106 10 9626
5980 62 8965 1 50 121 9627
5985 11 6121 0 15 4 9628
5985 5 6121 0 72 194 9629
5985 40 6122 0 6 88 9630
5985 15 6120 0 132 13 9631
5985 25 6121 0 63 113 9632
5985 6 6122 0 153 145 9633
5985 5 6121 0 63 134 9634
5985 19 6123 0 146 22 9635
5985 10 6121 0 110 24 9636
5985 11 6120 0 109 56 9637
5985 6 6121 0 102 30 9638
5985 25 6122 0 155 122 9639
5985 18 6120 0 22 41 9640
5985 43 6120 0 143 170 9641
5985 18 6121 0 113 48 9642
5985 22 6122 0 66 169 9643
5985 39 6119 0 128 55 9644
5985 22 6121 0 138 26 9645
5985 12 6123 0 7 180 9646
5985 4 6119 0 13 75 9647
5986 36 8973 1 29 60 9648
6000 18 6136 0 127 22 9649
6000 21 6136 0 15 186 9650
6000 20 6135 0 66 169 9651
6000 5 6136 0 63 134 9652
6000 9 6133 0 128 96 9653
6000 8 6137 0 33 177 9654
6000 21 6137 0 72 131 9655
6000 24 6136 0 132 13 9656
6000 8 6137 0 66 134 9657
6000 7 6134 0 29 60 9658
6000 16 6135 0 138 26 9659
6000 6 6137 0 147 18 9660
6000 19 6134 0 106 10 9661
6000 42 6135 0 128 55 9662
6000 25 6138 0 140 22 9663
6000 35 6137 0 124 33 9664
6000 12 6133 0 162 60 9665
6000 12 6134 0 15 4 9666
6000 7 6134 0 127 43 9667
6000 34 6134 0 131 45 9668
6000 12 6136 0 110 24 9669
6000 11 6138 0 16 120 9670
6000 15 6136 0 161 34 9671
6015 16 6152 0 161 34 9672
6015 3 6149 0 178 113 9673
6015 13 6151 0 127 22 9674
6015 42 6151 0 128 55 9675
6015 44 6150 0 102 140 9676
6015 25 6151 0 63 113 9677
6015 9 6151 0 96 13 9678
6015 12 6152 0 147 18 9679
6015 9 6152 0 146 159 9680
6015 8 6150 0 29 60 9681
6015 6 6151 0 102 1 9682
6015 21 6153 0 138 26 9683
6015 26 6152 0 50 121 9684
6015 9 6148 0 198 85 9685
6015 24 6151 0 106 10 9686
6015 6 6153 0 102 30 9687
6015 30 6153 0 121 49 9688
6015 45 6153 0 55 108 9689
6015 34 6151 0 124 33 9690
6015 12 6152 0 153 145 9691
6015 9 6152 0 99 9 9692
6030 12 6169 0 109 56 9693
6030 27 6166 0 46 189 9694
6030 5 6165 0 178 113 9695
6030 27 6166 0 124 33 9696
6030 29 6165 0 140 22 9697
6030 20 6166 0 98 36 9698
6030 17 6166 0 127 22 9699
6030 18 6166 0 132 13 9700
6030 17 6165 0 106 10 9701
6030 22 6165 0 162 60 9702
6030 25 6166 0 128 55 9703
6030 20 6164 0 63 113 9704
6030 11 6164 0 127 43 9705
6030 8 6166 0 122 11 9706
6030 7 6165 0 110 24 9707
6030 7 6166 0 96 13 9708
6030 6 6166 0 146 159 9709
6030 25 6162 0 22 41 9710
6030 10 6166 0 147 18 9711
6030 8 6165 0 66 134 9712
6030 20 6168 0 78 150 9713
6030 25 6168 0 7 180 9714
6030 4 6166 0 102 30 9715
6039 38 9024 1 86 23 9716
6045 40 6181 0 121 49 9717
6045 42 6180 0 55 108 9718
6045 9 6180 0 2 3 9719
6045 4 6179 0 95 77 9720
6045 41 6182 0 155 79 9721
6045 25 6181 0 117 40 9722
6045 6 6181 0 102 1 9723
6045 13 6180 0 132 13 9724
6045 8 6179 0 109 1 9725
6045 30 6181 0 96 33 9726
6045 23 6184 0 127 22 9727
6045 40 6181 0 131 45 9728
6045 12 6180 0 146 159 9729
6045 12 6180 0 122 11 9730
6045 23 6180 0 164 40 9731
6045 16 6182 0 7 180 9732
6045 21 6180 0 138 26 9733
6045 11 6181 0 147 18 9734
6045 12 6182 0 66 134 9735
6045 7 6183 0 96 13 9736
6045 18 6182 0 15 186 9737
6045 15 6181 0 146 22 9738
6045 8 6179 0 109 56 9739
6045 9 6179 0 142 143 9740
6055 47 9040 1 99 9 9741
6060 13 6196 0 117 40 9742
6060 13 6197 0 132 13 9743
6060 10 6197 0 122 11 9744
6060 22 6195 0 22 41 9745
6060 13 6196 0 78 150 9746
6060 19 6195 0 63 113 9747
6060 28 6195 0 131 45 9748
6060 19 6197 0 106 10 9749
6060 10 6194 0 105 143 9750
6060 4 6196 0 125 90 9751
6060 24 6196 0 146 119 9752
6060 26 6194 0 55 108 9753
6060 17 6195 0 138 26 9754
6060 19 6197 0 146 22 9755
6060 9 6197 0 147 18 9756
6060 23 6196 0 93 57 9757
6060 20 6194 0 98 36 9758
6060 43 6196 0 140 22 9759
6060 12 6195 0 24 183 9760
6060 41 6195 0 121 49 9761
6060 12 6196 0 148 23 9762
6060 44 6196 0 128 55 9763
6060 7 6195 0 16 120 9764
6060 4 6196 0 72 194 9765
6060 28 6197 0 50 121 9766
6060 22 6197 0 127 22 9767
6060 12 6196 0 67 20 9768
6060 12 6195 0 109 56 9769
6060 11 6197 0 146 159 9770
6060 14 6196 0 15 186 9771
6063 74 9050 1 24 195 9772
6065 48 9051 1 66 134 9773
6073 31 9058 1 166 118 9774
6075 12 6210 0 7 180 9775
6075 12 6213 0 96 13 9776
6075 11 6211 0 109 56 9777
6075 12 6212 0 66 134 9778
6075 10 6211 0 29 60 9779
6075 9 6211 0 99 9 9780
6075 3 6214 0 102 30 9781
6075 33 6211 0 40 59 9782
6075 16 6208 0 106 10 9783
6075 7 6211 0 122 11 9784
6075 10 6214 0 127 43 9785
6075 12 6212 0 161 34 9786
6075 10 6210 0 153 145 9787
6075 9 6212 0 24 183 9788
6075 38 6212 0 96 33 9789
6075 13 6210 0 132 13 9790
6075 6 6211 0 146 159 9791
6075 3 6211 0 102 1 9792
6075 25 6210 0 127 22 9793
6089 70 9076 1 127 43 9794
6090 9 6226 0 127 43 9795
6090 43 6228 0 96 33 9796
6090 6 6227 0 57 122 9797
6090 5 6228 0 58 139 9798
6090 41 6226 0 143 170 9799
6090 4 6226 0 63 134 9800
6090 3 6227 0 102 30 9801
6090 15 6227 0 146 22 9802
6090 21 6227 0 22 41 9803
6090 20 6226 0 67 20 9804
6090 22 6226 0 117 40 9805
6090 24 6226 0 138 26 9806
6090 18 6227 0 152 41 9807
6090 43 6226 0 46 189 9808
6090 34 6227 0 55 108 9809
6090 43 6227 0 124 33 9810
6090 12 6225 0 113 48 9811
6090 7 6227 0 16 120 9812
6090 18 6225 0 106 10 9813
6090 15 6226 0 98 36 9814
6090 8 6224 0 24 183 9815
6090 17 6227 0 166 118 9816
6096 34 9081 1 121 49 9817
6097 46 9083 1 72 131 9818
6105 38 6240 0 6 88 9819
6105 6 6241 0 57 122 9820
6105 5 6239 0 125 90 9821
6105 6 6242 0 99 9 9822
6105 12 6239 0 173 171 9823
6105 12 6241 0 127 22 9824
6105 6 6241 0 102 30 9825
6105 12 6241 0 138 26 9826
6105 44 6240 0 124 33 9827
6105 4 6242 0 186 125 9828
6105 12 6241 0 93 9 9829
6105 25 6241 0 121 49 9830
6105 4 6242 0 102 1 9831
6105 18 6241 0 117 40 9832
6105 9 6239 0 150 50 9833
6105 3 6240 0 24 195 9834
6105 18 6242 0 146 119 9835
6105 14 6240 0 98 36 9836
6105 39 6243 0 131 45 9837
6105 3 6241 0 63 134 9838
6105 8 6242 0 110 24 9839
6105 6 6241 0 109 56 9840
6105 8 6241 0 96 13 9841
6105 18 6243 0 132 13 9842
6109 79 9098 1 93 9 9843
6120 23 6258 0 155 122 9844
6120 25 6257 0 66 169 9845
6120 9 6258 0 127 43 9846
6120 19 6253 0 161 34 9847
6120 9 6254 0 110 24 9848
6120 13 6257 0 93 57 9849
6120 21 6256 0 106 10 9850
6120 4 6258 0 57 122 9851
6120 9 6253 0 109 56 9852
6120 29 6255 0 128 55 9853
6120 8 6256 0 128 96 9854
6120 7 6257 0 155 52 9855
6120 12 6256 0 147 18 9856
6120 40 6256 0 124 33 9857
6120 25 6255 0 132 13 9858
6120 9 6257 0 99 9 9859
6120 19 6257 0 166 118 9860
6120 34 6256 0 121 49 9861
6120 5 6256 0 58 139 9862
6120 5 6257 0 186 125 9863
6135 45 6272 0 121 49 9864
6135 15 6272 0 113 48 9865
6135 8 6273 0 109 56 9866
6135 23 6270 0 106 10 9867
6135 17 6273 0 127 22 9868
6135 5 6272 0 186 125 9869
6135 15 6270 0 132 13 9870
6135 15 6270 0 161 34 9871
6135 4 6270 0 24 195 9872
6135 35 6272 0 128 55 9873
6135 38 6270 0 131 45 9874
6135 39 6273 0 46 189 9875
6135 25 6271 0 86 23 9876
6135 12 6273 0 96 13 9877
6135 6 6272 0 198 85 9878
6135 3 6271 0 57 122 9879
6135 20 6268 0 164 40 9880
6135 16 6272 0 98 36 9881
6135 24 6273 0 72 131 9882
6135 8 6271 0 127 43 9883
6140 50 9125 1 198 85 9884
6144 77 9128 1 7 180 9885
6150 36 6287 0 128 55 9886
6150 36 6287 0 155 79 9887
6150 29 6286 0 121 49 9888
6150 24 6287 0 138 26 9889
6150 5 6288 0 95 77 9890
6150 30 6286 0 143 170 9891
6150 4 6289 0 125 90 9892
6150 10 6286 0 147 18 9893
6150 3 6286 0 58 139 9894
6150 17 6285 0 162 60 9895
6150 18 6286 0 22 41 9896
6150 45 6285 0 6 88 9897
6150 25 6285 0 146 119 9898
6150 6 6286 0 178 113 9899
6150 21 6286 0 132 13 9900
6150 38 6285 0 50 121 9901
6150 12 6287 0 110 24 9902
6150 16 6285 0 98 36 9903
6150 45 6288 0 182 28 9904
6150 12 6287 0 105 143 9905
6150 24 6285 0 152 41 9906
6150 30 6285 0 124 33 9907
6150 24 6286 0 166 118 9908
6150 6 6287 0 72 194 9909
6150 9 6287 0 122 11 9910
6150 17 6287 0 7 180 9911
6150 10 6288 0 173 171 9912
6150 9 6287 0 148 23 9913
6150 8 6289 0 145 55 9914
6156 31 9141 1 113 48 9915
6165 9 6300 0 146 159 9916
6165 30 6300 0 96 33 9917
6165 12 6302 0 110 24 9918
6165 13 6300 0 161 34 9919
6165 21 6302 0 146 22 9920
6165 7 6301 0 109 56 9921
6165 21 6301 0 117 40 9922
6165 6 6300 0 58 139 9923
6165 6 6300 0 122 11 9924
6165 5 6302 0 102 30 9925
6165 11 6301 0 96 13 9926
6165 10 6302 0 173 171 9927
6165 35 6300 0 55 108 9928
6165 25 6300 0 138 26 9929
6165 34 6301 0 155 79 9930
6180 12 6315 0 173 171 9931
6180 11 6317 0 146 159 9932
6180 38 6315 0 124 33 9933
6180 25 6314 0 113 48 9934
6180 7 6318 0 96 13 9935
6180 45 6318 0 96 33 9936
6180 6 6318 0 186 125 9937
6180 20 6316 0 132 13 9938
6180 33 6315 0 131 45 9939
6180 24 6317 0 138 26 9940
6180 44 6317 0 128 55 9941
6180 20 6316 0 152 41 9942
6180 6 6317 0 153 145 9943
6180 12 6317 0 109 1 9944
6180 8 6315 0 145 55 9945
6180 9 6317 0 148 23 9946
6180 7 6316 0 128 96 9947
6180 6 6317 0 99 9 9948
6180 13 6317 0 127 22 9949
6180 11 6314 0 109 56 9950
6180 24 6315 0 66 169 9951
6180 22 6315 0 15 186 9952
6180 25 6315 0 98 36 9953
6180 40 6316 0 50 121 9954
6189 76 9174 1 143 170 9955
6195 10 6332 0 96 13 9956
6195 6 6330 0 57 122 9957
6195 20 6330 0 63 113 9958
6195 24 6333 0 83 108 9959
6195 14 6328 0 117 40 9960
6195 4 6331 0 24 195 9961
6195 14 6331 0 161 34 9962
6195 12 6330 0 106 10 9963
6195 43 6333 0 96 33 9964
6195 17 6333 0 98 36 9965
6195 25 6331 0 152 41 9966
6195 10 6331 0 110 24 9967
6195 26 6330 0 55 108 9968
6195 16 6331 0 93 57 9969
6195 12 6329 0 132 13 9970
6195 35 6329 0 6 88 9971
6195 11 6332 0 66 134 9972
6195 43 6331 0 102 140 9973
6195 9 6332 0 16 120 9974
6195 11 6330 0 147 18 9975
6195 32 6329 0 40 59 9976
6195 19 6331 0 146 22 9977
6210 18 6346 0 67 20 9978
6210 23 6346 0 106 10 9979
6210 6 6346 0 109 1 9980
6210 26 6344 0 131 45 9981
6210 33 6345 0 96 33 9982
6210 6 6348 0 105 143 9983
6210 16 6345 0 98 36 9984
6210 39 6346 0 128 55 9985
6210 12 6346 0 110 24 9986
6210 39 6346 0 140 22 9987
6210 6 6346 0 63 134 9988
6210 25 6345 0 132 13 9989
6210 23 6346 0 155 122 9990
6210 27 6347 0 121 49 9991
6210 33 6347 0 6 88 9992
6210 19 6346 0 86 23 9993
6210 32 6344 0 46 189 9994
6210 21 6346 0 72 131 9995
6210 23 6346 0 127 22 9996
6210 11 6346 0 173 171 9997
6210 3 6346 0 72 194 9998
6210 23 6345 0 138 26 9999
6210 10 6345 0 66 134 10000
6210 18 6346 0 152 41 10001
6210 18 6346 0 146 22 10002
6216 105 9203 1 150 50 10003
6219 56 9209 1 96 33 10004
6225 33 6361 0 143 170 10005
6225 7 6362 0 142 143 10006
6225 25 6361 0 15 186 10007
6225 37 6358 0 131 45 10008
6225 10 6361 0 127 43 10009
6225 9 6362 0 173 171 10010
6225 13 6361 0 113 48 10011
6225 12 6360 0 132 13 10012
6225 5 6362 0 102 30 10013
6225 11 6362 0 66 134 10014
6225 17 6362 0 146 22 10015
6225 37 6361 0 121 49 10016
6225 7 6364 0 96 13 10017
6225 8 6359 0 93 9 10018
6225 24 6360 0 83 108 10019
6225 3 6363 0 63 134 10020
6225 4 6360 0 13 75 10021
6225 8 6362 0 146 159 10022
6225 11 6361 0 122 11 10023
6225 11 6361 0 99 9 10024
6225 14 6360 0 98 36 10025
6230 71 9217 1 13 75 10026
6240 10 6376 0 99 9 10027
6240 24 6377 0 113 48 10028
6240 10 6378 0 147 18 10029
6240 10 6374 0 33 177 10030
6240 3 6377 0 57 122 10031
6240 15 6377 0 67 20 10032
6240 40 6375 0 143 170 10033
6240 6 6378 0 198 85 10034
6240 12 6375 0 72 131 10035
6240 6 6378 0 109 1 10036
6240 18 6373 0 106 10 10037
6240 9 6373 0 122 11 10038
6240 33 6374 0 155 79 10039
6240 8 6376 0 173 171 10040
6240 4 6378 0 102 30 10041
6240 16 6377 0 15 186 10042
6240 19 6377 0 98 36 10043
6240 45 6375 0 131 45 10044
6240 12 6375 0 66 134 10045
6246 59 9232 1 95 77 10046
6255 17 6391 0 117 40 10047
6255 42 6390 0 96 33 10048
6255 22 6389 0 138 26 10049
6255 45 6390 0 50 121 10050
6255 6 6391 0 57 122 10051
6255 16 6390 0 106 10 10052
6255 12 6391 0 127 43 10053
6255 23 6394 0 132 13 10054
6255 10 6393 0 109 56 10055
6255 21 6391 0 83 108 10056
6255 13 6391 0 93 57 10057
6255 22 6391 0 98 36 10058
6255 41 6392 0 128 55 10059
6255 44 6393 0 55 108 10060
6255 11 6392 0 122 11 10061
6255 11 6390 0 110 24 10062
6255 24 6390 0 127 22 10063
6255 12 6391 0 63 113 10064
6255 15 6391 0 164 40 10065
6255 6 6391 0 102 30 10066
6255 10 6390 0 148 23 10067
6255 12 6390 0 99 9 10068
6255 6 6390 0 58 139 10069
6255 12 6391 0 33 177 10070
6255 16 6390 0 67 20 10071
6255 13 6390 0 15 186 10072
6255 9 6392 0 29 60 10073
6255 6 6389 0 125 90 10074
6259 71 9244 1 146 22 10075
6270 23 6408 0 78 150 10076
6270 28 6406 0 124 33 10077
6270 6 6407 0 96 13 10078
6270 40 6408 0 96 33 10079
6270 12 6406 0 148 23 10080
6270 6 6406 0 63 134 10081
6270 4 6406 0 13 75 10082
6270 8 6405 0 145 55 10083
6270 6 6407 0 102 30 10084
6270 40 6407 0 6 88 10085
6270 20 6407 0 15 186 10086
6270 30 6407 0 131 45 10087
6270 8 6404 0 147 18 10088
6270 6 6406 0 142 143 10089
6270 39 6405 0 143 170 10090
6270 5 6406 0 102 1 10091
6270 25 6406 0 127 22 10092
6270 21 6405 0 117 40 10093
6270 9 6406 0 150 50 10094
6270 16 6409 0 106 10 10095
6270 7 6406 0 122 11 10096
6275 75 9260 1 6 88 10097
6280 46 9267 1 131 45 10098
6284 59 9271 1 117 40 10099
6285 20 6422 0 166 118 10100
6285 12 6420 0 110 24 10101
6285 43 6421 0 131 45 10102
6285 16 6420 0 113 48 10103
6285 23 6421 0 146 22 10104
6285 6 6420 0 99 9 10105
6285 7 6423 0 147 18 10106
6285 34 6418 0 124 33 10107
6285 40 6423 0 121 49 10108
6285 30 6422 0 6 88 10109
6285 28 6423 0 102 140 10110
6285 6 6421 0 186 125 10111
6285 3 6422 0 95 77 10112
6285 11 6423 0 148 23 10113
6285 23 6420 0 161 34 10114
6285 3 6420 0 24 195 10115
6285 22 6421 0 86 23 10116
6285 11 6420 0 122 11 10117
6285 35 6421 0 128 55 10118
6285 6 6420 0 57 122 10119
6285 14 6422 0 78 150 10120
6285 18 6422 0 117 40 10121
6285 12 6421 0 127 22 10122
6285 12 6419 0 106 10 10123
6285 18 6420 0 93 57 10124
6300 4 6436 0 178 113 10125
6300 23 6434 0 67 20 10126
6300 11 6433 0 15 4 10127
6300 24 6438 0 113 48 10128
6300 27 6435 0 124 33 10129
6300 21 6438 0 155 122 10130
6300 12 6436 0 86 23 10131
6300 3 6437 0 13 75 10132
6300 4 6436 0 24 195 10133
6300 10 6439 0 66 134 10134
6300 12 6438 0 146 159 10135
6300 13 6436 0 132 13 10136
6300 13 6437 0 117 40 10137
6300 29 6436 0 140 22 10138
6300 15 6437 0 63 113 10139
6300 35 6436 0 6 88 10140
6300 17 6435 0 162 60 10141
6300 6 6435 0 147 18 10142
6300 18 6435 0 138 26 10143
6300 18 6436 0 22 41 10144
6300 16 6434 0 106 10 10145
6300 12 6435 0 127 43 10146
6300 8 6436 0 148 23 10147
6300 25 6436 0 121 49 10148
6300 5 6438 0 57 122 10149
6300 7 6435 0 99 9 10150
6300 20 6436 0 66 169 10151
6300 25 6437 0 93 57 10152
6300 22 6435 0 146 22 10153
6300 11 6436 0 122 11 10154
6300 3 6435 0 95 77 10155
6300 21 6436 0 166 118 10156
6300 11 6439 0 109 56 10157
6300 13 6434 0 98 36 10158
6313 37 9298 1 105 143 10159
6315 10 6450 0 148 23 10160
6315 13 6453 0 7 180 10161
6315 3 6453 0 63 134 10162
6315 4 6449 0 186 125 10163
6315 31 6452 0 128 55 10164
6315 40 6452 0 143 170 10165
6315 41 6455 0 40 59 10166
6315 9 6451 0 110 24 10167
6315 8 6451 0 24 183 10168
6315 11 6452 0 33 177 10169
6315 31 6450 0 121 49 10170
6315 11 6449 0 155 52 10171
6315 6 6450 0 147 18 10172
6315 15 6452 0 66 169 10173
6315 11 6451 0 150 50 10174
6315 15 6451 0 146 119 10175
6315 41 6449 0 96 33 10176
6315 5 6451 0 178 113 10177
6315 17 6452 0 127 22 10178
6315 8 6452 0 66 134 10179
6315 4 6452 0 95 77 10180
6315 21 6449 0 15 186 10181
6315 18 6452 0 83 108 10182
6324 73 9308 1 124 33 10183
6330 14 6466 0 98 36 10184
6330 25 6465 0 106 10 10185
6330 5 6465 0 63 134 10186
6330 7 6466 0 127 43 10187
6330 12 6465 0 99 9 10188
6330 10 6465 0 96 13 10189
6330 45 6465 0 50 121 10190
6330 6 6466 0 122 11 10191
6330 8 6466 0 109 56 10192
6330 18 6466 0 66 169 10193
6330 5 6466 0 102 30 10194
6330 32 6466 0 121 49 10195
6330 14 6468 0 127 22 10196
6330 3 6465 0 186 125 10197
6330 32 6469 0 55 108 10198
6330 22 6465 0 132 13 10199
6330 30 6467 0 96 33 10200
6330 9 6466 0 198 85 10201
6330 35 6464 0 140 22 10202
6330 11 6465 0 15 4 10203
6330 25 6467 0 113 48 10204
6330 12 6466 0 147 18 10205
6332 61 9316 1 155 52 10206
6336 73 9322 1 186 125 10207
6339 37 9325 1 148 23 10208
6343 130 9327 1 98 36 10209
6345 31 6480 0 140 22 10210
6345 7 6480 0 110 24 10211
6345 12 6482 0 109 56 10212
6345 19 6481 0 93 57 10213
6345 33 6482 0 40 59 10214
6345 3 6480 0 63 134 10215
6345 8 6480 0 2 3 10216
6345 12 6481 0 33 177 10217
6345 39 6479 0 96 33 10218
6345 36 6480 0 121 49 10219
6345 15 6481 0 162 60 10220
6345 7 6482 0 127 43 10221
6345 33 6482 0 128 55 10222
6345 8 6479 0 173 171 10223
6345 6 6479 0 57 122 10224
6345 18 6479 0 138 26 10225
6345 21 6480 0 146 22 10226
6360 36 6497 0 96 33 10227
6360 12 6496 0 147 18 10228
6360 6 6497 0 122 11 10229
6360 12 6499 0 113 48 10230
6360 8 6497 0 109 1 10231
6360 19 6496 0 117 40 10232
6360 14 6495 0 127 22 10233
6360 30 6497 0 124 33 10234
6360 4 6496 0 102 30 10235
6360 37 6497 0 121 49 10236
6360 18 6495 0 138 26 10237
6360 3 6495 0 57 122 10238
6360 8 6497 0 96 13 10239
6360 19 6496 0 106 10 10240
6360 11 6495 0 15 4 10241
6360 35 6496 0 128 55 10242
6360 27 6496 0 40 59 10243
6368 52 9352 1 2 3 10244
6368 77 9356 1 138 26 10245
6375 3 6512 0 102 30 10246
6375 11 6511 0 96 13 10247
6375 11 6509 0 155 52 10248
6375 41 6510 0 121 49 10249
6375 17 6512 0 138 26 10250
6375 23 6511 0 132 13 10251
6375 20 6512 0 15 186 10252
6375 10 6512 0 110 24 10253
6375 27 6511 0 140 22 10254
6375 9 6513 0 93 9 10255
6375 6 6512 0 127 43 10256
6375 21 6510 0 63 113 10257
6375 10 6512 0 109 56 10258
6375 5 6510 0 102 1 10259
6375 8 6511 0 147 18 10260
6375 14 6511 0 86 23 10261
6375 18 6511 0 113 48 10262
6389 48 9374 1 122 11 10263
6390 24 6527 0 78 150 10264
6390 14 6526 0 146 22 10265
6390 18 6523 0 138 26 10266
6390 20 6527 0 164 40 10267
6390 28 6529 0 121 49 10268
6390 12 6527 0 113 48 10269
6390 19 6526 0 63 113 10270
6390 4 6527 0 178 113 10271
6390 5 6526 0 186 125 10272
6390 35 6526 0 124 33 10273
6390 35 6526 0 182 28 10274
6390 19 6526 0 106 10 10275
6390 6 6526 0 110 24 10276
6390 10 6526 0 24 183 10277
6390 25 6525 0 132 13 10278
6390 14 6526 0 72 131 10279
6390 7 6526 0 99 9 10280
6390 21 6525 0 98 36 10281
6390 35 6526 0 131 45 10282
6390 14 6527 0 127 22 10283
6394 31 9380 1 142 143 10284
6401 52 9387 1 146 119 10285
6405 34 6539 0 96 33 10286
6405 10 6542 0 148 23 10287
6405 8 6542 0 33 177 10288
6405 25 6540 0 78 150 10289
6405 7 6542 0 127 43 10290
6405 3 6540 0 186 125 10291
6405 3 6541 0 102 30 10292
6405 14 6539 0 132 13 10293
6405 16 6540 0 146 22 10294
6405 14 6542 0 106 10 10295
6405 3 6539 0 102 1 10296
6405 9 6541 0 29 60 10297
6405 4 6543 0 95 77 10298
6405 8 6539 0 93 9 10299
6405 24 6544 0 162 60 10300
6405 8 6543 0 24 183 10301
6405 11 6541 0 128 96 10302
6416 34 9402 1 22 41 10303
6420 12 6557 0 113 48 10304
6420 20 6556 0 132 13 10305
6420 22 6555 0 63 113 10306
6420 7 6559 0 2 3 10307
6420 4 6556 0 63 134 10308
6420 11 6554 0 99 9 10309
6420 12 6558 0 128 96 10310
6420 7 6557 0 96 13 10311
6420 17 6556 0 164 40 10312
6420 7 6554 0 109 1 10313
6420 11 6556 0 145 55 10314
6420 43 6558 0 96 33 10315
6420 31 6554 0 143 170 10316
6420 11 6555 0 127 43 10317
6420 6 6554 0 13 75 10318
6420 6 6556 0 95 77 10319
6420 10 6558 0 110 24 10320
6420 43 6555 0 6 88 10321
6420 9 6554 0 109 56 10322
6420 17 6558 0 155 122 10323
6420 7 6557 0 147 18 10324
6420 4 6554 0 57 122 10325
6420 44 6554 0 124 33 10326
6420 15 6557 0 146 22 10327
6420 8 6555 0 122 11 10328
6420 3 6556 0 178 113 10329
6420 38 6559 0 121 49 10330
6435 44 6569 0 124 33 10331
6435 17 6572 0 67 20 10332
6435 13 6572 0 162 60 10333
6435 7 6569 0 105 143 10334
6435 12 6573 0 109 56 10335
6435 16 6572 0 166 118 10336
6435 28 6572 0 143 170 10337
6435 15 6571 0 152 41 10338
6435 12 6570 0 122 11 10339
6435 33 6572 0 182 28 10340
6435 41 6571 0 46 189 10341
6435 34 6571 0 121 49 10342
6435 12 6570 0 164 40 10343
6435 12 6572 0 148 23 10344
6435 25 6571 0 146 22 10345
6435 25 6571 0 155 79 10346
6435 14 6573 0 83 108 10347
6435 40 6570 0 140 22 10348
6435 17 6570 0 113 48 10349
6435 27 6571 0 96 33 10350
6435 23 6572 0 98 36 10351
6435 23 6570 0 155 122 10352
6435 7 6570 0 127 43 10353
6435 9 6572 0 96 13 10354
6450 26 6586 0 128 55 10355
6450 11 6583 0 145 55 10356
6450 23 6585 0 83 108 10357
6450 4 6585 0 24 195 10358
6450 3 6586 0 178 113 10359
6450 30 6587 0 96 33 10360
6450 5 6588 0 72 194 10361
6450 10 6587 0 128 96 10362
6450 11 6586 0 15 4 10363
6450 31 6584 0 121 49 10364
6450 25 6585 0 127 22 10365
6450 7 6585 0 16 120 10366
6450 15 6584 0 86 23 10367
6450 14 6584 0 166 118 10368
6450 28 6586 0 46 189 10369
6450 12 6586 0 146 22 10370
6450 37 6586 0 50 121 10371
6450 9 6587 0 93 9 10372
6450 10 6587 0 109 56 10373
6450 15 6586 0 106 10 10374
6450 11 6586 0 33 177 10375
6450 5 6587 0 102 1 10376
6450 30 6587 0 102 140 10377
6450 5 6583 0 102 30 10378
6450 13 6587 0 138 26 10379
6450 9 6586 0 142 143 10380
6450 20 6586 0 155 122 10381
6450 3 6587 0 57 122 10382
6450 13 6586 0 117 40 10383
6450 35 6585 0 182 28 10384
6450 20 6586 0 113 48 10385
6450 7 6587 0 99 9 10386
6463 67 9449 1 24 183 10387
6465 32 6600 0 46 189 10388
6465 14 6602 0 146 22 10389
6465 16 6601 0 117 40 10390
6465 10 6601 0 148 23 10391
6465 8 6601 0 147 18 10392
6465 20 6602 0 127 22 10393
6465 3 6600 0 102 30 10394
6465 3 6600 0 13 75 10395
6465 10 6599 0 198 85 10396
6465 36 6601 0 40 59 10397
6465 18 6601 0 22 41 10398
6465 7 6602 0 96 13 10399
6465 35 6600 0 131 45 10400
6465 26 6600 0 140 22 10401
6465 7 6599 0 127 43 10402
6465 24 6602 0 106 10 10403
6465 5 6599 0 186 125 10404
6465 4 6599 0 24 195 10405
6465 8 6601 0 99 9 10406
6465 32 6599 0 102 140 10407
6465 16 6600 0 152 41 10408
6465 21 6600 0 113 48 10409
6465 4 6603 0 58 139 10410
6465 7 6600 0 122 11 10411
6480 16 6614 0 98 36 10412
6480 6 6616 0 102 30 10413
6480 17 6616 0 67 20 10414
6480 34 6616 0 6 88 10415
6480 11 6617 0 110 24 10416
6480 10 6614 0 66 134 10417
6480 20 6615 0 162 60 10418
6480 34 6615 0 124 33 10419
6480 29 6618 0 143 170 10420
6480 12 6619 0 113 48 10421
6480 3 6616 0 95 77 10422
6480 6 6616 0 58 139 10423
6480 13 6618 0 127 22 10424
6480 10 6617 0 99 9 10425
6480 22 6615 0 15 186 10426
6480 3 6615 0 57 122 10427
6480 32 6616 0 121 49 10428
6480 16 6618 0 86 23 10429
6480 16 6614 0 22 41 10430
6480 7 6616 0 147 18 10431
6481 63 9467 1 110 24 10432
6495 25 6631 0 98 36 10433
6495 12 6631 0 153 145 10434
6495 5 6631 0 57 122 10435
6495 39 6633 0 131 45 10436
6495 25 6632 0 146 22 10437
6495 5 6632 0 125 90 10438
6495 27 6629 0 102 140 10439
6495 20 6632 0 106 10 10440
6495 12 6631 0 109 56 10441
6495 20 6629 0 93 57 10442
6495 42 6631 0 46 189 10443
6495 28 6631 0 55 108 10444
6495 9 6630 0 29 60 10445
6495 10 6631 0 2 3 10446
6495 21 6632 0 22 41 10447
6495 11 6631 0 142 143 10448
6495 29 6630 0 50 121 10449
6495 17 6632 0 63 113 10450
6495 9 6632 0 122 11 10451
6495 25 6632 0 155 122 10452
6495 7 6630 0 145 55 10453
6495 42 6632 0 140 22 10454
6510 12 6647 0 122 11 10455
6510 4 6647 0 178 113 10456
6510 12 6645 0 66 134 10457
6510 7 6643 0 109 1 10458
6510 41 6646 0 143 170 10459
6510 3 6645 0 102 30 10460
6510 27 6646 0 102 140 10461
6510 37 6646 0 128 55 10462
6510 11 6645 0 147 18 10463
6510 9 6645 0 2 3 10464
6510 12 6647 0 146 159 10465
6510 9 6645 0 99 9 10466
6510 19 6646 0 78 150 10467
6510 40 6644 0 121 49 10468
6510 13 6647 0 155 122 10469
6510 34 6645 0 40 59 10470
6525 6 6661 0 127 43 10471
6525 20 6660 0 132 13 10472
6525 22 6661 0 146 119 10473
6525 11 6659 0 147 18 10474
6525 14 6661 0 106 10 10475
6525 12 6663 0 66 134 10476
6525 5 6665 0 125 90 10477
6525 8 6661 0 148 23 10478
6525 21 6661 0 138 26 10479
6525 8 6660 0 122 11 10480
6525 17 6661 0 67 20 10481
6525 5 6663 0 63 134 10482
6525 6 6660 0 145 55 10483
6525 12 6659 0 117 40 10484
6525 37 6660 0 121 49 10485
6525 4 6663 0 95 77 10486
6525 8 6661 0 33 177 10487
6525 9 6661 0 110 24 10488
6525 24 6662 0 155 122 10489
6525 21 6661 0 15 186 10490
6525 25 6661 0 131 45 10491
6525 30 6662 0 128 55 10492
6525 7 6661 0 153 145 10493
6525 5 6662 0 72 194 10494
6525 24 6662 0 98 36 10495
6525 24 6660 0 113 48 10496
6540 5 6675 0 57 122 10497
6540 13 6677 0 113 48 10498
6540 8 6676 0 146 159 10499
6540 42 6674 0 124 33 10500
6540 18 6675 0 146 22 10501
6540 15 6677 0 138 26 10502
6540 8 6676 0 105 143 10503
6540 9 6675 0 2 3 10504
6540 7 6675 0 148 23 10505
6540 12 6677 0 122 11 10506
6540 19 6676 0 93 57 10507
6540 11 6678 0 109 56 10508
6540 11 6676 0 127 43 10509
6540 18 6676 0 127 22 10510
6540 45 6673 0 121 49 10511
6540 69 9526 1 127 22 10512
6540 9 6675 0 110 24 10513
6540 17 6677 0 7 180 10514
6540 15 6676 0 66 169 10515
6540 40 6675 0 140 22 10516
6540 11 6675 0 99 9 10517
6548 59 9534 1 109 1 10518
6548 59 9532 1 150 50 10519
6555 6 6691 0 96 13 10520
6555 14 6691 0 132 13 10521
6555 19 6691 0 83 108 10522
6555 10 6691 0 99 9 10523
6555 15 6689 0 146 119 10524
6555 33 6692 0 128 55 10525
6555 25 6690 0 66 169 10526
6555 30 6689 0 140 22 10527
6555 25 6691 0 121 49 10528
6555 17 6691 0 7 180 10529
6555 24 6690 0 127 22 10530
6555 7 6692 0 155 52 10531
6555 9 6693 0 127 43 10532
6555 10 6691 0 109 56 10533
6555 11 6693 0 93 9 10534
6555 12 6689 0 148 23 10535
6555 43 6689 0 46 189 10536
6555 19 6691 0 138 26 10537
6555 6 6690 0 95 77 10538
6570 34 6705 0 121 49 10539
6570 21 6706 0 161 34 10540
6570 7 6706 0 99 9 10541
6570 19 6708 0 98 36 10542
6570 10 6705 0 33 177 10543
6570 14 6708 0 72 131 10544
6570 12 6704 0 122 11 10545
6570 38 6705 0 143 170 10546
6570 45 6706 0 140 22 10547
6570 36 6705 0 124 33 10548
6570 24 6705 0 15 186 10549
6570 24 6707 0 106 10 10550
6570 22 6706 0 117 40 10551
6570 7 6707 0 16 120 10552
6570 42 6708 0 128 55 10553
6570 23 6706 0 22 41 10554
6570 8 6706 0 110 24 10555
6570 6 6708 0 147 18 10556
6570 12 6706 0 2 3 10557
6570 10 6708 0 148 23 10558
6570 10 6707 0 153 145 10559
6585 19 6721 0 138 26 10560
6585 19 6721 0 72 131 10561
6585 11 6718 0 109 1 10562
6585 5 6722 0 63 134 10563
6585 17 6720 0 127 22 10564
6585 5 6722 0 58 139 10565
6585 6 6719 0 148 23 10566
6585 11 6723 0 142 143 10567
6585 23 6722 0 63 113 10568
6585 21 6721 0 117 40 10569
6585 11 6720 0 66 134 10570
6585 19 6720 0 15 186 10571
6585 9 6720 0 105 143 10572
6585 12 6718 0 98 36 10573
6585 3 6721 0 95 77 10574
6585 6 6719 0 102 30 10575
6585 7 6720 0 96 13 10576
6585 5 6720 0 125 90 10577
6585 44 6721 0 121 49 10578
6585 36 6723 0 140 22 10579
6585 10 6721 0 99 9 10580
6585 12 6721 0 66 169 10581
6585 35 6722 0 128 55 10582
6585 29 6719 0 131 45 10583
6585 6 6722 0 127 43 10584
6585 4 6723 0 13 75 10585
6585 6 6720 0 173 171 10586
6585 18 6722 0 7 180 10587
6585 8 6721 0 145 55 10588
6585 13 6721 0 93 57 10589
6585 45 6721 0 6 88 10590
6600 15 6735 0 146 119 10591
6600 18 6735 0 15 186 10592
6600 12 6735 0 109 1 10593
6600 23 6738 0 98 36 10594
6600 39 6737 0 131 45 10595
6600 21 6735 0 113 48 10596
6600 13 6734 0 146 22 10597
6600 4 6737 0 178 113 10598
6600 29 6734 0 155 79 10599
6600 30 6736 0 6 88 10600
6600 6 6735 0 99 9 10601
6600 20 6738 0 132 13 10602
6600 18 6735 0 86 23 10603
6600 42 6738 0 40 59 10604
6600 11 6736 0 2 3 10605
6600 11 6737 0 110 24 10606
6600 9 6737 0 33 177 10607
6600 17 6735 0 152 41 10608
6600 23 6738 0 138 26 10609
6600 43 6736 0 128 55 10610
6600 23 6736 0 161 34 10611
6600 17 6738 0 117 40 10612
6612 63 9598 1 155 79 10613
6615 6 6750 0 109 56 10614
6615 39 6750 0 140 22 10615
6615 9 6751 0 24 183 10616
6615 8 6751 0 122 11 10617
6615 23 6752 0 138 26 10618
6615 15 6752 0 146 22 10619
6615 14 6752 0 162 60 10620
6615 7 6749 0 16 120 10621
6615 6 6751 0 127 43 10622
6615 14 6748 0 106 10 10623
6615 14 6751 0 161 34 10624
6615 33 6749 0 128 55 10625
6615 8 6752 0 155 52 10626
6615 10 6752 0 2 3 10627
6615 7 6753 0 29 60 10628
6615 41 6749 0 46 189 10629
6615 15 6749 0 164 40 10630
6615 15 6750 0 117 40 10631
6615 7 6750 0 146 159 10632
6615 3 6751 0 57 122 10633
6615 42 6750 0 102 140 10634
6615 20 6750 0 15 186 10635
6615 19 6752 0 98 36 10636
6628 56 9615 1 67 20 10637
6630 36 6764 0 46 189 10638
6630 17 6767 0 98 36 10639
6630 14 6766 0 166 118 10640
6630 21 6768 0 83 108 10641
6630 6 6767 0 128 96 10642
6630 12 6766 0 7 180 10643
6630 38 6767 0 128 55 10644
6630 17 6767 0 106 10 10645
6630 34 6766 0 40 59 10646
6630 14 6767 0 162 60 10647
6630 8 6765 0 110 24 10648
6630 34 6767 0 6 88 10649
6630 8 6766 0 2 3 10650
6630 19 6768 0 161 34 10651
6630 16 6766 0 152 41 10652
6630 35 6767 0 96 33 10653
6630 35 6767 0 121 49 10654
6630 5 6766 0 24 195 10655
6630 24 6764 0 113 48 10656
6630 19 6767 0 86 23 10657
6630 32 6767 0 102 140 10658
6630 14 6766 0 138 26 10659
6645 6 6781 0 33 177 10660
6645 5 6782 0 102 1 10661
6645 23 6780 0 7 180 10662
6645 11 6780 0 122 11 10663
6645 39 6783 0 55 108 10664
6645 19 6783 0 117 40 10665
6645 15 6780 0 67 20 10666
6645 6 6780 0 125 90 10667
6645 25 6780 0 146 22 10668
6645 7 6782 0 148 23 10669
6645 25 6780 0 124 33 10670
6645 8 6782 0 105 143 10671
6645 10 6781 0 142 143 10672
6645 20 6781 0 155 122 10673
6645 6 6779 0 153 145 10674
6645 6 6784 0 102 30 10675
6645 23 6781 0 98 36 10676
6645 12 6783 0 29 60 10677
6645 23 6780 0 86 23 10678
6645 27 6779 0 121 49 10679
6645 43 6779 0 96 33 10680
6645 5 6780 0 72 194 10681
6645 31 6780 0 131 45 10682
6645 44 6780 0 140 22 10683
6645 9 6780 0 96 13 10684
6645 6 6779 0 127 43 10685
6645 27 6784 0 128 55 10686
6658 113 9642 1 182 28 10687
6660 23 6793 0 166 118 10688
6660 39 6795 0 131 45 10689
6660 45 6798 0 182 28 10690
6660 6 6796 0 110 24 10691
6660 8 6796 0 173 171 10692
6660 9 6796 0 96 13 10693
6660 6 6795 0 178 113 10694
6660 12 6796 0 105 143 10695
6660 5 6793 0 24 195 10696
6660 8 6796 0 155 52 10697
6660 30 6797 0 121 49 10698
6660 6 6795 0 99 9 10699
6660 20 6797 0 146 119 10700
6660 21 6797 0 132 13 10701
6660 16 6796 0 86 23 10702
6660 17 6796 0 22 41 10703
6660 20 6797 0 98 36 10704
6660 10 6797 0 146 159 10705
6660 12 6796 0 127 43 10706
6660 16 6796 0 7 180 10707
6660 12 6797 0 148 23 10708
6660 11 6797 0 109 1 10709
6660 9 6797 0 2 3 10710
6660 23 6795 0 138 26 10711
6660 25 6798 0 164 40 10712
6660 7 6797 0 142 143 10713
6660 6 6795 0 150 50 10714
6660 21 6794 0 117 40 10715
6675 11 6812 0 142 143 10716
6675 12 6812 0 146 119 10717
6675 32 6810 0 121 49 10718
6675 3 6810 0 58 139 10719
6675 12 6812 0 16 120 10720
6675 29 6812 0 143 170 10721
6675 9 6811 0 99 9 10722
6675 19 6812 0 78 150 10723
6675 13 6813 0 117 40 10724
6675 44 6810 0 128 55 10725
6675 40 6810 0 124 33 10726
6675 8 6810 0 24 183 10727
6675 10 6810 0 110 24 10728
6675 38 6811 0 40 59 10729
6675 9 6812 0 147 18 10730
6675 11 6811 0 148 23 10731
6675 9 6810 0 109 56 10732
6675 7 6810 0 146 159 10733
6675 7 6812 0 2 3 10734
6675 25 6810 0 132 13 10735
6675 3 6812 0 24 195 10736
6675 32 6811 0 55 108 10737
6675 6 6811 0 95 77 10738
6675 12 6813 0 96 13 10739
6675 3 6810 0 186 125 10740
6690 5 6824 0 125 90 10741
6690 39 6824 0 124 33 10742
6690 11 6827 0 153 145 10743
6690 10 6826 0 29 60 10744
6690 10 6828 0 109 56 10745
6690 22 6825 0 113 48 10746
6690 16 6827 0 66 169 10747
6690 23 6826 0 146 22 10748
6690 20 6827 0 152 41 10749
6690 9 6824 0 127 43 10750
6690 3 6826 0 102 30 10751
6690 4 6825 0 178 113 10752
6690 9 6826 0 150 50 10753
6690 7 6827 0 15 4 10754
6690 25 6826 0 138 26 10755
6690 21 6826 0 161 34 10756
6690 35 6826 0 96 33 10757
6690 9 6826 0 198 85 10758
6690 25 6829 0 128 55 10759
6690 9 6826 0 99 9 10760
6705 12 6842 0 24 183 10761
6705 7 6841 0 110 24 10762
6705 43 6842 0 140 22 10763
6705 4 6841 0 178 113 10764
6705 9 6842 0 173 171 10765
6705 7 6839 0 147 18 10766
6705 22 6839 0 132 13 10767
6705 28 6841 0 121 49 10768
6705 36 6841 0 124 33 10769
6705 9 6843 0 15 4 10770
6705 31 6839 0 155 79 10771
6705 10 6842 0 122 11 10772
6705 25 6842 0 127 22 10773
6705 7 6842 0 153 145 10774
6705 27 6842 0 131 45 10775
6705 19 6840 0 106 10 10776
6705 7 6841 0 155 52 10777
6705 6 6841 0 148 23 10778
6705 10 6842 0 99 9 10779
6705 11 6839 0 109 1 10780
6705 25 6841 0 7 180 10781
6705 3 6842 0 102 1 10782
6705 24 6840 0 93 57 10783
6705 11 6841 0 2 3 10784
6705 6 6842 0 109 56 10785
6705 5 6840 0 63 134 10786
6705 12 6842 0 146 22 10787
6720 3 6856 0 57 122 10788
6720 11 6858 0 15 4 10789
6720 9 6856 0 110 24 10790
6720 3 6856 0 13 75 10791
6720 3 6857 0 58 139 10792
6720 41 6858 0 96 33 10793
6720 13 6856 0 138 26 10794
6720 9 6859 0 147 18 10795
6720 15 6858 0 98 36 10796
6720 37 6855 0 55 108 10797
6720 36 6858 0 140 22 10798
6720 38 6854 0 121 49 10799
6720 24 6855 0 164 40 10800
6720 12 6855 0 132 13 10801
6720 10 6855 0 148 23 10802
6720 38 6855 0 131 45 10803
6720 7 6856 0 153 145 10804
6720 28 6857 0 155 79 10805
6720 6 6856 0 102 30 10806
6720 3 6859 0 178 113 10807
6720 12 6856 0 127 43 10808
6720 12 6856 0 93 9 10809
6720 8 6856 0 29 60 10810
6720 10 6855 0 99 9 10811
6720 6 6853 0 150 50 10812
6720 23 6853 0 78 150 10813
6720 8 6857 0 24 183 10814
6720 24 6853 0 106 10 10815
6731 34 9716 1 146 159 10816
6735 10 6870 0 147 18 10817
6735 12 6871 0 127 43 10818
6735 17 6871 0 164 40 10819
6735 14 6871 0 63 113 10820
6735 7 6872 0 145 55 10821
6735 7 6871 0 148 23 10822
6735 24 6872 0 146 119 10823
6735 10 6872 0 122 11 10824
6735 6 6871 0 153 145 10825
6735 20 6872 0 127 22 10826
6735 10 6871 0 109 56 10827
6735 25 6871 0 146 22 10828
6735 23 6872 0 152 41 10829
6735 22 6871 0 67 20 10830
6735 36 6874 0 128 55 10831
6735 16 6871 0 78 150 10832
6735 25 6870 0 161 34 10833
6735 25 6871 0 106 10 10834
6735 6 6869 0 13 75 10835
6735 28 6873 0 140 22 10836
6735 6 6870 0 57 122 10837
6735 19 6871 0 98 36 10838
6735 8 6871 0 155 52 10839
6739 53 9725 1 161 34 10840
6750 8 6887 0 96 13 10841
6750 42 6886 0 102 140 10842
6750 12 6887 0 105 143 10843
6750 26 6885 0 131 45 10844
6750 6 6886 0 66 134 10845
6750 11 6886 0 109 56 10846
6750 12 6889 0 33 177 10847
6750 6 6885 0 72 194 10848
6750 19 6886 0 146 22 10849
6750 21 6887 0 93 57 10850
6750 33 6887 0 40 59 10851
6750 12 6887 0 98 36 10852
6750 34 6887 0 128 55 10853
6750 6 6886 0 109 1 10854
6750 39 6884 0 155 79 10855
6750 10 6887 0 110 24 10856
6750 8 6887 0 147 18 10857
6750 44 6885 0 121 49 10858
6750 34 6884 0 124 33 10859
6750 6 6888 0 16 120 10860
6750 15 6883 0 83 108 10861
6750 11 6885 0 122 11 10862
6750 15 6888 0 127 22 10863
6750 6 6886 0 102 30 10864
6751 54 9734 1 109 56 10865
6765 17 6900 0 98 36 10866
6765 18 6900 0 164 40 10867
6765 19 6902 0 138 26 10868
6765 18 6903 0 132 13 10869
6765 11 6900 0 122 11 10870
6765 11 6903 0 155 52 10871
6765 26 6903 0 143 170 10872
6765 10 6899 0 147 18 10873
6765 12 6901 0 110 24 10874
6765 5 6902 0 102 30 10875
6765 8 6899 0 99 9 10876
6765 25 6901 0 117 40 10877
6765 9 6902 0 148 23 10878
6765 6 6900 0 109 56 10879
6765 6 6898 0 24 195 10880
6765 43 6901 0 155 79 10881
6765 42 6899 0 131 45 10882
6765 7 6901 0 24 183 10883
6765 3 6901 0 178 113 10884
6765 5 6899 0 102 1 10885
6765 7 6899 0 173 171 10886
6765 23 6901 0 66 169 10887
6774 77 9762 1 125 90 10888
6780 18 6916 0 86 23 10889
6780 34 6915 0 121 49 10890
6780 14 6915 0 132 13 10891
6780 12 6917 0 16 120 10892
6780 9 6915 0 153 145 10893
6780 5 6917 0 58 139 10894
6780 8 6915 0 33 177 10895
6780 25 6915 0 40 59 10896
6780 11 6915 0 128 96 10897
6780 19 6913 0 22 41 10898
6780 11 6916 0 15 4 10899
6780 6 6916 0 125 90 10900
6780 6 6916 0 178 113 10901
6780 5 6916 0 13 75 10902
6780 39 6914 0 102 140 10903
6795 25 6932 0 22 41 10904
6795 6 6929 0 57 122 10905
6795 14 6928 0 7 180 10906
6795 13 6930 0 93 57 10907
6795 25 6932 0 146 22 10908
6795 10 6931 0 66 134 10909
6795 4 6932 0 13 75 10910
6795 16 6932 0 152 41 10911
6795 38 6931 0 121 49 10912
6795 14 6929 0 66 169 10913
6795 18 6931 0 67 20 10914
6795 32 6930 0 102 140 10915
6795 15 6929 0 78 150 10916
6795 36 6930 0 128 55 10917
6795 9 6931 0 127 43 10918
6795 11 6932 0 16 120 10919
6795 11 6930 0 109 56 10920
6795 25 6929 0 86 23 10921
6795 15 6931 0 117 40 10922
6795 43 6929 0 143 170 10923
6795 6 6929 0 93 9 10924
6795 25 6931 0 46 189 10925
6795 17 6932 0 166 118 10926
6795 9 6932 0 109 1 10927
6795 31 6933 0 50 121 10928
6795 9 6930 0 198 85 10929
6795 22 6930 0 15 186 10930
6795 12 6932 0 138 26 10931
6795 12 6934 0 15 4 10932
6795 18 6930 0 132 13 10933
6810 37 6946 0 124 33 10934
6810 24 6947 0 162 60 10935
6810 18 6947 0 22 41 10936
6810 10 6944 0 127 43 10937
6810 23 6946 0 146 22 10938
6810 11 6945 0 109 56 10939
6810 12 6946 0 110 24 10940
6810 39 6948 0 131 45 10941
6810 43 6947 0 143 170 10942
6810 14 6947 0 132 13 10943
6810 7 6946 0 173 171 10944
6810 9 6947 0 153 145 10945
6810 14 6947 0 106 10 10946
6810 33 6945 0 55 108 10947
6810 6 6945 0 29 60 10948
6810 9 6945 0 122 11 10949
6810 4 6946 0 57 122 10950
6810 12 6948 0 146 159 10951
6810 6 6947 0 13 75 10952
6810 23 6945 0 98 36 10953
6810 43 6946 0 6 88 10954
6810 6 6946 0 102 30 10955
6810 9 6947 0 96 13 10956
6825 10 6961 0 122 11 10957
6825 4 6961 0 125 90 10958
6825 11 6962 0 109 56 10959
6825 45 6959 0 121 49 10960
6825 8 6960 0 33 177 10961
6825 5 6961 0 102 30 10962
6825 12 6961 0 173 171 10963
6825 19 6962 0 72 131 10964
6825 10 6961 0 110 24 10965
6825 12 6961 0 198 85 10966
6825 17 6960 0 117 40 10967
6825 4 6960 0 57 122 10968
6825 6 6960 0 93 9 10969
6825 7 6959 0 150 50 10970
6825 4 6962 0 24 195 10971
6825 45 6961 0 55 108 10972
6825 12 6961 0 63 113 10973
6825 35 6961 0 128 55 10974
6825 20 6961 0 138 26 10975
6840 18 6977 0 127 22 10976
6840 11 6975 0 150 50 10977
6840 35 6977 0 96 33 10978
6840 34 6974 0 140 22 10979
6840 31 6976 0 55 108 10980
6840 12 6974 0 173 171 10981
6840 12 6975 0 146 22 10982
6840 11 6977 0 110 24 10983
6840 16 6975 0 132 13 10984
6840 23 6978 0 113 48 10985
6840 23 6980 0 98 36 10986
6840 13 6978 0 117 40 10987
6840 9 6974 0 122 11 10988
6840 16 6978 0 78 150 10989
6840 5 6976 0 102 30 10990
6840 25 6976 0 22 41 10991
6840 14 6977 0 106 10 10992
6840 20 6978 0 93 57 10993
6846 72 9833 1 155 122 10994
6855 5 6991 0 102 30 10995
6855 24 6993 0 138 26 10996
6855 27 6991 0 55 108 10997
6855 11 6992 0 99 9 10998
6855 29 6990 0 96 33 10999
6855 39 6989 0 128 55 11000
6855 44 6990 0 46 189 11001
6855 22 6993 0 106 10 11002
6855 13 6991 0 98 36 11003
6855 6 6994 0 96 13 11004
6855 9 6989 0 155 52 11005
6855 10 6991 0 173 171 11006
6855 17 6989 0 83 108 11007
6855 25 6989 0 161 34 11008
6855 16 6991 0 164 40 11009
6855 45 6991 0 50 121 11010
6855 39 6989 0 140 22 11011
6855 9 6993 0 198 85 11012
6855 7 6992 0 147 18 11013
6855 8 6992 0 148 23 11014
6855 6 6990 0 127 43 11015
6855 9 6992 0 15 4 11016
6855 36 6991 0 6 88 11017
6858 36 9845 1 128 96 11018
6870 13 7007 0 22 41 11019
6870 4 7008 0 24 195 11020
6870 38 7006 0 182 28 11021
6870 17 7004 0 15 186 11022
6870 6 7008 0 125 90 11023
6870 8 7006 0 122 11 11024
6870 8 7008 0 147 18 11025
6870 10 7006 0 109 56 11026
6870 8 7006 0 127 43 11027
6870 24 7008 0 66 169 11028
6870 41 7007 0 124 33 11029
6870 9 7005 0 110 24 11030
6870 3 7006 0 57 122 11031
6870 6 7006 0 146 159 11032
6870 22 7004 0 63 113 11033
6870 10 7007 0 109 1 11034
6870 24 7005 0 138 26 11035
6870 9 7006 0 15 4 11036
6870 39 7006 0 6 88 11037
6870 15 7008 0 132 13 11038
6870 28 7006 0 140 22 11039
6873 52 9856 1 40 59 11040
6885 3 7021 0 13 75 11041
6885 11 7020 0 127 43 11042
6885 13 7022 0 113 48 11043
6885 9 7022 0 99 9 11044
6885 25 7021 0 67 20 11045
6885 13 7023 0 117 40 11046
6885 7 7021 0 109 56 11047
6885 10 7020 0 173 171 11048
6885 26 7021 0 124 33 11049
6885 15 7023 0 72 131 11050
6885 5 7021 0 24 195 11051
6885 6 7021 0 57 122 11052
6885 11 7022 0 105 143 11053
6885 8 7023 0 96 13 11054
6885 20 7020 0 83 108 11055
6885 6 7023 0 147 18 11056
6885 10 7022 0 110 24 11057
6885 17 7023 0 162 60 11058
6885 41 7021 0 121 49 11059
6885 17 7021 0 22 41 11060
6885 7 7020 0 122 11 11061
6885 25 7022 0 146 119 11062
6897 54 9885 1 102 140 11063
6900 15 7039 0 117 40 11064
6900 4 7037 0 57 122 11065
6900 10 7038 0 153 145 11066
6900 5 7035 0 102 1 11067
6900 10 7036 0 110 24 11068
6900 24 7036 0 164 40 11069
6900 8 7036 0 96 13 11070
6900 10 7036 0 148 23 11071
6900 31 7038 0 140 22 11072
6900 23 7039 0 98 36 11073
6900 10 7035 0 155 52 11074
6900 6 7036 0 147 18 11075
6900 4 7036 0 95 77 11076
6900 9 7038 0 122 11 11077
6900 18 7036 0 83 108 11078
6900 13 7036 0 162 60 11079
6900 20 7035 0 132 13 11080
6900 24 7035 0 113 48 11081
6900 7 7034 0 99 9 11082
6900 12 7036 0 16 120 11083
6900 17 7035 0 155 122 11084
6900 36 7035 0 131 45 11085
6900 7 7036 0 66 134 11086
6900 30 7034 0 128 55 11087
6900 3 7032 0 24 195 11088
6912 39 9898 1 63 134 11089
6915 24 7051 0 86 23 11090
6915 9 7051 0 109 56 11091
6915 7 7051 0 155 52 11092
6915 27 7051 0 143 170 11093
6915 9 7049 0 128 96 11094
6915 5 7051 0 186 125 11095
6915 26 7051 0 182 28 11096
6915 17 7050 0 63 113 11097
6915 28 7052 0 102 140 11098
6915 38 7052 0 128 55 11099
6915 10 7052 0 110 24 11100
6915 5 7052 0 102 30 11101
6915 25 7049 0 96 33 11102
6915 41 7050 0 131 45 11103
6915 6 7053 0 142 143 11104
6915 25 7049 0 132 13 11105
6915 19 7052 0 146 22 11106
6915 17 7051 0 72 131 11107
6915 22 7049 0 166 118 11108
6915 6 7049 0 125 90 11109
6915 28 7050 0 124 33 11110
6915 12 7050 0 78 150 11111
6915 7 7051 0 122 11 11112
6915 12 7051 0 147 18 11113
6915 7 7050 0 24 183 11114
6915 20 7049 0 138 26 11115
6915 13 7050 0 106 10 11116
6915 6 7050 0 57 122 11117
6915 8 7050 0 15 4 11118
6915 45 7052 0 140 22 11119
6930 31 7066 0 96 33 11120
6930 12 7065 0 16 120 11121
6930 43 7066 0 121 49 11122
6930 25 7065 0 164 40 11123
6930 7 7065 0 66 134 11124
6930 35 7067 0 6 88 11125
6930 5 7065 0 102 30 11126
6930 29 7066 0 40 59 11127
6930 39 7067 0 128 55 11128
6930 24 7070 0 22 41 11129
6930 18 7065 0 127 22 11130
6930 9 7066 0 145 55 11131
6930 18 7065 0 106 10 11132
6944 47 9930 1 66 169 11133
6945 20 7081 0 146 119 11134
6945 13 7082 0 146 22 11135
6945 32 7081 0 96 33 11136
6945 33 7078 0 124 33 11137
6945 19 7080 0 86 23 11138
6945 11 7082 0 110 24 11139
6945 23 7082 0 132 13 11140
6945 4 7082 0 102 1 11141
6945 11 7082 0 96 13 11142
6945 8 7081 0 198 85 11143
6945 4 7081 0 24 195 11144
6945 21 7080 0 155 122 11145
6945 21 7081 0 166 118 11146
6945 7 7085 0 147 18 11147
6945 10 7081 0 173 171 11148
6945 31 7081 0 50 121 11149
6945 10 7082 0 122 11 11150
6945 35 7082 0 128 55 11151
6945 6 7081 0 57 122 11152
6945 16 7081 0 98 36 11153
6945 15 7082 0 63 113 11154
6945 9 7080 0 155 52 11155
6945 6 7077 0 146 159 11156
6945 6 7082 0 72 194 11157
6947 171 9936 1 131 45 11158
6960 16 7095 0 152 41 11159
6960 7 7097 0 96 13 11160
6960 12 7096 0 127 22 11161
6960 22 7095 0 106 10 11162
6960 11 7095 0 127 43 11163
6960 19 7098 0 155 122 11164
6960 26 7094 0 131 45 11165
6960 31 7095 0 96 33 11166
6960 6 7096 0 72 194 11167
6960 8 7096 0 147 18 11168
6960 21 7095 0 78 150 11169
6960 16 7095 0 138 26 11170
6960 12 7098 0 153 145 11171
6960 18 7095 0 98 36 11172
6960 43 7099 0 121 49 11173
6960 10 7094 0 122 11 11174
6960 10 7096 0 173 171 11175
6960 7 7095 0 128 96 11176
6960 26 7093 0 102 140 11177
6960 17 7095 0 132 13 11178
6960 35 7095 0 6 88 11179
6960 4 7097 0 102 30 11180
6960 8 7095 0 110 24 11181
6975 9 7113 0 29 60 11182
6975 6 7111 0 128 96 11183
6975 6 7109 0 95 77 11184
6975 5 7111 0 57 122 11185
6975 8 7113 0 99 9 11186
6975 22 7111 0 63 113 11187
6975 9 7111 0 127 43 11188
6975 27 7113 0 124 33 11189
6975 9 7112 0 122 11 11190
6975 6 7111 0 105 143 11191
6975 14 7110 0 22 41 11192
6975 8 7111 0 150 50 11193
6975 29 7109 0 40 59 11194
6975 11 7110 0 147 18 11195
6975 27 7111 0 182 28 11196
6975 4 7110 0 102 30 11197
6975 37 7112 0 131 45 11198
6975 29 7109 0 96 33 11199
6975 14 7111 0 127 22 11200
6975 3 7112 0 63 134 11201
6975 7 7110 0 96 13 11202
6975 4 7113 0 72 194 11203
6975 36 7113 0 121 49 11204
6975 3 7111 0 125 90 11205
6975 7 7111 0 110 24 11206
6990 8 7126 0 96 13 11207
6990 14 7129 0 93 57 11208
6990 8 7126 0 109 56 11209
6990 5 7125 0 13 75 11210
6990 16 7130 0 161 34 11211
6990 26 7125 0 131 45 11212
6990 8 7127 0 148 23 11213
6990 5 7125 0 178 113 11214
6990 10 7126 0 33 177 11215
6990 8 7125 0 110 24 11216
6990 12 7125 0 198 85 11217
6990 22 7127 0 15 186 11218
6990 25 7125 0 182 28 11219
6990 30 7124 0 40 59 11220
6990 16 7124 0 146 22 11221
6990 15 7123 0 127 22 11222
6990 22 7126 0 132 13 11223
6990 3 7126 0 95 77 11224
6990 16 7125 0 113 48 11225
6990 20 7129 0 78 150 11226
6990 3 7124 0 125 90 11227
6990 17 7125 0 106 10 11228
6990 39 7126 0 128 55 11229
6990 12 7128 0 99 9 11230
6990 11 7127 0 15 4 11231
6990 12 7126 0 127 43 11232
6990 20 7125 0 72 131 11233
6990 41 7126 0 124 33 11234
6990 4 7126 0 186 125 11235
7005 6 7141 0 102 30 11236
7005 10 7140 0 110 24 11237
7005 33 7140 0 121 49 11238
7005 3 7140 0 57 122 11239
7005 12 7142 0 109 56 11240
7005 24 7139 0 83 108 11241
7005 35 7141 0 102 140 11242
7005 32 7142 0 96 33 11243
7005 24 7142 0 93 57 11244
7005 17 7142 0 113 48 11245
7005 22 7138 0 66 169 11246
7005 26 7142 0 6 88 11247
7005 7 7142 0 93 9 11248
7005 11 7141 0 96 13 11249
7005 11 7144 0 15 4 11250
7020 21 7154 0 117 40 11251
7020 16 7156 0 161 34 11252
7020 42 7158 0 182 28 11253
7020 23 7157 0 113 48 11254
7020 35 7156 0 121 49 11255
7020 11 7156 0 145 55 11256
7020 4 7154 0 72 194 11257
7020 10 7155 0 96 13 11258
7020 12 7157 0 127 43 11259
7020 10 7155 0 110 24 11260
7020 6 7154 0 16 120 11261
7020 14 7155 0 146 119 11262
7020 14 7159 0 106 10 11263
7020 42 7156 0 96 33 11264
7020 11 7157 0 122 11 11265
7020 43 7156 0 131 45 11266
7020 8 7157 0 147 18 11267
7035 15 7173 0 146 22 11268
7035 7 7171 0 99 9 11269
7035 6 7171 0 96 13 11270
7035 42 7171 0 121 49 11271
7035 4 7173 0 102 1 11272
7035 6 7169 0 33 177 11273
7035 44 7171 0 55 108 11274
7035 25 7172 0 106 10 11275
7035 6 7173 0 147 18 11276
7035 44 7172 0 96 33 11277
7035 11 7170 0 145 55 11278
7035 24 7171 0 66 169 11279
7035 16 7172 0 132 13 11280
7035 5 7171 0 63 134 11281
7035 12 7169 0 109 56 11282
7035 12 7171 0 98 36 11283
7035 6 7173 0 122 11 11284
7035 19 7171 0 117 40 11285
7035 37 7170 0 124 33 11286
7035 5 7170 0 186 125 11287
7035 35 7172 0 131 45 11288
7035 27 7171 0 140 22 11289
7050 12 7184 0 66 134 11290
7050 32 7184 0 96 33 11291
7050 9 7184 0 150 50 11292
7050 22 7187 0 161 34 11293
7050 34 7187 0 121 49 11294
7050 6 7185 0 128 96 11295
7050 6 7185 0 24 195 11296
7050 32 7184 0 140 22 11297
7050 35 7187 0 6 88 11298
7050 17 7185 0 67 20 11299
7050 3 7188 0 102 30 11300
7050 17 7187 0 138 26 11301
7050 14 7186 0 127 22 11302
7050 25 7185 0 50 121 11303
7050 13 7186 0 98 36 11304
7050 14 7186 0 146 22 11305
7050 19 7189 0 166 118 11306
7050 32 7188 0 128 55 11307
7050 15 7186 0 83 108 11308
7050 29 7186 0 131 45 11309
7050 11 7190 0 110 24 11310
7050 22 7184 0 72 131 11311
7050 6 7187 0 109 1 11312
7065 8 7200 0 147 18 11313
7065 17 7200 0 138 26 11314
7065 4 7201 0 95 77 11315
7065 21 7201 0 146 22 11316
7065 13 7202 0 93 57 11317
7065 4 7200 0 24 195 11318
7065 19 7199 0 78 150 11319
7065 20 7199 0 98 36 11320
7065 25 7201 0 155 122 11321
7065 3 7201 0 13 75 11322
7065 40 7203 0 96 33 11323
7065 9 7201 0 110 24 11324
7065 9 7202 0 105 143 11325
7065 28 7202 0 143 170 11326
7065 9 7200 0 16 120 11327
7075 61 10000 1 173 171 11328
7078 58 10000 1 102 30 11329
7080 32 7215 0 182 28 11330
7080 14 7218 0 78 150 11331
7080 21 7215 0 117 40 11332
7080 10 7218 0 122 11 11333
7080 6 7218 0 95 77 11334
7080 6 7216 0 63 134 11335
7080 8 7218 0 99 9 11336
7080 32 7216 0 40 59 11337
7080 26 7213 0 96 33 11338
7080 23 7216 0 162 60 11339
7080 3 7219 0 102 1 11340
7080 26 7217 0 6 88 11341
7080 3 7216 0 125 90 11342
7080 22 7214 0 106 10 11343
7080 6 7217 0 15 4 11344
7080 43 7215 0 102 140 11345
7080 19 7218 0 72 131 11346
7080 34 7216 0 121 49 11347
7080 24 7217 0 113 48 11348
7080 34 7217 0 124 33 11349
7095 10 7234 0 105 143 11350
7095 11 7232 0 66 134 11351
7095 16 7232 0 98 36 11352
7095 14 7230 0 138 26 11353
7095 7 7230 0 2 3 11354
7095 3 7231 0 13 75 11355
7095 8 7230 0 148 23 11356
7095 38 7232 0 46 189 11357
7095 32 7230 0 140 22 11358
7095 37 7230 0 6 88 11359
7095 15 7229 0 67 20 11360
7095 6 7230 0 173 171 11361
7095 29 7231 0 102 140 11362
7095 27 7231 0 182 28 11363
7095 6 7231 0 15 4 11364
7095 25 7230 0 106 10 11365
7095 9 7230 0 122 11 11366
7095 6 7233 0 96 13 11367
7095 18 7230 0 162 60 11368
7095 42 7230 0 55 108 11369
7095 10 7233 0 99 9 11370
7095 20 7233 0 164 40 11371
7099 71 10000 1 182 28 11372
7103 30 10000 1 164 40 11373
7110 24 7245 0 106 10 11374
7110 12 7244 0 29 60 11375
7110 10 7246 0 110 24 11376
7110 4 7245 0 72 194 11377
7110 25 7246 0 166 118 11378
7110 21 7245 0 93 57 11379
7110 4 7245 0 102 1 11380
7110 4 7245 0 178 113 11381
7110 6 7247 0 173 171 11382
7110 6 7246 0 24 195 11383
7110 39 7245 0 121 49 11384
7110 19 7248 0 117 40 11385
7110 13 7246 0 127 22 11386
7110 12 7245 0 147 18 11387
7110 13 7245 0 146 22 11388
7110 12 7244 0 15 4 11389
7110 31 7246 0 140 22 11390
7110 38 7246 0 50 121 11391
7110 24 7247 0 164 40 11392
7110 19 7245 0 161 34 11393
7110 44 7246 0 131 45 11394
7110 4 7245 0 102 30 11395
7110 23 7246 0 152 41 11396
7110 23 7246 0 113 48 11397
7110 37 7246 0 128 55 11398
7110 3 7247 0 13 75 11399
7110 7 7245 0 96 13 11400
7110 33 7246 0 124 33 11401
7112 61 10000 1 15 186 11402
7116 102 10000 1 99 9 11403
7125 12 7261 0 15 4 11404
7125 8 7262 0 29 60 11405
7125 11 7261 0 99 9 11406
7125 12 7261 0 96 13 11407
7125 9 7261 0 110 24 11408
7125 40 7260 0 121 49 11409
7125 12 7261 0 93 9 11410
7125 35 7261 0 96 33 11411
7125 5 7262 0 72 194 11412
7125 7 7262 0 109 56 11413
7125 28 7261 0 131 45 11414
7125 22 7261 0 113 48 11415
7125 18 7261 0 132 13 11416
7125 38 7262 0 124 33 11417
7125 18 7261 0 78 150 11418
7125 8 7260 0 153 145 11419
7125 23 7261 0 138 26 11420
7125 43 7261 0 50 121 11421
7125 17 7262 0 146 22 11422
7125 14 7262 0 7 180 11423
7125 12 7260 0 127 22 11424
7125 20 7262 0 117 40 11425
7125 23 7261 0 152 41 11426
7125 11 7262 0 122 11 11427
7125 6 7259 0 102 30 11428
7140 19 7275 0 67 20 11429
7140 25 7274 0 50 121 11430
7140 6 7275 0 148 23 11431
7140 28 7277 0 131 45 11432
7140 12 7278 0 155 52 11433
7140 24 7276 0 78 150 11434
7140 34 7276 0 124 33 11435
7140 10 7278 0 96 13 11436
7140 25 7278 0 98 36 11437
7140 6 7274 0 109 1 11438
7140 12 7278 0 138 26 11439
7140 6 7277 0 178 113 11440
7140 12 7276 0 83 108 11441
7140 25 7274 0 96 33 11442
7140 19 7276 0 146 22 11443
7140 12 7273 0 150 50 11444
7140 6 7277 0 24 195 11445
7140 42 7275 0 121 49 11446
7140 9 7276 0 110 24 11447
7140 10 7273 0 99 9 11448
7140 19 7278 0 117 40 11449
7140 29 7275 0 140 22 11450
7140 15 7277 0 106 10 11451
7140 11 7279 0 145 55 11452
7140 6 7277 0 122 11 11453
7144 152 10000 1 96 33 11454
7148 58 10000 1 29 60 11455
7152 64 10000 1 16 120 11456
7155 7 7293 0 33 177 11457
7155 16 7290 0 117 40 11458
7155 24 7292 0 83 108 11459
7155 22 7290 0 164 40 11460
7155 31 7292 0 121 49 11461
7155 14 7292 0 93 57 11462
7155 39 7291 0 155 79 11463
7155 6 7291 0 72 194 11464
7155 7 7291 0 110 24 11465
7155 13 7293 0 7 180 11466
7155 10 7291 0 24 183 11467
7155 7 7291 0 122 11 11468
7155 9 7290 0 29 60 11469
7155 27 7291 0 140 22 11470
7155 21 7290 0 127 22 11471
7155 23 7290 0 72 131 11472
7155 7 7289 0 147 18 11473
7155 13 7292 0 146 22 11474
7155 14 7293 0 132 13 11475
7155 11 7292 0 96 13 11476
7155 36 7290 0 40 59 11477
7155 22 7291 0 86 23 11478
7155 33 7290 0 55 108 11479
7155 9 7290 0 148 23 11480
7155 31 7290 0 128 55 11481
7155 25 7293 0 113 48 11482
7155 32 7291 0 131 45 11483
7155 12 7291 0 128 96 11484
7155 24 7290 0 66 169 11485
7158 73 10000 1 132 13 11486
7170 11 7310 0 96 13 11487
7170 20 7306 0 106 10 11488
7170 6 7305 0 153 145 11489
7170 24 7308 0 113 48 11490
7170 10 7307 0 110 24 11491
7170 9 7307 0 122 11 11492
7170 9 7306 0 33 177 11493
7170 20 7306 0 117 40 11494
7170 35 7303 0 131 45 11495
7170 7 7306 0 99 9 11496
7170 12 7304 0 127 43 11497
7170 44 7306 0 128 55 11498
7170 11 7306 0 148 23 11499
7170 12 7306 0 2 3 11500
7170 6 7306 0 105 143 11501
7170 31 7305 0 155 79 11502
7170 15 7305 0 22 41 11503
7170 42 7307 0 50 121 11504
7170 37 7305 0 121 49 11505
7171 89 10000 1 125 90 11506
7185 8 7320 0 2 3 11507
7185 7 7320 0 96 13 11508
7185 6 7322 0 57 122 11509
7185 6 7323 0 13 75 11510
7185 31 7319 0 55 108 11511
7185 17 7320 0 146 22 11512
7185 11 7323 0 15 4 11513
7185 11 7318 0 110 24 11514
7185 6 7321 0 178 113 11515
7185 19 7320 0 164 40 11516
7185 32 7322 0 128 55 11517
7185 41 7322 0 96 33 11518
7185 43 7321 0 124 33 11519
7185 11 7322 0 99 9 11520
7185 17 7320 0 117 40 11521
7185 19 7321 0 98 36 11522
7185 8 7321 0 145 55 11523
7188 171 10000 1 110 24 11524
7189 69 10000 1 93 57 11525
7191 46 10000 1 50 121 11526
7193 39 10000 1 140 22 11527
7200 4 7335 0 24 195 11528
7200 13 7337 0 155 122 11529
7200 19 7338 0 7 180 11530
7200 16 7333 0 161 34 11531
7200 24 7336 0 67 20 11532
7200 21 7337 0 72 131 11533
7200 3 7337 0 102 1 11534
7200 32 7337 0 40 59 11535
7200 29 7337 0 128 55 11536
7200 24 7335 0 98 36 11537
7200 22 7337 0 117 40 11538
7200 25 7335 0 113 48 11539
7200 27 7336 0 131 45 11540
7200 40 7336 0 96 33 11541
7200 11 7337 0 148 23 11542
7200 10 7338 0 66 134 11543
7200 11 7337 0 33 177 11544
7200 6 7335 0 145 55 11545
7200 5 7335 0 102 30 11546
7200 3 7336 0 57 122 11547
7200 23 7337 0 127 22 11548
7200 9 7337 0 105 143 11549
7215 4 7350 0 95 77 11550
7215 16 7351 0 117 40 11551
7215 18 7351 0 66 169 11552
7215 25 7350 0 72 131 11553
7215 25 7352 0 63 113 11554
7215 6 7350 0 127 43 11555
7215 39 7349 0 128 55 11556
7215 6 7350 0 63 134 11557
7215 8 7350 0 109 56 11558
7215 16 7352 0 113 48 11559
7215 14 7351 0 161 34 11560
7215 36 7353 0 96 33 11561
7215 12 7351 0 122 11 11562
7215 16 7350 0 162 60 11563
7215 9 7351 0 147 18 11564
7215 6 7349 0 148 23 11565
7215 16 7349 0 146 22 11566
7215 25 7354 0 106 10 11567
7219 59 10000 1 178 113 11568
7230 11 7364 0 127 43 11569
7230 6 7364 0 33 177 11570
7230 44 7368 0 102 140 11571
7230 44 7369 0 121 49 11572
7230 18 7367 0 164 40 11573
7230 11 7365 0 146 159 11574
7230 4 7367 0 102 30 11575
7230 18 7365 0 113 48 11576
7230 6 7368 0 57 122 11577
7230 23 7367 0 117 40 11578
7230 6 7367 0 178 113 11579
7230 24 7365 0 67 20 11580
7230 6 7366 0 99 9 11581
7230 7 7365 0 16 120 11582
7230 12 7367 0 122 11 11583
7230 10 7366 0 153 145 11584
7230 25 7365 0 98 36 11585
7230 9 7364 0 148 23 11586
7230 32 7364 0 140 22 11587
7230 12 7365 0 127 22 11588
7245 9 7379 0 147 18 11589
7245 17 7382 0 138 26 11590
7245 5 7382 0 13 75 11591
7245 37 7379 0 96 33 11592
7245 9 7381 0 2 3 11593
7245 8 7381 0 110 24 11594
7245 20 7381 0 161 34 11595
7245 22 7381 0 83 108 11596
7245 25 7382 0 162 60 11597
7245 7 7380 0 105 143 11598
7245 3 7380 0 24 195 11599
7245 6 7379 0 95 77 11600
7245 35 7380 0 128 55 11601
7245 15 7382 0 67 20 11602
7245 4 7380 0 125 90 11603
7245 35 7380 0 182 28 11604
7245 8 7382 0 96 13 11605
7245 38 7381 0 121 49 11606
7245 15 7381 0 132 13 11607
7245 22 7381 0 106 10 11608
7260 28 7396 0 124 33 11609
7260 7 7395 0 153 145 11610
7260 14 7395 0 63 113 11611
7260 4 7397 0 24 195 11612
7260 23 7396 0 113 48 11613
7260 4 7398 0 57 122 11614
7260 38 7393 0 121 49 11615
7260 9 7398 0 155 52 11616
7260 27 7396 0 182 28 11617
7260 9 7396 0 127 43 11618
7260 8 7397 0 148 23 11619
7260 9 7396 0 198 85 11620
7260 9 7397 0 145 55 11621
7260 6 7396 0 96 13 11622
7260 37 7396 0 140 22 11623
7260 17 7395 0 127 22 11624
7260 20 7398 0 106 10 11625
7260 5 7396 0 178 113 11626
7260 9 7396 0 105 143 11627
7260 15 7396 0 93 57 11628
7260 39 7395 0 96 33 11629
7260 6 7393 0 99 9 11630
7260 11 7395 0 147 18 11631
7260 15 7394 0 22 41 11632
7275 4 7411 0 125 90 11633
7275 37 7410 0 182 28 11634
7275 13 7409 0 164 40 11635
7275 3 7413 0 102 30 11636
7275 10 7414 0 109 56 11637
7275 40 7411 0 121 49 11638
7275 7 7410 0 122 11 11639
7275 20 7412 0 86 23 11640
7275 31 7410 0 46 189 11641
7275 42 7411 0 102 140 11642
7275 17 7412 0 93 57 11643
7275 18 7410 0 138 26 11644
7275 5 7411 0 178 113 11645
7275 11 7409 0 96 13 11646
7275 5 7412 0 58 139 11647
7275 28 7411 0 124 33 11648
7275 32 7411 0 143 170 11649
7275 14 7413 0 66 169 11650
7275 12 7413 0 29 60 11651
7275 16 7411 0 162 60 11652
7275 22 7413 0 113 48 11653
7275 7 7411 0 110 24 11654
7275 36 7411 0 96 33 11655
7275 27 7410 0 6 88 11656
7275 6 7411 0 72 194 11657
7275 8 7412 0 153 145 11658
7275 9 7411 0 66 134 11659
7278 30 10000 1 152 41 11660
7290 8 7426 0 15 4 11661
7290 20 7425 0 72 131 11662
7290 25 7427 0 113 48 11663
7290 11 7425 0 147 18 11664
7290 5 7425 0 102 30 11665
7290 30 7427 0 182 28 11666
7290 6 7427 0 178 113 11667
7290 28 7426 0 124 33 11668
7290 8 7428 0 96 13 11669
7290 26 7424 0 140 22 11670
7290 41 7426 0 121 49 11671
7290 6 7427 0 148 23 11672
7290 17 7425 0 164 40 11673
7290 12 7426 0 93 9 11674
7290 18 7428 0 132 13 11675
7290 6 7428 0 155 52 11676
7290 14 7425 0 152 41 11677
7290 13 7426 0 117 40 11678
7290 7 7429 0 153 145 11679
7290 33 7426 0 6 88 11680
7293 70 10000 1 145 55 11681
7299 78 10000 1 72 131 11682
7305 20 7441 0 132 13 11683
7305 4 7441 0 72 194 11684
7305 22 7441 0 155 122 11685
7305 20 7441 0 86 23 11686
7305 9 7441 0 109 56 11687
7305 41 7440 0 121 49 11688
7305 43 7442 0 140 22 11689
7305 23 7442 0 63 113 11690
7305 19 7442 0 164 40 11691
7305 6 7440 0 186 125 11692
7305 25 7441 0 106 10 11693
7305 10 7440 0 150 50 11694
7305 4 7441 0 95 77 11695
7305 9 7442 0 147 18 11696
7305 7 7442 0 24 183 11697
7305 12 7443 0 96 13 11698
7305 10 7441 0 105 143 11699
7305 45 7442 0 124 33 11700
7305 9 7442 0 146 159 11701
7305 32 7443 0 155 79 11702
7305 13 7442 0 113 48 11703
7305 11 7439 0 109 1 11704
7305 6 7439 0 102 30 11705
7305 40 7439 0 182 28 11706
7305 14 7440 0 138 26 11707
7305 29 7440 0 102 140 11708
7305 10 7439 0 15 4 11709
7305 6 7442 0 198 85 11710
7305 17 7442 0 78 150 11711
7305 13 7442 0 146 119 11712
7307 86 10000 1 93 57 11713
7320 9 7457 0 33 177 11714
7320 21 7457 0 15 186 11715
7320 30 7456 0 121 49 11716
7320 18 7457 0 146 22 11717
7320 12 7456 0 153 145 11718
7320 28 7457 0 46 189 11719
7320 11 7455 0 110 24 11720
7320 10 7455 0 122 11 11721
7320 17 7457 0 138 26 11722
7320 24 7456 0 132 13 11723
7320 8 7457 0 66 134 11724
7320 22 7455 0 117 40 11725
7320 25 7459 0 106 10 11726
7320 12 7456 0 99 9 11727
7320 4 7456 0 102 30 11728
7320 13 7457 0 113 48 11729
7320 19 7454 0 98 36 11730
7320 45 7455 0 140 22 11731
7320 11 7455 0 109 1 11732
7335 6 7472 0 148 23 11733
7335 14 7471 0 161 34 11734
7335 11 7472 0 155 52 11735
7335 6 7469 0 102 30 11736
7335 14 7470 0 93 57 11737
7335 7 7471 0 99 9 11738
7335 8 7471 0 16 120 11739
7335 4 7470 0 57 122 11740
7335 4 7472 0 24 195 11741
7335 45 7473 0 96 33 11742
7335 32 7469 0 182 28 11743
7335 14 7471 0 7 180 11744
7335 8 7472 0 96 13 11745
7335 8 7470 0 153 145 11746
7335 19 7472 0 117 40 11747
7335 10 7471 0 24 183 11748
7335 12 7470 0 109 56 11749
7335 29 7470 0 121 49 11750
7335 11 7472 0 66 134 11751
7335 18 7469 0 106 10 11752
7335 24 7471 0 146 22 11753
7335 40 7473 0 128 55 11754
7335 23 7471 0 98 36 11755
7335 12 7470 0 173 171 11756
7335 19 7470 0 155 122 11757
7335 40 7472 0 46 189 11758
7350 3 7487 0 102 30 11759
7350 43 7487 0 128 55 11760
7350 8 7485 0 109 56 11761
7350 6 7487 0 96 13 11762
7350 17 7485 0 63 113 11763
7350 21 7489 0 7 180 11764
7350 10 7485 0 99 9 11765
7350 7 7487 0 146 159 11766
7350 43 7486 0 55 108 11767
7350 18 7485 0 117 40 11768
7350 4 7485 0 102 1 11769
7350 28 7486 0 124 33 11770
7350 13 7488 0 106 10 11771
7350 39 7486 0 96 33 11772
7350 11 7485 0 127 43 11773
7350 12 7487 0 150 50 11774
7350 5 7486 0 125 90 11775
7350 33 7487 0 140 22 11776
7350 40 7487 0 46 189 11777
7350 4 7485 0 72 194 11778
7350 20 7487 0 98 36 11779
7350 10 7486 0 148 23 11780
7350 3 7483 0 57 122 11781
7350 18 7486 0 146 119 11782
7350 5 7487 0 63 134 11783
7350 11 7486 0 122 11 11784
7362 57 10000 1 128 55 11785
7365 19 7501 0 7 180 11786
7365 21 7501 0 78 150 11787
7365 20 7499 0 98 36 11788
7365 10 7501 0 109 56 11789
7365 3 7499 0 178 113 11790
7365 15 7501 0 117 40 11791
7365 28 7502 0 121 49 11792
7365 6 7500 0 102 30 11793
7365 43 7501 0 140 22 11794
7365 8 7502 0 24 183 11795
7365 6 7500 0 2 3 11796
7365 8 7502 0 148 23 11797
7365 14 7502 0 93 57 11798
7365 22 7501 0 146 119 11799
7365 10 7502 0 122 11 11800
7365 7 7500 0 29 60 11801
7365 39 7498 0 50 121 11802
7365 9 7501 0 173 171 11803
7365 12 7501 0 96 13 11804
7365 30 7502 0 55 108 11805
7365 18 7499 0 132 13 11806
7365 6 7500 0 24 195 11807
7365 33 7503 0 124 33 11808
7365 29 7501 0 131 45 11809
7380 21 7516 0 86 23 11810
7380 12 7516 0 127 43 11811
7380 9 7517 0 155 52 11812
7380 6 7514 0 109 1 11813
7380 43 7516 0 128 55 11814
7380 8 7516 0 109 56 11815
7380 41 7516 0 182 28 11816
7380 25 7515 0 96 33 11817
7380 36 7516 0 121 49 11818
7380 17 7517 0 164 40 11819
7380 18 7516 0 161 34 11820
7380 12 7515 0 63 113 11821
7380 15 7515 0 132 13 11822
7380 12 7515 0 106 10 11823
7380 6 7515 0 128 96 11824
7380 11 7517 0 148 23 11825
7380 10 7516 0 147 18 11826
7380 17 7517 0 98 36 11827
7380 19 7516 0 127 22 11828
7380 24 7518 0 93 57 11829
7380 21 7514 0 113 48 11830
7380 23 7516 0 138 26 11831
7380 26 7517 0 6 88 11832
7380 4 7516 0 102 30 11833
7380 12 7515 0 117 40 11834
7380 15 7518 0 7 180 11835
7380 7 7519 0 99 9 11836
7395 25 7530 0 182 28 11837
7395 4 7532 0 178 113 11838
7395 25 7530 0 146 119 11839
7395 12 7532 0 128 96 11840
7395 19 7529 0 127 22 11841
7395 6 7530 0 102 1 11842
7395 27 7530 0 102 140 11843
7395 20 7531 0 106 10 11844
7395 14 7531 0 146 22 11845
7395 25 7529 0 138 26 11846
7395 20 7530 0 166 118 11847
7395 6 7531 0 72 194 11848
7395 15 7532 0 83 108 11849
7395 9 7532 0 109 56 11850
7395 11 7531 0 145 55 11851
7395 37 7529 0 155 79 11852
7395 17 7536 0 162 60 11853
7395 32 7533 0 124 33 11854
7395 7 7530 0 122 11 11855
7395 8 7533 0 99 9 11856
7397 48 10000 1 46 189 11857
7400 60 10000 1 124 33 11858
7410 10 7546 0 109 56 11859
7410 10 7546 0 150 50 11860
7410 8 7547 0 99 9 11861
7410 22 7548 0 127 22 11862
7410 12 7545 0 173 171 11863
7410 18 7547 0 86 23 11864
7410 5 7545 0 13 75 11865
7410 24 7545 0 146 22 11866
7410 15 7547 0 146 119 11867
7410 6 7547 0 58 139 11868
7410 41 7548 0 140 22 11869
7410 16 7545 0 67 20 11870
7410 28 7546 0 124 33 11871
7410 10 7546 0 148 23 11872
7410 4 7547 0 72 194 11873
7410 13 7543 0 106 10 11874
7410 7 7546 0 93 9 11875
7410 30 7548 0 55 108 11876
7410 10 7546 0 128 96 11877
7410 43 7548 0 121 49 11878
7410 19 7546 0 138 26 11879
7425 10 7562 0 147 18 11880
7425 11 7560 0 93 9 11881
7425 35 7561 0 96 33 11882
7425 6 7561 0 110 24 11883
7425 11 7562 0 122 11 11884
7425 15 7560 0 113 48 11885
7425 14 7562 0 22 41 11886
7425 20 7562 0 152 41 11887
7425 10 7562 0 109 1 11888
7425 19 7560 0 166 118 11889
7425 21 7560 0 132 13 11890
7425 3 7563 0 125 90 11891
7425 8 7561 0 148 23 11892
7425 20 7561 0 98 36 11893
7425 3 7562 0 178 113 11894
7425 14 7562 0 93 57 11895
7425 7 7559 0 33 177 11896
7425 9 7564 0 105 143 11897
7425 21 7559 0 138 26 11898
7425 8 7561 0 146 159 11899
7425 32 7559 0 182 28 11900
7425 17 7563 0 66 169 11901
7440 10 7578 0 110 24 11902
7440 10 7575 0 2 3 11903
7440 10 7575 0 173 171 11904
7440 4 7578 0 102 30 11905
7440 3 7575 0 102 1 11906
7440 14 7575 0 166 118 11907
7440 6 7576 0 127 43 11908
7440 20 7577 0 98 36 11909
7440 10 7578 0 147 18 11910
7440 8 7577 0 148 23 11911
7440 9 7575 0 146 159 11912
7440 23 7576 0 132 13 11913
7440 7 7576 0 99 9 11914
7440 38 7577 0 96 33 11915
7440 9 7577 0 16 120 11916
7440 3 7577 0 72 194 11917
7440 32 7577 0 128 55 11918
7440 29 7576 0 121 49 11919
7455 7 7590 0 148 23 11920
7455 3 7591 0 72 194 11921
7455 12 7589 0 127 43 11922
7455 9 7592 0 16 120 11923
7455 25 7590 0 121 49 11924
7455 15 7591 0 152 41 11925
7455 9 7591 0 105 143 11926
7455 16 7590 0 7 180 11927
7455 6 7591 0 109 56 11928
7455 7 7591 0 15 4 11929
7455 32 7591 0 128 55 11930
7455 23 7591 0 164 40 11931
7455 6 7591 0 145 55 11932
7455 9 7588 0 96 13 11933
7455 16 7589 0 127 22 11934
7455 6 7591 0 147 18 11935
7455 15 7591 0 161 34 11936
7455 15 7592 0 138 26 11937
7455 6 7592 0 102 1 11938
7455 19 7592 0 132 13 11939
7455 9 7594 0 173 171 11940
7455 31 7591 0 143 170 11941
7455 9 7591 0 66 134 11942
7459 178 10000 1 24 183 11943
7470 8 7606 0 24 183 11944
7470 17 7607 0 132 13 11945
7470 9 7607 0 109 1 11946
7470 25 7606 0 98 36 11947
7470 12 7604 0 128 96 11948
7470 6 7606 0 178 113 11949
7470 24 7605 0 138 26 11950
7470 12 7607 0 99 9 11951
7470 19 7605 0 146 22 11952
7470 12 7606 0 15 4 11953
7470 25 7606 0 127 22 11954
7470 9 7604 0 96 13 11955
7470 36 7607 0 143 170 11956
7470 4 7605 0 102 30 11957
7470 6 7607 0 57 122 11958
7470 8 7605 0 127 43 11959
7470 7 7608 0 148 23 11960
7470 6 7608 0 66 134 11961
7470 12 7604 0 122 11 11962
7470 9 7606 0 146 159 11963
7470 32 7606 0 124 33 11964
7470 16 7606 0 106 10 11965
7471 35 10000 1 106 10 11966
7472 36 10000 1 93 9 11967
7479 67 10000 1 83 108 11968
7485 8 7622 0 15 4 11969
7485 17 7620 0 146 22 11970
7485 29 7621 0 182 28 11971
7485 6 7621 0 57 122 11972
7485 24 7621 0 63 113 11973
7485 6 7622 0 147 18 11974
7485 43 7619 0 140 22 11975
7485 13 7621 0 164 40 11976
7485 6 7622 0 102 30 11977
7485 7 7618 0 93 9 11978
7485 21 7620 0 67 20 11979
7485 23 7620 0 138 26 11980
7485 16 7622 0 113 48 11981
7485 42 7621 0 143 170 11982
7485 9 7619 0 127 43 11983
7485 24 7623 0 117 40 11984
7485 8 7620 0 128 96 11985
7485 6 7620 0 125 90 11986
7485 9 7621 0 122 11 11987
7485 23 7621 0 98 36 11988
7485 9 7621 0 66 134 11989
7485 21 7622 0 132 13 11990
7500 21 7636 0 127 22 11991
7500 17 7638 0 72 131 11992
7500 12 7635 0 147 18 11993
7500 40 7636 0 182 28 11994
7500 7 7637 0 142 143 11995
7500 39 7637 0 121 49 11996
7500 10 7638 0 99 9 11997
7500 7 7636 0 96 13 11998
7500 5 7635 0 57 122 11999
7500 10 7637 0 109 56 12000
7500 10 7636 0 110 24 12001
7500 20 7638 0 146 22 12002
7500 13 7636 0 138 26 12003
7500 14 7637 0 93 57 12004
7500 14 7635 0 113 48 12005
7500 15 7636 0 106 10 12006
7500 14 7636 0 15 186 12007
7515 45 7651 0 131 45 12008
7515 12 7652 0 110 24 12009
7515 37 7651 0 6 88 12010
7515 3 7651 0 102 30 12011
7515 7 7651 0 147 18 12012
7515 5 7654 0 58 139 12013
7515 18 7651 0 22 41 12014
7515 34 7653 0 124 33 12015
7515 20 7651 0 67 20 12016
7515 12 7651 0 109 56 12017
7515 15 7652 0 98 36 12018
7515 34 7651 0 102 140 12019
7515 18 7651 0 78 150 12020
7515 30 7650 0 140 22 12021
7515 13 7648 0 117 40 12022
7515 4 7652 0 178 113 12023
7515 15 7650 0 138 26 12024
7515 18 7650 0 63 113 12025
7515 13 7650 0 132 13 12026
7515 10 7651 0 122 11 12027
7515 6 7651 0 96 13 12028
7515 10 7651 0 109 1 12029
7519 58 10000 1 105 143 12030
7529 184 10000 1 46 189 12031
7530 38 7667 0 46 189 12032
7530 38 7667 0 140 22 12033
7530 8 7664 0 153 145 12034
7530 8 7665 0 146 159 12035
7530 3 7666 0 186 125 12036
7530 6 7667 0 72 194 12037
7530 16 7667 0 146 119 12038
7530 21 7664 0 106 10 12039
7530 14 7664 0 98 36 12040
7530 3 7664 0 102 1 12041
7530 36 7667 0 102 140 12042
7530 15 7667 0 72 131 12043
7530 10 7665 0 66 134 12044
7530 7 7667 0 198 85 12045
7530 8 7666 0 127 43 12046
7530 10 7664 0 122 11 12047
7530 16 7667 0 164 40 12048
7530 44 7666 0 131 45 12049
7530 21 7667 0 86 23 12050
7530 8 7664 0 109 56 12051
7530 19 7664 0 7 180 12052
7530 3 7665 0 102 30 12053
7530 40 7666 0 182 28 12054
7530 23 7667 0 113 48 12055
7537 70 10000 1 166 118 12056
7544 42 10000 1 113 48 12057
7545 11 7682 0 96 13 12058
7545 4 7683 0 102 30 12059
7545 16 7680 0 72 131 12060
7545 9 7681 0 66 134 12061
7545 18 7681 0 117 40 12062
7545 10 7681 0 122 11 12063
7545 12 7681 0 98 36 12064
7545 17 7681 0 106 10 12065
7545 16 7681 0 22 41 12066
7545 35 7683 0 131 45 12067
7545 4 7681 0 72 194 12068
7545 7 7681 0 155 52 12069
7545 24 7680 0 138 26 12070
7545 44 7682 0 121 49 12071
7545 8 7679 0 15 4 12072
7545 19 7678 0 146 22 12073
7545 20 7681 0 7 180 12074
7556 62 10000 1 57 122 12075
7556 71 10000 1 146 119 12076
7560 41 7695 0 131 45 12077
7560 10 7695 0 147 18 12078
7560 6 7696 0 173 171 12079
7560 10 7696 0 148 23 12080
7560 37 7695 0 140 22 12081
7560 28 7697 0 96 33 12082
7560 15 7695 0 138 26 12083
7560 23 7697 0 117 40 12084
7560 12 7696 0 132 13 12085
7560 8 7696 0 24 183 12086
7560 7 7696 0 99 9 12087
7560 16 7695 0 106 10 12088
7560 39 7698 0 121 49 12089
7560 11 7694 0 33 177 12090
7560 6 7695 0 102 30 12091
7560 3 7697 0 57 122 12092
7560 7 7695 0 109 56 12093
7560 27 7695 0 55 108 12094
7560 9 7697 0 15 4 12095
7560 22 7695 0 155 122 12096
7560 13 7697 0 98 36 12097
7562 48 10000 1 198 85 12098
7575 10 7711 0 2 3 12099
7575 16 7713 0 67 20 12100
7575 29 7712 0 131 45 12101
7575 3 7711 0 63 134 12102
7575 9 7711 0 29 60 12103
7575 37 7711 0 96 33 12104
7575 10 7711 0 145 55 12105
7575 4 7710 0 102 30 12106
7575 9 7710 0 105 143 12107
7575 9 7712 0 198 85 12108
7575 4 7709 0 125 90 12109
7575 7 7713 0 148 23 12110
7575 22 7712 0 106 10 12111
7575 6 7709 0 95 77 12112
7575 31 7710 0 124 33 12113
7575 10 7710 0 122 11 12114
7575 22 7710 0 127 22 12115
7575 5 7712 0 72 194 12116
7575 12 7712 0 113 48 12117
7575 11 7711 0 66 134 12118
7575 25 7711 0 102 140 12119
7575 9 7711 0 16 120 12120
7575 5 7712 0 57 122 12121
7575 12 7710 0 150 50 12122
7575 7 7710 0 110 24 12123
7575 12 7712 0 83 108 12124
7575 8 7712 0 109 56 12125
7575 5 7712 0 186 125 12126
7575 16 7711 0 138 26 12127
7575 10 7711 0 147 18 12128
7575 10 7710 0 155 52 12129
7577 77 10000 1 63 113 12130
7584 36 10000 1 96 13 12131
7585 33 10000 1 117 40 12132
7590 8 7725 0 16 120 12133
7590 8 7725 0 147 18 12134
7590 7 7727 0 122 11 12135
7590 8 7725 0 109 56 12136
7590 6 7725 0 173 171 12137
7590 13 7725 0 161 34 12138
7590 8 7727 0 93 9 12139
7590 22 7725 0 146 22 12140
7590 7 7725 0 109 1 12141
7590 43 7726 0 128 55 12142
7590 25 7726 0 152 41 12143
7590 12 7725 0 86 23 12144
7590 14 7728 0 78 150 12145
7590 19 7727 0 63 113 12146
7590 13 7724 0 72 131 12147
7590 43 7726 0 96 33 12148
7590 12 7725 0 66 169 12149
7590 3 7725 0 95 77 12150
7590 14 7724 0 106 10 12151
7590 18 7725 0 146 119 12152
7590 27 7726 0 124 33 12153
7590 12 7726 0 146 159 12154
7590 42 7729 0 140 22 12155
7590 27 7729 0 40 59 12156
7590 25 7728 0 155 79 12157
7590 18 7726 0 164 40 12158
7605 7 7741 0 2 3 12159
7605 33 7740 0 140 22 12160
7605 11 7741 0 127 43 12161
7605 23 7740 0 152 41 12162
7605 27 7741 0 96 33 12163
7605 10 7739 0 147 18 12164
7605 25 7743 0 22 41 12165
7605 12 7742 0 86 23 12166
7605 19 7741 0 15 186 12167
7605 25 7744 0 138 26 12168
7605 31 7743 0 124 33 12169
7605 36 7742 0 40 59 12170
7605 12 7741 0 132 13 12171
7605 6 7739 0 109 56 12172
7605 36 7740 0 131 45 12173
7605 11 7741 0 93 9 12174
7605 32 7742 0 155 79 12175
7605 20 7740 0 67 20 12176
7605 14 7739 0 146 22 12177
7605 10 7742 0 96 13 12178
7605 32 7742 0 128 55 12179
7620 40 7756 0 143 170 12180
7620 6 7757 0 155 52 12181
7620 39 7757 0 182 28 12182
7620 32 7757 0 40 59 12183
7620 40 7756 0 121 49 12184
7620 6 7754 0 72 194 12185
7620 6 7758 0 147 18 12186
7620 28 7755 0 124 33 12187
7620 15 7753 0 155 122 12188
7620 3 7755 0 13 75 12189
7620 10 7755 0 33 177 12190
7620 12 7757 0 153 145 12191
7620 16 7755 0 138 26 12192
7620 6 7757 0 178 113 12193
7620 12 7755 0 173 171 12194
7620 12 7756 0 132 13 12195
7620 5 7756 0 125 90 12196
7620 17 7758 0 106 10 12197
7620 6 7757 0 148 23 12198
7620 14 7756 0 162 60 12199
7620 31 7756 0 96 33 12200
7620 33 7755 0 155 79 12201
7620 13 7755 0 22 41 12202
7620 16 7756 0 161 34 12203
7626 91 10000 1 127 22 12204
7630 34 10000 1 102 1 12205
7635 6 7772 0 33 177 12206
7635 5 7772 0 102 30 12207
7635 8 7770 0 110 24 12208
7635 17 7770 0 98 36 12209
7635 22 7771 0 93 57 12210
7635 10 7771 0 148 23 12211
7635 13 7771 0 15 186 12212
7635 8 7771 0 24 183 12213
7635 41 7773 0 128 55 12214
7635 7 7771 0 128 96 12215
7635 10 7771 0 122 11 12216
7635 25 7770 0 40 59 12217
7635 12 7770 0 96 13 12218
7635 15 7771 0 152 41 12219
7635 18 7771 0 127 22 12220
7635 8 7770 0 150 50 12221
7635 4 7771 0 57 122 12222
7650 37 7785 0 131 45 12223
7650 13 7787 0 117 40 12224
7650 11 7788 0 66 134 12225
7650 22 7786 0 93 57 12226
7650 18 7786 0 164 40 12227
7650 24 7786 0 146 22 12228
7650 8 7787 0 148 23 12229
7650 43 7786 0 55 108 12230
7650 29 7784 0 128 55 12231
7650 23 7784 0 72 131 12232
7650 12 7786 0 127 43 12233
7650 25 7786 0 138 26 12234
7650 12 7784 0 173 171 12235
7650 14 7786 0 106 10 12236
7650 29 7788 0 124 33 12237
7650 8 7787 0 142 143 12238
7650 31 7787 0 96 33 12239
7650 12 7787 0 155 52 12240
7650 20 7787 0 22 41 12241
7650 9 7786 0 15 4 12242
7650 5 7786 0 102 30 12243
7665 5 7798 0 13 75 12244
7665 19 7800 0 138 26 12245
7665 17 7801 0 127 22 12246
7665 45 7803 0 140 22 12247
7665 20 7804 0 146 22 12248
7665 25 7801 0 117 40 12249
7665 24 7800 0 132 13 12250
7665 4 7800 0 24 195 12251
7665 31 7800 0 128 55 12252
7665 16 7802 0 63 113 12253
7665 3 7801 0 178 113 12254
7665 25 7801 0 98 36 12255
7665 33 7801 0 131 45 12256
7665 7 7801 0 109 56 12257
7665 32 7801 0 124 33 12258
7665 7 7800 0 96 13 12259
7665 9 7800 0 29 60 12260
7665 10 7802 0 148 23 12261
7665 8 7802 0 24 183 12262
7665 161 10000 1 57 122 12263
7665 12 7804 0 122 11 12264
7669 47 10000 1 127 22 12265
7680 35 7817 0 50 121 12266
7680 37 7817 0 46 189 12267
7680 18 7816 0 127 22 12268
7680 24 7814 0 132 13 12269
7680 13 7815 0 117 40 12270
7680 10 7818 0 147 18 12271
7680 10 7816 0 99 9 12272
7680 24 7816 0 138 26 12273
7680 12 7817 0 83 108 12274
7680 18 7816 0 106 10 12275
7680 40 7817 0 40 59 12276
7680 25 7815 0 113 48 12277
7680 34 7816 0 128 55 12278
7680 23 7816 0 63 113 12279
7680 7 7815 0 148 23 12280
7680 6 7817 0 127 43 12281
7680 12 7816 0 109 1 12282
7680 22 7817 0 161 34 12283
7680 5 7815 0 57 122 12284
7680 37 7818 0 140 22 12285
7680 3 7816 0 102 30 12286
7680 18 7816 0 155 122 12287
7680 25 7816 0 146 22 12288
7680 44 7816 0 182 28 12289
7680 6 7817 0 95 77 12290
7680 24 7814 0 98 36 12291
7680 41 7816 0 124 33 12292
7685 131 10000 1 96 13 12293
7695 6 7830 0 122 11 12294
7695 35 7832 0 143 170 12295
7695 35 7832 0 102 140 12296
7695 7 7829 0 24 183 12297
7695 11 7831 0 105 143 12298
7695 18 7829 0 127 22 12299
7695 25 7829 0 155 122 12300
7695 25 7831 0 98 36 12301
7695 16 7830 0 162 60 12302
7695 38 7830 0 50 121 12303
7695 21 7830 0 117 40 12304
7695 12 7831 0 132 13 12305
7695 31 7833 0 128 55 12306
7695 37 7832 0 96 33 12307
7695 14 7831 0 146 119 12308
7695 8 7832 0 173 171 12309
7695 4 7830 0 57 122 12310
7710 11 7846 0 146 159 12311
7710 4 7845 0 24 195 12312
7710 20 7846 0 98 36 12313
7710 3 7845 0 72 194 12314
7710 35 7846 0 128 55 12315
7710 20 7846 0 152 41 12316
7710 10 7844 0 2 3 12317
7710 3 7847 0 57 122 12318
7710 10 7846 0 145 55 12319
7710 43 7845 0 124 33 12320
7710 22 7844 0 113 48 12321
7710 29 7847 0 140 22 12322
7710 12 7846 0 24 183 12323
7710 6 7845 0 110 24 12324
7710 12 7848 0 109 56 12325
7710 15 7843 0 86 23 12326
7710 16 7846 0 146 119 12327
7710 26 7846 0 143 170 12328
7710 13 7848 0 78 150 12329
7710 3 7847 0 13 75 12330
7710 5 7845 0 95 77 12331
7710 25 7846 0 117 40 12332
7710 19 7846 0 138 26 12333
7710 22 7847 0 161 34 12334
7710 22 7849 0 106 10 12335
7710 14 7846 0 162 60 12336
7710 10 7845 0 96 13 12337
7716 157 10000 1 55 108 12338
7725 7 7861 0 105 143 12339
7725 4 7863 0 125 90 12340
7725 23 7863 0 98 36 12341
7725 22 7861 0 63 113 12342
7725 15 7862 0 78 150 12343
7725 26 7863 0 124 33 12344
7725 8 7863 0 96 13 12345
7725 10 7860 0 122 11 12346
7725 4 7861 0 102 30 12347
7725 8 7861 0 198 85 12348
7725 4 7862 0 63 134 12349
7725 29 7860 0 143 170 12350
7725 9 7861 0 99 9 12351
7725 10 7860 0 147 18 12352
7725 34 7861 0 140 22 12353
7725 8 7863 0 93 9 12354
7725 26 7864 0 40 59 12355
7725 19 7863 0 83 108 12356
7725 7 7861 0 109 56 12357
7725 16 7861 0 164 40 12358
7725 33 7860 0 96 33 12359
7725 10 7862 0 127 43 12360
7725 14 7860 0 132 13 12361
7734 91 10000 1 155 79 12362
7740 12 7875 0 113 48 12363
7740 11 7876 0 110 24 12364
7740 18 7878 0 72 131 12365
7740 22 7877 0 127 22 12366
7740 21 7877 0 86 23 12367
7740 11 7875 0 99 9 12368
7740 20 7877 0 15 186 12369
7740 13 7876 0 7 180 12370
7740 8 7878 0 147 18 12371
7740 10 7877 0 96 13 12372
7740 8 7875 0 148 23 12373
7740 8 7876 0 24 183 12374
7740 12 7875 0 66 134 12375
7740 22 7877 0 162 60 12376
7740 44 7876 0 102 140 12377
7740 18 7874 0 138 26 12378
7740 17 7876 0 98 36 12379
7740 38 7877 0 121 49 12380
7740 3 7876 0 102 30 12381
7740 11 7874 0 150 50 12382
7755 6 7889 0 109 56 12383
7755 8 7891 0 110 24 12384
7755 16 7890 0 106 10 12385
7755 9 7890 0 122 11 12386
7755 22 7891 0 127 22 12387
7755 12 7891 0 127 43 12388
7755 18 7891 0 117 40 12389
7755 11 7890 0 16 120 12390
7755 18 7891 0 146 22 12391
7755 27 7890 0 128 55 12392
7755 3 7892 0 72 194 12393
7755 4 7887 0 125 90 12394
7755 24 7891 0 98 36 12395
7755 23 7890 0 83 108 12396
7755 3 7892 0 186 125 12397
7755 12 7888 0 63 113 12398
7755 40 7892 0 131 45 12399
7755 29 7893 0 124 33 12400
7755 7 7889 0 147 18 12401
7755 9 7892 0 150 50 12402
7755 39 7892 0 155 79 12403
7755 4 7890 0 24 195 12404
7755 6 7891 0 198 85 12405
7755 37 7888 0 140 22 12406
7770 6 7908 0 102 1 12407
7770 6 7905 0 95 77 12408
7770 40 7906 0 155 79 12409
7770 16 7907 0 106 10 12410
7770 12 7906 0 146 22 12411
7770 8 7906 0 93 9 12412
7770 23 7904 0 117 40 12413
7770 25 7907 0 143 170 12414
7770 12 7906 0 161 34 12415
7770 29 7907 0 50 121 12416
7770 5 7906 0 178 113 12417
7770 5 7905 0 58 139 12418
7770 6 7905 0 102 30 12419
7770 15 7906 0 98 36 12420
7770 5 7907 0 72 194 12421
7770 5 7905 0 57 122 12422
7770 11 7903 0 148 23 12423
7770 45 7907 0 46 189 12424
7770 39 7904 0 128 55 12425
7770 12 7905 0 96 13 12426
7770 21 7907 0 162 60 12427
7770 13 7908 0 72 131 12428
7779 33 10000 1 66 134 12429
7785 6 7920 0 146 159 12430
7785 18 7920 0 7 180 12431
7785 18 7922 0 106 10 12432
7785 3 7922 0 24 195 12433
7785 24 7921 0 98 36 12434
7785 7 7922 0 109 56 12435
7785 5 7923 0 58 139 12436
7785 6 7920 0 153 145 12437
7785 5 7921 0 102 30 12438
7785 43 7918 0 121 49 12439
7785 6 7922 0 148 23 12440
7785 18 7921 0 78 150 12441
7785 37 7921 0 143 170 12442
7785 34 7919 0 124 33 12443
7785 6 7920 0 63 134 12444
7785 12 7921 0 166 118 12445
7785 10 7920 0 198 85 12446
7785 11 7918 0 33 177 12447
7785 36 7920 0 140 22 12448
7785 6 7919 0 127 43 12449
7785 23 7923 0 161 34 12450
7785 21 7921 0 117 40 12451
7785 13 7920 0 113 48 12452
7785 30 7922 0 50 121 12453
7785 41 7923 0 128 55 12454
7785 11 7921 0 110 24 12455
7785 6 7920 0 186 125 12456
7785 45 7921 0 46 189 12457
7785 7 7921 0 96 13 12458
7785 10 7919 0 99 9 12459
7785 18 7922 0 127 22 12460
7785 34 7919 0 131 45 12461
7785 17 7920 0 132 13 12462
7799 132 10000 1 155 52 12463
7800 11 7934 0 24 183 12464
7800 20 7936 0 161 34 12465
7800 44 7935 0 121 49 12466
7800 8 7937 0 148 23 12467
7800 21 7936 0 22 41 12468
7800 6 7935 0 96 13 12469
7800 14 7938 0 93 57 12470
7800 7 7936 0 110 24 12471
7800 12 7935 0 127 43 12472
7800 39 7938 0 55 108 12473
7800 14 7937 0 98 36 12474
7800 42 7935 0 155 79 12475
7800 5 7938 0 24 195 12476
7800 3 7938 0 13 75 12477
7800 14 7935 0 152 41 12478
7800 20 7937 0 106 10 12479
7800 18 7937 0 146 22 12480
7800 37 7937 0 131 45 12481
7800 6 7935 0 102 30 12482
7800 20 7937 0 138 26 12483
7802 59 10000 1 15 4 12484
7806 33 10000 1 153 145 12485
7810 146 10000 1 178 113 12486
7815 10 7949 0 147 18 12487
7815 24 7951 0 155 122 12488
7815 12 7950 0 110 24 12489
7815 31 7953 0 182 28 12490
7815 25 7951 0 162 60 12491
7815 11 7950 0 122 11 12492
7815 22 7951 0 113 48 12493
7815 19 7952 0 138 26 12494
7815 7 7950 0 15 4 12495
7815 11 7952 0 148 23 12496
7815 4 7952 0 186 125 12497
7815 10 7953 0 99 9 12498
7815 18 7952 0 83 108 12499
7815 20 7950 0 161 34 12500
7815 5 7949 0 125 90 12501
7815 18 7952 0 106 10 12502
7815 7 7950 0 109 56 12503
7815 22 7952 0 72 131 12504
7815 19 7952 0 132 13 12505
7821 34 10000 1 155 52 12506
7826 49 10000 1 95 77 12507
7830 33 7965 0 40 59 12508
7830 23 7967 0 22 41 12509
7830 12 7964 0 161 34 12510
7830 24 7967 0 155 122 12511
7830 22 7965 0 132 13 12512
7830 12 7966 0 106 10 12513
7830 6 7967 0 58 139 12514
7830 10 7965 0 24 183 12515
7830 29 7966 0 140 22 12516
7830 3 7965 0 24 195 12517
7830 12 7967 0 198 85 12518
7830 10 7964 0 99 9 12519
7830 5 7965 0 102 30 12520
7830 6 7965 0 125 90 12521
7830 25 7964 0 138 26 12522
7830 10 7965 0 145 55 12523
7830 34 7967 0 182 28 12524
7830 38 7964 0 124 33 12525
7830 25 7964 0 146 22 12526
7830 7 7967 0 147 18 12527
7830 7 7967 0 16 120 12528
7830 41 7965 0 6 88 12529
7830 6 7966 0 146 159 12530
7830 10 7968 0 2 3 12531
7830 10 7964 0 66 134 12532
7830 11 7966 0 127 43 12533
7830 30 7964 0 128 55 12534
7830 8 7966 0 173 171 12535
7830 7 7966 0 96 13 12536
7830 16 7966 0 98 36 12537
7830 12 7968 0 162 60 12538
7830 11 7966 0 122 11 12539
7830 60 10000 1 78 150 12540
7830 21 7967 0 93 57 12541
7845 5 7981 0 102 30 12542
7845 6 7982 0 58 139 12543
7845 3 7981 0 72 194 12544
7845 32 7981 0 143 170 12545
7845 38 7980 0 46 189 12546
7845 13 7981 0 63 113 12547
7845 11 7984 0 148 23 12548
7845 7 7981 0 109 1 12549
7845 31 7983 0 96 33 12550
7845 7 7982 0 153 145 12551
7845 5 7981 0 186 125 12552
7845 34 7979 0 131 45 12553
7845 6 7982 0 145 55 12554
7845 10 7981 0 29 60 12555
7845 10 7983 0 109 56 12556
7845 12 7981 0 166 118 12557
7845 12 7980 0 99 9 12558
7845 27 7981 0 140 22 12559
7845 7 7980 0 66 134 12560
7845 26 7981 0 121 49 12561
7845 33 7982 0 55 108 12562
7845 12 7983 0 127 43 12563
7845 11 7979 0 122 11 12564
7845 12 7981 0 164 40 12565
7845 11 7983 0 105 143 12566
7845 5 7982 0 102 1 12567
7845 45 7983 0 124 33 12568
7845 25 7982 0 132 13 12569
7860 21 7997 0 161 34 12570
7860 5 7994 0 102 30 12571
7860 6 7998 0 125 90 12572
7860 15 7996 0 22 41 12573
7860 4 7997 0 57 122 12574
7860 12 7996 0 15 4 12575
7860 10 7995 0 153 145 12576
7860 25 7995 0 67 20 12577
7860 9 7995 0 2 3 12578
7860 25 7997 0 96 33 12579
7860 15 7997 0 132 13 12580
7860 10 7997 0 147 18 12581
7860 31 7997 0 124 33 12582
7860 25 7996 0 131 45 12583
7860 23 7998 0 113 48 12584
7860 21 7994 0 86 23 12585
7860 10 7998 0 109 56 12586
7860 9 7996 0 66 134 12587
7860 9 7996 0 150 50 12588
7860 6 7995 0 99 9 12589
7860 12 7996 0 24 183 12590
7860 20 7996 0 106 10 12591
7860 20 7996 0 127 22 12592
7860 5 7996 0 58 139 12593
7860 27 7996 0 140 22 12594
7860 15 7996 0 117 40 12595
7862 77 10000 1 99 9 12596
7875 14 8011 0 117 40 12597
7875 11 8012 0 127 43 12598
7875 35 8010 0 124 33 12599
7875 12 8011 0 150 50 12600
7875 17 8010 0 63 113 12601
7875 3 8011 0 72 194 12602
7875 25 8011 0 55 108 12603
7875 19 8014 0 78 150 12604
7875 6 8011 0 102 30 12605
7875 10 8012 0 128 96 12606
7875 4 8011 0 186 125 12607
7875 28 8011 0 102 140 12608
7875 22 8012 0 22 41 12609
7875 10 8011 0 66 134 12610
7875 34 8011 0 121 49 12611
7875 31 8012 0 46 189 12612
7875 39 8011 0 40 59 12613
7875 25 8010 0 113 48 12614
7875 27 8011 0 140 22 12615
7875 7 8011 0 110 24 12616
7875 16 8010 0 164 40 12617
7875 15 8012 0 146 22 12618
7875 45 8011 0 6 88 12619
7875 45 8009 0 131 45 12620
7875 8 8010 0 16 120 12621
7875 34 8012 0 155 79 12622
7879 38 10000 1 143 170 12623
7881 55 10000 1 147 18 12624
7890 6 8025 0 147 18 12625
7890 10 8026 0 110 24 12626
7890 32 8027 0 128 55 12627
7890 8 8029 0 142 143 12628
7890 14 8026 0 98 36 12629
7890 21 8025 0 138 26 12630
7890 35 8025 0 6 88 12631
7890 6 8025 0 15 4 12632
7890 19 8025 0 113 48 12633
7890 23 8026 0 78 150 12634
7890 6 8026 0 127 43 12635
7890 23 8027 0 117 40 12636
7890 15 8027 0 15 186 12637
7890 7 8027 0 109 1 12638
7890 6 8026 0 148 23 12639
7890 32 8025 0 143 170 12640
7890 27 8024 0 155 79 12641
7890 12 8025 0 128 96 12642
7905 8 8042 0 15 4 12643
7905 18 8042 0 67 20 12644
7905 7 8042 0 105 143 12645
7905 3 8043 0 125 90 12646
7905 8 8041 0 147 18 12647
7905 4 8041 0 178 113 12648
7905 8 8041 0 99 9 12649
7905 23 8043 0 152 41 12650
7905 42 8042 0 96 33 12651
7905 6 8042 0 102 30 12652
7905 34 8042 0 40 59 12653
7905 44 8040 0 124 33 12654
7905 12 8040 0 132 13 12655
7905 26 8039 0 121 49 12656
7905 12 8039 0 155 52 12657
7905 16 8041 0 106 10 12658
7905 8 8041 0 148 23 12659
7905 3 8039 0 24 195 12660
7905 12 8040 0 198 85 12661
7905 16 8043 0 117 40 12662
7905 3 8040 0 102 1 12663
7905 12 8039 0 98 36 12664
7905 15 8044 0 138 26 12665
7905 9 8042 0 109 56 12666
7907 186 10000 1 83 108 12667
7920 10 8056 0 99 9 12668
7920 17 8055 0 78 150 12669
7920 30 8055 0 121 49 12670
7920 6 8055 0 109 1 12671
7920 8 8055 0 145 55 12672
7920 7 8056 0 150 50 12673
7920 3 8057 0 102 1 12674
7920 3 8055 0 24 195 12675
7920 6 8056 0 125 90 12676
7920 12 8055 0 122 11 12677
7920 13 8056 0 146 22 12678
7920 7 8055 0 128 96 12679
7920 25 8055 0 106 10 12680
7920 24 8057 0 66 169 12681
7920 3 8057 0 63 134 12682
7920 4 8056 0 58 139 12683
7920 6 8055 0 72 194 12684
7920 25 8054 0 140 22 12685
7920 42 8058 0 124 33 12686
7920 4 8057 0 102 30 12687
7927 173 10000 1 124 33 12688
7929 42 10000 1 24 183 12689
7935 11 8070 0 105 143 12690
7935 6 8071 0 127 43 12691
7935 14 8073 0 106 10 12692
7935 20 8071 0 132 13 12693
7935 17 8070 0 66 169 12694
7935 22 8071 0 164 40 12695
7935 12 8071 0 122 11 12696
7935 12 8071 0 96 13 12697
7935 7 8071 0 66 134 12698
7935 16 8070 0 72 131 12699
7935 17 8071 0 83 108 12700
7935 5 8071 0 102 1 12701
7935 23 8070 0 98 36 12702
7935 11 8071 0 109 56 12703
7935 5 8073 0 58 139 12704
7935 37 8071 0 6 88 12705
7935 52 10000 1 121 49 12706
7935 39 8072 0 131 45 12707
7935 11 8071 0 148 23 12708
7935 12 8069 0 128 96 12709
7935 6 8071 0 57 122 12710
7935 40 8070 0 128 55 12711
7935 36 8071 0 124 33 12712
7935 41 8072 0 182 28 12713
7935 11 8070 0 142 143 12714
7935 14 8071 0 146 22 12715
7935 3 8071 0 186 125 12716
7935 44 8071 0 46 189 12717
7935 12 8069 0 153 145 12718
7950 11 8085 0 109 56 12719
7950 18 8085 0 155 122 12720
7950 10 8085 0 93 9 12721
7950 24 8086 0 63 113 12722
7950 20 8083 0 152 41 12723
7950 21 8086 0 127 22 12724
7950 25 8088 0 124 33 12725
7950 36 8086 0 131 45 12726
7950 3 8086 0 95 77 12727
7950 8 8086 0 29 60 12728
7950 3 8086 0 72 194 12729
7950 18 8086 0 132 13 12730
7950 15 8088 0 117 40 12731
7950 6 8085 0 66 134 12732
7950 45 8086 0 143 170 12733
7950 11 8085 0 110 24 12734
7950 8 8085 0 96 13 12735
7950 38 8083 0 128 55 12736
7950 21 8085 0 106 10 12737
7950 11 8086 0 147 18 12738
7950 10 8086 0 105 143 12739
7950 3 8086 0 102 30 12740
7950 25 8088 0 93 57 12741
7950 12 8088 0 67 20 12742
7950 23 8084 0 164 40 12743
7950 33 8086 0 96 33 12744
7950 9 8086 0 153 145 12745
7950 37 8085 0 46 189 12746
7950 16 8086 0 146 119 12747
7954 196 10000 1 132 13 12748
7959 55 10000 1 55 108 12749
7960 66 10000 1 155 122 12750
7965 11 8103 0 24 183 12751
7965 6 8102 0 2 3 12752
7965 6 8100 0 109 1 12753
7965 19 8101 0 146 119 12754
7965 44 8102 0 131 45 12755
7965 11 8102 0 96 13 12756
7965 42 8101 0 6 88 12757
7965 6 8099 0 145 55 12758
7965 7 8099 0 99 9 12759
7965 23 8100 0 132 13 12760
7965 7 8101 0 173 171 12761
7965 3 8101 0 125 90 12762
7965 26 8101 0 128 55 12763
7965 10 8101 0 110 24 12764
7965 11 8102 0 147 18 12765
7965 8 8098 0 148 23 12766
7965 8 8100 0 127 43 12767
7965 6 8101 0 63 134 12768
7965 4 8101 0 102 30 12769
7965 19 8100 0 98 36 12770
7980 24 8116 0 63 113 12771
7980 33 8116 0 50 121 12772
7980 7 8116 0 29 60 12773
7980 9 8117 0 127 43 12774
7980 10 8116 0 122 11 12775
7980 15 8116 0 22 41 12776
7980 25 8117 0 146 22 12777
7980 11 8116 0 99 9 12778
7980 36 8115 0 6 88 12779
7980 17 8116 0 152 41 12780
7980 3 8116 0 58 139 12781
7980 6 8117 0 24 183 12782
7980 34 8115 0 155 79 12783
7980 22 8114 0 106 10 12784
7980 5 8118 0 102 30 12785
7980 32 8119 0 140 22 12786
7980 6 8115 0 96 13 12787
7980 4 8116 0 57 122 12788
7980 22 8115 0 132 13 12789
7980 13 8118 0 83 108 12790
7980 11 8116 0 148 23 12791
7995 20 8132 0 164 40 12792
7995 25 8132 0 128 55 12793
7995 6 8131 0 125 90 12794
7995 21 8133 0 162 60 12795
7995 8 8132 0 142 143 12796
7995 44 8132 0 124 33 12797
7995 13 8130 0 127 22 12798
7995 9 8132 0 173 171 12799
7995 11 8133 0 93 9 12800
7995 4 8133 0 24 195 12801
7995 16 8133 0 7 180 12802
7995 39 8133 0 96 33 12803
7995 19 8131 0 15 186 12804
7995 23 8131 0 166 118 12805
7995 10 8128 0 147 18 12806
7995 9 8132 0 110 24 12807
7995 22 8131 0 78 150 12808
7995 10 8132 0 150 50 12809
7995 6 8133 0 58 139 12810
7995 29 8130 0 50 121 12811
7995 7 8133 0 153 145 12812
7995 20 8133 0 113 48 12813
7995 4 8130 0 57 122 12814
7995 10 8131 0 96 13 12815
7995 7 8131 0 109 56 12816
7995 8 8133 0 66 134 12817
7995 34 8129 0 131 45 12818
7995 6 8132 0 122 11 12819
7995 24 8131 0 146 119 12820
7997 51 10000 1 122 11 12821
8010 30 8147 0 6 88 12822
8010 11 8147 0 99 9 12823
8010 8 8145 0 109 1 12824
8010 3 8146 0 125 90 12825
8010 37 8148 0 40 59 12826
8010 21 8145 0 106 10 12827
8010 19 8147 0 117 40 12828
8010 12 8147 0 155 52 12829
8010 7 8145 0 142 143 12830
8010 39 8146 0 140 22 12831
8010 8 8144 0 96 13 12832
8010 24 8147 0 132 13 12833
8010 6 8146 0 153 145 12834
8010 19 8146 0 83 108 12835
8010 15 8147 0 138 26 12836
8010 16 8145 0 86 23 12837
8010 33 8148 0 102 140 12838
8010 42 8146 0 55 108 12839
8010 9 8146 0 148 23 12840
8010 11 8147 0 110 24 12841
8010 7 8145 0 147 18 12842
8010 9 8149 0 198 85 12843
8010 9 8149 0 16 120 12844
8025 25 8162 0 98 36 12845
8025 11 8164 0 198 85 12846
8025 41 8162 0 124 33 12847
8025 6 8161 0 24 195 12848
8025 6 8159 0 102 1 12849
8025 6 8163 0 127 43 12850
8025 30 8160 0 46 189 12851
8025 19 8160 0 117 40 12852
8025 6 8161 0 33 177 12853
8025 25 8161 0 155 122 12854
8025 4 8161 0 102 30 12855
8025 10 8163 0 128 96 12856
8025 28 8163 0 121 49 12857
8025 6 8162 0 110 24 12858
8025 17 8158 0 138 26 12859
8025 7 8160 0 96 13 12860
8025 4 8162 0 72 194 12861
8025 10 8160 0 122 11 12862
8025 9 8162 0 99 9 12863
8025 12 8159 0 152 41 12864
8025 5 8161 0 178 113 12865
8025 7 8161 0 147 18 12866
8025 32 8159 0 6 88 12867
8025 24 8161 0 113 48 12868
8025 42 8161 0 50 121 12869
8025 25 8161 0 132 13 12870
8025 9 8161 0 109 56 12871
8033 41 10000 1 186 125 12872
8040 34 8175 0 131 45 12873
8040 8 8177 0 148 23 12874
8040 15 8174 0 161 34 12875
8040 11 8176 0 153 145 12876
8040 24 8177 0 146 22 12877
8040 29 8177 0 140 22 12878
8040 3 8177 0 57 122 12879
8040 3 8175 0 24 195 12880
8040 37 8176 0 55 108 12881
8040 6 8176 0 145 55 12882
8040 12 8174 0 109 56 12883
8040 4 8176 0 58 139 12884
8040 22 8176 0 113 48 12885
8040 12 8175 0 147 18 12886
8040 19 8175 0 98 36 12887
8040 22 8174 0 15 186 12888
8040 12 8177 0 146 159 12889
8040 12 8175 0 96 13 12890
8040 10 8175 0 122 11 12891
8040 19 8176 0 106 10 12892
8040 41 8178 0 40 59 12893
8040 5 8174 0 125 90 12894
8041 36 10000 1 146 22 12895
8042 61 10000 1 162 60 12896
8055 12 8191 0 148 23 12897
8055 15 8190 0 113 48 12898
8055 7 8192 0 99 9 12899
8055 16 8192 0 146 119 12900
8055 12 8190 0 33 177 12901
8055 10 8190 0 29 60 12902
8055 22 8193 0 83 108 12903
8055 37 8191 0 124 33 12904
8055 45 8190 0 131 45 12905
8055 17 8192 0 72 131 12906
8055 15 8190 0 138 26 12907
8055 7 8191 0 128 96 12908
8055 5 8192 0 63 134 12909
8055 5 8191 0 125 90 12910
8055 22 8191 0 127 22 12911
8055 11 8193 0 155 52 12912
8055 29 8190 0 96 33 12913
8055 5 8190 0 102 30 12914
8055 10 8193 0 24 183 12915
8055 6 8192 0 147 18 12916
8055 28 8189 0 155 79 12917
8070 4 8205 0 57 122 12918
8070 4 8205 0 102 30 12919
8070 25 8207 0 98 36 12920
8070 4 8207 0 125 90 12921
8070 14 8207 0 146 22 12922
8070 22 8208 0 132 13 12923
8070 4 8205 0 178 113 12924
8070 5 8205 0 58 139 12925
8070 12 8207 0 99 9 12926
8070 10 8205 0 145 55 12927
8070 17 8204 0 155 122 12928
8070 10 8205 0 146 159 12929
8070 24 8207 0 127 22 12930
8070 17 8208 0 106 10 12931
8070 6 8204 0 109 56 12932
8070 45 8207 0 46 189 12933
8070 39 8205 0 50 121 12934
8070 45 8207 0 128 55 12935
8070 3 8206 0 24 195 12936
8070 35 8206 0 140 22 12937
8070 9 8205 0 150 50 12938
8077 47 10000 1 72 194 12939
8079 65 10000 1 155 79 12940
8085 12 8222 0 29 60 12941
8085 7 8218 0 173 171 12942
8085 3 8222 0 24 195 12943
8085 26 8220 0 40 59 12944
8085 12 8222 0 110 24 12945
8085 19 8221 0 162 60 12946
8085 8 8220 0 150 50 12947
8085 14 8221 0 63 113 12948
8085 11 8220 0 2 3 12949
8085 13 8222 0 106 10 12950
8085 11 8221 0 122 11 12951
8085 8 8221 0 147 18 12952
8085 36 8222 0 155 79 12953
8085 12 8221 0 109 56 12954
8085 42 8219 0 128 55 12955
8085 23 8221 0 132 13 12956
8085 4 8221 0 57 122 12957
8085 22 8219 0 86 23 12958
8085 9 8221 0 127 43 12959
8099 48 10000 1 109 1 12960
8100 9 8236 0 66 134 12961
8100 23 8234 0 72 131 12962
8100 42 8233 0 131 45 12963
8100 17 8236 0 146 119 12964
8100 13 8237 0 67 20 12965
8100 5 8234 0 102 30 12966
8100 6 8238 0 93 9 12967
8100 17 8236 0 117 40 12968
8100 3 8236 0 13 75 12969
8100 22 8234 0 98 36 12970
8100 6 8237 0 125 90 12971
8100 15 8237 0 113 48 12972
8100 15 8236 0 138 26 12973
8100 37 8234 0 124 33 12974
8100 44 8235 0 128 55 12975
8100 8 8236 0 145 55 12976
8100 14 8236 0 63 113 12977
8100 8 8236 0 147 18 12978
8100 21 8236 0 106 10 12979
8100 29 8235 0 46 189 12980
8100 37 8237 0 121 49 12981
8115 23 8249 0 113 48 12982
8115 9 8252 0 15 4 12983
8115 24 8251 0 7 180 12984
8115 6 8252 0 96 13 12985
8115 17 8250 0 106 10 12986
8115 11 8253 0 148 23 12987
8115 17 8251 0 152 41 12988
8115 11 8247 0 147 18 12989
8115 31 8250 0 128 55 12990
8115 21 8250 0 146 119 12991
8115 22 8251 0 146 22 12992
8115 38 8249 0 96 33 12993
8115 8 8253 0 155 52 12994
8115 18 8252 0 66 169 12995
8115 9 8251 0 109 1 12996
8115 8 8250 0 2 3 12997
8115 8 8251 0 93 9 12998
8115 23 8252 0 117 40 12999
8115 21 8250 0 98 36 13000
8115 4 8251 0 186 125 13001
8115 36 8251 0 155 79 13002
8115 5 8254 0 13 75 13003
8115 9 8252 0 109 56 13004
8115 25 8253 0 138 26 13005
8115 19 8250 0 86 23 13006
8115 6 8252 0 16 120 13007
8115 6 8251 0 122 11 13008
8115 36 8250 0 55 108 13009
8115 12 8251 0 29 60 13010
8115 18 8253 0 22 41 13011
8115 33 8252 0 124 33 13012
8115 6 8251 0 127 43 13013
8130 45 8265 0 124 33 13014
8130 8 8266 0 109 56 13015
8130 7 8264 0 147 18 13016
8130 30 8265 0 121 49 13017
8130 35 8267 0 50 121 13018
8130 11 8264 0 148 23 13019
8130 20 8265 0 117 40 13020
8130 7 8267 0 173 171 13021
8130 7 8264 0 122 11 13022
8130 23 8266 0 166 118 13023
8130 6 8266 0 24 195 13024
8130 40 8267 0 6 88 13025
8130 5 8266 0 178 113 13026
8130 34 10000 1 109 56 13027
8130 8 8266 0 96 13 13028
8130 20 8267 0 138 26 13029
8130 6 8267 0 72 194 13030
8130 25 8266 0 132 13 13031
8130 30 8266 0 128 55 13032
8130 7 8266 0 24 183 13033
8130 21 8266 0 127 22 13034
8130 33 8266 0 46 189 13035
8130 44 8266 0 140 22 13036
8130 11 8265 0 155 52 13037
8130 11 8266 0 99 9 13038
8130 8 8265 0 110 24 13039
8132 68 10000 1 2 3 13040
8145 19 8279 0 98 36 13041
8145 9 8282 0 122 11 13042
8145 26 8282 0 121 49 13043
8145 8 8283 0 96 13 13044
8145 6 8282 0 57 122 13045
8145 41 8280 0 96 33 13046
8145 21 8279 0 166 118 13047
8145 4 8281 0 58 139 13048
8145 4 8279 0 24 195 13049
8145 37 8281 0 46 189 13050
8145 40 8281 0 131 45 13051
8145 37 8280 0 6 88 13052
8145 10 8283 0 29 60 13053
8145 12 8280 0 138 26 13054
8145 3 8282 0 125 90 13055
8145 9 8282 0 153 145 13056
8145 27 8282 0 40 59 13057
8145 23 8281 0 63 113 13058
8145 20 8282 0 106 10 13059
8145 25 8282 0 113 48 13060
8145 16 8283 0 72 131 13061
8145 40 8281 0 50 121 13062
8145 10 8282 0 2 3 13063
8145 6 8280 0 102 1 13064
8145 6 8281 0 109 56 13065
8145 22 8280 0 155 122 13066
8145 7 8282 0 148 23 13067
8158 174 10000 1 186 125 13068
8160 11 8295 0 145 55 13069
8160 12 8296 0 147 18 13070
8160 20 8298 0 117 40 13071
8160 36 8296 0 96 33 13072
8160 26 8297 0 6 88 13073
8160 18 8298 0 155 122 13074
8160 21 8297 0 162 60 13075
8160 16 8296 0 78 150 13076
8160 36 8292 0 121 49 13077
8160 10 8295 0 148 23 13078
8160 7 8298 0 146 159 13079
8160 11 8297 0 109 56 13080
8160 37 8295 0 143 170 13081
8160 16 8296 0 93 57 13082
8160 24 8297 0 66 169 13083
8160 23 8295 0 166 118 13084
8160 36 8294 0 124 33 13085
8160 12 8294 0 96 13 13086
8160 18 8297 0 132 13 13087
8160 10 8295 0 150 50 13088
8160 32 8296 0 102 140 13089
8160 13 8297 0 63 113 13090
8160 30 8296 0 55 108 13091
8175 22 8311 0 132 13 13092
8175 19 8313 0 93 57 13093
8175 6 8311 0 63 134 13094
8175 26 8313 0 96 33 13095
8175 5 8310 0 24 195 13096
8175 20 8310 0 15 186 13097
8175 10 8310 0 142 143 13098
8175 36 8309 0 121 49 13099
8175 7 8310 0 16 120 13100
8175 11 8312 0 109 56 13101
8175 10 8310 0 109 1 13102
8175 5 8309 0 102 30 13103
8175 27 8311 0 46 189 13104
8175 13 8310 0 127 22 13105
8175 9 8310 0 153 145 13106
8175 38 8312 0 131 45 13107
8175 17 8313 0 106 10 13108
8187 49 10000 1 13 75 13109
8190 4 8327 0 186 125 13110
8190 5 8329 0 102 30 13111
8190 6 8327 0 33 177 13112
8190 22 8329 0 67 20 13113
8190 4 8327 0 95 77 13114
8190 25 8325 0 78 150 13115
8190 33 8326 0 55 108 13116
8190 24 8326 0 22 41 13117
8190 23 8325 0 166 118 13118
8190 7 8326 0 142 143 13119
8190 12 8326 0 155 52 13120
8190 29 8327 0 121 49 13121
8190 22 8325 0 146 22 13122
8190 16 8327 0 113 48 13123
8190 34 8327 0 46 189 13124
8190 21 8327 0 161 34 13125
8190 13 8327 0 106 10 13126
8190 12 8326 0 198 85 13127
8190 16 8324 0 7 180 13128
8190 12 8325 0 105 143 13129
8199 52 10000 1 63 134 13130
8205 21 8341 0 146 22 13131
8205 5 8341 0 58 139 13132
8205 37 8342 0 55 108 13133
8205 10 8340 0 96 13 13134
8205 37 8342 0 40 59 13135
8205 40 8338 0 124 33 13136
8205 24 8341 0 138 26 13137
8205 4 8342 0 63 134 13138
8205 11 8341 0 110 24 13139
8205 24 8341 0 146 119 13140
8205 6 8344 0 122 11 13141
8205 24 8341 0 155 122 13142
8205 11 8339 0 16 120 13143
8205 33 8341 0 121 49 13144
8205 25 8343 0 161 34 13145
8205 6 8340 0 186 125 13146
8205 6 8343 0 127 43 13147
8205 35 8342 0 96 33 13148
8205 18 8341 0 106 10 13149
8205 9 8341 0 150 50 13150
8205 5 8341 0 102 30 13151
8205 8 8339 0 198 85 13152
8205 4 8341 0 24 195 13153
8205 10 8339 0 99 9 13154
8214 86 10000 1 15 186 13155
8220 4 8354 0 125 90 13156
8220 6 8356 0 58 139 13157
8220 26 8356 0 140 22 13158
8220 29 8359 0 96 33 13159
8220 44 8354 0 128 55 13160
8220 8 8356 0 128 96 13161
8220 22 8357 0 152 41 13162
8220 31 8357 0 124 33 13163
8220 10 8356 0 109 56 13164
8220 23 8356 0 113 48 13165
8220 16 8354 0 138 26 13166
8220 12 8354 0 153 145 13167
8220 42 8355 0 55 108 13168
8220 9 8357 0 99 9 13169
8220 3 8355 0 102 30 13170
8220 23 8356 0 106 10 13171
8220 6 8356 0 24 183 13172
8220 9 8357 0 150 50 13173
8223 67 10000 1 93 57 13174
8235 9 8371 0 127 43 13175
8235 5 8373 0 186 125 13176
8235 29 8370 0 102 140 13177
8235 13 8371 0 166 118 13178
8235 6 8372 0 72 194 13179
8235 4 8369 0 63 134 13180
8235 22 8370 0 162 60 13181
8235 8 8371 0 148 23 13182
8235 9 8371 0 66 134 13183
8235 9 8372 0 93 9 13184
8235 12 8369 0 146 22 13185
8235 45 8370 0 46 189 13186
8235 10 8371 0 153 145 13187
8235 45 8369 0 131 45 13188
8235 6 8371 0 102 30 13189
8235 23 8371 0 106 10 13190
8235 23 8372 0 152 41 13191
8235 20 8372 0 138 26 13192
8235 17 8369 0 117 40 13193
8235 21 8371 0 155 122 13194
8235 18 8372 0 15 186 13195
8235 19 8369 0 66 169 13196
8235 17 8372 0 132 13 13197
8235 22 8370 0 72 131 13198
8240 135 10000 1 29 60 13199
8244 38 10000 1 33 177 13200
8250 42 8388 0 182 28 13201
8250 7 8387 0 142 143 13202
8250 24 8386 0 15 186 13203
8250 21 8386 0 132 13 13204
8250 18 8385 0 86 23 13205
8250 3 8387 0 125 90 13206
8250 13 8386 0 117 40 13207
8250 12 8386 0 166 118 13208
8250 38 8387 0 96 33 13209
8250 24 8385 0 93 57 13210
8250 26 8386 0 140 22 13211
8250 27 8386 0 121 49 13212
8250 7 8387 0 148 23 13213
8250 6 8388 0 95 77 13214
8250 15 8386 0 146 119 13215
8250 7 8386 0 128 96 13216
8250 9 8385 0 110 24 13217
8250 23 8386 0 113 48 13218
8250 24 8386 0 146 22 13219
8250 25 8386 0 67 20 13220
8250 32 8387 0 102 140 13221
8250 31 8386 0 131 45 13222
8250 4 8386 0 102 30 13223
8250 11 8387 0 127 43 13224
8250 10 8385 0 99 9 13225
8250 25 8386 0 55 108 13226
8250 6 8386 0 186 125 13227
8261 71 10000 1 86 23 13228
8265 6 8398 0 33 177 13229
8265 41 8402 0 155 79 13230
8265 9 8400 0 29 60 13231
8265 23 8400 0 117 40 13232
8265 10 8402 0 122 11 13233
8265 8 8400 0 16 120 13234
8265 33 8401 0 140 22 13235
8265 5 8399 0 95 77 13236
8265 12 8402 0 148 23 13237
8265 3 8400 0 63 134 13238
8265 8 8400 0 99 9 13239
8265 28 8401 0 40 59 13240
8265 12 8402 0 132 13 13241
8265 5 8402 0 186 125 13242
8265 40 8402 0 50 121 13243
8265 11 8401 0 24 183 13244
8265 23 8400 0 146 22 13245
8265 15 8400 0 106 10 13246
8265 6 8402 0 58 139 13247
8265 34 8404 0 124 33 13248
8265 33 8399 0 55 108 13249
8265 12 8400 0 109 1 13250
8265 29 8402 0 96 33 13251
8265 23 8401 0 113 48 13252
8277 45 10000 1 182 28 13253
8280 42 8416 0 124 33 13254
8280 21 8416 0 113 48 13255
8280 13 8416 0 67 20 13256
8280 9 8419 0 109 1 13257
8280 25 8414 0 127 22 13258
8280 3 8416 0 95 77 13259
8280 24 8416 0 132 13 13260
8280 17 8416 0 155 122 13261
8280 9 8416 0 66 134 13262
8280 23 8416 0 7 180 13263
8280 11 8415 0 96 13 13264
8280 43 8415 0 140 22 13265
8280 16 8414 0 66 169 13266
8280 35 8416 0 128 55 13267
8280 6 8417 0 13 75 13268
8280 5 8415 0 125 90 13269
8280 29 8418 0 96 33 13270
8280 15 8416 0 98 36 13271
8280 7 8417 0 147 18 13272
8280 6 8417 0 63 134 13273
8280 10 8418 0 142 143 13274
8280 6 8414 0 186 125 13275
8280 8 8416 0 99 9 13276
8280 6 8418 0 127 43 13277
8280 81 10000 1 140 22 13278
8280 44 8416 0 6 88 13279
8280 18 8414 0 164 40 13280
8284 161 10000 1 86 23 13281
8290 32 10000 1 161 34 13282
8292 31 10000 1 98 36 13283
8292 77 10000 1 178 113 13284
8295 39 8431 0 6 88 13285
8295 15 8431 0 67 20 13286
8295 6 8429 0 102 30 13287
8295 19 8430 0 22 41 13288
8295 32 8431 0 131 45 13289
8295 22 8432 0 138 26 13290
8295 6 8431 0 147 18 13291
8295 12 8431 0 33 177 13292
8295 12 8430 0 16 120 13293
8295 10 8430 0 105 143 13294
8295 8 8432 0 122 11 13295
8295 6 8429 0 57 122 13296
8295 18 8431 0 15 186 13297
8295 12 8431 0 166 118 13298
8295 11 8433 0 155 52 13299
8295 12 8431 0 142 143 13300
8295 25 8430 0 96 33 13301
8295 10 8432 0 148 23 13302
8295 18 8431 0 7 180 13303
8295 5 8430 0 58 139 13304
8295 3 8432 0 72 194 13305
8295 22 8431 0 98 36 13306
8295 10 8431 0 110 24 13307
8295 25 8429 0 66 169 13308
8296 60 10000 1 110 24 13309
8310 15 8447 0 78 150 13310
8310 17 8446 0 113 48 13311
8310 3 8445 0 57 122 13312
8310 9 8445 0 127 43 13313
8310 13 8446 0 152 41 13314
8310 5 8448 0 125 90 13315
8310 28 8447 0 96 33 13316
8310 16 8448 0 98 36 13317
8310 10 8447 0 147 18 13318
8310 8 8447 0 33 177 13319
8310 12 8447 0 128 96 13320
8310 8 8447 0 173 171 13321
8310 27 8446 0 131 45 13322
8310 10 8446 0 105 143 13323
8310 17 8445 0 132 13 13324
8310 22 8446 0 155 122 13325
8310 27 8446 0 140 22 13326
8310 42 8446 0 40 59 13327
8325 16 8459 0 63 113 13328
8325 6 8463 0 109 1 13329
8325 6 8461 0 93 9 13330
8325 11 8459 0 96 13 13331
8325 12 8460 0 152 41 13332
8325 10 8461 0 148 23 13333
8325 21 8462 0 127 22 13334
8325 15 8460 0 117 40 13335
8325 10 8461 0 122 11 13336
8325 7 8461 0 16 120 13337
8325 12 8460 0 22 41 13338
8325 31 8461 0 121 49 13339
8325 40 8460 0 131 45 13340
8325 6 8463 0 186 125 13341
8325 16 8461 0 164 40 13342
8325 35 8460 0 96 33 13343
8325 18 8462 0 15 186 13344
8325 36 8461 0 143 170 13345
8325 10 8460 0 99 9 13346
8325 6 8461 0 13 75 13347
8325 11 8461 0 142 143 13348
8325 43 8463 0 40 59 13349
8325 3 8463 0 57 122 13350
8325 31 8461 0 128 55 13351
8325 28 8463 0 155 79 13352
8325 10 8460 0 153 145 13353
8325 19 8460 0 146 119 13354
8325 25 8462 0 93 57 13355
8340 14 8474 0 146 22 13356
8340 3 8478 0 57 122 13357
8340 13 8477 0 146 119 13358
8340 10 8476 0 122 11 13359
8340 6 8480 0 147 18 13360
8340 8 8476 0 96 13 13361
8340 24 8477 0 106 10 13362
8340 7 8474 0 127 43 13363
8340 12 8478 0 99 9 13364
8340 6 8476 0 148 23 13365
8340 31 8475 0 102 140 13366
8340 17 8475 0 83 108 13367
8340 7 8478 0 33 177 13368
8340 3 8476 0 186 125 13369
8340 9 8476 0 155 52 13370
8340 13 8479 0 22 41 13371
8340 4 8477 0 24 195 13372
8340 10 8476 0 142 143 13373
8340 17 8477 0 67 20 13374
8340 14 8475 0 152 41 13375
8340 7 8475 0 66 134 13376
8340 37 8477 0 140 22 13377
8340 15 8476 0 127 22 13378
8340 10 8476 0 109 56 13379
8340 6 8477 0 63 134 13380
8340 17 8475 0 155 122 13381
8340 6 8477 0 178 113 13382
8340 14 8475 0 166 118 13383
8340 3 8477 0 102 30 13384
8340 14 8477 0 93 57 13385
8340 39 8477 0 124 33 13386
8349 40 10000 1 29 60 13387
8355 24 8489 0 83 108 13388
8355 24 8490 0 117 40 13389
8355 11 8490 0 153 145 13390
8355 25 8490 0 106 10 13391
8355 22 8493 0 161 34 13392
8355 25 8492 0 138 26 13393
8355 25 8489 0 164 40 13394
8355 6 8490 0 96 13 13395
8355 6 8489 0 110 24 13396
8355 30 8493 0 143 170 13397
8355 9 8491 0 198 85 13398
8355 17 8491 0 146 119 13399
8355 22 8490 0 93 57 13400
8355 5 8491 0 102 30 13401
8355 10 8490 0 109 56 13402
8355 4 8490 0 102 1 13403
8355 9 8493 0 122 11 13404
8355 11 8494 0 109 1 13405
8355 6 8492 0 24 195 13406
8355 6 8491 0 63 134 13407
8355 18 8492 0 155 122 13408
8355 45 8489 0 128 55 13409
8355 21 8490 0 152 41 13410
8355 35 8491 0 182 28 13411
8370 3 8507 0 95 77 13412
8370 15 8507 0 146 22 13413
8370 19 8509 0 155 122 13414
8370 3 8505 0 102 1 13415
8370 19 8506 0 166 118 13416
8370 12 8505 0 173 171 13417
8370 12 8505 0 106 10 13418
8370 40 8506 0 50 121 13419
8370 12 8508 0 198 85 13420
8370 29 8503 0 140 22 13421
8370 12 8505 0 16 120 13422
8370 10 8504 0 146 159 13423
8370 6 8505 0 66 134 13424
8370 6 8505 0 96 13 13425
8370 7 8505 0 109 56 13426
8370 31 8505 0 128 55 13427
8370 12 8506 0 153 145 13428
8370 4 8507 0 102 30 13429
8370 19 8506 0 162 60 13430
8370 23 8507 0 63 113 13431
8370 8 8506 0 105 143 13432
8370 16 8506 0 132 13 13433
8370 12 8506 0 33 177 13434
8370 25 8506 0 102 140 13435
8370 30 8506 0 6 88 13436
8370 5 8507 0 13 75 13437
8370 9 8507 0 110 24 13438
8370 9 8506 0 127 43 13439
8370 10 8505 0 122 11 13440
8370 29 8503 0 55 108 13441
8370 32 8506 0 46 189 13442
8370 29 8505 0 124 33 13443
8370 21 8508 0 15 186 13444
8370 29 8506 0 96 33 13445
8370 22 8508 0 152 41 13446
8370 32 8508 0 40 59 13447
8370 6 8507 0 63 134 13448
8385 28 8522 0 182 28 13449
8385 25 8522 0 22 41 13450
8385 3 8521 0 102 30 13451
8385 8 8519 0 109 56 13452
8385 6 8521 0 96 13 13453
8385 13 8522 0 152 41 13454
8385 37 8520 0 50 121 13455
8385 12 8519 0 173 171 13456
8385 6 8520 0 146 159 13457
8385 19 8523 0 146 119 13458
8385 3 8519 0 178 113 13459
8385 7 8520 0 198 85 13460
8385 14 8523 0 98 36 13461
8385 12 8519 0 127 22 13462
8385 22 8520 0 146 22 13463
8385 16 8521 0 63 113 13464
8385 6 8523 0 63 134 13465
8385 31 8521 0 46 189 13466
8385 38 8519 0 140 22 13467
8385 13 8521 0 113 48 13468
8385 7 8522 0 99 9 13469
8385 9 8519 0 2 3 13470
8385 38 8520 0 55 108 13471
8385 13 8520 0 132 13 13472
8385 8 8520 0 147 18 13473
8385 44 8522 0 96 33 13474
8385 25 8522 0 155 79 13475
8400 12 8534 0 16 120 13476
8400 5 8538 0 95 77 13477
8400 21 8535 0 67 20 13478
8400 36 8535 0 143 170 13479
8400 27 8536 0 96 33 13480
8400 8 8537 0 93 9 13481
8400 7 8535 0 173 171 13482
8400 6 8536 0 125 90 13483
8400 32 8536 0 124 33 13484
8400 18 8536 0 93 57 13485
8400 11 8537 0 127 43 13486
8400 10 8537 0 96 13 13487
8400 20 8535 0 113 48 13488
8400 32 8536 0 121 49 13489
8400 13 8536 0 155 122 13490
8400 42 10000 1 6 88 13491
8400 23 8537 0 83 108 13492
8400 12 8538 0 110 24 13493
8415 30 8551 0 128 55 13494
8415 12 8551 0 146 119 13495
8415 42 8553 0 124 33 13496
8415 22 8551 0 113 48 13497
8415 28 8552 0 182 28 13498
8415 5 8551 0 58 139 13499
8415 6 8549 0 57 122 13500
8415 18 8552 0 132 13 13501
8415 17 8550 0 15 186 13502
8415 8 8551 0 109 56 13503
8415 12 8551 0 86 23 13504
8415 9 8550 0 145 55 13505
8415 24 8551 0 67 20 13506
8415 43 8553 0 155 79 13507
8415 11 8551 0 66 134 13508
8415 5 8551 0 102 30 13509
8415 40 8549 0 143 170 13510
8415 22 8552 0 166 118 13511
8415 25 8551 0 162 60 13512
8415 20 8550 0 93 57 13513
8430 34 8564 0 96 33 13514
8430 10 8566 0 96 13 13515
8430 7 8566 0 147 18 13516
8430 24 8565 0 63 113 13517
8430 36 8564 0 121 49 13518
8430 29 8567 0 128 55 13519
8430 38 8566 0 124 33 13520
8430 6 8565 0 24 195 13521
8430 12 8566 0 109 56 13522
8430 40 8567 0 155 79 13523
8430 14 8568 0 113 48 13524
8430 14 8567 0 98 36 13525
8430 25 8568 0 146 22 13526
8430 40 8566 0 131 45 13527
8430 5 8564 0 58 139 13528
8430 10 8567 0 15 4 13529
8430 4 8566 0 102 30 13530
8430 20 8564 0 127 22 13531
8430 23 8567 0 162 60 13532
8430 8 8564 0 2 3 13533
8436 67 10000 1 66 169 13534
8445 6 8580 0 122 11 13535
8445 6 8578 0 145 55 13536
8445 15 8580 0 15 186 13537
8445 6 8579 0 125 90 13538
8445 22 8583 0 106 10 13539
8445 7 8578 0 110 24 13540
8445 36 8582 0 131 45 13541
8445 9 8581 0 2 3 13542
8445 25 8581 0 72 131 13543
8445 23 8582 0 7 180 13544
8445 3 8580 0 102 30 13545
8445 40 8580 0 96 33 13546
8445 34 8579 0 121 49 13547
8445 10 8582 0 147 18 13548
8460 45 8596 0 124 33 13549
8460 18 8595 0 98 36 13550
8460 6 8593 0 58 139 13551
8460 21 8596 0 66 169 13552
8460 16 8597 0 78 150 13553
8460 12 8597 0 145 55 13554
8460 12 8596 0 150 50 13555
8460 23 8598 0 138 26 13556
8460 12 8597 0 96 13 13557
8460 25 8595 0 96 33 13558
8460 28 8598 0 128 55 13559
8460 10 8598 0 29 60 13560
8460 17 8594 0 164 40 13561
8460 9 8596 0 66 134 13562
8460 18 8597 0 117 40 13563
8460 28 8596 0 143 170 13564
8460 3 8598 0 102 30 13565
8460 29 8596 0 6 88 13566
8460 29 8596 0 131 45 13567
8460 16 8595 0 146 119 13568
8460 7 8597 0 109 56 13569
8460 8 8597 0 110 24 13570
8460 8 8597 0 155 52 13571
8460 19 8597 0 132 13 13572
8460 8 8596 0 105 143 13573
8460 38 8596 0 182 28 13574
8460 14 8597 0 113 48 13575
8466 50 10000 1 46 189 13576
8474 54 10000 1 58 139 13577
8475 19 8611 0 161 34 13578
8475 28 8612 0 96 33 13579
8475 22 8610 0 22 41 13580
8475 21 8610 0 117 40 13581
8475 6 8611 0 110 24 13582
8475 4 8609 0 102 30 13583
8475 11 8610 0 128 96 13584
8475 12 8609 0 122 11 13585
8475 10 8612 0 99 9 13586
8475 24 8611 0 106 10 13587
8475 8 8612 0 155 52 13588
8475 10 8610 0 33 177 13589
8475 34 8610 0 55 108 13590
8475 5 8612 0 57 122 13591
8475 6 8611 0 2 3 13592
8475 4 8611 0 63 134 13593
8475 41 8612 0 124 33 13594
8475 36 8611 0 6 88 13595
8475 6 8611 0 148 23 13596
8483 43 10000 1 146 159 13597
8489 179 10000 1 63 134 13598
8490 6 8627 0 58 139 13599
8490 22 8626 0 146 119 13600
8490 14 8626 0 7 180 13601
8490 8 8627 0 148 23 13602
8490 14 8625 0 98 36 13603
8490 9 8625 0 122 11 13604
8490 18 8629 0 127 22 13605
8490 17 8627 0 164 40 13606
8490 26 8626 0 102 140 13607
8490 5 8626 0 13 75 13608
8490 44 8625 0 121 49 13609
8490 45 8627 0 124 33 13610
8490 4 8625 0 95 77 13611
8490 25 8627 0 113 48 13612
8490 12 8626 0 147 18 13613
8490 11 8625 0 145 55 13614
8490 34 8626 0 6 88 13615
8490 8 8626 0 15 4 13616
8490 23 8626 0 15 186 13617
8490 19 8628 0 132 13 13618
8490 11 8626 0 24 183 13619
8490 7 8627 0 109 56 13620
8490 15 8627 0 86 23 13621
8490 11 8624 0 109 1 13622
8490 19 8627 0 117 40 13623
8490 6 8626 0 178 113 13624
8490 11 8626 0 127 43 13625
8490 12 8626 0 173 171 13626
8490 38 8625 0 96 33 13627
8490 28 8625 0 131 45 13628
8491 41 10000 1 102 30 13629
8505 6 8642 0 99 9 13630
8505 26 8640 0 124 33 13631
8505 24 8642 0 113 48 13632
8505 12 8639 0 128 96 13633
8505 28 8641 0 128 55 13634
8505 42 8639 0 131 45 13635
8505 6 8642 0 93 9 13636
8505 3 8639 0 13 75 13637
8505 16 8641 0 146 119 13638
8505 6 8642 0 66 134 13639
8505 10 8643 0 148 23 13640
8505 6 8641 0 96 13 13641
8505 43 8643 0 40 59 13642
8505 9 8642 0 127 43 13643
8505 25 8640 0 50 121 13644
8505 5 8640 0 72 194 13645
8505 33 8641 0 143 170 13646
8505 7 8640 0 110 24 13647
8505 8 8641 0 16 120 13648
8505 7 8642 0 145 55 13649
8505 10 8641 0 147 18 13650
8505 12 8640 0 146 159 13651
8505 5 8641 0 102 1 13652
8505 20 8641 0 146 22 13653
8505 37 8641 0 140 22 13654
8505 4 8640 0 102 30 13655
8505 16 8642 0 127 22 13656
8519 60 10000 1 102 140 13657
8520 15 8656 0 146 22 13658
8520 8 8656 0 109 56 13659
8520 12 8655 0 148 23 13660
8520 6 8656 0 147 18 13661
8520 6 8658 0 99 9 13662
8520 22 8655 0 127 22 13663
8520 7 8656 0 109 1 13664
8520 32 8656 0 182 28 13665
8520 39 8656 0 143 170 13666
8520 6 8655 0 93 9 13667
8520 23 8658 0 7 180 13668
8520 7 8658 0 2 3 13669
8520 10 8657 0 122 11 13670
8520 25 8654 0 124 33 13671
8520 20 8655 0 22 41 13672
8520 30 8656 0 131 45 13673
8520 6 8655 0 63 134 13674
8520 14 8656 0 164 40 13675
8520 25 8656 0 138 26 13676
8520 36 8656 0 102 140 13677
8520 12 8657 0 96 13 13678
8535 3 8672 0 102 30 13679
8535 3 8672 0 72 194 13680
8535 43 8671 0 96 33 13681
8535 12 8671 0 122 11 13682
8535 11 8671 0 127 43 13683
8535 19 8672 0 127 22 13684
8535 32 8672 0 121 49 13685
8535 6 8672 0 178 113 13686
8535 23 8670 0 98 36 13687
8535 15 8668 0 72 131 13688
8535 24 8671 0 146 22 13689
8535 12 8673 0 110 24 13690
8535 12 8671 0 153 145 13691
8535 20 8671 0 117 40 13692
8535 6 8673 0 109 56 13693
8535 6 8670 0 57 122 13694
8535 12 8670 0 132 13 13695
8535 31 8672 0 6 88 13696
8535 21 8671 0 66 169 13697
8535 25 8672 0 155 122 13698
8535 12 8670 0 113 48 13699
8535 21 8672 0 63 113 13700
8550 5 8686 0 72 194 13701
8550 9 8686 0 127 43 13702
8550 6 8686 0 93 9 13703
8550 10 8683 0 29 60 13704
8550 25 8685 0 117 40 13705
8550 9 8686 0 155 52 13706
8550 20 8685 0 146 22 13707
8550 25 8687 0 106 10 13708
8550 20 8687 0 146 119 13709
8550 5 8686 0 13 75 13710
8550 4 8685 0 58 139 13711
8550 11 8685 0 122 11 13712
8550 17 8688 0 72 131 13713
8550 8 8686 0 147 18 13714
8550 9 8686 0 99 9 13715
8550 4 8686 0 178 113 13716
8550 41 8687 0 143 170 13717
8550 11 8684 0 146 159 13718
8550 9 8686 0 128 96 13719
8550 22 8684 0 127 22 13720
8550 23 8687 0 86 23 13721
8550 20 8688 0 15 186 13722
8555 122 10000 1 164 40 13723
8565 42 8701 0 121 49 13724
8565 35 8700 0 50 121 13725
8565 23 8700 0 138 26 13726
8565 20 8703 0 152 41 13727
8565 10 8701 0 93 9 13728
8565 4 8702 0 102 30 13729
8565 6 8701 0 127 43 13730
8565 13 8700 0 132 13 13731
8565 3 8702 0 13 75 13732
8565 7 8699 0 122 11 13733
8565 17 8701 0 98 36 13734
8565 24 8703 0 164 40 13735
8565 25 8701 0 128 55 13736
8565 14 8701 0 146 22 13737
8565 42 8703 0 6 88 13738
8565 9 8703 0 99 9 13739
8565 35 8699 0 124 33 13740
8565 45 8701 0 182 28 13741
8565 21 8699 0 83 108 13742
8565 20 8701 0 67 20 13743
8565 19 8701 0 166 118 13744
8565 3 8700 0 57 122 13745
8580 18 8714 0 113 48 13746
8580 24 8718 0 98 36 13747
8580 10 8714 0 146 159 13748
8580 10 8717 0 122 11 13749
8580 9 8716 0 109 1 13750
8580 16 8717 0 22 41 13751
8580 11 8718 0 2 3 13752
8580 28 8717 0 124 33 13753
8580 22 8717 0 127 22 13754
8580 42 8713 0 6 88 13755
8580 18 8718 0 66 169 13756
8580 7 8715 0 96 13 13757
8580 24 8718 0 155 122 13758
8580 6 8716 0 15 4 13759
8580 13 8717 0 78 150 13760
8580 11 8717 0 66 134 13761
8580 33 8715 0 121 49 13762
8580 44 8717 0 96 33 13763
8580 3 8716 0 102 30 13764
8580 24 8715 0 106 10 13765
8580 37 8715 0 128 55 13766
8580 21 8715 0 138 26 13767
8580 13 8715 0 117 40 13768
8580 5 8715 0 13 75 13769
8585 171 10000 1 138 26 13770
8595 10 8730 0 99 9 13771
8595 39 8731 0 50 121 13772
8595 10 8731 0 110 24 13773
8595 17 8732 0 72 131 13774
8595 18 8730 0 67 20 13775
8595 9 8731 0 147 18 13776
8595 43 8732 0 143 170 13777
8595 40 8732 0 102 140 13778
8595 23 8731 0 113 48 13779
8595 8 8730 0 96 13 13780
8595 23 8732 0 22 41 13781
8595 43 8732 0 96 33 13782
8595 10 8731 0 16 120 13783
8595 23 8732 0 138 26 13784
8595 6 8732 0 33 177 13785
8595 11 8731 0 173 171 13786
8595 18 8731 0 162 60 13787
8595 12 8733 0 109 56 13788
8595 11 8733 0 148 23 13789
8595 14 8731 0 98 36 13790
8595 8 8732 0 109 1 13791
8595 11 8730 0 122 11 13792
8610 9 8746 0 2 3 13793
8610 23 8748 0 138 26 13794
8610 40 8748 0 96 33 13795
8610 15 8748 0 113 48 13796
8610 26 8746 0 102 140 13797
8610 5 8747 0 63 134 13798
8610 12 8744 0 145 55 13799
8610 12 8746 0 15 186 13800
8610 12 8747 0 110 24 13801
8610 12 8745 0 155 122 13802
8610 6 8748 0 146 159 13803
8610 28 8747 0 46 189 13804
8610 12 8748 0 78 150 13805
8610 25 8746 0 83 108 13806
8610 25 8744 0 127 22 13807
8610 24 8745 0 146 119 13808
8610 45 8745 0 140 22 13809
8610 10 8747 0 142 143 13810
8610 9 8744 0 198 85 13811
8610 4 8745 0 102 30 13812
8610 32 8745 0 50 121 13813
8610 17 8745 0 146 22 13814
8625 4 8759 0 63 134 13815
8625 6 8761 0 109 1 13816
8625 12 8763 0 122 11 13817
8625 11 8760 0 2 3 13818
8625 10 8760 0 105 143 13819
8625 44 8758 0 46 189 13820
8625 9 8762 0 127 43 13821
8625 19 8760 0 132 13 13822
8625 21 8761 0 152 41 13823
8625 7 8759 0 66 134 13824
8625 17 8761 0 98 36 13825
8625 7 8761 0 198 85 13826
8625 11 8760 0 128 96 13827
8625 26 8760 0 96 33 13828
8625 37 8762 0 124 33 13829
8625 8 8758 0 173 171 13830
8625 12 8761 0 96 13 13831
8625 3 8761 0 178 113 13832
8625 28 8763 0 40 59 13833
8625 20 8761 0 72 131 13834
8625 13 8761 0 106 10 13835
8625 3 8760 0 102 1 13836
8625 8 8763 0 99 9 13837
8625 6 8762 0 153 145 13838
8625 20 8762 0 146 119 13839
8640 22 8776 0 106 10 13840
8640 14 8777 0 117 40 13841
8640 6 8778 0 58 139 13842
8640 6 8776 0 127 43 13843
8640 12 8777 0 96 13 13844
8640 12 8776 0 148 23 13845
8640 38 8775 0 155 79 13846
8640 6 8776 0 122 11 13847
8640 3 8776 0 13 75 13848
8640 27 8776 0 124 33 13849
8640 35 8777 0 50 121 13850
8640 24 8777 0 78 150 13851
8640 4 8776 0 102 30 13852
8640 32 8776 0 140 22 13853
8640 8 8775 0 198 85 13854
8640 9 8776 0 109 56 13855
8640 12 8775 0 113 48 13856
8640 23 8776 0 98 36 13857
8640 12 8776 0 127 22 13858
8640 14 8777 0 146 22 13859
8640 5 8774 0 24 195 13860
8647 73 10000 1 127 43 13861
8655 3 8791 0 102 30 13862
8655 35 8793 0 140 22 13863
8655 13 8788 0 146 119 13864
8655 8 8790 0 122 11 13865
8655 10 8793 0 33 177 13866
8655 20 8792 0 78 150 13867
8655 24 8790 0 152 41 13868
8655 23 8791 0 127 22 13869
8655 15 8791 0 7 180 13870
8655 10 8792 0 147 18 13871
8655 6 8790 0 102 1 13872
8655 9 8790 0 15 4 13873
8655 3 8790 0 63 134 13874
8655 25 8792 0 132 13 13875
8655 4 8789 0 57 122 13876
8655 9 8792 0 66 134 13877
8655 43 8793 0 121 49 13878
8655 12 8790 0 153 145 13879
8655 10 8792 0 127 43 13880
8655 41 8791 0 96 33 13881
8655 9 8789 0 96 13 13882
8655 19 8790 0 93 57 13883
8655 43 8791 0 128 55 13884
8655 8 8790 0 16 120 13885
8670 3 8806 0 186 125 13886
8670 9 8805 0 109 56 13887
8670 9 8805 0 122 11 13888
8670 24 8806 0 106 10 13889
8670 24 8807 0 86 23 13890
8670 25 8804 0 7 180 13891
8670 45 8806 0 96 33 13892
8670 15 8807 0 72 131 13893
8670 7 8806 0 99 9 13894
8670 22 8807 0 98 36 13895
8670 21 8806 0 146 22 13896
8670 3 8806 0 102 30 13897
8670 5 8807 0 24 195 13898
8670 16 8804 0 138 26 13899
8670 6 8806 0 63 134 13900
8670 12 8807 0 162 60 13901
8676 52 10000 1 164 40 13902
8685 12 8823 0 132 13 13903
8685 7 8821 0 99 9 13904
8685 31 8820 0 46 189 13905
8685 36 8819 0 128 55 13906
8685 19 8821 0 98 36 13907
8685 7 8822 0 33 177 13908
8685 25 8823 0 15 186 13909
8685 12 8820 0 113 48 13910
8685 7 8821 0 109 56 13911
8685 21 8820 0 83 108 13912
8685 16 8821 0 138 26 13913
8685 14 8824 0 7 180 13914
8685 15 8820 0 22 41 13915
8685 4 8821 0 95 77 13916
8685 7 8820 0 147 18 13917
8685 7 8821 0 150 50 13918
8685 7 8820 0 96 13 13919
8685 3 8821 0 178 113 13920
8685 12 8822 0 127 22 13921
8685 22 8820 0 117 40 13922
8696 47 10000 1 138 26 13923
8696 84 10000 1 33 177 13924
8700 23 8836 0 161 34 13925
8700 19 8835 0 132 13 13926
8700 8 8838 0 127 43 13927
8700 44 8835 0 6 88 13928
8700 34 8835 0 143 170 13929
8700 31 8835 0 55 108 13930
8700 13 8836 0 146 22 13931
8700 12 8836 0 16 120 13932
8700 4 8836 0 95 77 13933
8700 22 8836 0 113 48 13934
8700 8 8837 0 109 56 13935
8700 8 8834 0 147 18 13936
8700 23 8836 0 117 40 13937
8700 16 8834 0 83 108 13938
8700 12 8837 0 66 169 13939
8700 6 8835 0 72 194 13940
8700 39 8836 0 102 140 13941
8700 10 8836 0 96 13 13942
8700 6 8836 0 148 23 13943
8700 10 8838 0 145 55 13944
8700 42 8835 0 46 189 13945
8700 4 8838 0 102 30 13946
8715 12 8852 0 109 56 13947
8715 11 8851 0 2 3 13948
8715 8 8852 0 122 11 13949
8715 12 8851 0 142 143 13950
8715 34 8852 0 124 33 13951
8715 18 8853 0 127 22 13952
8715 9 8852 0 147 18 13953
8715 19 8852 0 132 13 13954
8715 27 8850 0 96 33 13955
8715 10 8852 0 146 159 13956
8715 24 8849 0 83 108 13957
8715 38 8852 0 102 140 13958
8715 7 8852 0 16 120 13959
8715 7 8852 0 96 13 13960
8715 5 8850 0 125 90 13961
8715 7 8852 0 66 134 13962
8715 9 8851 0 105 143 13963
8715 20 8852 0 106 10 13964
8715 17 8851 0 66 169 13965
8717 49 10000 1 148 23 13966
8730 10 8866 0 153 145 13967
8730 9 8866 0 33 177 13968
8730 42 8865 0 182 28 13969
8730 6 8867 0 102 30 13970
8730 21 8866 0 161 34 13971
8730 30 8867 0 140 22 13972
8730 8 8866 0 99 9 13973
8730 16 8867 0 93 57 13974
8730 10 8866 0 173 171 13975
8730 12 8868 0 148 23 13976
8730 9 8865 0 146 159 13977
8730 12 8867 0 164 40 13978
8730 24 8867 0 98 36 13979
8730 19 8866 0 22 41 13980
8730 7 8865 0 15 4 13981
8730 14 8866 0 146 22 13982
8730 6 8866 0 155 52 13983
8730 6 8867 0 109 56 13984
8730 45 8867 0 131 45 13985
8730 39 8867 0 128 55 13986
8730 8 8866 0 93 9 13987
8730 28 8866 0 121 49 13988
8730 8 8864 0 109 1 13989
8730 8 8866 0 147 18 13990
8730 12 8865 0 127 43 13991
8745 13 8881 0 146 22 13992
8745 10 8880 0 142 143 13993
8745 12 8881 0 78 150 13994
8745 12 8883 0 122 11 13995
8745 36 8882 0 143 170 13996
8745 6 8879 0 96 13 13997
8745 7 8881 0 99 9 13998
8745 4 8879 0 102 30 13999
8745 27 8881 0 140 22 14000
8745 32 8879 0 46 189 14001
8745 25 8881 0 6 88 14002
8745 12 8882 0 127 43 14003
8745 5 8881 0 24 195 14004
8745 9 8880 0 109 56 14005
8745 25 8880 0 121 49 14006
8745 9 8882 0 150 50 14007
8745 25 8880 0 127 22 14008
8745 31 8882 0 96 33 14009
8745 5 8881 0 58 139 14010
8745 12 8881 0 148 23 14011
8745 14 8881 0 113 48 14012
8760 6 8897 0 198 85 14013
8760 18 8896 0 83 108 14014
8760 16 8897 0 106 10 14015
8760 9 8896 0 29 60 14016
8760 11 8894 0 122 11 14017
8760 10 8895 0 109 56 14018
8760 24 8895 0 113 48 14019
8760 7 8896 0 155 52 14020
8760 41 8894 0 131 45 14021
8760 34 8895 0 124 33 14022
8760 24 8896 0 132 13 14023
8760 25 8897 0 146 22 14024
8760 11 8897 0 142 143 14025
8760 24 8897 0 162 60 14026
8760 23 8896 0 138 26 14027
8760 21 8897 0 93 57 14028
8760 44 8895 0 96 33 14029
8760 7 8897 0 173 171 14030
8760 9 8895 0 16 120 14031
8760 41 8895 0 143 170 14032
8760 4 8894 0 102 30 14033
8760 4 8896 0 178 113 14034
8760 7 8895 0 99 9 14035
8760 12 8893 0 98 36 14036
8760 7 8895 0 147 18 14037
8760 8 8893 0 146 159 14038
8760 6 8897 0 102 1 14039
8769 57 10000 1 113 48 14040
8775 43 8914 0 102 140 14041
8775 38 8910 0 121 49 14042
8775 39 8911 0 155 79 14043
8775 6 8915 0 93 9 14044
8775 10 8910 0 173 171 14045
8775 22 8911 0 117 40 14046
8775 4 8911 0 63 134 14047
8775 10 8911 0 110 24 14048
8775 4 8909 0 102 30 14049
8775 8 8910 0 122 11 14050
8775 20 8912 0 63 113 14051
8775 25 8911 0 127 22 14052
8775 8 8911 0 127 43 14053
8775 36 8911 0 46 189 14054
8775 13 8912 0 93 57 14055
8775 9 8911 0 147 18 14056
8775 40 8911 0 131 45 14057
8775 44 8911 0 96 33 14058
8775 7 8911 0 148 23 14059
8775 20 8912 0 132 13 14060
8775 11 8909 0 99 9 14061
8775 7 8913 0 142 143 14062
8775 25 8912 0 138 26 14063
8775 5 8913 0 24 195 14064
8775 14 8910 0 146 22 14065
8775 18 8911 0 78 150 14066
8790 10 8927 0 148 23 14067
8790 11 8925 0 128 96 14068
8790 44 8926 0 124 33 14069
8790 17 8922 0 146 22 14070
8790 13 8927 0 138 26 14071
8790 12 8928 0 113 48 14072
8790 4 8928 0 58 139 14073
8790 20 8927 0 83 108 14074
8790 6 8926 0 145 55 14075
8790 40 8925 0 50 121 14076
8790 8 8927 0 155 52 14077
8790 10 8925 0 147 18 14078
8790 33 8927 0 143 170 14079
8790 36 8925 0 140 22 14080
8790 6 8928 0 29 60 14081
8790 25 8927 0 66 169 14082
8790 42 8925 0 121 49 14083
8790 38 8926 0 131 45 14084
8790 5 8927 0 102 30 14085
8790 10 8925 0 127 43 14086
8805 7 8941 0 109 1 14087
8805 18 8940 0 138 26 14088
8805 23 8942 0 146 22 14089
8805 5 8939 0 125 90 14090
8805 8 8942 0 110 24 14091
8805 15 8940 0 117 40 14092
8805 5 8942 0 72 194 14093
8805 26 8941 0 140 22 14094
8805 8 8941 0 15 4 14095
8805 35 8941 0 55 108 14096
8805 25 8941 0 15 186 14097
8805 19 8941 0 146 119 14098
8805 20 8941 0 106 10 14099
8805 12 8943 0 98 36 14100
8805 4 8939 0 13 75 14101
8805 19 8944 0 63 113 14102
8805 14 8940 0 162 60 14103
8805 16 8941 0 86 23 14104
8805 3 8940 0 102 1 14105
8805 43 8942 0 124 33 14106
8805 10 8943 0 198 85 14107
8820 17 8957 0 15 186 14108
8820 9 8955 0 142 143 14109
8820 9 8956 0 96 13 14110
8820 8 8955 0 110 24 14111
8820 12 8956 0 22 41 14112
8820 34 8956 0 46 189 14113
8820 6 8956 0 155 52 14114
8820 29 8957 0 121 49 14115
8820 9 8958 0 16 120 14116
8820 23 8956 0 146 22 14117
8820 14 8955 0 113 48 14118
8820 12 8955 0 173 171 14119
8820 21 8956 0 138 26 14120
8820 11 8958 0 148 23 14121
8820 24 8958 0 152 41 14122
8820 7 8957 0 150 50 14123
8820 6 8955 0 99 9 14124
8820 11 8956 0 127 43 14125
8820 9 8955 0 109 56 14126
8820 28 8955 0 102 140 14127
8820 28 8955 0 155 79 14128
8820 19 8957 0 98 36 14129
8820 30 8959 0 96 33 14130
8820 36 8957 0 182 28 14131
8820 11 8957 0 29 60 14132
8829 35 10000 1 24 195 14133
8835 4 8971 0 24 195 14134
8835 14 8970 0 164 40 14135
8835 7 8970 0 122 11 14136
8835 42 8973 0 121 49 14137
8835 12 8972 0 142 143 14138
8835 6 8972 0 198 85 14139
8835 27 8972 0 182 28 14140
8835 35 8972 0 128 55 14141
8835 7 8972 0 147 18 14142
8835 21 8972 0 132 13 14143
8835 18 8970 0 127 22 14144
8835 19 8970 0 66 169 14145
8835 13 8970 0 106 10 14146
8835 10 8971 0 15 4 14147
8835 20 8969 0 113 48 14148
8835 19 8971 0 98 36 14149
8835 21 8971 0 67 20 14150
8835 6 8972 0 99 9 14151
8835 44 8972 0 140 22 14152
8835 7 8972 0 148 23 14153
8835 10 8968 0 109 56 14154
8835 11 8972 0 145 55 14155
8835 10 8972 0 127 43 14156
8835 5 8970 0 102 30 14157
8835 18 8973 0 72 131 14158
8835 16 8972 0 146 22 14159
8835 6 8972 0 102 1 14160
8835 38 8970 0 155 79 14161
8835 19 8970 0 152 41 14162
8844 189 10000 1 22 41 14163
8847 148 10000 1 142 143 14164
8850 29 8985 0 124 33 14165
8850 7 8987 0 147 18 14166
8850 8 8987 0 198 85 14167
8850 13 8986 0 78 150 14168
8850 12 8985 0 22 41 14169
8850 13 8986 0 98 36 14170
8850 26 8988 0 102 140 14171
8850 42 8984 0 128 55 14172
8850 7 8985 0 153 145 14173
8850 23 8985 0 72 131 14174
8850 3 8985 0 125 90 14175
8850 10 8985 0 105 143 14176
8850 10 8987 0 127 43 14177
8854 59 10000 1 145 55 14178
8865 5 9002 0 102 30 14179
8865 6 8999 0 178 113 14180
8865 9 8998 0 153 145 14181
8865 3 9000 0 95 77 14182
8865 16 9000 0 106 10 14183
8865 45 9001 0 143 170 14184
8865 24 8999 0 93 57 14185
8865 8 9001 0 147 18 14186
8865 3 8998 0 24 195 14187
8865 11 9001 0 150 50 14188
8865 24 9000 0 83 108 14189
8865 6 9001 0 58 139 14190
8865 9 9003 0 155 52 14191
8865 38 9001 0 124 33 14192
8865 16 9001 0 117 40 14193
8865 10 9000 0 127 43 14194
8865 11 8999 0 110 24 14195
8865 20 9001 0 138 26 14196
8865 9 9000 0 96 13 14197
8865 6 9002 0 109 56 14198
8865 25 9001 0 40 59 14199
8865 12 9002 0 99 9 14200
8865 39 9001 0 55 108 14201
8865 12 9001 0 132 13 14202
8865 11 9001 0 148 23 14203
8865 19 9001 0 98 36 14204
8880 12 9015 0 98 36 14205
8880 15 9014 0 127 22 14206
8880 21 9017 0 132 13 14207
8880 8 9017 0 99 9 14208
8880 32 10000 1 150 50 14209
8880 7 9017 0 147 18 14210
8880 17 9017 0 113 48 14211
8880 11 9014 0 148 23 14212
8880 3 9017 0 178 113 14213
8880 25 9013 0 166 118 14214
8880 42 9017 0 143 170 14215
8880 6 9016 0 173 171 14216
8880 33 9016 0 128 55 14217
8880 8 9016 0 110 24 14218
8880 20 9017 0 162 60 14219
8880 9 9017 0 153 145 14220
8880 6 9017 0 13 75 14221
8880 8 9017 0 128 96 14222
8880 10 9013 0 122 11 14223
8880 19 9016 0 83 108 14224
8880 3 9015 0 58 139 14225
8880 29 9016 0 124 33 14226
8880 22 9016 0 22 41 14227
8880 6 9016 0 66 134 14228
8880 9 9015 0 127 43 14229
8895 28 9030 0 140 22 14230
8895 6 9032 0 63 134 14231
8895 10 9030 0 122 11 14232
8895 24 9030 0 113 48 14233
8895 31 9030 0 143 170 14234
8895 24 9029 0 138 26 14235
8895 7 9029 0 96 13 14236
8895 44 9029 0 96 33 14237
8895 20 9031 0 98 36 14238
8895 7 9032 0 29 60 14239
8895 6 9031 0 102 30 14240
8895 7 9031 0 127 43 14241
8895 18 9029 0 106 10 14242
8895 16 9032 0 127 22 14243
8895 19 9030 0 7 180 14244
8895 12 9031 0 110 24 14245
8895 12 9031 0 2 3 14246
8895 44 9030 0 128 55 14247
8895 33 9031 0 124 33 14248
8895 6 9030 0 128 96 14249
8895 6 9030 0 147 18 14250
8895 10 9032 0 146 159 14251
8910 23 9048 0 106 10 14252
8910 14 9045 0 7 180 14253
8910 36 9046 0 102 140 14254
8910 14 9045 0 63 113 14255
8910 14 9044 0 132 13 14256
8910 25 9046 0 66 169 14257
8910 9 9045 0 33 177 14258
8910 4 9046 0 57 122 14259
8910 6 9046 0 95 77 14260
8910 8 9046 0 15 4 14261
8910 4 9047 0 63 134 14262
8910 31 9047 0 50 121 14263
8910 45 9048 0 131 45 14264
8910 8 9046 0 109 56 14265
8910 6 9046 0 122 11 14266
8910 32 9045 0 96 33 14267
8910 19 9045 0 138 26 14268
8910 12 9047 0 127 43 14269
8910 12 9044 0 98 36 14270
8910 10 9046 0 146 159 14271
8910 3 9045 0 102 30 14272
8910 25 9047 0 146 22 14273
8910 32 9046 0 140 22 14274
8910 12 9047 0 198 85 14275
8910 7 9048 0 96 13 14276
8915 56 10000 1 96 33 14277
8925 29 9061 0 124 33 14278
8925 7 9063 0 147 18 14279
8925 35 9059 0 155 79 14280
8925 23 9063 0 78 150 14281
8925 10 9060 0 109 56 14282
8925 4 9061 0 186 125 14283
8925 40 9059 0 131 45 14284
8925 6 9063 0 122 11 14285
8925 10 9061 0 142 143 14286
8925 23 9060 0 83 108 14287
8925 8 9060 0 127 43 14288
8925 11 9060 0 128 96 14289
8925 18 9059 0 93 57 14290
8925 3 9062 0 58 139 14291
8925 10 9062 0 155 52 14292
8925 5 9059 0 72 194 14293
8925 21 9058 0 146 22 14294
8925 4 9063 0 102 30 14295
8925 21 9060 0 166 118 14296
8925 8 9059 0 110 24 14297
8925 40 9062 0 140 22 14298
8925 26 9062 0 182 28 14299
8925 10 9062 0 29 60 14300
8925 36 9059 0 143 170 14301
8925 17 9063 0 98 36 14302
8925 11 9060 0 93 9 14303
8925 19 9063 0 132 13 14304
8926 48 10000 1 131 45 14305
8940 6 9075 0 109 56 14306
8940 15 9077 0 152 41 14307
8940 16 9076 0 132 13 14308
8940 8 9077 0 110 24 14309
8940 10 9075 0 96 13 14310
8940 5 9077 0 102 30 14311
8940 5 9075 0 178 113 14312
8940 3 9076 0 58 139 14313
8940 10 9076 0 128 96 14314
8940 7 9076 0 127 43 14315
8940 30 9077 0 124 33 14316
8940 21 9075 0 166 118 14317
8940 8 9075 0 147 18 14318
8940 32 9075 0 131 45 14319
8940 7 9073 0 173 171 14320
8940 12 9076 0 22 41 14321
8940 16 9077 0 127 22 14322
8940 10 9077 0 122 11 14323
8955 4 9091 0 102 30 14324
8955 11 9090 0 148 23 14325
8955 10 9091 0 153 145 14326
8955 19 9090 0 63 113 14327
8955 35 9091 0 96 33 14328
8955 32 9090 0 182 28 14329
8955 10 9090 0 16 120 14330
8955 6 9089 0 105 143 14331
8955 25 9091 0 117 40 14332
8955 3 9090 0 63 134 14333
8955 34 9089 0 155 79 14334
8955 3 9088 0 58 139 14335
8955 19 9091 0 166 118 14336
8955 34 9090 0 131 45 14337
8955 6 9090 0 95 77 14338
8955 16 9094 0 127 22 14339
8955 39 9091 0 55 108 14340
8955 22 9093 0 7 180 14341
8955 20 9091 0 146 119 14342
8955 16 9090 0 106 10 14343
8955 10 9089 0 109 56 14344
8955 10 9093 0 2 3 14345
8955 4 9091 0 57 122 14346
8955 10 9091 0 33 177 14347
8956 35 10000 1 143 170 14348
8960 47 10000 1 173 171 14349
8970 10 9107 0 29 60 14350
8970 25 9107 0 127 22 14351
8970 8 9105 0 66 134 14352
8970 6 9106 0 147 18 14353
8970 14 9107 0 146 22 14354
8970 19 9107 0 166 118 14355
8970 12 9106 0 96 13 14356
8970 28 9105 0 96 33 14357
8970 6 9108 0 95 77 14358
8970 14 9105 0 7 180 14359
8970 9 9105 0 105 143 14360
8970 31 9107 0 131 45 14361
8970 17 9106 0 132 13 14362
8970 9 9106 0 109 56 14363
8970 14 9105 0 161 34 14364
8970 10 9105 0 150 50 14365
8970 20 9108 0 113 48 14366
8970 30 9106 0 143 170 14367
8970 10 9106 0 2 3 14368
8970 38 9105 0 121 49 14369
8970 12 9106 0 98 36 14370
8977 70 10000 1 128 55 14371
8985 9 9122 0 96 13 14372
8985 16 9120 0 138 26 14373
8985 6 9122 0 16 120 14374
8985 7 9119 0 147 18 14375
8985 40 9119 0 124 33 14376
8985 12 9121 0 109 56 14377
8985 12 9121 0 113 48 14378
8985 7 9121 0 2 3 14379
8985 24 9118 0 132 13 14380
8985 43 9123 0 128 55 14381
8985 41 9123 0 96 33 14382
8985 12 9121 0 110 24 14383
8985 21 9121 0 98 36 14384
8985 6 9123 0 57 122 14385
8985 18 9120 0 106 10 14386
8985 12 9121 0 198 85 14387
8985 23 9120 0 164 40 14388
8985 21 9121 0 146 119 14389
8985 29 9122 0 131 45 14390
8985 25 9122 0 155 122 14391
9000 28 9137 0 140 22 14392
9000 25 9135 0 40 59 14393
9000 44 9137 0 6 88 14394
9000 35 9133 0 96 33 14395
9000 6 9137 0 93 9 14396
9000 20 9137 0 98 36 14397
9000 8 9135 0 2 3 14398
9000 31 9137 0 131 45 14399
9000 14 9136 0 66 169 14400
9000 5 9137 0 102 30 14401
9000 40 9135 0 46 189 14402
9000 29 9137 0 155 79 14403
9000 18 9137 0 72 131 14404
9000 15 9136 0 117 40 14405
9000 4 9136 0 58 139 14406
9000 13 9137 0 162 60 14407
9000 26 9137 0 121 49 14408
9000 8 9136 0 96 13 14409
9000 13 9137 0 86 23 14410
9000 25 9139 0 138 26 14411
9000 10 9135 0 173 171 14412
9015 43 9151 0 46 189 14413
9015 6 9149 0 147 18 14414
9015 11 9151 0 99 9 14415
9015 9 9150 0 96 13 14416
9015 15 9150 0 66 169 14417
9015 13 9151 0 161 34 14418
9015 5 9152 0 57 122 14419
9015 13 9151 0 78 150 14420
9015 8 9152 0 15 4 14421
9015 6 9150 0 150 50 14422
9015 9 9151 0 16 120 14423
9015 8 9153 0 198 85 14424
9015 3 9151 0 72 194 14425
9015 24 9153 0 22 41 14426
9015 23 9149 0 117 40 14427
9015 14 9151 0 127 22 14428
9015 12 9152 0 66 134 14429
9015 11 9150 0 142 143 14430
9015 5 9150 0 58 139 14431
9015 5 9151 0 102 30 14432
9015 4 9150 0 178 113 14433
9015 16 9153 0 113 48 14434
9015 9 9150 0 155 52 14435
9015 27 9151 0 131 45 14436
9015 3 9151 0 13 75 14437
9015 9 9153 0 148 23 14438
9030 20 9166 0 106 10 14439
9030 42 9164 0 121 49 14440
9030 11 9167 0 147 18 14441
9030 11 9166 0 16 120 14442
9030 13 9165 0 15 186 14443
9030 9 9167 0 153 145 14444
9030 11 9164 0 15 4 14445
9030 22 9166 0 146 22 14446
9030 6 9165 0 186 125 14447
9030 24 9166 0 117 40 14448
9030 24 9164 0 152 41 14449
9030 14 9166 0 98 36 14450
9030 7 9166 0 2 3 14451
9030 23 9170 0 146 119 14452
9030 10 9165 0 148 23 14453
9030 23 9168 0 86 23 14454
9030 12 9165 0 66 134 14455
9030 24 9166 0 113 48 14456
9030 44 9166 0 96 33 14457
9030 15 9165 0 127 22 14458
9030 10 9167 0 110 24 14459
9030 12 9165 0 122 11 14460
9030 38 9166 0 102 140 14461
9030 10 9165 0 99 9 14462
9030 25 9166 0 138 26 14463
9035 75 10000 1 127 22 14464
9045 29 9179 0 140 22 14465
9045 25 9183 0 146 22 14466
9045 42 9179 0 155 79 14467
9045 10 9181 0 109 56 14468
9045 6 9180 0 178 113 14469
9045 3 9182 0 186 125 14470
9045 9 9178 0 99 9 14471
9045 38 9180 0 124 33 14472
9045 11 9182 0 146 159 14473
9045 8 9181 0 105 143 14474
9045 9 9184 0 110 24 14475
9045 18 9180 0 106 10 14476
9045 26 9179 0 102 140 14477
9045 22 9184 0 138 26 14478
9045 17 9183 0 63 113 14479
9045 27 9181 0 121 49 14480
9045 25 9182 0 98 36 14481
9045 29 9181 0 131 45 14482
9045 40 9180 0 40 59 14483
9045 44 9183 0 128 55 14484
9060 45 9195 0 155 79 14485
9060 6 9198 0 147 18 14486
9060 27 9193 0 131 45 14487
9060 41 9197 0 121 49 14488
9060 7 9196 0 109 1 14489
9060 14 9197 0 162 60 14490
9060 8 9198 0 128 96 14491
9060 31 9195 0 6 88 14492
9060 6 9197 0 95 77 14493
9060 17 9196 0 106 10 14494
9060 29 9196 0 96 33 14495
9060 6 9198 0 93 9 14496
9060 19 9195 0 146 22 14497
9060 6 9195 0 109 56 14498
9060 13 9197 0 146 119 14499
9060 45 9195 0 102 140 14500
9060 6 9195 0 16 120 14501
9060 21 9194 0 117 40 14502
9060 5 9195 0 13 75 14503
9060 11 9196 0 127 43 14504
9060 20 9195 0 138 26 14505
9060 22 9194 0 98 36 14506
9075 37 9209 0 96 33 14507
9075 13 9210 0 66 169 14508
9075 29 9210 0 128 55 14509
9075 11 9210 0 15 4 14510
9075 35 9212 0 140 22 14511
9075 8 9209 0 29 60 14512
9075 7 9212 0 110 24 14513
9075 14 9210 0 161 34 14514
9075 19 9209 0 127 22 14515
9075 7 9210 0 148 23 14516
9075 13 9210 0 138 26 14517
9075 10 9213 0 96 13 14518
9075 19 9209 0 63 113 14519
9075 15 9211 0 72 131 14520
9075 33 9208 0 121 49 14521
9075 22 9210 0 155 122 14522
9075 17 9210 0 67 20 14523
9075 19 9211 0 162 60 14524
9075 6 9211 0 127 43 14525
9075 31 9211 0 143 170 14526
9075 24 9212 0 98 36 14527
9075 19 9210 0 117 40 14528
9075 13 9211 0 152 41 14529
9090 4 9225 0 125 90 14530
9090 12 9224 0 166 118 14531
9090 25 9229 0 22 41 14532
9090 12 9225 0 122 11 14533
9090 43 9227 0 55 108 14534
9090 17 9225 0 127 22 14535
9090 24 9228 0 98 36 14536
9090 29 9226 0 96 33 14537
9090 18 9227 0 132 13 14538
9090 39 9226 0 6 88 14539
9090 11 9228 0 173 171 14540
9090 19 9227 0 138 26 14541
9090 9 9224 0 110 24 14542
9090 45 9226 0 124 33 14543
9090 9 9227 0 153 145 14544
9090 17 9227 0 63 113 14545
9090 5 9225 0 178 113 14546
9090 6 9225 0 128 96 14547
9090 11 9224 0 146 159 14548
9090 7 9226 0 96 13 14549
9090 6 9226 0 155 52 14550
9090 6 9224 0 148 23 14551
9090 17 9226 0 67 20 14552
9090 23 9226 0 113 48 14553
9090 35 9225 0 143 170 14554
9090 11 9226 0 109 56 14555
9090 24 9224 0 78 150 14556
9090 9 9226 0 147 18 14557
9105 10 9240 0 24 183 14558
9105 12 9238 0 146 22 14559
9105 6 9241 0 13 75 14560
9105 10 9241 0 15 4 14561
9105 34 9242 0 140 22 14562
9105 5 9242 0 57 122 14563
9105 16 9240 0 98 36 14564
9105 4 9242 0 102 30 14565
9105 22 9242 0 127 22 14566
9105 4 9240 0 58 139 14567
9105 4 9242 0 178 113 14568
9105 8 9242 0 122 11 14569
9105 11 9240 0 99 9 14570
9105 18 9243 0 15 186 14571
9105 24 9241 0 132 13 14572
9105 12 9242 0 109 56 14573
9105 25 9241 0 102 140 14574
9105 39 9239 0 96 33 14575
9105 8 9241 0 145 55 14576
9105 27 9240 0 131 45 14577
9105 12 9242 0 86 23 14578
9105 31 9240 0 46 189 14579
9106 42 10000 1 7 180 14580
9120 17 9256 0 7 180 14581
9120 29 9254 0 96 33 14582
9120 9 9255 0 127 43 14583
9120 37 9257 0 182 28 14584
9120 8 9256 0 96 13 14585
9120 33 9257 0 131 45 14586
9120 21 9256 0 113 48 14587
9120 3 9256 0 72 194 14588
9120 14 9256 0 67 20 14589
9120 6 9255 0 128 96 14590
9120 13 9257 0 15 186 14591
9120 6 9257 0 102 30 14592
9120 27 9255 0 140 22 14593
9120 9 9255 0 109 1 14594
9120 12 9257 0 147 18 14595
9120 44 9257 0 143 170 14596
9120 44 9256 0 128 55 14597
9120 13 9256 0 93 57 14598
9120 9 9256 0 153 145 14599
9120 8 9255 0 16 120 14600
9120 21 9256 0 127 22 14601
9120 4 9256 0 178 113 14602
9120 18 9256 0 132 13 14603
9120 12 9258 0 29 60 14604
9120 19 9256 0 117 40 14605
9120 17 9256 0 78 150 14606
9120 23 9256 0 22 41 14607
9120 9 9257 0 105 143 14608
9120 12 9257 0 110 24 14609
9120 6 9256 0 122 11 14610
9121 42 10000 1 22 41 14611
9135 4 9271 0 95 77 14612
9135 22 9272 0 98 36 14613
9135 15 9270 0 22 41 14614
9135 4 9268 0 102 1 14615
9135 3 9271 0 102 30 14616
9135 12 9269 0 33 177 14617
9135 6 9271 0 153 145 14618
9135 7 9271 0 150 50 14619
9135 17 9273 0 127 22 14620
9135 23 9270 0 113 48 14621
9135 12 9272 0 152 41 14622
9135 9 9272 0 128 96 14623
9135 7 9270 0 93 9 14624
9135 18 9271 0 86 23 14625
9135 5 9271 0 57 122 14626
9135 30 9271 0 131 45 14627
9135 9 9271 0 122 11 14628
9135 5 9270 0 24 195 14629
9135 13 9273 0 66 169 14630
9135 18 9272 0 72 131 14631
9135 42 9272 0 50 121 14632
9135 15 9272 0 106 10 14633
9135 6 9272 0 186 125 14634
9135 18 9271 0 138 26 14635
9135 11 9272 0 145 55 14636
9135 11 9271 0 110 24 14637
9135 13 9270 0 146 22 14638
9135 8 9269 0 2 3 14639
9135 43 9270 0 143 170 14640
9150 12 9285 0 122 11 14641
9150 44 9287 0 131 45 14642
9150 7 9286 0 128 96 14643
9150 16 9286 0 86 23 14644
9150 6 9285 0 186 125 14645
9150 11 9288 0 127 43 14646
9150 18 9287 0 132 13 14647
9150 27 9286 0 50 121 14648
9150 15 9288 0 117 40 14649
9150 18 9286 0 63 113 14650
9150 15 9285 0 138 26 14651
9150 5 9287 0 63 134 14652
9150 9 9287 0 150 50 14653
9150 16 9289 0 98 36 14654
9150 5 9285 0 102 30 14655
9150 12 9286 0 147 18 14656
9150 6 9285 0 109 1 14657
9150 19 9285 0 127 22 14658
9150 9 9286 0 33 177 14659
9150 3 9286 0 58 139 14660
9150 12 9286 0 22 41 14661
9150 22 9287 0 66 169 14662
9152 54 10000 1 40 59 14663
9165 9 9299 0 110 24 14664
9165 38 9300 0 46 189 14665
9165 7 9300 0 146 159 14666
9165 11 9301 0 173 171 14667
9165 8 9301 0 122 11 14668
9165 3 9299 0 186 125 14669
9165 9 9301 0 99 9 14670
9165 15 9302 0 138 26 14671
9165 11 9300 0 24 183 14672
9165 7 9302 0 29 60 14673
9165 7 9301 0 2 3 14674
9165 9 9302 0 147 18 14675
9165 25 9302 0 55 108 14676
9165 22 9301 0 152 41 14677
9165 32 9302 0 140 22 14678
9165 18 9301 0 72 131 14679
9165 38 9300 0 96 33 14680
9165 12 9302 0 106 10 14681
9165 11 9301 0 142 143 14682
9165 45 9301 0 121 49 14683
9165 11 9299 0 127 43 14684
9165 21 9301 0 132 13 14685
9180 6 9318 0 110 24 14686
9180 16 9316 0 78 150 14687
9180 45 9317 0 40 59 14688
9180 24 9317 0 98 36 14689
9180 3 9317 0 178 113 14690
9180 8 9316 0 147 18 14691
9180 30 9317 0 121 49 14692
9180 10 9315 0 99 9 14693
9180 6 9316 0 58 139 14694
9180 27 9314 0 6 88 14695
9180 13 9316 0 127 22 14696
9180 6 9315 0 96 13 14697
9180 24 9315 0 117 40 14698
9180 7 9317 0 142 143 14699
9180 16 9314 0 132 13 14700
9180 5 9317 0 24 195 14701
9180 3 9315 0 186 125 14702
9180 27 9318 0 96 33 14703
9180 18 9315 0 146 22 14704
9180 8 9314 0 173 171 14705
9180 11 9318 0 93 9 14706
9180 4 9315 0 125 90 14707
9180 11 9314 0 109 56 14708
9180 44 9316 0 128 55 14709
9180 12 9315 0 162 60 14710
9195 25 9332 0 124 33 14711
9195 17 9331 0 146 22 14712
9195 41 9330 0 140 22 14713
9195 16 9335 0 78 150 14714
9195 12 9331 0 99 9 14715
9195 11 9334 0 148 23 14716
9195 44 9332 0 121 49 14717
9195 16 9330 0 7 180 14718
9195 10 9331 0 109 56 14719
9195 37 9331 0 143 170 14720
9195 37 9329 0 131 45 14721
9195 33 9330 0 128 55 14722
9195 25 9332 0 15 186 14723
9195 8 9332 0 15 4 14724
9195 18 9332 0 83 108 14725
9195 12 9330 0 142 143 14726
9195 23 9329 0 127 22 14727
9195 3 9330 0 57 122 14728
9195 12 9332 0 155 52 14729
9195 6 9330 0 128 96 14730
9195 10 9329 0 127 43 14731
9195 12 9330 0 113 48 14732
9195 8 9332 0 122 11 14733
9195 4 9330 0 24 195 14734
9195 11 9331 0 198 85 14735
9195 17 9331 0 117 40 14736
9195 10 9331 0 146 159 14737
9197 72 10000 1 132 13 14738
9202 125 10000 1 6 88 14739
9210 20 9345 0 162 60 14740
9210 12 9345 0 109 1 14741
9210 5 9347 0 102 30 14742
9210 6 9346 0 150 50 14743
9210 25 9345 0 128 55 14744
9210 11 9348 0 147 18 14745
9210 8 9346 0 24 183 14746
9210 17 9346 0 161 34 14747
9210 7 9348 0 146 159 14748
9210 11 9345 0 110 24 14749
9210 11 9346 0 153 145 14750
9210 4 9347 0 178 113 14751
9210 20 9348 0 138 26 14752
9210 13 9348 0 106 10 14753
9210 33 9345 0 96 33 14754
9210 6 9348 0 13 75 14755
9210 24 9346 0 117 40 14756
9210 16 9348 0 7 180 14757
9210 37 9345 0 140 22 14758
9210 18 9347 0 78 150 14759
9210 7 9348 0 148 23 14760
9210 5 9347 0 125 90 14761
9210 14 9347 0 152 41 14762
9210 5 9347 0 63 134 14763
9210 36 9345 0 124 33 14764
9210 41 9347 0 121 49 14765
9210 7 9345 0 109 56 14766
9225 10 9361 0 142 143 14767
9225 17 9360 0 83 108 14768
9225 40 9361 0 131 45 14769
9225 11 9362 0 109 56 14770
9225 10 9362 0 2 3 14771
9225 38 9360 0 55 108 14772
9225 11 9362 0 93 9 14773
9225 17 9361 0 113 48 14774
9225 6 9362 0 63 134 14775
9225 21 9361 0 117 40 14776
9225 11 9362 0 16 120 14777
9225 11 9362 0 122 11 14778
9225 8 9360 0 155 52 14779
9225 6 9360 0 127 43 14780
9225 29 9362 0 182 28 14781
9225 8 9359 0 99 9 14782
9225 5 9360 0 58 139 14783
9225 24 9359 0 106 10 14784
9225 15 9360 0 146 119 14785
9225 24 9359 0 93 57 14786
9225 8 9360 0 109 1 14787
9225 22 9360 0 138 26 14788
9225 24 9361 0 164 40 14789
9225 66 10000 1 66 134 14790
9225 28 9362 0 50 121 14791
9240 12 9375 0 93 9 14792
9240 41 9372 0 40 59 14793
9240 5 9377 0 102 1 14794
9240 10 9376 0 96 13 14795
9240 14 9375 0 7 180 14796
9240 6 9376 0 147 18 14797
9240 8 9376 0 15 4 14798
9240 17 9376 0 161 34 14799
9240 20 9375 0 127 22 14800
9240 6 9378 0 29 60 14801
9240 11 9376 0 122 11 14802
9240 15 9377 0 138 26 14803
9240 13 9377 0 117 40 14804
9240 15 9374 0 164 40 14805
9240 15 9377 0 93 57 14806
9240 12 9375 0 98 36 14807
9240 10 9376 0 153 145 14808
9240 39 9378 0 140 22 14809
9240 12 9377 0 146 22 14810
9240 35 9374 0 46 189 14811
9240 10 9373 0 142 143 14812
9240 4 9376 0 102 30 14813
9240 9 9376 0 66 134 14814
9240 11 9375 0 150 50 14815
9240 24 9375 0 166 118 14816
9240 10 9375 0 99 9 14817
9240 24 9377 0 83 108 14818
9240 42 9374 0 121 49 14819
9240 6 9376 0 24 195 14820
9247 36 10000 1 72 131 14821
9248 31 10000 1 63 113 14822
9255 5 9393 0 102 30 14823
9255 32 9392 0 128 55 14824
9255 12 9392 0 106 10 14825
9255 33 9393 0 102 140 14826
9255 6 9390 0 146 159 14827
9255 6 9389 0 110 24 14828
9255 12 9392 0 29 60 14829
9255 19 9391 0 162 60 14830
9255 16 9393 0 113 48 14831
9255 10 9393 0 147 18 14832
9255 22 9391 0 83 108 14833
9255 7 9393 0 96 13 14834
9255 24 9390 0 132 13 14835
9255 13 9391 0 7 180 14836
9255 31 9391 0 96 33 14837
9255 17 9391 0 72 131 14838
9255 8 9392 0 99 9 14839
9255 41 9393 0 121 49 14840
9255 23 9390 0 127 22 14841
9255 19 9390 0 117 40 14842
9255 29 9391 0 124 33 14843
9255 12 9391 0 127 43 14844
9255 13 9392 0 86 23 14845
9255 29 9391 0 155 79 14846
9255 4 9389 0 95 77 14847
9255 41 9391 0 55 108 14848
9255 17 9392 0 155 122 14849
9262 64 10000 1 142 143 14850
9270 14 9407 0 132 13 14851
9270 10 9404 0 142 143 14852
9270 6 9407 0 24 195 14853
9270 12 9405 0 33 177 14854
9270 9 9404 0 128 96 14855
9270 29 9407 0 124 33 14856
9270 10 9405 0 109 56 14857
9270 5 9406 0 72 194 14858
9270 44 9404 0 102 140 14859
9270 24 9405 0 72 131 14860
9270 28 9405 0 96 33 14861
9270 17 9406 0 98 36 14862
9270 21 9405 0 138 26 14863
9270 9 9407 0 122 11 14864
9270 3 9406 0 102 1 14865
9270 10 9406 0 29 60 14866
9270 9 9406 0 110 24 14867
9270 22 9406 0 93 57 14868
9270 42 9407 0 40 59 14869
9270 7 9407 0 145 55 14870
9285 16 9420 0 146 22 14871
9285 4 9422 0 102 30 14872
9285 25 9422 0 121 49 14873
9285 17 9421 0 162 60 14874
9285 3 9420 0 58 139 14875
9285 3 9418 0 125 90 14876
9285 20 9419 0 63 113 14877
9285 10 9423 0 109 56 14878
9285 45 9422 0 46 189 14879
9285 21 9420 0 83 108 14880
9285 45 9423 0 6 88 14881
9285 36 9419 0 131 45 14882
9285 21 9420 0 127 22 14883
9285 10 9419 0 146 159 14884
9285 23 9421 0 113 48 14885
9285 3 9421 0 102 1 14886
9285 8 9420 0 127 43 14887
9285 19 9422 0 155 122 14888
9285 18 9421 0 132 13 14889
9285 8 9423 0 96 13 14890
9285 6 9422 0 122 11 14891
9285 7 9422 0 153 145 14892
9285 42 9418 0 96 33 14893
9300 44 9436 0 96 33 14894
9300 5 9435 0 57 122 14895
9300 16 9436 0 132 13 14896
9300 34 9433 0 121 49 14897
9300 12 9434 0 99 9 14898
9300 10 9436 0 155 52 14899
9300 8 9438 0 127 43 14900
9300 16 9437 0 86 23 14901
9300 18 9435 0 67 20 14902
9300 22 9437 0 117 40 14903
9300 39 9435 0 182 28 14904
9300 19 9435 0 15 186 14905
9300 6 9435 0 24 183 14906
9300 25 9436 0 162 60 14907
9300 7 9435 0 110 24 14908
9300 6 9437 0 102 30 14909
9300 16 9437 0 106 10 14910
9300 23 9437 0 98 36 14911
9300 12 9433 0 142 143 14912
9300 38 9437 0 128 55 14913
9300 25 9437 0 113 48 14914
9300 12 9436 0 127 22 14915
9300 7 9436 0 173 171 14916
9315 11 9449 0 105 143 14917
9315 18 9448 0 117 40 14918
9315 12 9451 0 153 145 14919
9315 21 9452 0 161 34 14920
9315 31 9452 0 50 121 14921
9315 10 9452 0 147 18 14922
9315 12 9452 0 138 26 14923
9315 24 9451 0 162 60 14924
9315 42 9451 0 128 55 14925
9315 37 9450 0 121 49 14926
9315 18 9450 0 127 22 14927
9315 6 9452 0 109 1 14928
9315 18 9451 0 72 131 14929
9315 12 9451 0 106 10 14930
9315 5 9450 0 102 30 14931
9315 6 9449 0 24 183 14932
9315 12 9453 0 110 24 14933
9315 25 9450 0 40 59 14934
9315 8 9450 0 145 55 14935
9315 25 9455 0 132 13 14936
9315 25 9451 0 63 113 14937
9315 30 9449 0 124 33 14938
9315 26 9451 0 140 22 14939
9315 11 9451 0 109 56 14940
9315 25 9450 0 155 79 14941
9315 41 9450 0 102 140 14942
9315 17 9451 0 83 108 14943
9315 7 9450 0 96 13 14944
9315 12 9452 0 22 41 14945
9315 29 9452 0 131 45 14946
9321 34 10000 1 16 120 14947
9330 15 9466 0 86 23 14948
9330 17 9464 0 127 22 14949
9330 6 9465 0 127 43 14950
9330 41 9467 0 121 49 14951
9330 14 9466 0 146 22 14952
9330 12 9467 0 147 18 14953
9330 36 9468 0 128 55 14954
9330 12 9468 0 78 150 14955
9330 24 9467 0 72 131 14956
9330 6 9467 0 33 177 14957
9330 6 9466 0 102 30 14958
9330 14 9466 0 132 13 14959
9330 19 9466 0 63 113 14960
9330 11 9468 0 99 9 14961
9330 5 9466 0 63 134 14962
9330 21 9466 0 117 40 14963
9330 4 9468 0 95 77 14964
9330 3 9467 0 13 75 14965
9330 9 9465 0 96 13 14966
9345 31 9482 0 143 170 14967
9345 9 9481 0 2 3 14968
9345 16 9482 0 127 22 14969
9345 7 9480 0 142 143 14970
9345 9 9482 0 99 9 14971
9345 6 9482 0 24 183 14972
9345 9 9481 0 110 24 14973
9345 8 9483 0 109 56 14974
9345 32 9483 0 121 49 14975
9345 19 9483 0 117 40 14976
9345 44 9481 0 50 121 14977
9345 15 9481 0 98 36 14978
9345 14 9482 0 113 48 14979
9345 23 9480 0 132 13 14980
9345 6 9481 0 198 85 14981
9345 10 9480 0 33 177 14982
9345 10 9482 0 155 52 14983
9345 14 9480 0 146 22 14984
9345 45 9480 0 128 55 14985
9345 3 9482 0 186 125 14986
9345 12 9483 0 148 23 14987
9345 40 9482 0 40 59 14988
9360 5 9496 0 102 30 14989
9360 8 9496 0 147 18 14990
9360 11 9494 0 128 96 14991
9360 45 9496 0 6 88 14992
9360 6 9496 0 178 113 14993
9360 6 9497 0 29 60 14994
9360 25 9497 0 67 20 14995
9360 43 9495 0 131 45 14996
9360 24 9498 0 83 108 14997
9360 21 9497 0 7 180 14998
9360 18 9496 0 146 119 14999
9360 9 9496 0 109 56 15000
9360 30 9497 0 96 33 15001
9360 44 9498 0 128 55 15002
9360 34 9498 0 55 108 15003
9360 31 9495 0 182 28 15004
9360 6 9496 0 127 43 15005
9360 21 9496 0 127 22 15006
9360 6 9497 0 2 3 15007
9360 14 9495 0 63 113 15008
9360 14 9495 0 93 57 15009
9360 12 9496 0 161 34 15010
9360 10 9496 0 110 24 15011
9362 121 10000 1 72 194 15012
9372 33 10000 1 128 96 15013
9372 60 10000 1 105 143 15014
9375 5 9510 0 72 194 15015
9375 13 9510 0 7 180 15016
9375 11 9512 0 33 177 15017
9375 43 9512 0 46 189 15018
9375 6 9511 0 13 75 15019
9375 10 9512 0 109 56 15020
9375 30 9512 0 40 59 15021
9375 29 9510 0 143 170 15022
9375 33 9512 0 131 45 15023
9375 4 9509 0 102 1 15024
9375 13 9511 0 66 169 15025
9375 8 9512 0 110 24 15026
9375 10 9512 0 2 3 15027
9375 24 9512 0 93 57 15028
9375 34 9513 0 140 22 15029
9375 23 9510 0 138 26 15030
9375 6 9511 0 99 9 15031
9375 14 9512 0 72 131 15032
9375 6 9511 0 153 145 15033
9375 4 9514 0 63 134 15034
9375 11 9510 0 29 60 15035
9375 23 9512 0 113 48 15036
9375 28 9511 0 182 28 15037
9375 15 9511 0 162 60 15038
9375 15 9511 0 127 22 15039
9390 5 9527 0 102 30 15040
9390 34 9523 0 96 33 15041
9390 22 9527 0 146 119 15042
9390 21 9527 0 132 13 15043
9390 6 9525 0 173 171 15044
9390 6 9526 0 99 9 15045
9390 6 9526 0 178 113 15046
9390 11 9525 0 2 3 15047
9390 19 9526 0 106 10 15048
9390 14 9525 0 138 26 15049
9390 42 9527 0 102 140 15050
9390 22 9527 0 67 20 15051
9390 29 9524 0 131 45 15052
9390 6 9524 0 109 56 15053
9390 25 9526 0 146 22 15054
9390 7 9526 0 110 24 15055
9390 16 9527 0 63 113 15056
9390 24 9525 0 161 34 15057
9390 9 9526 0 96 13 15058
9390 4 9524 0 63 134 15059
9390 24 9525 0 83 108 15060
9390 21 9526 0 93 57 15061
9390 11 9526 0 29 60 15062
9390 29 9527 0 128 55 15063
9396 92 10000 1 66 169 15064
9397 78 10000 1 67 20 15065
9405 13 9541 0 132 13 15066
9405 40 9543 0 131 45 15067
9405 6 9538 0 125 90 15068
9405 10 9541 0 173 171 15069
9405 29 9542 0 96 33 15070
9405 3 9541 0 95 77 15071
9405 34 9540 0 140 22 15072
9405 11 9540 0 96 13 15073
9405 12 9541 0 122 11 15074
9405 13 9541 0 7 180 15075
9405 26 9540 0 143 170 15076
9405 37 9541 0 50 121 15077
9405 4 9543 0 57 122 15078
9405 20 9542 0 138 26 15079
9405 9 9540 0 147 18 15080
9405 6 9540 0 15 4 15081
9420 12 9557 0 98 36 15082
9420 28 9557 0 46 189 15083
9420 21 9554 0 83 108 15084
9420 21 9556 0 132 13 15085
9420 37 9554 0 124 33 15086
9420 15 9558 0 106 10 15087
9420 31 9558 0 50 121 15088
9420 6 9558 0 110 24 15089
9420 20 9558 0 66 169 15090
9420 12 9554 0 127 43 15091
9420 7 9558 0 96 13 15092
9420 12 9558 0 99 9 15093
9420 10 9555 0 142 143 15094
9420 28 9555 0 143 170 15095
9420 12 9557 0 113 48 15096
9420 11 9557 0 2 3 15097
9420 10 9558 0 148 23 15098
9420 17 9556 0 78 150 15099
9420 19 9557 0 93 57 15100
9420 25 9556 0 121 49 15101
9420 7 9555 0 198 85 15102
9420 19 9558 0 164 40 15103
9420 17 9556 0 117 40 15104
9420 42 9557 0 140 22 15105
9420 5 9556 0 102 30 15106
9420 17 9554 0 146 22 15107
9420 24 9555 0 86 23 15108
9420 5 9555 0 57 122 15109
9435 10 9572 0 147 18 15110
9435 12 9573 0 127 43 15111
9435 9 9568 0 109 56 15112
9435 7 9572 0 128 96 15113
9435 21 9570 0 15 186 15114
9435 12 9570 0 96 13 15115
9435 6 9571 0 57 122 15116
9435 10 9570 0 155 52 15117
9435 36 9574 0 128 55 15118
9435 18 9571 0 132 13 15119
9435 11 9572 0 93 9 15120
9435 37 9571 0 124 33 15121
9435 8 9571 0 122 11 15122
9435 17 9568 0 83 108 15123
9435 12 9571 0 29 60 15124
9435 20 9571 0 161 34 15125
9435 19 9574 0 127 22 15126
9435 25 9573 0 66 169 15127
9435 7 9571 0 145 55 15128
9435 36 9572 0 96 33 15129
9435 6 9571 0 102 1 15130
9435 9 9572 0 173 171 15131
9435 18 9571 0 72 131 15132
9435 7 9570 0 16 120 15133
9435 21 9570 0 93 57 15134
9435 8 9574 0 142 143 15135
9435 19 9572 0 98 36 15136
9435 38 9572 0 131 45 15137
9435 5 9572 0 102 30 15138
9435 25 9571 0 121 49 15139
9450 9 9586 0 147 18 15140
9450 22 9588 0 146 22 15141
9450 6 9587 0 99 9 15142
9450 10 9585 0 128 96 15143
9450 20 9585 0 93 57 15144
9450 8 9588 0 29 60 15145
9450 41 9584 0 96 33 15146
9450 13 9587 0 132 13 15147
9450 29 9589 0 55 108 15148
9450 16 9586 0 86 23 15149
9450 32 9585 0 155 79 15150
9450 23 9589 0 66 169 15151
9450 8 9587 0 153 145 15152
9450 10 9587 0 110 24 15153
9450 6 9588 0 24 195 15154
9450 40 9587 0 50 121 15155
9450 11 9586 0 122 11 15156
9450 22 9586 0 72 131 15157
9450 24 9586 0 113 48 15158
9450 16 9587 0 22 41 15159
9450 34 9586 0 182 28 15160
9450 8 9586 0 148 23 15161
9450 3 9584 0 72 194 15162
9450 4 9588 0 58 139 15163
9450 8 9585 0 96 13 15164
9450 25 9585 0 143 170 15165
9465 9 9603 0 99 9 15166
9465 5 9601 0 63 134 15167
9465 37 9602 0 140 22 15168
9465 6 9601 0 150 50 15169
9465 25 9603 0 155 122 15170
9465 7 9598 0 148 23 15171
9465 8 9600 0 127 43 15172
9465 12 9601 0 161 34 15173
9465 42 9601 0 6 88 15174
9465 19 9600 0 132 13 15175
9465 24 9599 0 127 22 15176
9465 10 9600 0 24 183 15177
9465 6 9602 0 147 18 15178
9465 31 9601 0 50 121 15179
9465 6 9602 0 109 56 15180
9465 20 9601 0 63 113 15181
9465 15 9600 0 98 36 15182
9465 12 9600 0 15 4 15183
9465 21 9598 0 164 40 15184
9465 42 9601 0 124 33 15185
9465 34 9600 0 96 33 15186
9465 23 9601 0 67 20 15187
9465 7 9601 0 33 177 15188
9468 75 10000 1 117 40 15189
9480 7 9617 0 153 145 15190
9480 12 9616 0 33 177 15191
9480 21 9617 0 132 13 15192
9480 8 9616 0 110 24 15193
9480 12 9617 0 16 120 15194
9480 11 9613 0 127 43 15195
9480 5 9618 0 178 113 15196
9480 42 9616 0 131 45 15197
9480 5 9615 0 72 194 15198
9480 6 9616 0 95 77 15199
9480 4 9615 0 58 139 15200
9480 4 9617 0 102 30 15201
9480 21 9617 0 117 40 15202
9480 9 9616 0 122 11 15203
9480 8 9616 0 96 13 15204
9480 23 9619 0 152 41 15205
9480 7 9616 0 155 52 15206
9480 7 9613 0 109 1 15207
9480 43 9615 0 121 49 15208
9480 29 9616 0 143 170 15209
9480 30 9616 0 128 55 15210
9480 14 9617 0 7 180 15211
9480 17 9619 0 93 57 15212
9480 9 9617 0 109 56 15213
9480 12 9617 0 29 60 15214
9480 19 9618 0 98 36 15215
9480 10 9615 0 173 171 15216
9480 25 9615 0 138 26 15217
9480 9 9617 0 105 143 15218
9480 23 9615 0 162 60 15219
9495 10 9631 0 96 13 15220
9495 15 9632 0 15 186 15221
9495 10 9629 0 148 23 15222
9495 13 9633 0 138 26 15223
9495 14 9633 0 113 48 15224
9495 12 9629 0 110 24 15225
9495 10 9631 0 122 11 15226
9495 41 9632 0 124 33 15227
9495 32 9632 0 140 22 15228
9495 15 9630 0 117 40 15229
9495 6 9630 0 178 113 15230
9495 15 9630 0 132 13 15231
9495 9 9633 0 93 9 15232
9495 13 9632 0 106 10 15233
9495 5 9633 0 102 30 15234
9495 35 9630 0 96 33 15235
9495 36 9632 0 46 189 15236
9495 5 9629 0 102 1 15237
9495 15 9633 0 166 118 15238
9495 23 9631 0 67 20 15239
9495 42 9630 0 55 108 15240
9495 21 9632 0 63 113 15241
9495 7 9629 0 127 43 15242
9495 36 9629 0 182 28 15243
9495 25 9630 0 98 36 15244
9495 12 9630 0 24 183 15245
9495 7 9632 0 173 171 15246
9495 18 9631 0 127 22 15247
9510 9 9647 0 110 24 15248
9510 19 9646 0 132 13 15249
9510 22 9645 0 117 40 15250
9510 12 9647 0 122 11 15251
9510 11 9644 0 155 52 15252
9510 36 9646 0 121 49 15253
9510 7 9647 0 127 43 15254
9510 7 9646 0 198 85 15255
9510 35 9646 0 140 22 15256
9510 36 9646 0 143 170 15257
9510 33 9648 0 96 33 15258
9510 9 9645 0 93 9 15259
9510 6 9646 0 147 18 15260
9510 23 9647 0 146 119 15261
9510 10 9647 0 109 1 15262
9510 5 9646 0 63 134 15263
9510 38 9645 0 124 33 15264
9510 11 9647 0 2 3 15265
9510 6 9645 0 125 90 15266
9510 20 9648 0 127 22 15267
9510 6 9646 0 66 134 15268
9510 32 9647 0 131 45 15269
9510 5 9646 0 58 139 15270
9510 12 9645 0 148 23 15271
9510 5 9647 0 57 122 15272
9510 4 9644 0 72 194 15273
9510 11 9646 0 96 13 15274
9510 14 9649 0 15 186 15275
9519 40 10000 1 13 75 15276
9525 14 9660 0 113 48 15277
9525 9 9658 0 128 96 15278
9525 10 9662 0 142 143 15279
9525 37 9659 0 6 88 15280
9525 9 9662 0 29 60 15281
9525 13 9660 0 106 10 15282
9525 6 9664 0 15 4 15283
9525 15 9662 0 83 108 15284
9525 7 9663 0 96 13 15285
9525 6 9660 0 110 24 15286
9525 23 9660 0 67 20 15287
9525 18 9663 0 15 186 15288
9525 4 9661 0 102 30 15289
9525 24 9662 0 98 36 15290
9525 22 9659 0 146 22 15291
9525 32 9662 0 131 45 15292
9525 18 9661 0 7 180 15293
9525 12 9661 0 109 1 15294
9525 12 9661 0 117 40 15295
9525 7 9659 0 105 143 15296
9525 9 9661 0 122 11 15297
9525 12 9663 0 150 50 15298
9537 68 10000 1 33 177 15299
9540 39 9675 0 124 33 15300
9540 20 9676 0 164 40 15301
9540 24 9678 0 93 57 15302
9540 32 9678 0 55 108 15303
9540 23 9677 0 161 34 15304
9540 21 9677 0 66 169 15305
9540 19 9676 0 78 150 15306
9540 11 9677 0 110 24 15307
9540 10 9676 0 109 56 15308
9540 15 9675 0 98 36 15309
9540 10 9676 0 146 159 15310
9540 25 9676 0 96 33 15311
9540 11 9676 0 147 18 15312
9540 25 9676 0 72 131 15313
9540 16 9675 0 155 122 15314
9540 31 9676 0 40 59 15315
9540 12 9678 0 2 3 15316
9540 22 9675 0 7 180 15317
9540 12 9674 0 127 43 15318
9540 12 9678 0 132 13 15319
9540 35 9675 0 140 22 15320
9540 12 9675 0 198 85 15321
9540 9 9675 0 155 52 15322
9540 35 9677 0 131 45 15323
9540 10 9678 0 96 13 15324
9540 6 9678 0 57 122 15325
9555 40 9691 0 131 45 15326
9555 23 9689 0 138 26 15327
9555 16 9690 0 113 48 15328
9555 22 9689 0 98 36 15329
9555 25 9692 0 106 10 15330
9555 11 9692 0 148 23 15331
9555 11 9690 0 15 4 15332
9555 11 9692 0 24 183 15333
9555 8 9693 0 145 55 15334
9555 17 9691 0 127 22 15335
9555 4 9690 0 102 1 15336
9555 9 9691 0 127 43 15337
9555 17 9691 0 117 40 15338
9555 24 9692 0 164 40 15339
9555 13 9691 0 67 20 15340
9555 39 9691 0 124 33 15341
9555 12 9692 0 2 3 15342
9555 8 9689 0 99 9 15343
9555 19 9688 0 22 41 15344
9555 6 9689 0 110 24 15345
9555 5 9692 0 125 90 15346
9555 11 9693 0 66 134 15347
9555 42 9691 0 155 79 15348
9570 19 9707 0 93 57 15349
9570 20 9706 0 7 180 15350
9570 6 9706 0 2 3 15351
9570 30 9705 0 96 33 15352
9570 7 9706 0 24 183 15353
9570 7 9704 0 148 23 15354
9570 14 9709 0 113 48 15355
9570 12 9706 0 110 24 15356
9570 30 9709 0 50 121 15357
9570 30 9706 0 121 49 15358
9570 7 9704 0 153 145 15359
9570 7 9707 0 127 43 15360
9570 19 9707 0 162 60 15361
9570 17 9705 0 15 186 15362
9570 12 9707 0 146 22 15363
9570 25 9706 0 155 79 15364
9570 10 9707 0 96 13 15365
9570 6 9706 0 16 120 15366
9570 6 9706 0 13 75 15367
9570 12 9705 0 83 108 15368
9570 20 9705 0 138 26 15369
9570 11 9706 0 147 18 15370
9570 14 9708 0 98 36 15371
9570 12 9704 0 145 55 15372
9574 167 10000 1 15 4 15373
9577 32 10000 1 155 52 15374
9578 30 10000 1 86 23 15375
9585 19 9722 0 146 22 15376
9585 34 9722 0 131 45 15377
9585 8 9720 0 109 56 15378
9585 14 9719 0 138 26 15379
9585 44 9722 0 124 33 15380
9585 42 9722 0 102 140 15381
9585 3 9723 0 95 77 15382
9585 4 9721 0 13 75 15383
9585 39 9722 0 140 22 15384
9585 9 9720 0 122 11 15385
9585 18 9722 0 66 169 15386
9585 16 9722 0 98 36 15387
9585 12 9720 0 148 23 15388
9585 21 9721 0 67 20 15389
9585 7 9722 0 110 24 15390
9585 19 9721 0 127 22 15391
9585 37 9721 0 143 170 15392
9590 30 10000 1 182 28 15393
9600 3 9735 0 63 134 15394
9600 11 9737 0 148 23 15395
9600 13 9735 0 98 36 15396
9600 11 9736 0 96 13 15397
9600 6 9735 0 58 139 15398
9600 9 9736 0 147 18 15399
9600 5 9738 0 24 195 15400
9600 20 9734 0 138 26 15401
9600 17 9736 0 127 22 15402
9600 7 9735 0 128 96 15403
9600 43 9738 0 131 45 15404
9600 34 9736 0 40 59 15405
9600 24 9736 0 106 10 15406
9600 19 9738 0 72 131 15407
9600 20 9736 0 67 20 15408
9600 7 9735 0 127 43 15409
9600 7 9737 0 198 85 15410
9600 9 9735 0 153 145 15411
9600 19 9734 0 22 41 15412
9600 18 9735 0 166 118 15413
9600 31 9739 0 46 189 15414
9600 30 9737 0 124 33 15415
9600 12 9736 0 109 56 15416
9600 44 9738 0 143 170 15417
9615 12 9752 0 162 60 15418
9615 4 9751 0 125 90 15419
9615 11 9753 0 96 13 15420
9615 20 9749 0 106 10 15421
9615 22 9752 0 132 13 15422
9615 4 9752 0 58 139 15423
9615 9 9750 0 142 143 15424
9615 12 9751 0 93 9 15425
9615 19 9751 0 113 48 15426
9615 7 9749 0 122 11 15427
9615 3 9750 0 72 194 15428
9615 22 9750 0 117 40 15429
9615 25 9750 0 102 140 15430
9615 8 9748 0 99 9 15431
9615 25 9751 0 93 57 15432
9615 10 9751 0 105 143 15433
9615 12 9751 0 148 23 15434
9615 24 9750 0 86 23 15435
9615 29 9751 0 96 33 15436
9615 24 9751 0 22 41 15437
9615 12 9753 0 127 43 15438
9623 43 10000 1 95 77 15439
9627 44 10000 1 96 13 15440
9630 21 9767 0 161 34 15441
9630 9 9766 0 109 56 15442
9630 6 9766 0 109 1 15443
9630 29 9763 0 50 121 15444
9630 22 9768 0 106 10 15445
9630 22 9768 0 113 48 15446
9630 7 9767 0 110 24 15447
9630 34 9768 0 143 170 15448
9630 6 9765 0 127 43 15449
9630 11 9766 0 15 4 15450
9630 26 9767 0 128 55 15451
9630 26 9765 0 140 22 15452
9630 15 9767 0 117 40 15453
9630 7 9765 0 105 143 15454
9630 11 9764 0 148 23 15455
9630 22 9766 0 138 26 15456
9630 5 9766 0 125 90 15457
9630 18 9765 0 127 22 15458
9630 12 9765 0 99 9 15459
9630 3 9766 0 186 125 15460
9630 37 9767 0 121 49 15461
9630 40 9767 0 96 33 15462
9630 21 9765 0 98 36 15463
9635 163 10000 1 16 120 15464
9635 77 10000 1 66 169 15465
9642 129 10000 1 50 121 15466
9645 24 9780 0 164 40 15467
9645 36 9781 0 121 49 15468
9645 11 9780 0 96 13 15469
9645 12 9781 0 132 13 15470
9645 32 9781 0 143 170 15471
9645 13 9780 0 146 22 15472
9645 9 9780 0 153 145 15473
9645 10 9781 0 110 24 15474
9645 33 9781 0 182 28 15475
9645 10 9780 0 122 11 15476
9645 29 9780 0 140 22 15477
9645 24 9780 0 166 118 15478
9645 32 9782 0 124 33 15479
9645 23 9783 0 66 169 15480
9645 14 9781 0 63 113 15481
9645 12 9782 0 99 9 15482
9645 21 9781 0 93 57 15483
9645 12 9781 0 148 23 15484
9645 6 9781 0 105 143 15485
9645 6 9781 0 173 171 15486
9645 17 9780 0 15 186 15487
9645 5 9783 0 186 125 15488
9660 11 9795 0 147 18 15489
9660 51 10000 1 140 22 15490
9660 22 9797 0 138 26 15491
9660 19 9799 0 106 10 15492
9660 23 9796 0 66 169 15493
9660 21 9796 0 161 34 15494
9660 23 9794 0 98 36 15495
9660 6 9796 0 102 1 15496
9660 36 9794 0 96 33 15497
9660 12 9796 0 122 11 15498
9660 10 9798 0 127 43 15499
9660 5 9797 0 186 125 15500
9660 8 9797 0 145 55 15501
9660 40 9797 0 131 45 15502
9660 10 9796 0 99 9 15503
9660 9 9794 0 96 13 15504
9660 11 9795 0 153 145 15505
9660 9 9795 0 24 183 15506
9660 11 9797 0 15 4 15507
9660 17 9796 0 127 22 15508
9660 4 9795 0 102 30 15509
9660 40 9797 0 128 55 15510
9660 11 9795 0 148 23 15511
9660 4 9797 0 125 90 15512
9660 13 9798 0 117 40 15513
9660 12 9794 0 66 134 15514
9675 36 9810 0 128 55 15515
9675 11 9809 0 150 50 15516
9675 9 9809 0 198 85 15517
9675 8 9810 0 148 23 15518
9675 6 9811 0 102 30 15519
9675 9 9810 0 122 11 15520
9675 16 9810 0 146 22 15521
9675 11 9812 0 93 9 15522
9675 18 9810 0 155 122 15523
9675 3 9809 0 63 134 15524
9675 21 9812 0 106 10 15525
9675 45 9811 0 40 59 15526
9675 19 9810 0 117 40 15527
9675 24 9810 0 7 180 15528
9675 21 9810 0 63 113 15529
9675 9 9812 0 110 24 15530
9675 37 9809 0 6 88 15531
9675 6 9809 0 142 143 15532
9675 44 9812 0 50 121 15533
9675 24 9811 0 164 40 15534
9675 20 9809 0 66 169 15535
9675 7 9810 0 127 43 15536
9675 42 9811 0 121 49 15537
9675 8 9811 0 96 13 15538
9675 7 9811 0 109 56 15539
9678 79 10000 1 55 108 15540
9690 30 9825 0 131 45 15541
9690 17 9828 0 146 22 15542
9690 40 9826 0 124 33 15543
9690 11 9825 0 15 4 15544
9690 14 9825 0 132 13 15545
9690 17 9828 0 67 20 15546
9690 3 9825 0 72 194 15547
9690 8 9826 0 128 96 15548
9690 19 9825 0 152 41 15549
9690 9 9822 0 150 50 15550
9690 7 9827 0 16 120 15551
9690 7 9825 0 122 11 15552
9690 25 9826 0 138 26 15553
9690 4 9826 0 63 134 15554
9690 34 9826 0 96 33 15555
9690 7 9827 0 99 9 15556
9690 17 9827 0 72 131 15557
9690 31 9825 0 182 28 15558
9690 34 9828 0 121 49 15559
9693 159 10000 1 58 139 15560
9700 43 10000 1 178 113 15561
9700 36 10000 1 125 90 15562
9701 61 10000 1 93 9 15563
9705 34 9840 0 182 28 15564
9705 13 9839 0 117 40 15565
9705 34 9841 0 102 140 15566
9705 9 9840 0 110 24 15567
9705 34 9843 0 124 33 15568
9705 20 9841 0 72 131 15569
9705 24 9840 0 113 48 15570
9705 10 9842 0 109 56 15571
9705 6 9843 0 95 77 15572
9705 23 9843 0 93 57 15573
9705 10 9841 0 99 9 15574
9705 3 9840 0 102 1 15575
9705 9 9842 0 147 18 15576
9705 6 9841 0 96 13 15577
9705 6 9841 0 58 139 15578
9705 12 9843 0 127 43 15579
9705 10 9842 0 146 159 15580
9705 38 9842 0 121 49 15581
9705 27 9841 0 155 79 15582
9705 45 9842 0 40 59 15583
9705 24 9838 0 146 119 15584
9705 3 9841 0 125 90 15585
9705 4 9839 0 24 195 15586
9705 22 9840 0 127 22 15587
9705 45 9840 0 96 33 15588
9707 63 10000 1 29 60 15589
9719 104 10000 1 155 122 15590
9720 7 9858 0 16 120 15591
9720 14 9855 0 155 122 15592
9720 8 9856 0 122 11 15593
9720 20 9856 0 162 60 15594
9720 8 9854 0 29 60 15595
9720 9 9858 0 93 9 15596
9720 15 9857 0 132 13 15597
9720 27 9856 0 121 49 15598
9720 16 9854 0 98 36 15599
9720 22 9856 0 66 169 15600
9720 35 9855 0 140 22 15601
9720 6 9855 0 95 77 15602
9720 26 9857 0 124 33 15603
9720 5 9855 0 24 195 15604
9720 20 9856 0 117 40 15605
9720 41 9857 0 102 140 15606
9720 18 9856 0 127 22 15607
9720 16 9855 0 138 26 15608
9720 12 9856 0 99 9 15609
9720 6 9854 0 24 183 15610
9720 5 9858 0 178 113 15611
9720 20 9856 0 146 22 15612
9720 5 9855 0 72 194 15613
9720 23 9855 0 106 10 15614
9720 11 9858 0 128 96 15615
9720 45 9856 0 40 59 15616
9723 56 10000 1 15 186 15617
9723 56 10000 1 57 122 15618
9728 167 10000 1 148 23 15619
9729 37 10000 1 58 139 15620
9733 79 10000 1 161 34 15621
9735 3 9871 0 186 125 15622
9735 17 9872 0 22 41 15623
9735 13 9868 0 166 118 15624
9735 11 9871 0 155 52 15625
9735 6 9872 0 110 24 15626
9735 35 9873 0 96 33 15627
9735 12 9869 0 148 23 15628
9735 6 9872 0 102 30 15629
9735 3 9872 0 24 195 15630
9735 14 9869 0 113 48 15631
9735 15 9871 0 146 22 15632
9735 28 9871 0 55 108 15633
9735 44 9870 0 128 55 15634
9735 40 9871 0 124 33 15635
9735 11 9870 0 150 50 15636
9735 17 9873 0 155 122 15637
9735 9 9873 0 66 134 15638
9735 3 9871 0 58 139 15639
9735 22 9872 0 161 34 15640
9735 11 9871 0 2 3 15641
9735 37 9871 0 46 189 15642
9735 21 9871 0 162 60 15643
9735 4 9873 0 125 90 15644
9735 18 9871 0 106 10 15645
9735 12 9868 0 146 119 15646
9750 12 9886 0 132 13 15647
9750 3 9887 0 125 90 15648
9750 6 9884 0 72 194 15649
9750 6 9888 0 122 11 15650
9750 3 9887 0 178 113 15651
9750 3 9885 0 102 30 15652
9750 36 9887 0 155 79 15653
9750 6 9886 0 148 23 15654
9750 38 9888 0 40 59 15655
9750 32 9888 0 96 33 15656
9750 10 9887 0 99 9 15657
9750 31 9886 0 121 49 15658
9750 8 9888 0 109 56 15659
9750 13 9886 0 63 113 15660
9750 14 9886 0 66 169 15661
9750 8 9887 0 127 43 15662
9750 17 9885 0 15 186 15663
9756 49 10000 1 148 23 15664
9765 4 9901 0 58 139 15665
9765 42 9904 0 140 22 15666
9765 28 9903 0 55 108 15667
9765 23 9900 0 78 150 15668
9765 5 9898 0 102 1 15669
9765 5 9900 0 102 30 15670
9765 42 9901 0 96 33 15671
9765 16 9902 0 22 41 15672
9765 8 9902 0 127 43 15673
9765 6 9899 0 147 18 15674
9765 18 9903 0 146 119 15675
9765 24 9901 0 98 36 15676
9765 11 9902 0 146 159 15677
9765 45 9899 0 50 121 15678
9765 5 9901 0 95 77 15679
9765 41 9901 0 121 49 15680
9765 9 9900 0 110 24 15681
9765 11 9902 0 109 56 15682
9765 12 9900 0 96 13 15683
9765 20 9901 0 146 22 15684
9765 8 9901 0 198 85 15685
9765 14 9900 0 106 10 15686
9765 17 9900 0 117 40 15687
9765 12 9902 0 155 122 15688
9769 78 10000 1 50 121 15689
9780 8 9917 0 99 9 15690
9780 32 9915 0 143 170 15691
9780 10 9916 0 122 11 15692
9780 7 9917 0 145 55 15693
9780 36 9915 0 124 33 15694
9780 34 9917 0 46 189 15695
9780 12 9916 0 113 48 15696
9780 19 9915 0 86 23 15697
9780 12 9917 0 110 24 15698
9780 7 9915 0 109 56 15699
9780 7 9915 0 150 50 15700
9780 17 9915 0 98 36 15701
9780 10 9915 0 153 145 15702
9780 3 9915 0 72 194 15703
9780 23 9916 0 117 40 15704
9780 12 9915 0 127 22 15705
9780 20 9915 0 146 22 15706
9780 24 9915 0 72 131 15707
9780 12 9915 0 2 3 15708
9780 12 9916 0 147 18 15709
9780 29 9917 0 128 55 15710
9780 12 9915 0 148 23 15711
9795 17 9930 0 63 113 15712
9795 39 9930 0 131 45 15713
9795 23 9931 0 152 41 15714
9795 13 9929 0 146 22 15715
9795 40 9931 0 128 55 15716
9795 35 9932 0 96 33 15717
9795 6 9932 0 102 1 15718
9795 5 9930 0 102 30 15719
9795 17 9933 0 132 13 15720
9795 7 9933 0 148 23 15721
9795 9 9932 0 147 18 15722
9795 15 9930 0 98 36 15723
9795 16 9932 0 146 119 15724
9795 17 9931 0 127 22 15725
9795 10 9930 0 122 11 15726
9795 6 9932 0 72 194 15727
9795 5 9930 0 57 122 15728
9795 9 9932 0 155 52 15729
9795 6 9932 0 127 43 15730
9795 17 9931 0 113 48 15731
9795 12 9930 0 22 41 15732
9795 21 9931 0 15 186 15733
9795 27 9930 0 140 22 15734
9795 7 9931 0 93 9 15735
9795 9 9931 0 145 55 15736
9795 41 9930 0 121 49 15737
9801 39 10000 1 121 49 15738
9810 20 9945 0 155 122 15739
9810 10 9947 0 15 4 15740
9810 21 9943 0 146 119 15741
9810 11 9947 0 66 134 15742
9810 5 9945 0 102 30 15743
9810 14 9946 0 127 22 15744
9810 22 9945 0 138 26 15745
9810 22 9947 0 146 22 15746
9810 5 9946 0 125 90 15747
9810 5 9945 0 24 195 15748
9810 19 9946 0 98 36 15749
9810 11 9944 0 96 13 15750
9810 9 9947 0 145 55 15751
9810 14 9946 0 7 180 15752
9810 10 9946 0 122 11 15753
9810 13 9949 0 117 40 15754
9810 35 9946 0 131 45 15755
9810 12 9947 0 110 24 15756
9810 25 9948 0 182 28 15757
9810 34 9946 0 102 140 15758
9810 13 9946 0 106 10 15759
9810 9 9948 0 99 9 15760
9810 3 9949 0 72 194 15761
9810 18 9947 0 113 48 15762
9810 42 9946 0 50 121 15763
9810 37 9946 0 55 108 15764
9810 24 9945 0 63 113 15765
9810 14 9945 0 83 108 15766
9810 6 9945 0 155 52 15767
9810 21 9947 0 132 13 15768
9810 19 9943 0 93 57 15769
9810 12 9947 0 33 177 15770
9818 84 10000 1 128 55 15771
9819 64 10000 1 78 150 15772
9825 23 9961 0 166 118 15773
9825 24 9961 0 22 41 15774
9825 39 9962 0 96 33 15775
9825 3 9959 0 125 90 15776
9825 11 9963 0 148 23 15777
9825 34 9960 0 121 49 15778
9825 19 9962 0 98 36 15779
9825 12 9963 0 117 40 15780
9825 34 9960 0 46 189 15781
9825 3 9961 0 186 125 15782
9825 25 9961 0 164 40 15783
9825 7 9959 0 127 43 15784
9825 9 9960 0 147 18 15785
9825 21 9961 0 113 48 15786
9825 7 9961 0 153 145 15787
9825 17 9961 0 132 13 15788
9825 37 9964 0 6 88 15789
9825 3 9962 0 102 30 15790
9825 8 9963 0 66 134 15791
9825 21 9962 0 106 10 15792
9825 26 9962 0 128 55 15793
9825 8 9959 0 122 11 15794
9825 12 9960 0 146 22 15795
9825 30 9961 0 155 79 15796
9840 20 9974 0 83 108 15797
9840 6 9975 0 148 23 15798
9840 20 9978 0 113 48 15799
9840 9 9976 0 127 43 15800
9840 3 9978 0 102 30 15801
9840 26 9979 0 55 108 15802
9840 24 9977 0 63 113 15803
9840 13 9975 0 152 41 15804
9840 9 9976 0 2 3 15805
9840 12 9977 0 99 9 15806
9840 40 9978 0 182 28 15807
9840 5 9976 0 58 139 15808
9840 6 9976 0 110 24 15809
9840 12 9976 0 173 171 15810
9840 5 9975 0 102 1 15811
9840 9 9974 0 122 11 15812
9840 44 9975 0 143 170 15813
9840 17 9976 0 132 13 15814
9840 7 9976 0 146 159 15815
9840 20 9974 0 146 22 15816
9840 4 9975 0 57 122 15817
9840 39 9976 0 121 49 15818
9840 7 9975 0 155 52 15819
9840 25 9976 0 128 55 15820
9840 21 9975 0 72 131 15821
9840 12 9977 0 155 122 15822
9840 7 9976 0 109 56 15823
9840 19 9975 0 98 36 15824
9840 26 9976 0 96 33 15825
9840 9 9976 0 15 4 15826
9855 18 9992 0 146 119 15827
9855 21 9992 0 98 36 15828
9855 6 9990 0 24 195 15829
9855 34 9991 0 128 55 15830
9855 7 9991 0 99 9 15831
9855 5 9990 0 102 30 15832
9855 43 9991 0 140 22 15833
9855 19 9989 0 106 10 15834
9855 23 9992 0 161 34 15835
9855 11 9991 0 29 60 15836
9855 25 9992 0 146 22 15837
9855 6 9989 0 109 56 15838
9855 13 9992 0 132 13 15839
9855 25 9990 0 40 59 15840
9855 35 9992 0 96 33 15841
9855 35 9992 0 131 45 15842
9855 6 9990 0 95 77 15843
9855 38 9991 0 50 121 15844
9855 7 9993 0 145 55 15845
9855 10 9992 0 147 18 15846
9921 32 10000 1 93 57 15847
9930 31 10000 1 109 1 15848
