10
75 160
191 37
147 156
120 120
32 90
32 20
12 92
174 67
121 29
142 131
0 6 136 0 178 113 1
0 21 136 0 182 79 2
0 12 138 0 137 49 3
0 29 133 0 105 42 4
0 6 135 0 61 4 5
0 13 136 0 118 4 6
0 45 137 0 188 80 7
0 6 137 0 128 55 8
0 3 138 0 128 23 9
0 12 136 0 179 186 10
0 16 134 0 10 193 11
0 3 135 0 122 58 12
0 7 134 0 148 56 13
0 4 135 0 150 43 14
0 41 136 0 72 194 15
0 6 135 0 57 122 16
0 30 136 0 2 3 17
0 15 134 0 29 60 18
0 6 137 0 72 131 19
0 3 134 0 161 34 20
0 9 136 0 67 20 21
0 25 134 0 102 36 22
0 12 135 0 138 36 23
14 155 3000 1 63 134 24
15 36 152 0 194 113 25
15 39 151 0 24 183 26
15 6 152 0 156 90 27
15 4 153 0 128 40 28
15 15 150 0 125 90 29
15 14 149 0 137 49 30
15 6 153 0 100 167 31
15 19 152 0 52 37 32
15 6 151 0 110 114 33
15 6 150 0 94 1 34
15 8 153 0 146 159 35
15 6 152 0 66 169 36
15 4 152 0 166 118 37
15 17 151 0 29 60 38
15 6 151 0 161 34 39
15 42 150 0 155 79 40
15 16 151 0 123 1 41
15 15 151 0 99 1 42
15 4 152 0 128 23 43
15 9 150 0 108 58 44
15 7 152 0 108 31 45
15 16 153 0 118 4 46
15 4 149 0 117 1 47
15 7 151 0 138 36 48
15 5 150 0 122 58 49
15 15 152 0 109 36 50
15 5 151 0 127 27 51
30 20 168 0 109 36 52
30 3 166 0 109 56 53
30 39 164 0 164 40 54
30 7 164 0 95 77 55
30 3 168 0 127 27 56
30 18 165 0 123 1 57
30 4 165 0 150 43 58
30 3 166 0 117 1 59
30 23 167 0 102 36 60
30 4 165 0 161 34 61
30 36 166 0 198 85 62
30 9 164 0 103 1 63
30 23 163 0 102 59 64
30 17 167 0 93 51 65
30 5 167 0 122 58 66
30 14 165 0 63 86 67
30 12 164 0 52 37 68
30 8 168 0 101 26 69
30 10 165 0 173 171 70
30 6 167 0 162 78 71
30 9 167 0 113 13 72
30 37 166 0 105 42 73
30 19 167 0 118 4 74
30 6 166 0 138 36 75
36 47 3021 1 92 2 76
45 13 182 0 118 4 77
45 12 181 0 25 122 78
45 4 183 0 100 167 79
45 8 181 0 138 36 80
45 8 182 0 108 31 81
45 10 181 0 57 122 82
45 11 180 0 103 22 83
45 22 183 0 109 36 84
45 4 179 0 109 56 85
45 6 180 0 40 105 86
45 11 182 0 133 152 87
45 17 180 0 102 36 88
45 8 183 0 179 186 89
45 5 182 0 128 23 90
45 3 182 0 122 58 91
45 15 181 0 99 1 92
45 41 181 0 164 40 93
45 5 180 0 146 119 94
45 9 181 0 173 171 95
45 20 181 0 13 75 96
45 8 182 0 67 20 97
51 40 3039 1 123 1 98
60 4 195 0 122 58 99
60 4 197 0 109 56 100
60 3 199 0 128 55 101
60 39 195 0 164 40 102
60 10 195 0 108 58 103
60 15 196 0 118 4 104
60 5 195 0 63 134 105
60 12 195 0 138 36 106
60 9 195 0 67 20 107
60 28 195 0 155 79 108
60 6 197 0 66 169 109
60 5 196 0 127 27 110
60 18 196 0 10 193 111
60 3 196 0 128 40 112
60 12 196 0 148 56 113
60 11 195 0 179 186 114
60 43 197 0 188 80 115
60 21 196 0 20 47 116
60 15 194 0 194 169 117
60 20 196 0 182 79 118
60 11 197 0 133 152 119
60 7 195 0 108 31 120
60 8 197 0 95 77 121
60 6 194 0 178 113 122
73 41 3058 1 57 122 123
75 9 211 0 148 56 124
75 4 211 0 127 27 125
75 10 213 0 95 77 126
75 10 211 0 179 186 127
75 22 211 0 102 36 128
75 5 212 0 61 4 129
75 6 212 0 141 56 130
75 43 210 0 155 122 131
75 11 210 0 173 171 132
75 8 211 0 25 122 133
75 8 209 0 113 13 134
75 6 211 0 40 105 135
75 4 209 0 128 23 136
75 5 210 0 15 4 137
75 10 211 0 108 31 138
75 5 211 0 128 55 139
75 16 212 0 102 59 140
90 21 224 0 120 146 141
90 6 225 0 66 169 142
90 3 228 0 109 56 143
90 4 226 0 161 34 144
90 11 229 0 162 78 145
90 8 224 0 57 122 146
90 8 227 0 103 22 147
90 22 226 0 37 7 148
90 4 227 0 61 4 149
90 32 226 0 188 80 150
90 15 225 0 13 75 151
90 43 226 0 155 79 152
90 25 228 0 20 47 153
90 12 224 0 156 90 154
90 5 227 0 127 27 155
90 23 225 0 99 1 156
90 4 226 0 117 1 157
90 3 227 0 128 23 158
90 12 228 0 133 152 159
90 16 227 0 142 143 160
90 6 227 0 113 13 161
90 9 226 0 108 58 162
90 4 227 0 40 105 163
90 4 228 0 150 43 164
91 58 3079 1 63 86 165
105 3 241 0 109 56 166
105 21 241 0 185 66 167
105 10 240 0 101 26 168
105 5 240 0 15 4 169
105 14 240 0 137 49 170
105 25 243 0 194 169 171
105 13 241 0 102 59 172
105 20 242 0 37 7 173
105 5 243 0 92 2 174
105 12 241 0 182 79 175
105 32 243 0 105 42 176
105 21 239 0 109 36 177
105 3 241 0 128 40 178
105 12 240 0 118 4 179
105 25 241 0 142 143 180
105 3 243 0 63 134 181
105 12 241 0 123 1 182
105 4 240 0 178 113 183
105 5 242 0 55 108 184
105 38 242 0 164 40 185
105 3 239 0 128 23 186
105 10 239 0 108 31 187
105 4 241 0 40 105 188
105 13 239 0 125 90 189
105 6 241 0 95 77 190
105 21 239 0 10 193 191
120 8 255 0 25 122 192
120 27 255 0 105 42 193
120 13 256 0 123 1 194
120 6 255 0 63 134 195
120 24 256 0 63 86 196
120 13 254 0 52 37 197
120 4 255 0 100 167 198
120 16 256 0 37 7 199
120 3 255 0 128 23 200
120 14 257 0 137 49 201
120 25 256 0 7 35 202
120 5 255 0 117 1 203
120 43 256 0 72 194 204
120 8 256 0 101 26 205
120 37 257 0 24 183 206
120 12 257 0 179 186 207
120 43 256 0 155 79 208
120 13 256 0 125 90 209
120 16 257 0 102 36 210
120 7 258 0 103 22 211
120 19 256 0 109 36 212
120 21 256 0 102 59 213
129 175 3115 1 89 137 214
135 22 272 0 63 86 215
135 6 271 0 117 1 216
135 34 271 0 15 186 217
135 6 271 0 101 26 218
135 6 270 0 92 2 219
135 42 270 0 7 35 220
135 7 271 0 148 56 221
135 40 270 0 194 113 222
135 15 271 0 137 49 223
135 3 268 0 100 167 224
135 6 271 0 103 22 225
135 20 269 0 123 1 226
135 3 270 0 141 56 227
135 12 272 0 113 13 228
135 15 270 0 118 4 229
135 5 272 0 89 137 230
135 4 271 0 40 59 231
135 42 271 0 2 3 232
135 3 270 0 55 108 233
135 16 269 0 29 60 234
135 42 270 0 105 42 235
135 3 274 0 109 56 236
135 6 272 0 179 186 237
135 12 270 0 185 66 238
135 9 270 0 146 159 239
135 34 271 0 155 122 240
139 161 3125 1 13 75 241
150 10 286 0 101 26 242
150 6 286 0 128 23 243
150 32 287 0 7 35 244
150 12 286 0 138 36 245
150 5 287 0 40 59 246
150 4 287 0 166 118 247
150 4 287 0 128 40 248
150 18 287 0 37 7 249
150 7 286 0 103 22 250
150 38 287 0 2 3 251
150 8 287 0 173 171 252
150 39 284 0 194 113 253
150 3 286 0 109 56 254
150 29 286 0 105 42 255
150 20 287 0 120 146 256
150 12 287 0 148 56 257
150 12 287 0 179 186 258
150 5 288 0 150 43 259
150 17 289 0 10 193 260
150 32 284 0 15 186 261
150 5 287 0 15 4 262
165 28 300 0 188 80 263
165 6 302 0 108 31 264
165 20 303 0 137 49 265
165 6 301 0 148 56 266
165 16 302 0 123 1 267
165 4 300 0 89 137 268
165 7 302 0 138 36 269
165 12 301 0 25 122 270
165 24 300 0 194 169 271
165 3 300 0 128 55 272
165 12 302 0 101 26 273
165 14 302 0 37 7 274
165 12 302 0 133 152 275
165 10 302 0 103 22 276
165 45 301 0 198 85 277
165 4 299 0 122 58 278
165 6 302 0 92 2 279
165 39 302 0 15 186 280
165 4 302 0 72 131 281
165 4 299 0 128 40 282
165 34 302 0 72 194 283
165 21 300 0 109 36 284
165 9 302 0 146 159 285
165 4 301 0 110 114 286
171 95 3157 1 122 58 287
171 122 3157 1 66 169 288
180 11 315 0 146 159 289
180 4 315 0 109 56 290
180 4 316 0 66 169 291
180 13 317 0 118 4 292
180 25 316 0 105 42 293
180 3 315 0 161 34 294
180 4 315 0 166 118 295
180 3 315 0 61 4 296
180 11 314 0 101 26 297
180 17 317 0 93 51 298
180 12 315 0 156 90 299
180 9 317 0 103 22 300
180 6 315 0 55 108 301
180 17 316 0 194 169 302
180 4 316 0 72 131 303
180 4 314 0 128 40 304
180 8 317 0 25 122 305
180 5 314 0 122 58 306
195 6 331 0 150 43 307
195 3 331 0 122 58 308
195 25 332 0 142 143 309
195 11 332 0 108 58 310
195 4 331 0 127 27 311
195 10 330 0 108 31 312
195 16 331 0 18 115 313
195 3 330 0 61 4 314
195 43 333 0 194 113 315
195 4 331 0 161 34 316
195 19 333 0 109 36 317
195 6 332 0 166 118 318
195 15 331 0 52 37 319
195 22 331 0 37 7 320
195 17 332 0 118 4 321
195 4 330 0 109 56 322
195 42 332 0 105 42 323
195 8 331 0 146 159 324
195 28 331 0 198 85 325
195 3 331 0 117 1 326
210 6 346 0 146 119 327
210 4 347 0 66 169 328
210 44 347 0 105 42 329
210 18 345 0 63 86 330
210 3 348 0 92 2 331
210 13 346 0 102 59 332
210 10 346 0 95 77 333
210 18 346 0 102 36 334
210 5 346 0 128 23 335
210 4 344 0 40 105 336
210 25 346 0 118 4 337
210 32 347 0 155 79 338
210 5 346 0 110 114 339
210 20 347 0 109 36 340
210 8 348 0 138 36 341
210 3 346 0 55 108 342
210 6 347 0 25 122 343
210 45 345 0 72 194 344
210 4 347 0 72 131 345
210 3 348 0 178 113 346
210 37 347 0 188 80 347
210 5 347 0 89 137 348
210 18 345 0 194 169 349
210 25 348 0 123 1 350
223 78 3209 1 161 34 351
225 19 361 0 118 4 352
225 4 360 0 66 169 353
225 11 360 0 103 22 354
225 12 361 0 138 36 355
225 5 361 0 63 134 356
225 17 362 0 182 79 357
225 6 361 0 156 90 358
225 30 360 0 188 80 359
225 11 360 0 162 78 360
225 4 361 0 117 1 361
225 4 362 0 122 58 362
225 19 363 0 109 36 363
225 6 363 0 94 1 364
225 6 361 0 40 59 365
225 11 361 0 101 26 366
225 4 362 0 128 40 367
225 3 359 0 128 23 368
225 37 364 0 105 42 369
225 23 360 0 125 90 370
225 3 361 0 146 119 371
225 6 362 0 166 118 372
225 6 361 0 25 122 373
228 126 3214 1 92 2 374
229 73 3214 1 105 42 375
240 14 378 0 102 36 376
240 16 375 0 109 36 377
240 7 375 0 113 13 378
240 39 377 0 198 85 379
240 16 377 0 125 90 380
240 20 378 0 29 60 381
240 4 374 0 150 43 382
240 3 374 0 117 1 383
240 3 378 0 40 59 384
240 4 375 0 146 119 385
240 5 375 0 128 23 386
240 38 377 0 164 40 387
240 25 377 0 99 1 388
240 22 376 0 118 4 389
240 5 376 0 122 58 390
240 42 376 0 15 186 391
240 45 376 0 155 122 392
240 11 377 0 173 171 393
240 26 378 0 7 35 394
240 12 376 0 101 26 395
240 3 375 0 61 4 396
255 23 389 0 10 193 397
255 20 389 0 118 4 398
255 5 390 0 127 27 399
255 11 390 0 108 31 400
255 12 391 0 101 26 401
255 22 390 0 120 146 402
255 4 392 0 117 1 403
255 3 391 0 109 56 404
255 19 391 0 123 1 405
255 3 391 0 72 131 406
255 5 391 0 89 137 407
255 20 391 0 109 36 408
255 6 392 0 100 167 409
255 30 392 0 7 35 410
255 4 389 0 15 4 411
255 36 392 0 105 42 412
255 30 391 0 155 122 413
255 5 389 0 150 43 414
255 3 390 0 55 108 415
255 10 390 0 138 36 416
255 3 391 0 66 134 417
255 24 391 0 99 1 418
255 4 390 0 122 58 419
270 15 404 0 137 49 420
270 24 405 0 123 1 421
270 17 405 0 109 36 422
270 9 406 0 138 36 423
270 8 407 0 108 58 424
270 6 405 0 72 131 425
270 6 406 0 100 167 426
270 10 406 0 179 186 427
270 4 405 0 78 150 428
270 40 407 0 7 35 429
270 6 407 0 128 55 430
270 6 404 0 66 169 431
270 8 404 0 103 1 432
270 3 405 0 55 108 433
270 23 405 0 182 79 434
270 11 405 0 101 26 435
270 5 404 0 127 27 436
270 12 408 0 67 20 437
270 25 407 0 99 1 438
270 23 405 0 93 51 439
270 7 405 0 57 122 440
270 6 406 0 146 119 441
270 17 407 0 102 59 442
270 3 407 0 15 4 443
270 21 406 0 18 115 444
270 22 405 0 63 86 445
285 34 422 0 155 122 446
285 17 420 0 137 49 447
285 5 422 0 150 43 448
285 22 422 0 109 36 449
285 4 422 0 110 114 450
285 5 420 0 100 167 451
285 17 420 0 102 59 452
285 37 419 0 105 42 453
285 25 421 0 118 4 454
285 8 422 0 138 36 455
285 5 423 0 122 58 456
285 9 421 0 94 1 457
285 16 423 0 18 115 458
285 6 424 0 109 56 459
285 3 422 0 128 40 460
285 14 421 0 185 66 461
285 4 420 0 66 134 462
285 4 421 0 72 131 463
285 3 422 0 117 1 464
300 14 439 0 182 79 465
300 21 436 0 120 146 466
300 21 437 0 118 4 467
300 12 438 0 103 22 468
300 43 436 0 7 35 469
300 3 438 0 55 108 470
300 11 435 0 108 31 471
300 18 435 0 63 86 472
300 5 437 0 122 58 473
300 10 435 0 101 26 474
300 41 434 0 105 42 475
300 16 436 0 194 169 476
300 5 433 0 117 1 477
300 5 438 0 63 134 478
300 26 437 0 24 183 479
300 29 436 0 194 113 480
300 11 437 0 25 122 481
300 4 434 0 128 55 482
300 3 435 0 109 56 483
300 16 436 0 109 36 484
300 25 435 0 123 1 485
300 4 437 0 61 4 486
300 3 436 0 92 2 487
300 9 436 0 103 1 488
301 38 3286 1 29 60 489
315 4 451 0 78 150 490
315 8 451 0 25 122 491
315 5 450 0 122 58 492
315 9 451 0 138 36 493
315 25 449 0 198 85 494
315 9 451 0 146 159 495
315 3 450 0 110 114 496
315 3 453 0 15 4 497
315 3 449 0 127 27 498
315 3 452 0 109 56 499
315 42 452 0 2 3 500
315 23 452 0 109 36 501
315 5 450 0 55 108 502
315 7 451 0 108 31 503
315 7 450 0 57 122 504
315 9 450 0 94 1 505
326 69 3311 1 109 56 506
326 76 3313 1 128 23 507
330 3 465 0 55 108 508
330 3 464 0 128 23 509
330 15 466 0 102 36 510
330 25 466 0 20 47 511
330 4 466 0 109 56 512
330 6 464 0 146 119 513
330 6 466 0 72 131 514
330 27 467 0 164 40 515
330 22 467 0 142 143 516
330 28 465 0 105 42 517
330 5 467 0 127 27 518
330 15 466 0 118 4 519
330 8 466 0 108 31 520
330 33 466 0 15 186 521
330 6 468 0 128 40 522
330 12 464 0 146 159 523
330 4 467 0 117 1 524
330 27 468 0 2 3 525
330 43 465 0 7 35 526
330 18 466 0 52 37 527
330 11 467 0 113 13 528
330 5 467 0 122 58 529
330 7 466 0 101 26 530
345 12 480 0 108 31 531
345 24 480 0 120 146 532
345 6 482 0 166 118 533
345 6 480 0 127 27 534
345 4 480 0 161 34 535
345 3 482 0 117 1 536
345 7 480 0 103 22 537
345 16 481 0 118 4 538
345 3 482 0 100 167 539
345 3 482 0 78 150 540
345 33 481 0 105 42 541
345 24 481 0 194 169 542
345 6 481 0 15 4 543
345 12 481 0 101 26 544
345 3 483 0 92 2 545
345 4 482 0 178 113 546
345 22 482 0 102 59 547
345 11 482 0 25 122 548
360 12 496 0 103 22 549
360 11 497 0 101 26 550
360 10 496 0 133 152 551
360 4 494 0 127 27 552
360 11 494 0 108 31 553
360 23 496 0 125 90 554
360 25 495 0 164 40 555
360 12 497 0 182 79 556
360 6 497 0 117 1 557
360 6 497 0 128 55 558
360 5 497 0 100 167 559
360 6 498 0 95 77 560
360 3 495 0 92 2 561
360 43 498 0 188 80 562
360 42 497 0 198 85 563
360 19 495 0 120 146 564
360 4 494 0 161 34 565
360 4 494 0 150 43 566
360 5 495 0 166 118 567
373 51 3359 1 146 119 568
375 21 511 0 182 79 569
375 9 509 0 138 36 570
375 28 512 0 198 85 571
375 8 511 0 113 13 572
375 5 512 0 166 118 573
375 25 510 0 194 169 574
375 4 510 0 128 40 575
375 6 512 0 109 56 576
375 12 512 0 29 60 577
375 20 511 0 52 37 578
375 3 514 0 61 4 579
375 8 509 0 103 1 580
375 18 513 0 102 36 581
375 19 512 0 99 1 582
375 18 510 0 120 146 583
375 21 510 0 137 49 584
375 13 511 0 109 36 585
375 5 510 0 128 55 586
375 30 511 0 72 194 587
390 9 526 0 57 122 588
390 6 526 0 127 27 589
390 10 526 0 103 1 590
390 20 526 0 102 36 591
390 4 528 0 128 40 592
390 11 530 0 103 22 593
390 37 525 0 2 3 594
390 30 526 0 198 85 595
390 21 524 0 125 90 596
390 3 526 0 117 1 597
390 14 525 0 29 60 598
390 6 526 0 61 4 599
390 12 524 0 25 122 600
390 6 525 0 166 118 601
390 6 526 0 113 13 602
390 6 524 0 146 119 603
390 20 525 0 120 146 604
390 19 524 0 123 1 605
390 5 527 0 109 56 606
390 7 526 0 173 171 607
390 16 528 0 13 75 608
390 36 527 0 105 42 609
392 31 3377 1 133 152 610
405 17 540 0 125 90 611
405 15 541 0 137 49 612
405 15 542 0 29 60 613
405 22 540 0 109 36 614
405 24 541 0 102 36 615
405 4 542 0 66 169 616
405 5 541 0 128 40 617
405 23 541 0 123 1 618
405 4 541 0 55 108 619
405 3 540 0 122 58 620
405 35 539 0 2 3 621
405 18 542 0 182 79 622
405 8 542 0 113 13 623
405 6 543 0 101 26 624
405 23 541 0 102 59 625
405 25 541 0 198 85 626
405 5 540 0 15 4 627
405 6 541 0 138 36 628
405 3 541 0 40 59 629
405 6 542 0 128 55 630
405 5 539 0 146 119 631
405 4 543 0 128 23 632
408 55 3396 1 61 4 633
420 10 557 0 138 36 634
420 19 557 0 109 36 635
420 23 558 0 63 86 636
420 21 556 0 137 49 637
420 3 553 0 72 131 638
420 12 556 0 113 13 639
420 20 557 0 123 1 640
420 25 556 0 105 42 641
420 15 555 0 93 51 642
420 12 556 0 142 143 643
420 4 557 0 92 2 644
420 6 557 0 128 55 645
420 12 556 0 101 26 646
420 3 553 0 63 134 647
420 3 556 0 128 23 648
420 25 556 0 188 80 649
420 12 555 0 103 22 650
420 9 554 0 103 1 651
420 6 556 0 117 1 652
420 4 555 0 66 134 653
420 4 556 0 100 167 654
421 69 3407 1 66 134 655
435 20 569 0 123 1 656
435 4 571 0 122 58 657
435 18 570 0 109 36 658
435 15 571 0 118 4 659
435 8 571 0 103 22 660
435 5 573 0 61 4 661
435 6 571 0 117 1 662
435 12 572 0 113 13 663
435 32 571 0 105 42 664
435 4 573 0 109 56 665
435 5 572 0 128 23 666
435 9 572 0 108 31 667
435 5 571 0 128 40 668
435 17 571 0 93 51 669
435 12 572 0 138 36 670
435 8 571 0 108 58 671
441 39 3428 1 118 4 672
447 57 3432 1 99 1 673
448 73 3434 1 162 78 674
450 18 584 0 102 36 675
450 6 584 0 57 122 676
450 10 587 0 113 13 677
450 40 585 0 105 42 678
450 20 584 0 20 47 679
450 35 585 0 198 85 680
450 42 585 0 24 183 681
450 6 587 0 108 58 682
450 12 586 0 146 159 683
450 5 589 0 166 118 684
450 3 586 0 128 40 685
450 25 586 0 13 75 686
450 23 584 0 118 4 687
450 4 586 0 128 23 688
450 4 586 0 66 134 689
450 6 584 0 133 152 690
450 17 587 0 123 1 691
450 10 585 0 162 78 692
450 4 586 0 66 169 693
450 15 585 0 52 37 694
450 9 584 0 108 31 695
450 37 586 0 2 3 696
450 36 583 0 15 186 697
450 15 586 0 109 36 698
450 40 586 0 155 79 699
450 6 585 0 117 1 700
450 17 587 0 137 49 701
450 3 585 0 40 105 702
463 61 3452 1 128 40 703
465 14 603 0 99 1 704
465 43 601 0 155 122 705
465 17 599 0 102 59 706
465 4 602 0 166 118 707
465 5 602 0 61 4 708
465 14 603 0 185 66 709
465 15 600 0 102 36 710
465 3 601 0 110 114 711
465 44 602 0 15 186 712
465 29 599 0 2 3 713
465 12 600 0 109 36 714
465 5 600 0 100 167 715
465 20 602 0 182 79 716
465 3 601 0 117 1 717
465 6 602 0 128 40 718
465 40 602 0 155 79 719
465 7 603 0 138 36 720
465 22 600 0 118 4 721
465 6 599 0 78 150 722
465 3 602 0 150 43 723
465 6 599 0 127 27 724
465 18 602 0 20 47 725
465 11 601 0 94 1 726
465 27 601 0 105 42 727
480 6 614 0 128 40 728
480 38 616 0 105 42 729
480 3 615 0 117 1 730
480 7 618 0 94 1 731
480 9 615 0 146 159 732
480 4 616 0 92 2 733
480 11 616 0 148 56 734
480 19 614 0 137 49 735
480 4 615 0 100 167 736
480 4 618 0 127 27 737
480 8 619 0 108 31 738
480 6 618 0 156 90 739
480 10 616 0 67 20 740
480 7 615 0 25 122 741
480 19 616 0 185 66 742
480 20 617 0 20 47 743
480 6 616 0 173 171 744
480 3 616 0 89 137 745
480 35 617 0 198 85 746
480 34 617 0 15 186 747
480 4 616 0 150 43 748
480 10 615 0 101 26 749
495 12 631 0 138 36 750
495 25 627 0 188 80 751
495 15 633 0 29 60 752
495 17 630 0 20 47 753
495 19 631 0 18 115 754
495 4 631 0 66 169 755
495 3 629 0 92 2 756
495 20 632 0 99 1 757
495 9 630 0 133 152 758
495 20 631 0 123 1 759
495 20 629 0 118 4 760
495 6 631 0 95 77 761
495 12 631 0 101 26 762
495 5 631 0 128 40 763
495 20 632 0 10 193 764
495 6 631 0 122 58 765
495 10 630 0 108 31 766
495 23 632 0 102 59 767
495 3 632 0 100 167 768
510 24 646 0 102 59 769
510 3 647 0 117 1 770
510 16 647 0 20 47 771
510 3 647 0 141 56 772
510 45 646 0 15 186 773
510 5 646 0 92 2 774
510 16 645 0 93 51 775
510 20 647 0 123 1 776
510 3 644 0 110 114 777
510 24 647 0 52 37 778
510 3 647 0 15 4 779
510 36 646 0 155 122 780
510 25 646 0 29 60 781
510 15 646 0 63 86 782
510 22 647 0 137 49 783
510 5 648 0 55 108 784
510 5 647 0 66 134 785
510 18 647 0 142 143 786
510 21 645 0 102 36 787
510 3 646 0 128 23 788
510 3 645 0 78 150 789
512 69 3496 1 182 79 790
525 5 661 0 117 1 791
525 12 661 0 52 37 792
525 19 665 0 10 193 793
525 6 661 0 128 55 794
525 14 662 0 125 90 795
525 4 659 0 63 134 796
525 4 661 0 40 105 797
525 39 661 0 155 122 798
525 8 661 0 113 13 799
525 25 662 0 137 49 800
525 12 662 0 108 58 801
525 6 661 0 67 20 802
525 7 662 0 25 122 803
525 23 661 0 102 36 804
525 4 659 0 110 114 805
525 8 661 0 101 26 806
525 12 660 0 118 4 807
525 9 661 0 94 1 808
525 21 659 0 182 79 809
525 8 660 0 179 186 810
525 4 661 0 127 27 811
525 5 661 0 161 34 812
525 11 660 0 138 36 813
525 11 659 0 173 171 814
525 22 661 0 63 86 815
527 34 3515 1 94 1 816
540 12 680 0 138 36 817
540 21 679 0 142 143 818
540 5 676 0 150 43 819
540 10 676 0 101 26 820
540 4 676 0 61 4 821
540 10 677 0 25 122 822
540 20 675 0 137 49 823
540 27 677 0 15 186 824
540 25 676 0 123 1 825
540 12 676 0 148 56 826
540 16 676 0 13 75 827
540 18 676 0 118 4 828
540 3 676 0 89 137 829
540 6 677 0 133 152 830
540 5 678 0 92 2 831
540 20 678 0 194 169 832
540 35 677 0 194 113 833
540 41 675 0 2 3 834
540 11 679 0 103 22 835
540 19 677 0 102 36 836
545 36 3530 1 101 26 837
548 142 3532 1 105 42 838
555 6 693 0 117 1 839
555 7 691 0 113 13 840
555 5 690 0 100 167 841
555 23 692 0 118 4 842
555 5 690 0 63 134 843
555 11 693 0 103 22 844
555 6 690 0 128 55 845
555 5 688 0 161 34 846
555 17 692 0 102 36 847
555 27 690 0 105 42 848
555 33 691 0 15 186 849
555 6 692 0 66 134 850
555 23 691 0 123 1 851
555 24 692 0 194 169 852
555 3 690 0 178 113 853
555 16 690 0 18 115 854
555 9 692 0 133 152 855
555 12 690 0 108 31 856
567 112 3552 1 146 159 857
570 3 706 0 128 23 858
570 12 703 0 125 90 859
570 24 708 0 109 36 860
570 13 706 0 29 60 861
570 8 708 0 162 78 862
570 148 3557 1 133 152 863
570 5 707 0 55 108 864
570 22 705 0 120 146 865
570 4 707 0 150 43 866
570 8 705 0 173 171 867
570 16 707 0 20 47 868
570 12 707 0 138 36 869
570 8 706 0 101 26 870
570 21 707 0 102 36 871
570 3 707 0 161 34 872
570 5 706 0 128 55 873
570 6 706 0 128 40 874
570 5 707 0 40 105 875
570 3 705 0 127 27 876
570 3 706 0 146 119 877
570 10 705 0 179 186 878
570 13 707 0 137 49 879
570 8 707 0 103 1 880
570 14 705 0 182 79 881
570 5 706 0 122 58 882
570 22 706 0 118 4 883
570 4 706 0 63 134 884
570 37 708 0 198 85 885
570 11 707 0 113 13 886
582 110 3565 1 125 90 887
584 83 3569 1 37 7 888
585 11 724 0 57 122 889
585 7 721 0 103 1 890
585 8 721 0 162 78 891
585 25 722 0 18 115 892
585 30 720 0 105 42 893
585 5 719 0 150 43 894
585 6 722 0 95 77 895
585 10 722 0 103 22 896
585 9 723 0 179 186 897
585 36 719 0 24 183 898
585 7 721 0 113 13 899
585 29 722 0 7 35 900
585 3 721 0 117 1 901
585 12 722 0 148 56 902
585 22 721 0 52 37 903
585 5 723 0 61 4 904
585 35 722 0 155 122 905
585 15 722 0 123 1 906
585 30 720 0 194 113 907
585 6 721 0 67 20 908
585 6 719 0 122 58 909
585 21 720 0 10 193 910
585 23 721 0 102 59 911
585 9 721 0 138 36 912
585 40 721 0 72 194 913
585 14 720 0 37 7 914
585 5 721 0 128 40 915
585 34 719 0 2 3 916
598 64 3584 1 142 143 917
600 16 737 0 63 86 918
600 4 734 0 141 56 919
600 10 737 0 101 26 920
600 9 737 0 113 13 921
600 6 736 0 128 55 922
600 21 735 0 137 49 923
600 12 737 0 148 56 924
600 7 737 0 173 171 925
600 8 734 0 162 78 926
600 13 733 0 109 36 927
600 44 740 0 15 186 928
600 5 735 0 128 40 929
600 3 735 0 117 1 930
600 13 735 0 102 36 931
600 6 739 0 128 23 932
600 14 734 0 123 1 933
600 6 736 0 108 58 934
600 31 738 0 155 79 935
600 4 736 0 122 58 936
600 22 735 0 194 169 937
600 3 738 0 15 4 938
600 16 737 0 18 115 939
600 8 736 0 95 77 940
600 6 735 0 67 20 941
600 15 737 0 118 4 942
615 17 750 0 137 49 943
615 39 752 0 7 35 944
615 35 750 0 155 122 945
615 3 749 0 109 56 946
615 11 752 0 101 26 947
615 4 751 0 127 27 948
615 7 753 0 113 13 949
615 7 751 0 25 122 950
615 5 751 0 150 43 951
615 35 750 0 164 40 952
615 10 750 0 138 36 953
615 4 751 0 40 59 954
615 11 753 0 148 56 955
615 19 752 0 102 59 956
615 5 752 0 92 2 957
615 12 751 0 142 143 958
615 4 752 0 66 134 959
615 16 753 0 29 60 960
615 12 751 0 123 1 961
615 3 750 0 66 169 962
615 18 751 0 125 90 963
615 4 751 0 110 114 964
615 29 749 0 72 194 965
626 72 3613 1 13 75 966
630 6 765 0 146 119 967
630 18 766 0 109 36 968
630 31 765 0 105 42 969
630 11 768 0 67 20 970
630 10 764 0 113 13 971
630 19 765 0 194 169 972
630 30 765 0 24 183 973
630 14 765 0 102 59 974
630 44 768 0 198 85 975
630 3 764 0 40 105 976
630 22 766 0 118 4 977
630 4 768 0 78 150 978
630 5 765 0 122 58 979
630 13 767 0 123 1 980
630 5 765 0 128 40 981
630 5 764 0 166 118 982
630 11 766 0 173 171 983
630 17 766 0 99 1 984
630 6 765 0 127 27 985
630 6 764 0 15 4 986
630 8 766 0 162 78 987
639 140 3624 1 110 114 988
645 6 782 0 128 40 989
645 17 779 0 120 146 990
645 29 780 0 15 186 991
645 23 782 0 109 36 992
645 29 783 0 105 42 993
645 16 782 0 102 59 994
645 25 780 0 29 60 995
645 6 782 0 15 4 996
645 19 782 0 142 143 997
645 14 781 0 18 115 998
645 10 782 0 138 36 999
645 27 783 0 164 40 1000
645 27 781 0 24 183 1001
645 5 782 0 117 1 1002
645 11 778 0 113 13 1003
645 6 779 0 150 43 1004
645 24 780 0 10 193 1005
645 12 780 0 13 75 1006
645 22 779 0 20 47 1007
645 6 781 0 25 122 1008
645 4 782 0 100 167 1009
645 12 781 0 102 36 1010
645 6 780 0 122 58 1011
645 25 780 0 137 49 1012
645 3 783 0 109 56 1013
645 3 779 0 127 27 1014
660 26 797 0 155 122 1015
660 40 799 0 164 40 1016
660 4 797 0 127 27 1017
660 45 796 0 155 79 1018
660 24 797 0 137 49 1019
660 6 795 0 103 22 1020
660 6 795 0 138 36 1021
660 6 793 0 161 34 1022
660 30 795 0 72 194 1023
660 40 797 0 105 42 1024
660 6 795 0 166 118 1025
660 10 796 0 108 58 1026
660 6 795 0 95 77 1027
660 4 796 0 128 40 1028
660 8 795 0 113 13 1029
660 25 796 0 37 7 1030
664 74 3647 1 20 47 1031
675 16 810 0 37 7 1032
675 16 812 0 63 86 1033
675 3 811 0 40 105 1034
675 7 813 0 113 13 1035
675 31 810 0 105 42 1036
675 5 812 0 128 40 1037
675 25 813 0 118 4 1038
675 6 809 0 63 134 1039
675 6 813 0 166 118 1040
675 71 3660 1 127 27 1041
675 4 809 0 128 55 1042
675 8 811 0 95 77 1043
675 15 811 0 29 60 1044
675 18 812 0 194 169 1045
675 3 808 0 127 27 1046
675 5 812 0 122 58 1047
675 6 811 0 103 22 1048
675 11 810 0 148 56 1049
675 10 810 0 138 36 1050
683 45 3667 1 15 186 1051
690 31 827 0 105 42 1052
690 12 825 0 25 122 1053
690 15 825 0 142 143 1054
690 6 827 0 117 1 1055
690 8 826 0 101 26 1056
690 10 823 0 108 31 1057
690 25 827 0 164 40 1058
690 6 826 0 40 105 1059
690 7 826 0 113 13 1060
690 9 827 0 94 1 1061
690 18 826 0 137 49 1062
690 5 825 0 110 114 1063
690 12 826 0 102 36 1064
690 3 827 0 127 27 1065
690 8 825 0 133 152 1066
690 12 827 0 138 36 1067
690 5 828 0 128 55 1068
690 24 825 0 125 90 1069
690 12 826 0 179 186 1070
690 6 826 0 89 137 1071
690 21 825 0 99 1 1072
690 5 826 0 122 58 1073
690 3 827 0 40 59 1074
690 21 825 0 182 79 1075
690 11 826 0 146 159 1076
690 21 824 0 10 193 1077
690 8 825 0 67 20 1078
690 5 825 0 55 108 1079
697 63 3683 1 155 79 1080
705 13 842 0 93 51 1081
705 18 841 0 142 143 1082
705 10 841 0 113 13 1083
705 5 841 0 128 55 1084
705 34 842 0 194 113 1085
705 41 842 0 2 3 1086
705 40 843 0 105 42 1087
705 15 841 0 125 90 1088
705 6 841 0 122 58 1089
705 12 841 0 102 36 1090
705 5 843 0 117 1 1091
705 14 841 0 118 4 1092
705 21 841 0 13 75 1093
705 6 841 0 94 1 1094
705 6 840 0 127 27 1095
705 5 839 0 128 23 1096
705 6 841 0 67 20 1097
705 25 841 0 20 47 1098
705 6 841 0 128 40 1099
705 12 840 0 52 37 1100
705 17 840 0 123 1 1101
705 35 842 0 155 122 1102
705 5 841 0 66 169 1103
705 6 839 0 40 105 1104
720 17 856 0 137 49 1105
720 3 856 0 122 58 1106
720 30 856 0 105 42 1107
720 9 856 0 108 58 1108
720 7 854 0 108 31 1109
720 13 854 0 194 169 1110
720 25 855 0 24 183 1111
720 21 856 0 118 4 1112
720 37 857 0 72 194 1113
720 10 857 0 103 22 1114
720 24 856 0 13 75 1115
720 5 855 0 109 56 1116
720 5 856 0 128 23 1117
720 3 856 0 63 134 1118
720 4 857 0 161 34 1119
720 3 855 0 128 40 1120
720 13 854 0 52 37 1121
720 5 856 0 40 105 1122
720 19 857 0 185 66 1123
720 38 858 0 155 79 1124
720 6 856 0 100 167 1125
720 6 857 0 178 113 1126
720 9 856 0 138 36 1127
720 6 856 0 25 122 1128
721 158 3708 1 72 194 1129
735 4 871 0 92 2 1130
735 12 869 0 13 75 1131
735 25 871 0 123 1 1132
735 6 870 0 166 118 1133
735 26 872 0 72 194 1134
735 4 872 0 110 114 1135
735 5 871 0 127 27 1136
735 26 872 0 155 122 1137
735 5 872 0 128 40 1138
735 4 872 0 109 56 1139
735 19 871 0 37 7 1140
735 6 872 0 141 56 1141
735 7 869 0 101 26 1142
735 37 871 0 155 79 1143
735 13 872 0 109 36 1144
735 5 870 0 178 113 1145
735 8 869 0 138 36 1146
735 17 870 0 194 169 1147
735 34 869 0 105 42 1148
735 8 872 0 108 31 1149
750 6 886 0 178 113 1150
750 6 886 0 133 152 1151
750 31 887 0 164 40 1152
750 6 886 0 101 26 1153
750 6 884 0 162 78 1154
750 3 886 0 15 4 1155
750 24 884 0 123 1 1156
750 5 885 0 109 56 1157
750 13 887 0 118 4 1158
750 5 888 0 128 40 1159
750 13 885 0 102 59 1160
750 30 886 0 194 113 1161
750 25 886 0 109 36 1162
750 8 884 0 113 13 1163
750 19 887 0 194 169 1164
750 34 887 0 105 42 1165
750 37 885 0 155 122 1166
750 8 884 0 108 58 1167
750 6 885 0 40 59 1168
750 7 887 0 103 22 1169
750 24 885 0 102 36 1170
750 12 885 0 137 49 1171
750 3 887 0 128 23 1172
750 5 885 0 40 105 1173
750 3 887 0 128 55 1174
750 3 887 0 72 131 1175
750 21 886 0 142 143 1176
762 72 3748 1 155 122 1177
765 12 902 0 103 22 1178
765 4 901 0 100 167 1179
765 4 901 0 66 169 1180
765 7 902 0 113 13 1181
765 22 902 0 120 146 1182
765 3 901 0 78 150 1183
765 13 900 0 109 36 1184
765 21 902 0 20 47 1185
765 3 901 0 141 56 1186
765 7 900 0 108 31 1187
765 25 901 0 29 60 1188
765 25 901 0 123 1 1189
765 3 902 0 92 2 1190
765 23 902 0 13 75 1191
765 5 901 0 128 55 1192
765 6 900 0 101 26 1193
765 6 901 0 128 40 1194
765 12 902 0 103 1 1195
765 4 903 0 161 34 1196
765 24 899 0 102 36 1197
765 12 901 0 182 79 1198
765 8 902 0 138 36 1199
765 3 903 0 109 56 1200
765 41 899 0 194 113 1201
765 6 901 0 117 1 1202
777 107 3764 1 67 20 1203
779 41 3766 1 194 113 1204
780 45 914 0 7 35 1205
780 12 916 0 102 36 1206
780 12 915 0 148 56 1207
780 3 916 0 127 27 1208
780 4 915 0 66 134 1209
780 5 916 0 40 59 1210
780 9 918 0 101 26 1211
780 15 918 0 185 66 1212
780 41 915 0 188 80 1213
780 4 915 0 100 167 1214
780 7 916 0 133 152 1215
780 37 918 0 194 113 1216
780 25 916 0 10 193 1217
780 8 915 0 94 1 1218
780 12 916 0 108 58 1219
780 7 915 0 108 31 1220
780 6 917 0 122 58 1221
780 4 916 0 128 55 1222
780 3 918 0 72 131 1223
780 20 916 0 123 1 1224
780 15 915 0 137 49 1225
780 6 914 0 78 150 1226
780 7 916 0 95 77 1227
780 21 915 0 109 36 1228
780 5 916 0 161 34 1229
795 3 933 0 141 56 1230
795 5 929 0 122 58 1231
795 10 930 0 108 31 1232
795 15 930 0 18 115 1233
795 38 933 0 155 79 1234
795 10 934 0 138 36 1235
795 3 927 0 161 34 1236
795 32 930 0 198 85 1237
795 8 930 0 103 22 1238
795 25 931 0 109 36 1239
795 11 932 0 148 56 1240
795 38 931 0 105 42 1241
795 8 932 0 25 122 1242
795 45 931 0 2 3 1243
795 44 931 0 194 113 1244
795 25 930 0 118 4 1245
795 43 932 0 72 194 1246
795 4 932 0 61 4 1247
795 23 933 0 123 1 1248
810 5 946 0 40 105 1249
810 17 946 0 185 66 1250
810 3 946 0 150 43 1251
810 11 948 0 108 31 1252
810 3 947 0 127 27 1253
810 7 944 0 162 78 1254
810 6 946 0 128 40 1255
810 45 947 0 105 42 1256
810 5 945 0 128 55 1257
810 6 946 0 113 13 1258
810 17 946 0 123 1 1259
810 3 946 0 63 134 1260
810 6 948 0 109 56 1261
810 24 945 0 118 4 1262
810 14 945 0 102 36 1263
810 10 947 0 146 159 1264
810 3 944 0 128 23 1265
825 5 961 0 40 105 1266
825 6 961 0 89 137 1267
825 23 960 0 182 79 1268
825 12 961 0 133 152 1269
825 8 962 0 138 36 1270
825 5 961 0 78 150 1271
825 17 962 0 194 169 1272
825 5 961 0 92 2 1273
825 24 961 0 123 1 1274
825 6 962 0 179 186 1275
825 17 961 0 10 193 1276
825 43 961 0 24 183 1277
825 16 961 0 118 4 1278
825 35 960 0 2 3 1279
825 5 962 0 127 27 1280
825 3 961 0 128 23 1281
825 6 960 0 103 22 1282
825 5 963 0 72 131 1283
825 6 962 0 63 134 1284
825 13 961 0 137 49 1285
825 8 961 0 113 13 1286
825 12 959 0 101 26 1287
825 3 962 0 100 167 1288
825 9 959 0 108 31 1289
825 4 962 0 150 43 1290
826 78 3811 1 78 150 1291
839 42 3824 1 95 77 1292
840 5 974 0 89 137 1293
840 10 976 0 146 159 1294
840 18 976 0 109 36 1295
840 6 978 0 133 152 1296
840 12 975 0 148 56 1297
840 10 977 0 138 36 1298
840 45 975 0 164 40 1299
840 15 976 0 123 1 1300
840 9 977 0 103 1 1301
840 4 978 0 128 40 1302
840 11 977 0 95 77 1303
840 3 978 0 109 56 1304
840 6 977 0 128 23 1305
840 6 977 0 103 22 1306
840 26 975 0 198 85 1307
840 4 978 0 128 55 1308
840 11 977 0 101 26 1309
840 25 978 0 125 90 1310
840 4 976 0 161 34 1311
840 30 975 0 15 186 1312
840 11 974 0 94 1 1313
840 16 976 0 93 51 1314
840 6 977 0 61 4 1315
840 4 977 0 78 150 1316
842 30 3828 1 67 20 1317
855 6 989 0 127 27 1318
855 9 989 0 138 36 1319
855 6 990 0 89 137 1320
855 24 991 0 123 1 1321
855 9 990 0 67 20 1322
855 4 993 0 92 2 1323
855 11 993 0 95 77 1324
855 40 992 0 105 42 1325
855 3 992 0 178 113 1326
855 5 991 0 109 56 1327
855 10 991 0 103 22 1328
855 11 990 0 113 13 1329
855 22 992 0 182 79 1330
855 36 992 0 188 80 1331
855 4 990 0 100 167 1332
855 23 989 0 109 36 1333
855 6 991 0 66 169 1334
855 6 992 0 78 150 1335
855 13 990 0 37 7 1336
859 43 3845 1 103 1 1337
870 26 1007 0 105 42 1338
870 15 1005 0 93 51 1339
870 23 1005 0 102 59 1340
870 4 1006 0 100 167 1341
870 19 1008 0 182 79 1342
870 6 1005 0 113 13 1343
870 10 1007 0 101 26 1344
870 6 1007 0 128 40 1345
870 19 1009 0 142 143 1346
870 23 1006 0 63 86 1347
870 6 1006 0 67 20 1348
870 5 1007 0 146 119 1349
870 33 1005 0 194 113 1350
870 12 1007 0 173 171 1351
870 21 1006 0 109 36 1352
870 23 1008 0 10 193 1353
870 29 1006 0 7 35 1354
870 17 1005 0 102 36 1355
870 14 1007 0 123 1 1356
870 9 1006 0 138 36 1357
870 8 1006 0 108 31 1358
879 31 3864 1 66 169 1359
885 23 1021 0 125 90 1360
885 10 1020 0 67 20 1361
885 8 1021 0 108 58 1362
885 6 1020 0 89 137 1363
885 12 1022 0 108 31 1364
885 5 1022 0 178 113 1365
885 4 1022 0 109 56 1366
885 24 1021 0 137 49 1367
885 11 1020 0 138 36 1368
885 38 1019 0 105 42 1369
885 20 1020 0 185 66 1370
885 22 1021 0 20 47 1371
885 5 1022 0 117 1 1372
895 40 3879 1 173 171 1373
900 6 1036 0 178 113 1374
900 3 1035 0 127 27 1375
900 19 1037 0 102 36 1376
900 16 1036 0 123 1 1377
900 3 1037 0 15 4 1378
900 7 1037 0 103 22 1379
900 5 1036 0 122 58 1380
900 3 1036 0 166 118 1381
900 7 1037 0 67 20 1382
900 18 1037 0 137 49 1383
900 9 1036 0 101 26 1384
900 6 1036 0 57 122 1385
900 9 1037 0 113 13 1386
900 11 1037 0 25 122 1387
900 21 1037 0 52 37 1388
900 37 1036 0 198 85 1389
900 18 1036 0 142 143 1390
900 9 1035 0 148 56 1391
900 14 1038 0 63 86 1392
900 23 1036 0 194 169 1393
900 29 1037 0 188 80 1394
900 16 1036 0 102 59 1395
900 14 1036 0 20 47 1396
912 101 3897 1 198 85 1397
912 155 3898 1 93 51 1398
915 22 1050 0 102 36 1399
915 10 1051 0 146 159 1400
915 44 1049 0 155 79 1401
915 40 1051 0 105 42 1402
915 18 1051 0 20 47 1403
915 23 1049 0 10 193 1404
915 15 1050 0 125 90 1405
915 4 1052 0 141 56 1406
915 4 1051 0 128 55 1407
915 6 1051 0 63 134 1408
915 24 1049 0 99 1 1409
915 7 1050 0 173 171 1410
915 11 1049 0 67 20 1411
915 14 1052 0 182 79 1412
915 37 1052 0 164 40 1413
915 3 1049 0 109 56 1414
915 4 1051 0 122 58 1415
930 3 1064 0 122 58 1416
930 34 1067 0 2 3 1417
930 27 1065 0 155 122 1418
930 13 1066 0 194 169 1419
930 6 1066 0 66 134 1420
930 21 1065 0 37 7 1421
930 25 1067 0 102 36 1422
930 44 1064 0 105 42 1423
930 5 1068 0 128 55 1424
930 25 1065 0 137 49 1425
930 6 1063 0 117 1 1426
930 6 1067 0 100 167 1427
930 7 1069 0 148 56 1428
930 6 1068 0 150 43 1429
930 11 1066 0 179 186 1430
930 3 1066 0 78 150 1431
930 29 1064 0 15 186 1432
930 3 1067 0 109 56 1433
930 3 1067 0 127 27 1434
930 4 1066 0 178 113 1435
930 3 1066 0 89 137 1436
930 11 1067 0 108 31 1437
930 9 1068 0 133 152 1438
930 29 1065 0 198 85 1439
945 8 1081 0 108 31 1440
945 33 1081 0 155 122 1441
945 22 1079 0 185 66 1442
945 5 1081 0 166 118 1443
945 14 1081 0 137 49 1444
945 11 1080 0 162 78 1445
945 3 1081 0 89 137 1446
945 6 1081 0 66 134 1447
945 4 1081 0 122 58 1448
945 15 1082 0 102 36 1449
945 4 1081 0 128 55 1450
945 6 1080 0 161 34 1451
945 8 1079 0 67 20 1452
945 4 1081 0 128 40 1453
945 31 1082 0 198 85 1454
945 42 1081 0 105 42 1455
945 45 1082 0 72 194 1456
945 15 1081 0 109 36 1457
945 5 1082 0 127 27 1458
945 9 1082 0 133 152 1459
945 37 1079 0 155 79 1460
945 9 1082 0 146 159 1461
945 6 1080 0 117 1 1462
945 6 1081 0 101 26 1463
945 6 1082 0 109 56 1464
948 77 3935 1 198 85 1465
950 47 3937 1 25 122 1466
960 29 1099 0 198 85 1467
960 14 1096 0 109 36 1468
960 6 1097 0 178 113 1469
960 11 1097 0 138 36 1470
960 19 1098 0 63 86 1471
960 3 1095 0 40 105 1472
960 3 1095 0 128 23 1473
960 21 1093 0 13 75 1474
960 4 1098 0 109 56 1475
960 11 1097 0 173 171 1476
960 5 1095 0 128 40 1477
960 8 1095 0 103 22 1478
960 44 1095 0 105 42 1479
960 16 1095 0 93 51 1480
960 4 1094 0 127 27 1481
960 3 1096 0 72 131 1482
960 7 1097 0 103 1 1483
960 4 1096 0 40 59 1484
960 4 1095 0 161 34 1485
960 9 1095 0 179 186 1486
960 4 1095 0 128 55 1487
960 9 1096 0 113 13 1488
960 14 1096 0 123 1 1489
960 3 1097 0 55 108 1490
962 126 3946 1 185 66 1491
969 51 3955 1 55 108 1492
972 139 3959 1 102 36 1493
975 35 1110 0 105 42 1494
975 33 1111 0 188 80 1495
975 16 1112 0 194 169 1496
975 6 1111 0 127 27 1497
975 19 1113 0 185 66 1498
975 9 1111 0 103 1 1499
975 3 1112 0 40 105 1500
975 4 1112 0 128 40 1501
975 4 1112 0 150 43 1502
975 4 1110 0 109 56 1503
975 5 1114 0 72 131 1504
975 5 1111 0 178 113 1505
975 3 1109 0 141 56 1506
975 12 1109 0 123 1 1507
975 9 1113 0 138 36 1508
975 23 1112 0 109 36 1509
975 12 1109 0 101 26 1510
975 14 1111 0 10 193 1511
990 14 1124 0 10 193 1512
990 45 1126 0 198 85 1513
990 17 1126 0 29 60 1514
990 10 1126 0 138 36 1515
990 6 1126 0 150 43 1516
990 9 1126 0 162 78 1517
990 35 1125 0 188 80 1518
990 28 1127 0 164 40 1519
990 16 1128 0 109 36 1520
990 3 1126 0 117 1 1521
990 5 1126 0 72 131 1522
990 6 1124 0 128 40 1523
990 5 1125 0 178 113 1524
990 6 1127 0 108 58 1525
990 18 1127 0 137 49 1526
990 6 1125 0 128 23 1527
990 22 1127 0 118 4 1528
990 12 1125 0 102 36 1529
990 6 1126 0 109 56 1530
990 6 1126 0 122 58 1531
990 11 1126 0 67 20 1532
990 3 1126 0 89 137 1533
990 16 1126 0 63 86 1534
1005 3 1140 0 127 27 1535
1005 10 1140 0 133 152 1536
1005 9 1140 0 138 36 1537
1005 6 1141 0 161 34 1538
1005 8 1140 0 173 171 1539
1005 38 1141 0 72 194 1540
1005 3 1143 0 72 131 1541
1005 23 1140 0 123 1 1542
1005 13 1140 0 125 90 1543
1005 11 1142 0 25 122 1544
1005 8 1142 0 103 1 1545
1005 5 1141 0 128 40 1546
1005 5 1139 0 128 55 1547
1005 11 1142 0 108 31 1548
1005 8 1140 0 94 1 1549
1005 12 1144 0 20 47 1550
1005 13 1141 0 137 49 1551
1005 6 1140 0 67 20 1552
1005 31 1140 0 198 85 1553
1005 12 1141 0 95 77 1554
1009 40 3995 1 89 137 1555
1011 80 3998 1 188 80 1556
1020 7 1157 0 113 13 1557
1020 4 1157 0 128 23 1558
1020 40 1155 0 7 35 1559
1020 10 1153 0 101 26 1560
1020 5 1156 0 55 108 1561
1020 21 1156 0 63 86 1562
1020 20 1156 0 102 36 1563
1020 30 1156 0 155 79 1564
1020 24 1155 0 137 49 1565
1020 4 1155 0 66 169 1566
1020 19 1155 0 142 143 1567
1020 34 1156 0 188 80 1568
1020 4 1156 0 117 1 1569
1033 42 4018 1 72 194 1570
1035 3 1170 0 178 113 1571
1035 6 1170 0 173 171 1572
1035 26 1171 0 105 42 1573
1035 5 1171 0 40 59 1574
1035 21 1171 0 18 115 1575
1035 5 1170 0 78 150 1576
1035 7 1172 0 101 26 1577
1035 11 1172 0 138 36 1578
1035 8 1169 0 95 77 1579
1035 12 1170 0 99 1 1580
1035 19 1170 0 123 1 1581
1035 26 1172 0 155 122 1582
1035 18 1171 0 102 36 1583
1035 18 1171 0 194 169 1584
1035 6 1171 0 128 23 1585
1035 18 1172 0 20 47 1586
1035 19 1170 0 118 4 1587
1035 15 1173 0 109 36 1588
1035 6 1172 0 161 34 1589
1035 4 1173 0 109 56 1590
1035 3 1170 0 89 137 1591
1035 5 1171 0 122 58 1592
1035 8 1169 0 67 20 1593
1050 4 1188 0 128 40 1594
1050 13 1187 0 102 59 1595
1050 27 1185 0 24 183 1596
1050 6 1186 0 61 4 1597
1050 4 1185 0 146 119 1598
1050 3 1184 0 117 1 1599
1050 13 1186 0 137 49 1600
1050 8 1186 0 103 22 1601
1050 14 1184 0 118 4 1602
1050 23 1185 0 185 66 1603
1050 4 1187 0 109 56 1604
1050 3 1186 0 166 118 1605
1050 6 1187 0 178 113 1606
1050 6 1184 0 101 26 1607
1050 8 1187 0 103 1 1608
1050 27 1187 0 155 79 1609
1050 23 1185 0 102 36 1610
1050 5 1184 0 127 27 1611
1050 6 1188 0 133 152 1612
1050 8 1187 0 138 36 1613
1057 36 4041 1 128 55 1614
1065 25 1199 0 29 60 1615
1065 7 1201 0 162 78 1616
1065 4 1199 0 66 169 1617
1065 6 1201 0 109 56 1618
1065 22 1200 0 102 36 1619
1065 10 1202 0 146 159 1620
1065 7 1201 0 113 13 1621
1065 5 1201 0 89 137 1622
1065 12 1199 0 101 26 1623
1065 21 1200 0 118 4 1624
1065 6 1201 0 55 108 1625
1065 9 1199 0 138 36 1626
1065 7 1202 0 156 90 1627
1065 20 1201 0 37 7 1628
1065 4 1198 0 141 56 1629
1065 3 1202 0 63 134 1630
1065 4 1200 0 117 1 1631
1065 44 1202 0 24 183 1632
1065 6 1202 0 25 122 1633
1073 180 4058 1 61 4 1634
1075 56 4060 1 108 31 1635
1080 7 1216 0 113 13 1636
1080 4 1215 0 72 131 1637
1080 13 1216 0 10 193 1638
1080 4 1216 0 128 23 1639
1080 13 1216 0 29 60 1640
1080 28 1215 0 72 194 1641
1080 9 1215 0 101 26 1642
1080 37 1218 0 155 79 1643
1080 6 1216 0 108 31 1644
1080 6 1216 0 128 40 1645
1080 39 1216 0 24 183 1646
1080 19 1218 0 52 37 1647
1080 31 1215 0 188 80 1648
1080 4 1215 0 122 58 1649
1080 4 1216 0 61 4 1650
1080 3 1215 0 166 118 1651
1080 11 1213 0 103 22 1652
1080 6 1214 0 100 167 1653
1080 5 1214 0 127 27 1654
1080 40 1218 0 105 42 1655
1080 23 1217 0 118 4 1656
1095 25 1231 0 118 4 1657
1095 6 1231 0 128 23 1658
1095 23 1231 0 99 1 1659
1095 24 1232 0 102 36 1660
1095 12 1229 0 113 13 1661
1095 8 1231 0 103 1 1662
1095 3 1232 0 146 119 1663
1095 24 1231 0 102 59 1664
1095 7 1231 0 101 26 1665
1095 25 1232 0 105 42 1666
1095 21 1232 0 185 66 1667
1095 6 1233 0 178 113 1668
1095 45 1230 0 194 113 1669
1095 8 1230 0 138 36 1670
1095 28 1232 0 15 186 1671
1095 19 1232 0 109 36 1672
1095 10 1231 0 57 122 1673
1095 3 1232 0 127 27 1674
1095 39 1231 0 164 40 1675
1095 18 1231 0 194 169 1676
1095 6 1233 0 109 56 1677
1095 5 1231 0 128 55 1678
1095 4 1230 0 161 34 1679
1095 6 1229 0 128 40 1680
1095 7 1231 0 67 20 1681
1095 21 1232 0 120 146 1682
1095 25 1232 0 123 1 1683
1095 3 1230 0 100 167 1684
1095 14 1231 0 37 7 1685
1095 5 1231 0 150 43 1686
1095 14 1232 0 63 86 1687
1099 67 4086 1 40 105 1688
1107 33 4091 1 93 51 1689
1110 5 1247 0 146 119 1690
1110 19 1245 0 109 36 1691
1110 3 1248 0 100 167 1692
1110 12 1245 0 108 31 1693
1110 31 1248 0 164 40 1694
1110 9 1245 0 103 22 1695
1110 6 1246 0 127 27 1696
1110 25 1245 0 185 66 1697
1110 7 1248 0 101 26 1698
1110 5 1245 0 109 56 1699
1110 21 1247 0 52 37 1700
1110 6 1246 0 122 58 1701
1110 6 1247 0 89 137 1702
1110 14 1246 0 137 49 1703
1110 4 1246 0 15 4 1704
1110 11 1246 0 67 20 1705
1110 19 1245 0 123 1 1706
1110 5 1245 0 66 169 1707
1110 30 1246 0 105 42 1708
1110 3 1245 0 66 134 1709
1110 3 1246 0 78 150 1710
1110 12 1245 0 95 77 1711
1110 25 1246 0 102 36 1712
1110 6 1244 0 150 43 1713
1110 7 1247 0 138 36 1714
1110 6 1243 0 40 59 1715
1125 18 1259 0 99 1 1716
1125 38 1261 0 105 42 1717
1125 6 1260 0 146 159 1718
1125 6 1261 0 113 13 1719
1125 4 1258 0 122 58 1720
1125 11 1261 0 103 1 1721
1125 18 1261 0 125 90 1722
1125 4 1261 0 128 55 1723
1125 7 1262 0 162 78 1724
1125 14 1263 0 118 4 1725
1125 5 1262 0 146 119 1726
1125 10 1261 0 108 31 1727
1125 3 1264 0 110 114 1728
1125 4 1260 0 109 56 1729
1125 3 1263 0 100 167 1730
1125 4 1261 0 127 27 1731
1125 7 1260 0 103 22 1732
1140 35 1276 0 7 35 1733
1140 25 1277 0 123 1 1734
1140 45 1274 0 24 183 1735
1140 6 1276 0 128 40 1736
1140 18 1278 0 137 49 1737
1140 5 1277 0 110 114 1738
1140 11 1276 0 67 20 1739
1140 10 1275 0 113 13 1740
1140 19 1277 0 125 90 1741
1140 4 1276 0 92 2 1742
1140 6 1277 0 146 159 1743
1140 4 1275 0 128 55 1744
1140 9 1276 0 148 56 1745
1140 10 1275 0 108 31 1746
1140 19 1277 0 118 4 1747
1140 45 1276 0 188 80 1748
1140 12 1276 0 173 171 1749
1140 6 1276 0 127 27 1750
1140 8 1274 0 138 36 1751
1140 19 1277 0 93 51 1752
1140 33 1276 0 2 3 1753
1140 4 1277 0 122 58 1754
1140 6 1273 0 141 56 1755
1140 3 1276 0 78 150 1756
1140 22 1276 0 142 143 1757
1140 3 1275 0 161 34 1758
1149 34 4135 1 146 159 1759
1155 6 1290 0 141 56 1760
1155 11 1290 0 113 13 1761
1155 4 1292 0 161 34 1762
1155 24 1291 0 63 86 1763
1155 10 1292 0 101 26 1764
1155 9 1292 0 138 36 1765
1155 4 1292 0 110 114 1766
1155 37 1290 0 105 42 1767
1155 18 1290 0 137 49 1768
1155 22 1293 0 102 36 1769
1155 3 1291 0 127 27 1770
1155 3 1292 0 78 150 1771
1155 4 1293 0 109 56 1772
1155 17 1291 0 29 60 1773
1155 5 1289 0 72 131 1774
1155 5 1290 0 122 58 1775
1155 31 1290 0 24 183 1776
1170 5 1306 0 72 131 1777
1170 3 1308 0 117 1 1778
1170 23 1305 0 137 49 1779
1170 16 1306 0 194 169 1780
1170 37 1306 0 155 122 1781
1170 23 1306 0 102 36 1782
1170 9 1305 0 173 171 1783
1170 3 1305 0 128 23 1784
1170 6 1306 0 66 169 1785
1170 21 1305 0 182 79 1786
1170 6 1305 0 108 31 1787
1170 14 1306 0 142 143 1788
1170 9 1304 0 103 1 1789
1170 22 1304 0 123 1 1790
1170 4 1305 0 128 55 1791
1170 13 1306 0 102 59 1792
1170 3 1305 0 110 114 1793
1170 6 1306 0 108 58 1794
1170 23 1308 0 29 60 1795
1170 21 1304 0 20 47 1796
1170 11 1309 0 162 78 1797
1170 8 1305 0 103 22 1798
1185 13 1319 0 182 79 1799
1185 13 1321 0 52 37 1800
1185 11 1319 0 101 26 1801
1185 12 1321 0 125 90 1802
1185 10 1321 0 113 13 1803
1185 3 1321 0 122 58 1804
1185 17 1321 0 109 36 1805
1185 11 1320 0 179 186 1806
1185 4 1321 0 109 56 1807
1185 15 1322 0 18 115 1808
1185 4 1323 0 128 55 1809
1185 7 1323 0 103 1 1810
1185 5 1320 0 127 27 1811
1185 21 1320 0 123 1 1812
1185 12 1320 0 102 59 1813
1185 20 1320 0 185 66 1814
1185 38 1320 0 7 35 1815
1185 3 1322 0 128 23 1816
1185 35 1321 0 15 186 1817
1185 20 1322 0 118 4 1818
1185 9 1320 0 138 36 1819
1185 18 1322 0 63 86 1820
1185 7 1322 0 108 58 1821
1196 50 4183 1 103 22 1822
1200 6 1335 0 138 36 1823
1200 4 1337 0 127 27 1824
1200 6 1337 0 109 56 1825
1200 24 1335 0 118 4 1826
1200 25 1336 0 137 49 1827
1200 3 1335 0 128 55 1828
1200 38 1332 0 194 113 1829
1200 6 1334 0 100 167 1830
1200 27 1335 0 155 79 1831
1200 6 1335 0 66 169 1832
1200 21 1334 0 37 7 1833
1200 6 1335 0 40 105 1834
1200 6 1334 0 166 118 1835
1200 25 1336 0 63 86 1836
1200 23 1337 0 109 36 1837
1200 4 1334 0 122 58 1838
1200 6 1335 0 55 108 1839
1200 8 1337 0 133 152 1840
1200 31 1334 0 198 85 1841
1200 6 1336 0 101 26 1842
1215 5 1353 0 128 55 1843
1215 6 1350 0 122 58 1844
1215 11 1349 0 108 31 1845
1215 6 1353 0 128 23 1846
1215 4 1349 0 109 56 1847
1215 9 1351 0 138 36 1848
1215 8 1352 0 156 90 1849
1215 5 1352 0 110 114 1850
1215 25 1351 0 102 36 1851
1215 4 1352 0 66 169 1852
1215 6 1352 0 141 56 1853
1215 8 1350 0 101 26 1854
1215 31 1351 0 15 186 1855
1215 16 1350 0 118 4 1856
1215 20 1350 0 109 36 1857
1215 21 1351 0 18 115 1858
1215 19 1349 0 123 1 1859
1230 10 1365 0 162 78 1860
1230 4 1367 0 161 34 1861
1230 5 1366 0 40 105 1862
1230 20 1365 0 93 51 1863
1230 18 1363 0 20 47 1864
1230 24 1366 0 102 59 1865
1230 6 1368 0 78 150 1866
1230 4 1367 0 128 40 1867
1230 9 1367 0 113 13 1868
1230 12 1366 0 138 36 1869
1230 24 1367 0 118 4 1870
1230 3 1365 0 127 27 1871
1230 4 1367 0 109 56 1872
1230 25 1368 0 63 86 1873
1230 4 1368 0 92 2 1874
1230 6 1367 0 148 56 1875
1230 10 1367 0 67 20 1876
1230 33 1366 0 164 40 1877
1230 37 1365 0 105 42 1878
1230 11 1364 0 101 26 1879
1230 4 1366 0 122 58 1880
1230 5 1368 0 178 113 1881
1236 52 4221 1 18 115 1882
1245 20 1383 0 109 36 1883
1245 9 1381 0 57 122 1884
1245 6 1382 0 166 118 1885
1245 15 1380 0 10 193 1886
1245 7 1378 0 179 186 1887
1245 12 1381 0 113 13 1888
1245 7 1378 0 146 159 1889
1245 12 1382 0 20 47 1890
1245 6 1380 0 122 58 1891
1245 5 1380 0 127 27 1892
1245 9 1382 0 108 58 1893
1245 30 1379 0 105 42 1894
1245 6 1379 0 61 4 1895
1245 9 1382 0 173 171 1896
1245 31 1381 0 194 113 1897
1245 5 1382 0 117 1 1898
1245 17 1382 0 18 115 1899
1245 3 1382 0 63 134 1900
1245 41 1380 0 7 35 1901
1245 18 1382 0 102 36 1902
1245 5 1382 0 66 134 1903
1260 31 1396 0 2 3 1904
1260 3 1399 0 110 114 1905
1260 6 1395 0 161 34 1906
1260 9 1397 0 108 31 1907
1260 4 1394 0 128 40 1908
1260 7 1395 0 133 152 1909
1260 5 1396 0 89 137 1910
1260 5 1397 0 100 167 1911
1260 5 1395 0 150 43 1912
1260 6 1399 0 109 56 1913
1260 10 1395 0 101 26 1914
1260 22 1396 0 102 36 1915
1260 4 1397 0 122 58 1916
1260 4 1396 0 61 4 1917
1260 6 1395 0 40 59 1918
1260 41 1396 0 188 80 1919
1260 21 1398 0 137 49 1920
1260 4 1395 0 178 113 1921
1260 26 1395 0 105 42 1922
1260 5 1394 0 141 56 1923
1275 6 1411 0 128 40 1924
1275 24 1411 0 102 59 1925
1275 4 1410 0 117 1 1926
1275 7 1411 0 57 122 1927
1275 3 1412 0 128 55 1928
1275 9 1413 0 138 36 1929
1275 18 1411 0 10 193 1930
1275 10 1410 0 25 122 1931
1275 12 1411 0 95 77 1932
1275 45 1413 0 15 186 1933
1275 24 1412 0 137 49 1934
1275 19 1412 0 13 75 1935
1275 6 1410 0 109 56 1936
1275 7 1413 0 101 26 1937
1275 14 1411 0 120 146 1938
1275 6 1410 0 40 105 1939
1275 4 1411 0 66 134 1940
1275 21 1412 0 63 86 1941
1275 10 1412 0 146 159 1942
1275 8 1412 0 113 13 1943
1290 20 1425 0 63 86 1944
1290 6 1425 0 128 55 1945
1290 16 1427 0 182 79 1946
1290 20 1425 0 13 75 1947
1290 6 1426 0 61 4 1948
1290 5 1426 0 109 56 1949
1290 23 1428 0 142 143 1950
1290 4 1427 0 40 59 1951
1290 39 1428 0 105 42 1952
1290 3 1427 0 117 1 1953
1290 12 1426 0 67 20 1954
1290 27 1425 0 15 186 1955
1290 7 1427 0 113 13 1956
1290 12 1426 0 194 169 1957
1290 44 1427 0 198 85 1958
1290 4 1426 0 128 40 1959
1290 11 1427 0 101 26 1960
1290 12 1428 0 108 58 1961
1290 12 1426 0 148 56 1962
1290 5 1427 0 78 150 1963
1290 3 1427 0 178 113 1964
1290 4 1426 0 15 4 1965
1290 10 1425 0 138 36 1966
1294 57 4282 1 123 1 1967
1305 19 1442 0 125 90 1968
1305 5 1442 0 15 4 1969
1305 21 1441 0 118 4 1970
1305 6 1439 0 178 113 1971
1305 28 1441 0 24 183 1972
1305 10 1440 0 103 1 1973
1305 6 1442 0 25 122 1974
1305 6 1441 0 128 23 1975
1305 18 1444 0 20 47 1976
1305 3 1441 0 141 56 1977
1305 8 1440 0 57 122 1978
1305 9 1441 0 179 186 1979
1305 17 1440 0 29 60 1980
1305 8 1441 0 101 26 1981
1305 5 1437 0 117 1 1982
1305 5 1440 0 40 105 1983
1305 6 1442 0 113 13 1984
1305 5 1442 0 146 119 1985
1305 6 1442 0 128 40 1986
1305 6 1443 0 109 56 1987
1305 5 1441 0 128 55 1988
1305 43 1441 0 2 3 1989
1308 72 4292 1 63 134 1990
1311 75 4299 1 138 36 1991
1320 5 1454 0 117 1 1992
1320 17 1454 0 109 36 1993
1320 17 1457 0 102 36 1994
1320 21 1458 0 37 7 1995
1320 6 1457 0 57 122 1996
1320 8 1453 0 101 26 1997
1320 5 1455 0 127 27 1998
1320 16 1455 0 194 169 1999
1320 8 1457 0 173 171 2000
1320 5 1456 0 128 40 2001
1320 9 1456 0 138 36 2002
1320 7 1456 0 148 56 2003
1320 5 1459 0 40 105 2004
1320 7 1456 0 162 78 2005
1320 6 1456 0 15 4 2006
1320 10 1456 0 25 122 2007
1320 12 1454 0 179 186 2008
1320 9 1458 0 113 13 2009
1320 37 1457 0 15 186 2010
1320 6 1455 0 100 167 2011
1335 6 1472 0 150 43 2012
1335 6 1470 0 122 58 2013
1335 12 1473 0 113 13 2014
1335 7 1473 0 138 36 2015
1335 23 1469 0 29 60 2016
1335 11 1471 0 173 171 2017
1335 25 1473 0 52 37 2018
1335 4 1469 0 40 59 2019
1335 4 1471 0 127 27 2020
1335 7 1471 0 162 78 2021
1335 21 1471 0 102 36 2022
1335 13 1471 0 109 36 2023
1335 3 1472 0 117 1 2024
1335 26 1470 0 188 80 2025
1335 7 1471 0 57 122 2026
1335 5 1472 0 55 108 2027
1335 28 1468 0 194 113 2028
1335 5 1470 0 128 40 2029
1335 6 1472 0 128 23 2030
1335 8 1472 0 101 26 2031
1350 15 1486 0 123 1 2032
1350 5 1486 0 61 4 2033
1350 3 1485 0 100 167 2034
1350 4 1486 0 117 1 2035
1350 12 1487 0 102 36 2036
1350 7 1486 0 101 26 2037
1350 10 1484 0 162 78 2038
1350 3 1487 0 63 134 2039
1350 17 1486 0 18 115 2040
1350 15 1487 0 142 143 2041
1350 20 1488 0 93 51 2042
1350 4 1487 0 141 56 2043
1350 19 1485 0 37 7 2044
1350 41 1486 0 105 42 2045
1350 24 1486 0 125 90 2046
1350 6 1487 0 122 58 2047
1350 7 1485 0 103 22 2048
1350 23 1485 0 109 36 2049
1350 22 1486 0 10 193 2050
1350 16 1488 0 182 79 2051
1350 25 1487 0 118 4 2052
1350 10 1486 0 113 13 2053
1350 5 1488 0 166 118 2054
1350 43 1484 0 164 40 2055
1356 51 4341 1 122 58 2056
1359 51 4345 1 110 114 2057
1365 3 1501 0 72 131 2058
1365 14 1502 0 13 75 2059
1365 13 1500 0 52 37 2060
1365 27 1502 0 72 194 2061
1365 6 1503 0 61 4 2062
1365 5 1502 0 127 27 2063
1365 25 1500 0 118 4 2064
1365 12 1500 0 113 13 2065
1365 22 1501 0 123 1 2066
1365 4 1500 0 110 114 2067
1365 24 1501 0 102 36 2068
1365 7 1499 0 108 31 2069
1378 102 4366 1 10 193 2070
1380 19 1516 0 120 146 2071
1380 41 1518 0 164 40 2072
1380 6 1515 0 128 40 2073
1380 22 1516 0 194 169 2074
1380 34 1517 0 105 42 2075
1380 3 1518 0 128 23 2076
1380 12 1515 0 103 22 2077
1380 12 1516 0 99 1 2078
1380 7 1516 0 101 26 2079
1380 25 1516 0 188 80 2080
1380 3 1517 0 122 58 2081
1380 4 1515 0 66 169 2082
1380 18 1515 0 137 49 2083
1380 8 1517 0 133 152 2084
1380 15 1517 0 13 75 2085
1380 23 1515 0 142 143 2086
1380 7 1515 0 113 13 2087
1380 11 1516 0 173 171 2088
1380 10 1517 0 162 78 2089
1380 16 1518 0 123 1 2090
1395 8 1531 0 113 13 2091
1395 23 1529 0 194 169 2092
1395 34 1531 0 105 42 2093
1395 17 1530 0 102 36 2094
1395 10 1530 0 138 36 2095
1395 17 1531 0 29 60 2096
1395 8 1531 0 108 31 2097
1395 10 1529 0 146 159 2098
1395 19 1530 0 52 37 2099
1395 17 1533 0 185 66 2100
1395 3 1531 0 117 1 2101
1395 4 1534 0 109 56 2102
1395 7 1532 0 95 77 2103
1395 7 1532 0 148 56 2104
1395 5 1533 0 63 134 2105
1395 6 1530 0 128 23 2106
1395 23 1533 0 137 49 2107
1395 12 1531 0 103 22 2108
1395 16 1531 0 102 59 2109
1395 6 1530 0 101 26 2110
1395 21 1531 0 142 143 2111
1395 4 1530 0 128 55 2112
1395 7 1532 0 57 122 2113
1395 5 1532 0 127 27 2114
1401 72 4386 1 164 40 2115
1410 15 1545 0 109 36 2116
1410 4 1547 0 128 40 2117
1410 4 1545 0 72 131 2118
1410 4 1546 0 150 43 2119
1410 20 1545 0 63 86 2120
1410 5 1546 0 110 114 2121
1410 6 1543 0 173 171 2122
1410 3 1546 0 127 27 2123
1410 13 1546 0 120 146 2124
1410 20 1547 0 118 4 2125
1410 4 1546 0 109 56 2126
1410 7 1544 0 162 78 2127
1410 6 1546 0 66 134 2128
1410 6 1546 0 128 55 2129
1410 7 1545 0 103 22 2130
1410 12 1547 0 101 26 2131
1410 30 1545 0 105 42 2132
1410 16 1546 0 52 37 2133
1410 34 1546 0 72 194 2134
1410 7 1545 0 113 13 2135
1410 6 1546 0 108 31 2136
1414 73 4399 1 141 56 2137
1425 11 1561 0 108 31 2138
1425 6 1560 0 66 134 2139
1425 23 1561 0 182 79 2140
1425 36 1559 0 194 113 2141
1425 3 1561 0 128 23 2142
1425 5 1561 0 166 118 2143
1425 12 1563 0 10 193 2144
1425 3 1562 0 122 58 2145
1425 8 1561 0 103 22 2146
1425 11 1562 0 148 56 2147
1425 8 1563 0 67 20 2148
1425 3 1561 0 40 105 2149
1425 6 1560 0 63 134 2150
1425 15 1562 0 185 66 2151
1425 41 1561 0 72 194 2152
1425 5 1562 0 141 56 2153
1436 39 4423 1 117 1 2154
1440 12 1578 0 113 13 2155
1440 12 1576 0 179 186 2156
1440 13 1579 0 93 51 2157
1440 16 1575 0 185 66 2158
1440 6 1573 0 138 36 2159
1440 11 1577 0 103 22 2160
1440 5 1578 0 128 40 2161
1440 3 1574 0 150 43 2162
1440 4 1574 0 100 167 2163
1440 5 1575 0 61 4 2164
1440 4 1577 0 110 114 2165
1440 6 1576 0 128 23 2166
1440 16 1575 0 137 49 2167
1440 10 1574 0 103 1 2168
1440 12 1575 0 148 56 2169
1440 5 1578 0 122 58 2170
1440 24 1575 0 109 36 2171
1440 17 1576 0 18 115 2172
1440 20 1577 0 194 169 2173
1440 29 1577 0 155 79 2174
1440 34 1574 0 105 42 2175
1440 6 1576 0 92 2 2176
1440 9 1577 0 67 20 2177
1455 14 1593 0 123 1 2178
1455 5 1592 0 61 4 2179
1455 5 1590 0 66 169 2180
1455 14 1592 0 137 49 2181
1455 12 1592 0 179 186 2182
1455 12 1593 0 148 56 2183
1455 3 1591 0 127 27 2184
1455 12 1590 0 95 77 2185
1455 45 1590 0 72 194 2186
1455 5 1592 0 146 119 2187
1455 41 1590 0 105 42 2188
1455 3 1590 0 122 58 2189
1455 3 1591 0 66 134 2190
1455 3 1591 0 128 55 2191
1455 13 1592 0 37 7 2192
1455 9 1590 0 94 1 2193
1455 16 1592 0 63 86 2194
1455 6 1591 0 128 23 2195
1455 9 1592 0 138 36 2196
1455 5 1591 0 15 4 2197
1455 8 1594 0 156 90 2198
1455 3 1590 0 109 56 2199
1455 3 1590 0 40 105 2200
1455 16 1591 0 102 36 2201
1455 26 1590 0 198 85 2202
1455 12 1591 0 93 51 2203
1455 3 1590 0 128 40 2204
1455 6 1591 0 40 59 2205
1455 5 1590 0 78 150 2206
1455 8 1592 0 103 22 2207
1457 74 4443 1 148 56 2208
1460 39 4447 1 137 49 2209
1465 74 4452 1 72 131 2210
1470 13 1605 0 102 36 2211
1470 8 1606 0 113 13 2212
1470 12 1605 0 25 122 2213
1470 12 1605 0 101 26 2214
1470 4 1607 0 166 118 2215
1470 11 1605 0 103 22 2216
1470 29 1607 0 72 194 2217
1470 39 1606 0 15 186 2218
1470 12 1606 0 118 4 2219
1470 3 1606 0 109 56 2220
1470 6 1607 0 127 27 2221
1470 8 1609 0 95 77 2222
1470 23 1606 0 137 49 2223
1470 6 1605 0 128 40 2224
1470 42 1605 0 105 42 2225
1470 4 1606 0 117 1 2226
1473 154 4458 1 99 1 2227
1485 10 1620 0 113 13 2228
1485 12 1621 0 94 1 2229
1485 5 1622 0 61 4 2230
1485 13 1619 0 185 66 2231
1485 9 1620 0 101 26 2232
1485 6 1620 0 40 105 2233
1485 5 1621 0 66 169 2234
1485 24 1621 0 102 59 2235
1485 4 1622 0 63 134 2236
1485 26 1620 0 164 40 2237
1485 8 1623 0 95 77 2238
1485 5 1621 0 92 2 2239
1485 5 1622 0 166 118 2240
1485 25 1622 0 118 4 2241
1485 3 1620 0 122 58 2242
1485 23 1620 0 10 193 2243
1485 4 1621 0 128 55 2244
1485 16 1621 0 20 47 2245
1485 14 1621 0 125 90 2246
1485 41 1620 0 155 122 2247
1485 3 1622 0 128 23 2248
1499 75 4484 1 166 118 2249
1500 23 1635 0 102 59 2250
1500 18 1637 0 102 36 2251
1500 11 1635 0 156 90 2252
1500 6 1634 0 128 55 2253
1500 14 1637 0 123 1 2254
1500 8 1636 0 103 1 2255
1500 3 1637 0 178 113 2256
1500 7 1635 0 95 77 2257
1500 4 1636 0 150 43 2258
1500 8 1636 0 133 152 2259
1500 6 1636 0 173 171 2260
1500 6 1637 0 57 122 2261
1500 42 1637 0 15 186 2262
1500 8 1637 0 108 31 2263
1507 187 4492 1 29 60 2264
1515 28 1652 0 198 85 2265
1515 8 1655 0 108 58 2266
1515 5 1653 0 61 4 2267
1515 3 1652 0 127 27 2268
1515 8 1652 0 57 122 2269
1515 12 1653 0 113 13 2270
1515 4 1651 0 109 56 2271
1515 18 1651 0 93 51 2272
1515 8 1653 0 103 22 2273
1515 6 1649 0 138 36 2274
1515 6 1649 0 40 105 2275
1515 17 1650 0 99 1 2276
1515 19 1652 0 182 79 2277
1515 7 1652 0 94 1 2278
1515 16 1651 0 18 115 2279
1515 20 1652 0 120 146 2280
1515 4 1654 0 122 58 2281
1516 60 4503 1 37 7 2282
1530 6 1664 0 109 56 2283
1530 18 1665 0 123 1 2284
1530 5 1663 0 150 43 2285
1530 6 1667 0 92 2 2286
1530 20 1663 0 93 51 2287
1530 44 1667 0 105 42 2288
1530 29 1666 0 2 3 2289
1530 18 1666 0 99 1 2290
1530 5 1667 0 15 4 2291
1530 8 1665 0 173 171 2292
1530 73 4517 1 52 37 2293
1530 3 1664 0 128 23 2294
1530 7 1666 0 148 56 2295
1530 5 1665 0 128 55 2296
1530 5 1666 0 66 134 2297
1530 15 1666 0 102 59 2298
1530 18 1662 0 20 47 2299
1530 30 1666 0 15 186 2300
1530 9 1666 0 103 22 2301
1530 45 1666 0 155 122 2302
1530 12 1667 0 101 26 2303
1530 39 1665 0 198 85 2304
1530 12 1665 0 52 37 2305
1545 18 1682 0 109 36 2306
1545 7 1681 0 148 56 2307
1545 17 1682 0 18 115 2308
1545 5 1683 0 110 114 2309
1545 3 1679 0 178 113 2310
1545 11 1681 0 103 1 2311
1545 37 1682 0 24 183 2312
1545 30 1680 0 164 40 2313
1545 23 1679 0 185 66 2314
1545 16 1682 0 137 49 2315
1545 3 1681 0 15 4 2316
1545 8 1680 0 146 159 2317
1545 19 1682 0 102 36 2318
1545 36 1680 0 2 3 2319
1545 34 1682 0 7 35 2320
1545 12 1682 0 52 37 2321
1545 25 1681 0 93 51 2322
1545 4 1682 0 109 56 2323
1545 4 1683 0 66 169 2324
1545 11 1682 0 67 20 2325
1545 4 1681 0 117 1 2326
1545 8 1682 0 57 122 2327
1545 6 1682 0 146 119 2328
1545 35 1680 0 155 122 2329
1545 40 1682 0 15 186 2330
1551 89 4536 1 120 146 2331
1553 36 4539 1 101 26 2332
1560 43 1695 0 24 183 2333
1560 6 1696 0 146 119 2334
1560 3 1696 0 55 108 2335
1560 10 1696 0 101 26 2336
1560 13 1695 0 93 51 2337
1560 14 1695 0 123 1 2338
1560 4 1695 0 161 34 2339
1560 6 1695 0 92 2 2340
1560 6 1695 0 127 27 2341
1560 5 1696 0 128 23 2342
1560 3 1695 0 15 4 2343
1560 8 1697 0 156 90 2344
1560 7 1696 0 133 152 2345
1560 6 1697 0 178 113 2346
1560 4 1693 0 109 56 2347
1560 21 1695 0 109 36 2348
1560 4 1697 0 40 105 2349
1560 5 1695 0 150 43 2350
1560 7 1696 0 138 36 2351
1575 9 1710 0 179 186 2352
1575 25 1708 0 137 49 2353
1575 15 1709 0 18 115 2354
1575 17 1711 0 13 75 2355
1575 5 1710 0 66 169 2356
1575 6 1713 0 110 114 2357
1575 6 1712 0 101 26 2358
1575 5 1710 0 122 58 2359
1575 10 1710 0 103 22 2360
1575 6 1708 0 89 137 2361
1575 7 1710 0 156 90 2362
1575 5 1709 0 117 1 2363
1575 12 1710 0 182 79 2364
1575 5 1709 0 61 4 2365
1575 25 1712 0 164 40 2366
1575 19 1713 0 102 36 2367
1575 15 1709 0 10 193 2368
1575 22 1710 0 37 7 2369
1575 10 1712 0 25 122 2370
1575 19 1712 0 109 36 2371
1590 6 1726 0 109 56 2372
1590 37 1726 0 155 122 2373
1590 45 1727 0 188 80 2374
1590 28 1725 0 2 3 2375
1590 6 1729 0 113 13 2376
1590 38 1725 0 105 42 2377
1590 7 1725 0 138 36 2378
1590 29 1725 0 24 183 2379
1590 4 1724 0 117 1 2380
1590 4 1725 0 128 40 2381
1590 9 1726 0 94 1 2382
1590 6 1725 0 92 2 2383
1590 37 1727 0 164 40 2384
1590 31 1727 0 72 194 2385
1590 10 1724 0 108 31 2386
1590 3 1726 0 127 27 2387
1590 15 1728 0 118 4 2388
1590 22 1725 0 102 59 2389
1590 15 1725 0 13 75 2390
1590 24 1726 0 18 115 2391
1590 12 1727 0 57 122 2392
1590 8 1727 0 108 58 2393
1597 78 4582 1 179 186 2394
1605 30 1741 0 105 42 2395
1605 7 1742 0 57 122 2396
1605 5 1742 0 127 27 2397
1605 3 1742 0 15 4 2398
1605 44 1739 0 198 85 2399
1605 16 1742 0 52 37 2400
1605 12 1741 0 173 171 2401
1605 3 1742 0 141 56 2402
1605 16 1740 0 37 7 2403
1605 5 1741 0 166 118 2404
1605 160 4592 1 150 43 2405
1605 43 1739 0 24 183 2406
1605 12 1743 0 118 4 2407
1605 3 1740 0 128 55 2408
1605 11 1741 0 138 36 2409
1605 7 1738 0 103 22 2410
1605 23 1740 0 182 79 2411
1605 4 1741 0 63 134 2412
1605 4 1743 0 122 58 2413
1605 4 1740 0 92 2 2414
1605 4 1741 0 128 23 2415
1605 4 1740 0 161 34 2416
1605 11 1742 0 113 13 2417
1605 7 1743 0 94 1 2418
1605 18 1739 0 102 59 2419
1605 23 1740 0 123 1 2420
1605 25 1740 0 20 47 2421
1620 23 1756 0 13 75 2422
1620 12 1755 0 102 36 2423
1620 6 1757 0 128 23 2424
1620 35 1756 0 198 85 2425
1620 17 1758 0 125 90 2426
1620 11 1756 0 133 152 2427
1620 3 1754 0 109 56 2428
1620 4 1758 0 72 131 2429
1620 20 1756 0 109 36 2430
1620 3 1755 0 110 114 2431
1620 23 1756 0 137 49 2432
1620 16 1756 0 18 115 2433
1620 5 1755 0 89 137 2434
1620 5 1756 0 128 40 2435
1620 42 1756 0 155 122 2436
1620 6 1756 0 122 58 2437
1620 10 1755 0 101 26 2438
1620 39 1755 0 188 80 2439
1620 3 1755 0 128 55 2440
1620 5 1755 0 146 119 2441
1620 3 1758 0 166 118 2442
1620 20 1756 0 10 193 2443
1620 27 1758 0 155 79 2444
1620 5 1756 0 15 4 2445
1620 3 1755 0 66 134 2446
1620 38 1755 0 2 3 2447
1620 11 1754 0 146 159 2448
1628 78 4612 1 63 86 2449
1635 12 1772 0 182 79 2450
1635 5 1770 0 89 137 2451
1635 4 1770 0 92 2 2452
1635 36 1770 0 155 122 2453
1635 18 1773 0 185 66 2454
1635 6 1771 0 109 56 2455
1635 5 1771 0 166 118 2456
1635 9 1772 0 138 36 2457
1635 6 1768 0 127 27 2458
1635 6 1770 0 117 1 2459
1635 16 1770 0 118 4 2460
1635 10 1772 0 57 122 2461
1635 21 1772 0 37 7 2462
1635 3 1772 0 122 58 2463
1635 7 1772 0 108 31 2464
1635 25 1770 0 109 36 2465
1635 6 1772 0 113 13 2466
1635 25 1770 0 142 143 2467
1635 12 1771 0 173 171 2468
1635 8 1769 0 133 152 2469
1635 6 1771 0 128 40 2470
1635 17 1771 0 123 1 2471
1648 57 4633 1 2 3 2472
1650 10 1788 0 148 56 2473
1650 24 1788 0 123 1 2474
1650 4 1785 0 161 34 2475
1650 8 1786 0 101 26 2476
1650 12 1786 0 179 186 2477
1650 30 1786 0 15 186 2478
1650 4 1787 0 146 119 2479
1650 17 1787 0 182 79 2480
1650 25 1786 0 155 79 2481
1650 5 1787 0 109 56 2482
1650 7 1784 0 57 122 2483
1650 28 1785 0 105 42 2484
1650 5 1786 0 89 137 2485
1650 16 1786 0 137 49 2486
1650 3 1788 0 63 134 2487
1650 34 1785 0 72 194 2488
1650 13 1785 0 102 36 2489
1650 9 1786 0 138 36 2490
1650 11 1785 0 113 13 2491
1650 4 1788 0 178 113 2492
1650 6 1786 0 162 78 2493
1650 4 1787 0 128 23 2494
1650 24 1785 0 99 1 2495
1650 6 1784 0 127 27 2496
1650 9 1785 0 146 159 2497
1650 31 1787 0 7 35 2498
1650 23 1785 0 52 37 2499
1650 26 1789 0 194 113 2500
1665 29 1803 0 198 85 2501
1665 3 1800 0 78 150 2502
1665 3 1801 0 128 40 2503
1665 30 1802 0 155 122 2504
1665 4 1801 0 40 59 2505
1665 6 1803 0 109 56 2506
1665 7 1801 0 103 1 2507
1665 15 1802 0 120 146 2508
1665 14 1801 0 123 1 2509
1665 5 1802 0 89 137 2510
1665 13 1800 0 109 36 2511
1665 5 1803 0 178 113 2512
1665 6 1801 0 128 55 2513
1665 16 1802 0 63 86 2514
1665 29 1802 0 194 113 2515
1665 17 1801 0 99 1 2516
1665 6 1804 0 128 23 2517
1665 21 1800 0 13 75 2518
1665 7 1801 0 113 13 2519
1665 4 1803 0 150 43 2520
1665 24 1801 0 137 49 2521
1665 7 1801 0 148 56 2522
1665 24 1799 0 29 60 2523
1665 6 1801 0 138 36 2524
1665 13 1803 0 185 66 2525
1680 26 1816 0 198 85 2526
1680 5 1816 0 63 134 2527
1680 10 1817 0 95 77 2528
1680 3 1817 0 161 34 2529
1680 10 1815 0 108 31 2530
1680 5 1815 0 166 118 2531
1680 32 1814 0 155 122 2532
1680 41 4665 1 109 36 2533
1680 3 1817 0 110 114 2534
1680 23 1814 0 18 115 2535
1680 6 1816 0 122 58 2536
1680 36 1815 0 105 42 2537
1680 9 1815 0 148 56 2538
1680 4 1816 0 15 4 2539
1680 6 1816 0 113 13 2540
1680 22 1815 0 93 51 2541
1680 12 1815 0 29 60 2542
1680 4 1817 0 117 1 2543
1682 34 4670 1 113 13 2544
1683 78 4671 1 185 66 2545
1695 8 1828 0 57 122 2546
1695 9 1829 0 25 122 2547
1695 5 1831 0 128 40 2548
1695 3 1831 0 109 56 2549
1695 5 1833 0 161 34 2550
1695 8 1829 0 179 186 2551
1695 6 1829 0 127 27 2552
1695 25 1830 0 137 49 2553
1695 10 1831 0 95 77 2554
1695 8 1834 0 162 78 2555
1695 6 1831 0 178 113 2556
1695 11 1831 0 108 31 2557
1695 10 1832 0 103 1 2558
1695 17 1831 0 123 1 2559
1695 3 1829 0 122 58 2560
1695 3 1834 0 128 55 2561
1695 37 1833 0 24 183 2562
1695 3 1829 0 141 56 2563
1695 4 1832 0 128 23 2564
1695 4 1831 0 40 105 2565
1695 24 1830 0 52 37 2566
1695 4 1831 0 100 167 2567
1695 4 1831 0 166 118 2568
1695 10 1830 0 148 56 2569
1695 6 1832 0 103 22 2570
1699 53 4685 1 15 4 2571
1710 19 1845 0 102 36 2572
1710 24 1846 0 99 1 2573
1710 25 1847 0 102 59 2574
1710 15 1845 0 137 49 2575
1710 29 1848 0 194 113 2576
1710 4 1846 0 128 23 2577
1710 6 1844 0 109 56 2578
1710 11 1847 0 133 152 2579
1710 5 1843 0 78 150 2580
1710 12 1846 0 52 37 2581
1710 6 1846 0 146 119 2582
1710 5 1848 0 178 113 2583
1710 39 1845 0 105 42 2584
1710 22 1847 0 185 66 2585
1710 5 1846 0 127 27 2586
1710 20 1845 0 18 115 2587
1710 4 1847 0 55 108 2588
1710 6 1845 0 40 59 2589
1710 28 1848 0 188 80 2590
1710 23 1846 0 123 1 2591
1710 10 1846 0 108 31 2592
1710 40 1846 0 198 85 2593
1710 6 1846 0 117 1 2594
1710 17 1846 0 118 4 2595
1715 51 4701 1 125 90 2596
1725 3 1860 0 161 34 2597
1725 37 1859 0 105 42 2598
1725 18 1863 0 10 193 2599
1725 5 1860 0 146 119 2600
1725 6 1861 0 166 118 2601
1725 14 1862 0 109 36 2602
1725 6 1860 0 128 55 2603
1725 19 1862 0 13 75 2604
1725 42 1860 0 155 79 2605
1725 5 1863 0 178 113 2606
1725 25 1860 0 118 4 2607
1725 6 1863 0 63 134 2608
1725 4 1860 0 117 1 2609
1725 34 1860 0 7 35 2610
1725 22 1861 0 93 51 2611
1725 18 1859 0 194 169 2612
1725 6 1863 0 66 134 2613
1725 13 1860 0 182 79 2614
1725 6 1861 0 150 43 2615
1725 11 1861 0 133 152 2616
1725 10 1861 0 113 13 2617
1725 4 1862 0 128 23 2618
1725 28 1861 0 24 183 2619
1725 4 1860 0 15 4 2620
1725 12 1862 0 138 36 2621
1738 86 4724 1 194 169 2622
1738 76 4724 1 108 58 2623
1740 6 1876 0 72 131 2624
1740 12 1876 0 137 49 2625
1740 4 1877 0 178 113 2626
1740 7 1875 0 148 56 2627
1740 10 1875 0 156 90 2628
1740 24 1876 0 18 115 2629
1740 7 1876 0 103 22 2630
1740 12 1875 0 95 77 2631
1740 23 1876 0 182 79 2632
1740 5 1877 0 110 114 2633
1740 4 1876 0 100 167 2634
1740 12 1875 0 138 36 2635
1740 7 1876 0 173 171 2636
1740 41 1876 0 194 113 2637
1740 3 1877 0 128 55 2638
1740 25 1877 0 102 36 2639
1740 3 1876 0 122 58 2640
1740 42 1876 0 164 40 2641
1740 22 1877 0 123 1 2642
1740 9 1876 0 162 78 2643
1740 22 1876 0 13 75 2644
1740 7 1876 0 101 26 2645
1740 20 1877 0 118 4 2646
1740 12 1876 0 113 13 2647
1740 20 1875 0 142 143 2648
1740 3 1878 0 109 56 2649
1746 76 4732 1 66 134 2650
1755 16 1887 0 10 193 2651
1755 30 1889 0 155 79 2652
1755 12 1890 0 162 78 2653
1755 19 1891 0 123 1 2654
1755 3 1892 0 78 150 2655
1755 20 1891 0 142 143 2656
1755 7 1891 0 156 90 2657
1755 11 1891 0 138 36 2658
1755 7 1891 0 103 22 2659
1755 13 1892 0 93 51 2660
1755 3 1892 0 128 40 2661
1755 8 1891 0 101 26 2662
1755 9 1890 0 94 1 2663
1755 8 1891 0 108 31 2664
1755 14 1891 0 118 4 2665
1755 7 1891 0 173 171 2666
1755 28 1891 0 72 194 2667
1755 3 1890 0 109 56 2668
1760 64 4746 1 178 113 2669
1770 24 1907 0 29 60 2670
1770 19 1906 0 120 146 2671
1770 31 1906 0 72 194 2672
1770 7 1905 0 113 13 2673
1770 6 1906 0 109 56 2674
1770 6 1908 0 100 167 2675
1770 25 1908 0 182 79 2676
1770 3 1907 0 128 40 2677
1770 38 1907 0 194 113 2678
1770 5 1903 0 66 134 2679
1770 7 1906 0 103 22 2680
1770 4 1905 0 128 55 2681
1770 11 1905 0 179 186 2682
1770 15 1906 0 93 51 2683
1770 12 1908 0 102 36 2684
1770 16 1906 0 194 169 2685
1770 22 1905 0 109 36 2686
1770 6 1905 0 55 108 2687
1770 30 1906 0 7 35 2688
1770 16 1906 0 125 90 2689
1770 11 1905 0 162 78 2690
1770 21 1904 0 137 49 2691
1770 8 1906 0 101 26 2692
1779 30 4763 1 120 146 2693
1785 3 1922 0 128 40 2694
1785 40 1922 0 155 122 2695
1785 6 1920 0 122 58 2696
1785 23 1921 0 109 36 2697
1785 23 1921 0 137 49 2698
1785 19 1920 0 102 36 2699
1785 9 1920 0 146 159 2700
1785 3 1922 0 109 56 2701
1785 3 1919 0 128 55 2702
1785 4 1922 0 61 4 2703
1785 30 1923 0 194 113 2704
1785 3 1919 0 89 137 2705
1785 9 1923 0 179 186 2706
1785 10 1922 0 103 22 2707
1785 10 1922 0 108 58 2708
1785 34 1923 0 15 186 2709
1785 7 1920 0 138 36 2710
1785 6 1921 0 25 122 2711
1785 3 1921 0 128 23 2712
1785 6 1921 0 15 4 2713
1800 17 1935 0 63 86 2714
1800 3 1936 0 110 114 2715
1800 3 1936 0 127 27 2716
1800 11 1938 0 148 56 2717
1800 37 1935 0 155 122 2718
1800 15 1935 0 137 49 2719
1800 11 1936 0 173 171 2720
1800 5 1937 0 100 167 2721
1800 12 1937 0 133 152 2722
1800 5 1936 0 128 40 2723
1800 20 1937 0 20 47 2724
1800 6 1938 0 166 118 2725
1800 3 1935 0 146 119 2726
1800 6 1935 0 109 56 2727
1800 24 1937 0 123 1 2728
1800 6 1938 0 117 1 2729
1800 21 1935 0 29 60 2730
1800 25 1934 0 194 169 2731
1800 5 1936 0 128 23 2732
1800 7 1937 0 108 31 2733
1800 4 1936 0 66 134 2734
1800 3 1934 0 161 34 2735
1800 19 1937 0 102 36 2736
1815 10 1951 0 101 26 2737
1815 5 1951 0 150 43 2738
1815 8 1950 0 103 22 2739
1815 5 1949 0 128 23 2740
1815 22 1949 0 10 193 2741
1815 11 1950 0 57 122 2742
1815 3 1949 0 122 58 2743
1815 6 1952 0 173 171 2744
1815 26 1952 0 155 122 2745
1815 35 1952 0 198 85 2746
1815 3 1950 0 109 56 2747
1815 3 1950 0 161 34 2748
1815 4 1949 0 72 131 2749
1815 6 1949 0 108 31 2750
1815 22 1949 0 120 146 2751
1815 3 1949 0 128 55 2752
1815 7 1952 0 156 90 2753
1815 10 1950 0 138 36 2754
1815 16 1951 0 142 143 2755
1815 15 1951 0 137 49 2756
1820 35 4805 1 92 2 2757
1830 12 1963 0 123 1 2758
1830 6 1965 0 66 169 2759
1830 11 1965 0 57 122 2760
1830 5 1966 0 128 40 2761
1830 6 1967 0 122 58 2762
1830 24 1967 0 102 59 2763
1830 23 1965 0 10 193 2764
1830 19 1967 0 118 4 2765
1830 16 1965 0 185 66 2766
1830 22 1966 0 52 37 2767
1830 37 1966 0 2 3 2768
1830 32 1966 0 105 42 2769
1830 30 1967 0 155 79 2770
1830 12 1966 0 63 86 2771
1830 3 1967 0 40 59 2772
1830 41 1966 0 7 35 2773
1830 12 1966 0 179 186 2774
1830 7 1967 0 148 56 2775
1830 11 1966 0 103 22 2776
1830 3 1966 0 40 105 2777
1836 31 4821 1 24 183 2778
1845 24 1981 0 102 36 2779
1845 6 1981 0 110 114 2780
1845 12 1980 0 118 4 2781
1845 8 1982 0 108 58 2782
1845 5 1978 0 128 40 2783
1845 19 1982 0 20 47 2784
1845 5 1980 0 128 55 2785
1845 5 1981 0 127 27 2786
1845 10 1983 0 156 90 2787
1845 3 1983 0 78 150 2788
1845 6 1982 0 146 119 2789
1845 35 1980 0 105 42 2790
1845 25 1981 0 137 49 2791
1845 34 1980 0 198 85 2792
1845 14 1980 0 125 90 2793
1845 12 1980 0 94 1 2794
1845 23 1983 0 18 115 2795
1845 8 1982 0 113 13 2796
1845 3 1982 0 150 43 2797
1845 3 1979 0 66 134 2798
1845 8 1982 0 101 26 2799
1845 4 1982 0 92 2 2800
1845 8 1982 0 148 56 2801
1845 6 1979 0 57 122 2802
1860 12 1997 0 18 115 2803
1860 6 1998 0 110 114 2804
1860 5 1997 0 40 105 2805
1860 12 1996 0 156 90 2806
1860 20 1997 0 102 36 2807
1860 44 1996 0 15 186 2808
1860 22 1997 0 13 75 2809
1860 21 1997 0 63 86 2810
1860 24 1998 0 10 193 2811
1860 36 1998 0 2 3 2812
1860 24 1995 0 29 60 2813
1860 22 1996 0 109 36 2814
1860 11 1998 0 67 20 2815
1860 9 1994 0 113 13 2816
1860 10 1996 0 179 186 2817
1860 5 1994 0 141 56 2818
1860 3 1997 0 92 2 2819
1860 16 1997 0 125 90 2820
1860 4 1997 0 122 58 2821
1860 19 1998 0 93 51 2822
1860 9 1996 0 108 31 2823
1870 75 4859 1 194 169 2824
1875 12 2013 0 123 1 2825
1875 7 2011 0 103 22 2826
1875 14 2013 0 102 59 2827
1875 45 2009 0 105 42 2828
1875 3 2011 0 117 1 2829
1875 18 2009 0 37 7 2830
1875 5 2011 0 61 4 2831
1875 6 2010 0 141 56 2832
1875 5 2013 0 128 23 2833
1875 30 2010 0 2 3 2834
1875 5 2010 0 128 55 2835
1875 3 2010 0 146 119 2836
1875 14 2013 0 52 37 2837
1875 4 2012 0 66 169 2838
1876 54 4860 1 7 35 2839
1882 30 4868 1 102 36 2840
1888 32 4875 1 100 167 2841
1890 4 2028 0 161 34 2842
1890 3 2025 0 117 1 2843
1890 11 2026 0 156 90 2844
1890 20 2027 0 182 79 2845
1890 31 2026 0 24 183 2846
1890 15 2025 0 109 36 2847
1890 6 2026 0 25 122 2848
1890 6 2024 0 127 27 2849
1890 6 2028 0 101 26 2850
1890 12 2027 0 113 13 2851
1890 19 2027 0 123 1 2852
1890 12 2026 0 103 1 2853
1890 44 2024 0 198 85 2854
1890 6 2025 0 166 118 2855
1890 24 2027 0 137 49 2856
1890 9 2025 0 148 56 2857
1890 6 2026 0 128 40 2858
1890 4 2028 0 109 56 2859
1890 5 2027 0 100 167 2860
1895 54 4879 1 99 1 2861
1905 11 2043 0 133 152 2862
1905 3 2042 0 128 55 2863
1905 11 2041 0 101 26 2864
1905 6 2042 0 127 27 2865
1905 3 2042 0 122 58 2866
1905 3 2042 0 55 108 2867
1905 12 2042 0 113 13 2868
1905 6 2040 0 128 23 2869
1905 13 2043 0 10 193 2870
1905 30 2040 0 2 3 2871
1905 7 2041 0 138 36 2872
1905 19 2041 0 123 1 2873
1905 6 2041 0 109 56 2874
1905 40 2040 0 164 40 2875
1905 6 2041 0 108 31 2876
1905 39 2041 0 198 85 2877
1905 10 2041 0 156 90 2878
1905 20 2040 0 137 49 2879
1905 17 2041 0 142 143 2880
1905 8 2041 0 179 186 2881
1905 4 2039 0 92 2 2882
1905 4 2043 0 110 114 2883
1905 22 2041 0 118 4 2884
1905 17 2039 0 194 169 2885
1905 4 2041 0 146 119 2886
1905 6 2041 0 72 131 2887
1911 66 4898 1 150 43 2888
1916 71 4901 1 10 193 2889
1920 9 2055 0 148 56 2890
1920 14 2056 0 99 1 2891
1920 24 2056 0 93 51 2892
1920 29 2056 0 24 183 2893
1920 5 2055 0 117 1 2894
1920 18 2053 0 118 4 2895
1920 6 2056 0 161 34 2896
1920 19 2056 0 20 47 2897
1920 3 2055 0 128 40 2898
1920 37 2054 0 188 80 2899
1920 5 2056 0 146 119 2900
1920 5 2056 0 128 23 2901
1920 21 2057 0 102 36 2902
1920 5 2056 0 100 167 2903
1920 24 2056 0 10 193 2904
1920 16 2054 0 37 7 2905
1920 11 2057 0 101 26 2906
1920 45 2057 0 2 3 2907
1920 9 2053 0 138 36 2908
1920 5 2057 0 127 27 2909
1920 6 2057 0 109 56 2910
1920 8 2055 0 108 31 2911
1920 3 2056 0 128 55 2912
1920 10 2056 0 133 152 2913
1920 13 2056 0 123 1 2914
1920 6 2057 0 108 58 2915
1920 3 2058 0 66 169 2916
1920 4 2056 0 72 131 2917
1922 81 4910 1 173 171 2918
1924 55 4912 1 105 42 2919
1929 58 4916 1 156 90 2920
1935 6 2071 0 103 1 2921
1935 6 2070 0 138 36 2922
1935 16 2069 0 137 49 2923
1935 27 2070 0 188 80 2924
1935 3 2070 0 161 34 2925
1935 4 2071 0 66 134 2926
1935 7 2072 0 108 58 2927
1935 8 2071 0 101 26 2928
1935 3 2069 0 141 56 2929
1935 4 2071 0 128 23 2930
1935 7 2070 0 162 78 2931
1935 7 2071 0 103 22 2932
1935 21 2073 0 18 115 2933
1935 6 2070 0 89 137 2934
1935 11 2071 0 179 186 2935
1935 6 2070 0 128 40 2936
1935 5 2071 0 127 27 2937
1935 22 2072 0 118 4 2938
1935 8 2073 0 148 56 2939
1935 10 2071 0 113 13 2940
1935 19 2071 0 37 7 2941
1935 19 2071 0 123 1 2942
1935 17 2072 0 194 169 2943
1935 6 2070 0 150 43 2944
1935 6 2070 0 117 1 2945
1935 16 2071 0 182 79 2946
1935 44 2071 0 155 122 2947
1935 6 2074 0 133 152 2948
1950 7 2086 0 95 77 2949
1950 16 2086 0 109 36 2950
1950 3 2083 0 40 105 2951
1950 7 2088 0 101 26 2952
1950 3 2083 0 109 56 2953
1950 6 2085 0 103 22 2954
1950 12 2085 0 108 31 2955
1950 14 2086 0 118 4 2956
1950 24 2086 0 63 86 2957
1950 25 2084 0 93 51 2958
1950 37 2084 0 105 42 2959
1950 12 2085 0 123 1 2960
1950 16 2085 0 125 90 2961
1950 12 2086 0 113 13 2962
1950 20 2085 0 120 146 2963
1950 6 2086 0 55 108 2964
1950 17 2087 0 185 66 2965
1950 32 2086 0 155 79 2966
1950 25 2086 0 137 49 2967
1950 5 2086 0 128 55 2968
1950 39 2086 0 155 122 2969
1950 9 2089 0 57 122 2970
1950 3 2086 0 146 119 2971
1950 12 2086 0 102 36 2972
1950 4 2086 0 128 23 2973
1950 6 2086 0 146 159 2974
1953 37 4940 1 102 59 2975
1955 68 4941 1 40 59 2976
1965 6 2101 0 150 43 2977
1965 3 2101 0 109 56 2978
1965 20 2101 0 123 1 2979
1965 22 2101 0 13 75 2980
1965 10 2101 0 101 26 2981
1965 14 2101 0 194 169 2982
1965 8 2100 0 179 186 2983
1965 3 2102 0 117 1 2984
1965 4 2102 0 146 119 2985
1965 21 2102 0 102 36 2986
1965 37 2099 0 7 35 2987
1965 36 2100 0 15 186 2988
1965 6 2101 0 128 23 2989
1965 12 2102 0 108 58 2990
1965 22 2100 0 118 4 2991
1965 5 2099 0 92 2 2992
1965 13 2101 0 10 193 2993
1965 12 2102 0 95 77 2994
1965 7 2101 0 103 22 2995
1965 19 2098 0 63 86 2996
1965 9 2101 0 67 20 2997
1965 6 2102 0 108 31 2998
1965 3 2101 0 161 34 2999
1965 12 2101 0 37 7 3000
1967 154 4953 1 156 90 3001
1980 5 2114 0 166 118 3002
1980 17 2112 0 93 51 3003
1980 12 2116 0 125 90 3004
1980 11 2115 0 148 56 3005
1980 3 2116 0 128 40 3006
1980 3 2115 0 128 55 3007
1980 22 2116 0 118 4 3008
1980 5 2116 0 122 58 3009
1980 5 2117 0 141 56 3010
1980 20 2115 0 13 75 3011
1980 8 2114 0 173 171 3012
1980 6 2118 0 117 1 3013
1980 3 2118 0 127 27 3014
1980 25 2117 0 137 49 3015
1980 45 2117 0 24 183 3016
1980 12 2114 0 123 1 3017
1980 5 2116 0 109 56 3018
1980 11 2116 0 103 22 3019
1980 10 2116 0 57 122 3020
1980 9 2117 0 179 186 3021
1980 3 2117 0 161 34 3022
1980 4 2115 0 128 23 3023
1980 3 2115 0 100 167 3024
1995 8 2132 0 108 31 3025
1995 5 2130 0 128 23 3026
1995 8 2130 0 57 122 3027
1995 17 2133 0 123 1 3028
1995 7 2132 0 138 36 3029
1995 23 2131 0 10 193 3030
1995 11 2130 0 113 13 3031
1995 4 2132 0 40 105 3032
1995 35 2132 0 7 35 3033
1995 16 2130 0 52 37 3034
1995 6 2132 0 178 113 3035
1995 6 2133 0 109 56 3036
1995 12 2130 0 94 1 3037
1995 37 2132 0 105 42 3038
1995 8 2131 0 108 58 3039
1995 7 2130 0 148 56 3040
1995 7 2132 0 67 20 3041
1995 9 2134 0 179 186 3042
1995 39 2132 0 155 79 3043
1995 22 2129 0 182 79 3044
1995 25 2130 0 15 186 3045
1995 39 2130 0 198 85 3046
1995 9 2128 0 133 152 3047
1995 23 2129 0 185 66 3048
1995 14 2129 0 102 36 3049
1995 17 2131 0 93 51 3050
1995 3 2130 0 166 118 3051
1995 5 2130 0 15 4 3052
2010 15 2146 0 18 115 3053
2010 5 2146 0 128 23 3054
2010 12 2147 0 103 1 3055
2010 18 2147 0 120 146 3056
2010 19 2148 0 102 36 3057
2010 13 2146 0 118 4 3058
2010 27 2149 0 15 186 3059
2010 12 2146 0 10 193 3060
2010 5 2147 0 122 58 3061
2010 24 2148 0 194 169 3062
2010 5 2146 0 166 118 3063
2010 26 2146 0 155 79 3064
2010 6 2145 0 146 119 3065
2010 39 2146 0 194 113 3066
2010 16 2147 0 102 59 3067
2010 4 2145 0 63 134 3068
2010 8 2146 0 101 26 3069
2010 10 2144 0 108 58 3070
2010 31 2146 0 72 194 3071
2010 15 2148 0 37 7 3072
2010 6 2147 0 127 27 3073
2010 23 2147 0 52 37 3074
2025 24 2161 0 120 146 3075
2025 4 2161 0 61 4 3076
2025 11 2162 0 173 171 3077
2025 6 2161 0 161 34 3078
2025 12 2160 0 113 13 3079
2025 5 2162 0 141 56 3080
2025 7 2162 0 67 20 3081
2025 16 2161 0 102 36 3082
2025 5 2161 0 166 118 3083
2025 30 2161 0 155 122 3084
2025 40 2160 0 198 85 3085
2025 9 2161 0 138 36 3086
2025 22 2161 0 137 49 3087
2025 6 2161 0 179 186 3088
2025 6 2159 0 63 134 3089
2025 35 2161 0 72 194 3090
2025 6 2160 0 103 22 3091
2025 6 2160 0 101 26 3092
2025 12 2162 0 103 1 3093
2025 21 2159 0 52 37 3094
2025 20 2161 0 182 79 3095
2025 22 2162 0 63 86 3096
2025 7 2162 0 146 159 3097
2025 5 2161 0 40 59 3098
2040 16 2178 0 185 66 3099
2040 8 2176 0 173 171 3100
2040 9 2176 0 25 122 3101
2040 22 2174 0 10 193 3102
2040 43 2176 0 198 85 3103
2040 23 2177 0 99 1 3104
2040 4 2174 0 161 34 3105
2040 11 2175 0 103 22 3106
2040 9 2177 0 108 31 3107
2040 5 2177 0 66 134 3108
2040 5 2177 0 55 108 3109
2040 4 2175 0 128 55 3110
2040 21 2177 0 137 49 3111
2040 6 2178 0 110 114 3112
2040 12 2177 0 118 4 3113
2040 3 2175 0 122 58 3114
2040 33 2176 0 194 113 3115
2040 12 2176 0 123 1 3116
2040 3 2176 0 109 56 3117
2040 25 2176 0 109 36 3118
2040 6 2176 0 128 40 3119
2040 15 2176 0 29 60 3120
2055 3 2190 0 109 56 3121
2055 45 2192 0 15 186 3122
2055 6 2192 0 66 134 3123
2055 43 2191 0 72 194 3124
2055 6 2190 0 127 27 3125
2055 45 2190 0 188 80 3126
2055 7 2192 0 148 56 3127
2055 5 2191 0 128 40 3128
2055 29 2192 0 105 42 3129
2055 20 2192 0 137 49 3130
2055 17 2191 0 102 36 3131
2055 6 2190 0 122 58 3132
2055 7 2191 0 108 31 3133
2055 16 2191 0 93 51 3134
2055 9 2191 0 113 13 3135
2055 25 2192 0 194 113 3136
2055 4 2190 0 128 23 3137
2055 21 2191 0 123 1 3138
2055 20 2191 0 10 193 3139
2055 12 2189 0 138 36 3140
2055 41 2193 0 155 79 3141
2055 10 2192 0 108 58 3142
2055 5 2189 0 128 55 3143
2070 23 2206 0 93 51 3144
2070 5 2205 0 161 34 3145
2070 20 2207 0 123 1 3146
2070 12 2204 0 138 36 3147
2070 6 2207 0 72 131 3148
2070 6 2207 0 63 134 3149
2070 18 2207 0 10 193 3150
2070 7 2205 0 103 1 3151
2070 8 2205 0 95 77 3152
2070 6 2207 0 108 58 3153
2070 5 2207 0 122 58 3154
2070 20 2205 0 142 143 3155
2070 3 2206 0 128 55 3156
2070 24 2203 0 102 36 3157
2070 23 2208 0 37 7 3158
2070 10 2205 0 162 78 3159
2070 18 2206 0 120 146 3160
2070 5 2206 0 141 56 3161
2070 3 2207 0 66 169 3162
2070 10 2206 0 67 20 3163
2070 6 2205 0 133 152 3164
2070 12 2207 0 94 1 3165
2070 12 2206 0 137 49 3166
2070 35 2207 0 155 79 3167
2070 6 2208 0 150 43 3168
2085 7 2220 0 94 1 3169
2085 5 2220 0 100 167 3170
2085 4 2220 0 128 55 3171
2085 15 2221 0 109 36 3172
2085 6 2221 0 122 58 3173
2085 43 2221 0 105 42 3174
2085 5 2220 0 92 2 3175
2085 12 2220 0 173 171 3176
2085 41 2222 0 2 3 3177
2085 9 2222 0 57 122 3178
2085 11 2222 0 146 159 3179
2085 4 2221 0 166 118 3180
2085 4 2221 0 128 23 3181
2085 27 2221 0 194 113 3182
2085 8 2221 0 133 152 3183
2085 19 2223 0 182 79 3184
2085 7 2220 0 113 13 3185
2094 193 5082 1 155 79 3186
2100 17 2235 0 118 4 3187
2100 12 2236 0 125 90 3188
2100 24 2237 0 10 193 3189
2100 14 2236 0 123 1 3190
2100 23 2236 0 93 51 3191
2100 4 2236 0 92 2 3192
2100 23 2234 0 109 36 3193
2100 18 2236 0 37 7 3194
2100 29 2234 0 105 42 3195
2100 3 2234 0 127 27 3196
2100 12 2235 0 13 75 3197
2100 13 2236 0 18 115 3198
2100 9 2234 0 103 22 3199
2100 41 2234 0 188 80 3200
2100 4 2236 0 161 34 3201
2100 3 2235 0 166 118 3202
2100 18 2237 0 120 146 3203
2100 10 2236 0 57 122 3204
2100 8 2237 0 94 1 3205
2100 11 2238 0 108 31 3206
2100 5 2237 0 122 58 3207
2115 15 2251 0 102 59 3208
2115 6 2251 0 40 59 3209
2115 22 2250 0 37 7 3210
2115 3 2251 0 72 131 3211
2115 29 2250 0 164 40 3212
2115 19 2250 0 137 49 3213
2115 8 2249 0 148 56 3214
2115 31 2252 0 72 194 3215
2115 3 2250 0 109 56 3216
2115 6 2251 0 103 22 3217
2115 3 2252 0 178 113 3218
2115 16 2250 0 52 37 3219
2115 24 2251 0 109 36 3220
2115 7 2251 0 101 26 3221
2115 3 2250 0 122 58 3222
2115 4 2250 0 128 55 3223
2115 35 2251 0 7 35 3224
2115 25 2252 0 123 1 3225
2115 5 2250 0 117 1 3226
2115 9 2250 0 138 36 3227
2115 10 2252 0 113 13 3228
2115 4 2251 0 128 23 3229
2115 29 2251 0 155 122 3230
2115 24 2250 0 118 4 3231
2130 22 2265 0 185 66 3232
2130 22 2264 0 123 1 3233
2130 15 2267 0 137 49 3234
2130 6 2266 0 148 56 3235
2130 6 2266 0 113 13 3236
2130 6 2265 0 162 78 3237
2130 3 2266 0 66 134 3238
2130 6 2264 0 61 4 3239
2130 7 2268 0 108 31 3240
2130 6 2270 0 128 23 3241
2130 8 2268 0 95 77 3242
2130 19 2266 0 125 90 3243
2130 36 2266 0 155 122 3244
2130 42 2267 0 155 79 3245
2130 5 2267 0 128 55 3246
2130 12 2266 0 93 51 3247
2130 38 2264 0 188 80 3248
2130 8 2266 0 67 20 3249
2130 36 2267 0 105 42 3250
2130 22 2268 0 52 37 3251
2130 4 2267 0 127 27 3252
2130 6 2264 0 128 40 3253
2130 40 2268 0 7 35 3254
2130 3 2267 0 109 56 3255
2137 76 5122 1 161 34 3256
2145 34 2281 0 155 122 3257
2145 23 2279 0 102 59 3258
2145 5 2279 0 128 55 3259
2145 21 2283 0 120 146 3260
2145 4 2281 0 146 119 3261
2145 3 2280 0 66 134 3262
2145 21 2279 0 109 36 3263
2145 14 2280 0 118 4 3264
2145 3 2281 0 109 56 3265
2145 42 2280 0 24 183 3266
2145 23 2283 0 137 49 3267
2145 3 2281 0 78 150 3268
2145 24 2282 0 93 51 3269
2145 24 2282 0 123 1 3270
2145 3 2278 0 61 4 3271
2145 6 2283 0 72 131 3272
2145 13 2282 0 10 193 3273
2145 11 2280 0 25 122 3274
2145 23 2281 0 18 115 3275
2145 3 2280 0 141 56 3276
2145 3 2282 0 117 1 3277
2145 40 2280 0 15 186 3278
2145 3 2282 0 128 40 3279
2145 4 2283 0 166 118 3280
2145 26 2283 0 105 42 3281
2145 6 2281 0 162 78 3282
2160 5 2299 0 78 150 3283
2160 19 2296 0 142 143 3284
2160 11 2295 0 148 56 3285
2160 5 2297 0 128 55 3286
2160 12 2297 0 179 186 3287
2160 5 2296 0 15 4 3288
2160 11 2297 0 162 78 3289
2160 10 2296 0 94 1 3290
2160 6 2296 0 55 108 3291
2160 12 2296 0 108 58 3292
2160 3 2298 0 110 114 3293
2160 19 2295 0 109 36 3294
2160 27 2298 0 188 80 3295
2160 4 2296 0 146 119 3296
2160 3 2295 0 66 134 3297
2160 34 2295 0 105 42 3298
2160 31 2297 0 155 79 3299
2160 7 2296 0 101 26 3300
2160 19 2295 0 13 75 3301
2160 24 2298 0 123 1 3302
2160 10 2298 0 113 13 3303
2160 6 2297 0 128 23 3304
2160 6 2299 0 66 169 3305
2160 6 2296 0 57 122 3306
2160 33 2296 0 72 194 3307
2160 5 2296 0 127 27 3308
2163 185 5149 1 117 1 3309
2164 33 5151 1 128 23 3310
2174 36 5159 1 89 137 3311
2175 12 2312 0 108 31 3312
2175 12 2311 0 67 20 3313
2175 9 2311 0 133 152 3314
2175 19 2312 0 118 4 3315
2175 16 2310 0 123 1 3316
2175 12 2312 0 194 169 3317
2175 6 2311 0 122 58 3318
2175 5 2314 0 128 23 3319
2175 7 2312 0 94 1 3320
2175 18 2312 0 102 36 3321
2175 5 2312 0 40 59 3322
2175 4 2311 0 128 40 3323
2175 38 2310 0 72 194 3324
2175 6 2309 0 117 1 3325
2175 5 2310 0 66 134 3326
2175 4 2312 0 40 105 3327
2175 12 2311 0 101 26 3328
2175 12 2309 0 103 22 3329
2175 10 2312 0 156 90 3330
2175 10 2309 0 108 58 3331
2175 11 2309 0 138 36 3332
2175 16 2311 0 102 59 3333
2175 5 2311 0 128 55 3334
2175 43 2309 0 24 183 3335
2190 4 2328 0 100 167 3336
2190 10 2327 0 173 171 3337
2190 4 2327 0 55 108 3338
2190 37 2325 0 15 186 3339
2190 6 2327 0 122 58 3340
2190 11 2327 0 95 77 3341
2190 4 2328 0 89 137 3342
2190 24 2326 0 102 36 3343
2190 13 2327 0 137 49 3344
2190 5 2324 0 109 56 3345
2190 24 2327 0 118 4 3346
2190 7 2326 0 103 1 3347
2190 5 2326 0 61 4 3348
2190 3 2328 0 15 4 3349
2190 31 2327 0 155 122 3350
2190 45 2324 0 155 79 3351
2190 39 2324 0 105 42 3352
2190 6 2328 0 66 134 3353
2190 22 2326 0 182 79 3354
2190 21 2326 0 13 75 3355
2190 34 2327 0 194 113 3356
2190 3 2326 0 117 1 3357
2190 10 2325 0 101 26 3358
2190 17 2325 0 120 146 3359
2205 17 2340 0 13 75 3360
2205 23 2340 0 20 47 3361
2205 9 2340 0 138 36 3362
2205 7 2341 0 103 22 3363
2205 21 2341 0 182 79 3364
2205 16 2340 0 118 4 3365
2205 13 2342 0 93 51 3366
2205 19 2341 0 109 36 3367
2205 6 2343 0 127 27 3368
2205 40 2342 0 155 79 3369
2205 18 2341 0 102 36 3370
2205 60 5188 1 57 122 3371
2205 10 2342 0 57 122 3372
2205 5 2340 0 100 167 3373
2205 45 2341 0 198 85 3374
2205 6 2341 0 128 40 3375
2205 6 2342 0 117 1 3376
2205 22 2342 0 123 1 3377
2205 7 2340 0 101 26 3378
2205 5 2340 0 128 23 3379
2205 22 2342 0 125 90 3380
2205 22 2341 0 37 7 3381
2205 5 2341 0 122 58 3382
2205 12 2343 0 179 186 3383
2205 34 2340 0 7 35 3384
2205 12 2342 0 146 159 3385
2205 3 2342 0 66 134 3386
2205 48 5192 1 133 152 3387
2220 3 2354 0 128 40 3388
2220 6 2356 0 100 167 3389
2220 16 2359 0 123 1 3390
2220 15 2355 0 120 146 3391
2220 19 2356 0 52 37 3392
2220 42 2358 0 155 122 3393
2220 44 2358 0 7 35 3394
2220 12 2357 0 101 26 3395
2220 13 2356 0 125 90 3396
2220 4 2353 0 117 1 3397
2220 6 2354 0 25 122 3398
2220 16 2354 0 10 193 3399
2220 4 2354 0 55 108 3400
2220 8 2356 0 108 31 3401
2220 3 2358 0 122 58 3402
2220 6 2356 0 66 169 3403
2220 21 2357 0 137 49 3404
2220 4 2357 0 109 56 3405
2220 24 2357 0 118 4 3406
2220 14 2356 0 20 47 3407
2220 12 2355 0 57 122 3408
2220 34 2356 0 24 183 3409
2220 11 2357 0 113 13 3410
2220 22 2358 0 63 86 3411
2220 32 2354 0 105 42 3412
2232 158 5216 1 78 150 3413
2235 5 2370 0 15 4 3414
2235 6 2370 0 179 186 3415
2235 42 2368 0 155 122 3416
2235 4 2373 0 122 58 3417
2235 18 2372 0 13 75 3418
2235 14 2372 0 102 59 3419
2235 11 2370 0 101 26 3420
2235 8 2369 0 108 31 3421
2235 15 2373 0 109 36 3422
2235 5 2370 0 109 56 3423
2235 5 2369 0 63 134 3424
2235 6 2370 0 40 105 3425
2235 18 2371 0 137 49 3426
2235 5 2369 0 128 23 3427
2235 6 2371 0 141 56 3428
2235 4 2372 0 161 34 3429
2235 12 2371 0 133 152 3430
2235 25 2370 0 194 113 3431
2235 44 2371 0 105 42 3432
2235 32 2371 0 7 35 3433
2235 18 2372 0 102 36 3434
2250 24 2387 0 123 1 3435
2250 6 2384 0 15 4 3436
2250 6 2387 0 161 34 3437
2250 10 2385 0 25 122 3438
2250 12 2387 0 10 193 3439
2250 6 2388 0 108 31 3440
2250 10 2385 0 133 152 3441
2250 3 2389 0 109 56 3442
2250 3 2386 0 66 169 3443
2250 21 2386 0 102 36 3444
2250 9 2388 0 103 1 3445
2250 35 2386 0 2 3 3446
2250 6 2387 0 127 27 3447
2250 5 2386 0 166 118 3448
2250 31 2387 0 15 186 3449
2250 3 2385 0 55 108 3450
2250 24 2384 0 118 4 3451
2250 4 2387 0 128 55 3452
2250 6 2384 0 40 105 3453
2259 189 5245 1 164 40 3454
2264 166 5250 1 20 47 3455
2265 26 2401 0 7 35 3456
2265 43 2401 0 72 194 3457
2265 6 2402 0 109 56 3458
2265 24 2400 0 109 36 3459
2265 3 2402 0 178 113 3460
2265 8 2403 0 101 26 3461
2265 18 2398 0 182 79 3462
2265 42 2402 0 15 186 3463
2265 6 2403 0 128 55 3464
2265 7 2401 0 57 122 3465
2265 4 2401 0 66 169 3466
2265 11 2401 0 108 58 3467
2265 38 2402 0 188 80 3468
2265 45 2400 0 105 42 3469
2265 6 2402 0 55 108 3470
2265 22 2401 0 52 37 3471
2265 4 2400 0 127 27 3472
2265 4 2403 0 128 23 3473
2265 4 2400 0 40 105 3474
2265 23 2401 0 120 146 3475
2265 16 2399 0 102 36 3476
2265 4 2402 0 61 4 3477
2265 9 2401 0 113 13 3478
2280 7 2415 0 103 22 3479
2280 21 2418 0 63 86 3480
2280 10 2414 0 108 31 3481
2280 36 2416 0 105 42 3482
2280 17 2416 0 109 36 3483
2280 6 2415 0 101 26 3484
2280 3 2416 0 72 131 3485
2280 9 2415 0 113 13 3486
2280 7 2415 0 95 77 3487
2280 14 2415 0 194 169 3488
2280 35 2415 0 188 80 3489
2280 12 2417 0 93 51 3490
2280 5 2417 0 122 58 3491
2280 4 2418 0 128 23 3492
2280 6 2416 0 63 134 3493
2280 17 2417 0 137 49 3494
2280 15 2417 0 29 60 3495
2280 3 2417 0 127 27 3496
2280 7 2415 0 57 122 3497
2280 8 2414 0 25 122 3498
2280 21 2415 0 10 193 3499
2280 6 2415 0 138 36 3500
2280 12 2416 0 156 90 3501
2280 14 2416 0 20 47 3502
2295 8 2432 0 103 22 3503
2295 7 2431 0 103 1 3504
2295 5 2430 0 122 58 3505
2295 5 2432 0 100 167 3506
2295 3 2431 0 15 4 3507
2295 3 2432 0 128 55 3508
2295 7 2433 0 108 58 3509
2295 6 2432 0 128 40 3510
2295 6 2429 0 72 131 3511
2295 21 2430 0 142 143 3512
2295 4 2430 0 89 137 3513
2295 3 2431 0 92 2 3514
2295 40 2430 0 24 183 3515
2295 23 2430 0 52 37 3516
2295 25 2430 0 155 79 3517
2295 4 2431 0 150 43 3518
2295 16 2431 0 118 4 3519
2295 11 2431 0 108 31 3520
2295 8 2430 0 57 122 3521
2295 3 2433 0 61 4 3522
2295 27 2432 0 198 85 3523
2295 7 2431 0 101 26 3524
2295 24 2431 0 109 36 3525
2298 126 5285 1 142 143 3526
2300 44 5286 1 94 1 3527
2310 21 2446 0 125 90 3528
2310 8 2446 0 113 13 3529
2310 5 2444 0 128 23 3530
2310 12 2445 0 123 1 3531
2310 4 2446 0 127 27 3532
2310 30 2446 0 72 194 3533
2310 5 2446 0 61 4 3534
2310 11 2445 0 138 36 3535
2310 33 2443 0 188 80 3536
2310 9 2447 0 133 152 3537
2310 21 2448 0 10 193 3538
2310 8 2448 0 148 56 3539
2310 10 2445 0 156 90 3540
2310 6 2446 0 57 122 3541
2310 21 2446 0 109 36 3542
2310 4 2447 0 66 169 3543
2310 6 2446 0 117 1 3544
2310 36 2445 0 2 3 3545
2310 6 2443 0 122 58 3546
2310 3 2449 0 72 131 3547
2310 7 2445 0 101 26 3548
2325 5 2464 0 109 56 3549
2325 3 2462 0 117 1 3550
2325 10 2459 0 138 36 3551
2325 4 2462 0 122 58 3552
2325 21 2461 0 99 1 3553
2325 17 2459 0 102 59 3554
2325 6 2460 0 161 34 3555
2325 6 2463 0 100 167 3556
2325 23 2460 0 118 4 3557
2325 11 2462 0 156 90 3558
2325 3 2463 0 128 55 3559
2325 13 2462 0 109 36 3560
2325 42 2459 0 164 40 3561
2325 6 2462 0 78 150 3562
2325 44 2460 0 198 85 3563
2325 12 2460 0 103 22 3564
2325 20 2463 0 120 146 3565
2325 3 2463 0 61 4 3566
2325 41 2459 0 105 42 3567
2325 6 2462 0 55 108 3568
2325 22 2460 0 63 86 3569
2325 11 2463 0 108 31 3570
2325 20 2462 0 125 90 3571
2340 11 2475 0 67 20 3572
2340 6 2477 0 117 1 3573
2340 30 2477 0 155 79 3574
2340 24 2478 0 29 60 3575
2340 7 2478 0 156 90 3576
2340 8 2476 0 57 122 3577
2340 24 2475 0 102 36 3578
2340 6 2475 0 89 137 3579
2340 25 2476 0 185 66 3580
2340 8 2476 0 146 159 3581
2340 9 2476 0 108 31 3582
2340 19 2475 0 109 36 3583
2340 4 2476 0 122 58 3584
2340 4 2476 0 15 4 3585
2340 12 2477 0 101 26 3586
2340 6 2476 0 55 108 3587
2340 17 2476 0 123 1 3588
2340 5 2475 0 127 27 3589
2340 35 5325 1 127 27 3590
2340 42 2477 0 7 35 3591
2340 9 2476 0 138 36 3592
2340 11 2477 0 113 13 3593
2340 12 2478 0 148 56 3594
2346 163 5331 1 40 59 3595
2350 39 5335 1 142 143 3596
2355 44 2490 0 155 122 3597
2355 6 2492 0 55 108 3598
2355 18 2490 0 99 1 3599
2355 38 2492 0 194 113 3600
2355 6 2491 0 122 58 3601
2355 9 2490 0 101 26 3602
2355 19 2489 0 29 60 3603
2355 4 2491 0 40 59 3604
2355 6 2491 0 40 105 3605
2355 5 2491 0 15 4 3606
2355 34 2490 0 105 42 3607
2355 3 2492 0 128 40 3608
2355 8 2491 0 108 31 3609
2355 24 2491 0 52 37 3610
2355 30 2490 0 15 186 3611
2355 9 2490 0 103 22 3612
2355 4 2491 0 127 27 3613
2355 14 2492 0 102 36 3614
2355 5 2490 0 63 134 3615
2355 6 2492 0 117 1 3616
2355 5 2491 0 128 23 3617
2355 22 2491 0 102 59 3618
2355 14 2493 0 63 86 3619
2355 23 2492 0 137 49 3620
2370 18 2506 0 102 36 3621
2370 8 2505 0 113 13 3622
2370 23 2507 0 99 1 3623
2370 8 2506 0 103 1 3624
2370 13 2504 0 137 49 3625
2370 3 2505 0 40 59 3626
2370 12 2505 0 95 77 3627
2370 5 2508 0 122 58 3628
2370 6 2506 0 78 150 3629
2370 13 2506 0 29 60 3630
2370 5 2505 0 66 169 3631
2370 43 2506 0 7 35 3632
2370 23 2507 0 123 1 3633
2370 12 2506 0 108 31 3634
2370 6 2508 0 55 108 3635
2370 20 2508 0 52 37 3636
2370 6 2505 0 109 56 3637
2370 19 2503 0 20 47 3638
2370 4 2504 0 63 134 3639
2370 22 2506 0 18 115 3640
2371 66 5357 1 15 186 3641
2385 9 2519 0 138 36 3642
2385 12 2521 0 120 146 3643
2385 6 2518 0 127 27 3644
2385 6 2524 0 94 1 3645
2385 6 2519 0 117 1 3646
2385 16 2521 0 102 36 3647
2385 7 2520 0 25 122 3648
2385 6 2519 0 63 134 3649
2385 6 2521 0 92 2 3650
2385 22 2522 0 109 36 3651
2385 21 2522 0 118 4 3652
2385 12 2521 0 108 31 3653
2385 6 2521 0 66 169 3654
2385 36 2520 0 72 194 3655
2385 3 2522 0 146 119 3656
2385 12 2521 0 103 22 3657
2385 19 2520 0 137 49 3658
2385 5 2523 0 66 134 3659
2385 3 2523 0 122 58 3660
2385 5 2521 0 166 118 3661
2385 9 2523 0 95 77 3662
2385 9 2522 0 101 26 3663
2385 22 2520 0 13 75 3664
2385 6 2522 0 109 56 3665
2385 6 2522 0 15 4 3666
2385 11 2521 0 57 122 3667
2385 25 2521 0 37 7 3668
2385 24 2524 0 125 90 3669
2385 9 2520 0 156 90 3670
2398 71 5386 1 182 79 3671
2400 22 2536 0 102 59 3672
2400 12 2537 0 148 56 3673
2400 5 2536 0 128 55 3674
2400 12 2534 0 142 143 3675
2400 25 2540 0 102 36 3676
2400 6 2533 0 146 119 3677
2400 4 2537 0 128 40 3678
2400 39 2536 0 198 85 3679
2400 20 2534 0 52 37 3680
2400 12 2536 0 103 22 3681
2400 32 2536 0 155 79 3682
2400 4 2536 0 141 56 3683
2400 3 2536 0 110 114 3684
2400 25 2536 0 155 122 3685
2400 25 2535 0 99 1 3686
2400 5 2537 0 127 27 3687
2400 25 2536 0 10 193 3688
2400 18 2533 0 109 36 3689
2400 36 2536 0 15 186 3690
2400 12 2537 0 156 90 3691
2400 6 2536 0 178 113 3692
2400 9 2537 0 101 26 3693
2400 6 2538 0 117 1 3694
2400 24 2538 0 182 79 3695
2400 10 2536 0 108 31 3696
2400 27 2537 0 72 194 3697
2400 6 2536 0 113 13 3698
2400 5 2537 0 128 23 3699
2415 6 2549 0 122 58 3700
2415 18 2550 0 142 143 3701
2415 6 2551 0 92 2 3702
2415 33 2551 0 72 194 3703
2415 3 2550 0 127 27 3704
2415 20 2549 0 182 79 3705
2415 6 2549 0 162 78 3706
2415 5 2552 0 78 150 3707
2415 18 2551 0 102 59 3708
2415 21 2551 0 109 36 3709
2415 15 2551 0 123 1 3710
2415 6 2551 0 128 23 3711
2415 25 2552 0 137 49 3712
2415 14 2551 0 102 36 3713
2415 10 2550 0 113 13 3714
2415 20 2552 0 118 4 3715
2415 6 2550 0 128 40 3716
2425 32 5408 1 141 56 3717
2430 23 2565 0 102 36 3718
2430 6 2567 0 15 4 3719
2430 5 2567 0 150 43 3720
2430 23 2565 0 194 169 3721
2430 19 2568 0 109 36 3722
2430 9 2566 0 108 58 3723
2430 9 2567 0 67 20 3724
2430 4 2566 0 166 118 3725
2430 40 2566 0 2 3 3726
2430 28 2565 0 105 42 3727
2430 3 2563 0 89 137 3728
2430 10 2567 0 173 171 3729
2430 9 2567 0 103 1 3730
2430 15 2563 0 185 66 3731
2430 14 2565 0 125 90 3732
2430 22 2565 0 118 4 3733
2430 16 2565 0 93 51 3734
2430 3 2567 0 117 1 3735
2430 4 2566 0 63 134 3736
2430 3 2566 0 128 55 3737
2438 60 5421 1 128 55 3738
2445 6 2582 0 128 23 3739
2445 4 2582 0 141 56 3740
2445 15 2579 0 63 86 3741
2445 5 2581 0 128 55 3742
2445 36 2583 0 72 194 3743
2445 23 2580 0 118 4 3744
2445 14 2581 0 182 79 3745
2445 39 2582 0 188 80 3746
2445 10 2581 0 138 36 3747
2445 5 2581 0 66 134 3748
2445 12 2582 0 101 26 3749
2445 7 2581 0 113 13 3750
2445 4 2578 0 117 1 3751
2445 39 2580 0 105 42 3752
2445 6 2581 0 128 40 3753
2445 6 2579 0 122 58 3754
2445 23 2579 0 10 193 3755
2445 12 2582 0 52 37 3756
2445 12 2582 0 57 122 3757
2445 6 2582 0 67 20 3758
2445 17 2583 0 185 66 3759
2445 21 2583 0 37 7 3760
2460 4 2596 0 55 108 3761
2460 5 2597 0 63 134 3762
2460 42 2595 0 24 183 3763
2460 9 2599 0 173 171 3764
2460 9 2598 0 148 56 3765
2460 12 2594 0 137 49 3766
2460 21 2596 0 37 7 3767
2460 4 2597 0 122 58 3768
2460 25 2598 0 120 146 3769
2460 4 2595 0 146 119 3770
2460 9 2596 0 113 13 3771
2460 5 2597 0 40 59 3772
2460 6 2596 0 40 105 3773
2460 7 2595 0 25 122 3774
2460 5 2595 0 117 1 3775
2460 4 2596 0 61 4 3776
2460 38 2596 0 188 80 3777
2460 8 2596 0 103 22 3778
2460 21 2595 0 20 47 3779
2460 11 2595 0 108 58 3780
2460 13 2597 0 29 60 3781
2460 32 2598 0 2 3 3782
2460 12 2598 0 125 90 3783
2467 54 5451 1 110 114 3784
2475 4 2610 0 40 59 3785
2475 6 2612 0 117 1 3786
2475 8 2612 0 103 22 3787
2475 8 2612 0 101 26 3788
2475 6 2610 0 66 134 3789
2475 14 2611 0 37 7 3790
2475 6 2610 0 133 152 3791
2475 25 2611 0 72 194 3792
2475 3 2610 0 141 56 3793
2475 21 2612 0 102 36 3794
2475 6 2612 0 128 40 3795
2475 20 2611 0 137 49 3796
2475 6 2610 0 146 119 3797
2490 3 2625 0 166 118 3798
2490 3 2628 0 128 40 3799
2490 10 2626 0 156 90 3800
2490 26 2626 0 164 40 3801
2490 17 2627 0 185 66 3802
2490 4 2628 0 117 1 3803
2490 14 2625 0 20 47 3804
2490 4 2623 0 40 105 3805
2490 18 2625 0 118 4 3806
2490 4 2627 0 122 58 3807
2490 12 2626 0 148 56 3808
2490 36 2626 0 2 3 3809
2490 12 2627 0 123 1 3810
2490 9 2625 0 25 122 3811
2490 25 2626 0 15 186 3812
2490 13 2626 0 102 36 3813
2490 10 2627 0 113 13 3814
2490 6 2626 0 103 22 3815
2490 4 2626 0 127 27 3816
2490 21 2628 0 29 60 3817
2490 17 2625 0 37 7 3818
2490 4 2625 0 128 23 3819
2490 16 2626 0 142 143 3820
2490 9 2625 0 101 26 3821
2501 169 5487 1 128 23 3822
2505 18 2642 0 182 79 3823
2505 22 2641 0 137 49 3824
2505 19 2642 0 123 1 3825
2505 19 2642 0 99 1 3826
2505 6 2640 0 92 2 3827
2505 14 2644 0 20 47 3828
2505 21 2641 0 118 4 3829
2505 16 2642 0 13 75 3830
2505 5 2641 0 128 23 3831
2505 14 2639 0 63 86 3832
2505 17 2641 0 109 36 3833
2505 12 2641 0 113 13 3834
2505 3 2641 0 127 27 3835
2505 5 2640 0 122 58 3836
2505 10 2644 0 95 77 3837
2505 6 2640 0 55 108 3838
2505 11 2642 0 138 36 3839
2505 41 2642 0 105 42 3840
2505 12 2640 0 103 22 3841
2505 21 2641 0 102 36 3842
2520 10 2657 0 148 56 3843
2520 12 2654 0 25 122 3844
2520 3 2656 0 128 23 3845
2520 19 2656 0 125 90 3846
2520 15 2656 0 37 7 3847
2520 18 2656 0 102 36 3848
2520 5 2654 0 122 58 3849
2520 25 2656 0 93 51 3850
2520 34 2656 0 194 113 3851
2520 3 2655 0 166 118 3852
2520 3 2655 0 141 56 3853
2520 5 2655 0 127 27 3854
2520 6 2656 0 138 36 3855
2520 30 2655 0 198 85 3856
2520 11 2656 0 108 31 3857
2520 4 2658 0 128 55 3858
2520 5 2655 0 72 131 3859
2520 4 2654 0 146 119 3860
2520 12 2656 0 137 49 3861
2520 32 2655 0 72 194 3862
2520 6 2655 0 57 122 3863
2520 35 2656 0 105 42 3864
2520 20 2656 0 185 66 3865
2520 8 2656 0 162 78 3866
2520 6 2656 0 89 137 3867
2520 25 2655 0 15 186 3868
2520 18 2654 0 118 4 3869
2525 142 5511 1 109 36 3870
2535 9 2670 0 108 31 3871
2535 3 2673 0 122 58 3872
2535 15 2670 0 123 1 3873
2535 5 2671 0 78 150 3874
2535 5 2669 0 161 34 3875
2535 5 2672 0 128 40 3876
2535 3 2672 0 150 43 3877
2535 3 2670 0 110 114 3878
2535 11 2674 0 103 22 3879
2535 13 2672 0 102 36 3880
2535 4 2669 0 178 113 3881
2535 4 2670 0 15 4 3882
2535 117 5521 1 179 186 3883
2535 6 2672 0 146 159 3884
2535 3 2670 0 72 131 3885
2535 4 2672 0 128 55 3886
2535 6 2670 0 63 134 3887
2535 35 2668 0 198 85 3888
2535 5 2670 0 128 23 3889
2535 6 2672 0 67 20 3890
2535 5 2671 0 66 169 3891
2539 155 5524 1 182 79 3892
2546 62 5533 1 67 20 3893
2550 5 2686 0 63 134 3894
2550 19 2688 0 123 1 3895
2550 11 2688 0 148 56 3896
2550 16 2686 0 118 4 3897
2550 12 2686 0 113 13 3898
2550 25 2688 0 99 1 3899
2550 7 2685 0 138 36 3900
2550 8 2687 0 103 1 3901
2550 8 2686 0 95 77 3902
2550 19 2685 0 102 36 3903
2550 7 2685 0 57 122 3904
2550 18 2689 0 137 49 3905
2550 5 2686 0 146 119 3906
2550 6 2686 0 128 55 3907
2550 34 2687 0 198 85 3908
2550 5 2686 0 128 23 3909
2550 40 2686 0 15 186 3910
2550 43 2687 0 2 3 3911
2550 13 2684 0 93 51 3912
2550 6 2688 0 128 40 3913
2550 11 2686 0 108 58 3914
2550 6 2685 0 25 122 3915
2550 3 2685 0 122 58 3916
2550 17 2688 0 182 79 3917
2550 40 2686 0 72 194 3918
2550 32 2687 0 24 183 3919
2550 3 2684 0 78 150 3920
2565 25 2700 0 123 1 3921
2565 3 2701 0 117 1 3922
2565 18 2702 0 142 143 3923
2565 6 2701 0 103 1 3924
2565 5 2701 0 178 113 3925
2565 21 2702 0 102 36 3926
2565 7 2700 0 173 171 3927
2565 10 2701 0 113 13 3928
2565 27 2700 0 24 183 3929
2565 5 2703 0 61 4 3930
2565 11 2702 0 25 122 3931
2565 3 2699 0 128 40 3932
2565 15 2702 0 185 66 3933
2565 8 2700 0 67 20 3934
2565 4 2700 0 66 169 3935
2565 4 2700 0 141 56 3936
2565 5 2702 0 92 2 3937
2565 5 2702 0 161 34 3938
2565 6 2701 0 166 118 3939
2565 15 2700 0 118 4 3940
2565 32 2701 0 72 194 3941
2565 5 2702 0 128 55 3942
2565 7 2700 0 108 31 3943
2565 11 2703 0 146 159 3944
2565 21 2702 0 109 36 3945
2580 11 2717 0 113 13 3946
2580 5 2718 0 72 131 3947
2580 3 2717 0 109 56 3948
2580 15 2715 0 102 36 3949
2580 9 2717 0 162 78 3950
2580 31 2717 0 7 35 3951
2580 25 2717 0 182 79 3952
2580 15 2715 0 109 36 3953
2580 8 2716 0 103 22 3954
2580 17 2715 0 29 60 3955
2580 6 2719 0 25 122 3956
2580 5 2715 0 110 114 3957
2580 8 2713 0 138 36 3958
2580 5 2717 0 128 40 3959
2580 5 2717 0 15 4 3960
2580 11 2715 0 156 90 3961
2580 3 2716 0 117 1 3962
2580 4 2717 0 128 55 3963
2580 4 2716 0 128 23 3964
2580 19 2718 0 118 4 3965
2580 5 2715 0 100 167 3966
2580 25 2716 0 120 146 3967
2595 5 2733 0 122 58 3968
2595 6 2730 0 15 4 3969
2595 7 2730 0 103 22 3970
2595 5 2731 0 40 105 3971
2595 24 2732 0 123 1 3972
2595 5 2732 0 55 108 3973
2595 42 2732 0 188 80 3974
2595 5 2732 0 128 55 3975
2595 4 2731 0 146 119 3976
2595 15 2730 0 99 1 3977
2595 14 2731 0 118 4 3978
2595 9 2730 0 108 31 3979
2595 6 2730 0 63 134 3980
2595 3 2730 0 72 131 3981
2595 40 2730 0 24 183 3982
2595 22 2730 0 109 36 3983
2595 17 2732 0 120 146 3984
2595 21 2730 0 20 47 3985
2595 19 2731 0 102 36 3986
2595 5 2731 0 78 150 3987
2595 12 2734 0 101 26 3988
2610 9 2745 0 113 13 3989
2610 37 2747 0 72 194 3990
2610 11 2747 0 133 152 3991
2610 9 2745 0 173 171 3992
2610 4 2744 0 55 108 3993
2610 3 2747 0 78 150 3994
2610 11 2745 0 148 56 3995
2610 3 2746 0 128 23 3996
2610 12 2746 0 109 36 3997
2610 39 2746 0 24 183 3998
2610 5 2747 0 122 58 3999
2610 3 2746 0 61 4 4000
2610 5 2746 0 166 118 4001
2610 25 2746 0 15 186 4002
2610 17 2747 0 137 49 4003
2610 33 2744 0 105 42 4004
2610 9 2745 0 162 78 4005
2610 16 2747 0 182 79 4006
2610 12 2746 0 103 22 4007
2610 3 2746 0 128 55 4008
2610 12 2747 0 179 186 4009
2610 6 2748 0 138 36 4010
2610 15 2745 0 123 1 4011
2625 6 2764 0 94 1 4012
2625 39 2761 0 198 85 4013
2625 4 2763 0 89 137 4014
2625 25 2759 0 20 47 4015
2625 3 2760 0 128 55 4016
2625 11 2761 0 138 36 4017
2625 14 2762 0 137 49 4018
2625 17 2759 0 37 7 4019
2625 6 2761 0 128 23 4020
2625 12 2763 0 102 36 4021
2625 4 2760 0 100 167 4022
2625 6 2760 0 117 1 4023
2625 4 2762 0 40 105 4024
2625 4 2762 0 15 4 4025
2625 10 2761 0 101 26 4026
2625 5 2760 0 78 150 4027
2625 20 2762 0 118 4 4028
2625 6 2761 0 40 59 4029
2625 22 2759 0 123 1 4030
2625 45 2759 0 105 42 4031
2625 5 2762 0 109 56 4032
2625 12 2760 0 103 1 4033
2625 4 2762 0 128 40 4034
2625 10 2762 0 113 13 4035
2625 42 2762 0 164 40 4036
2640 10 2776 0 113 13 4037
2640 3 2775 0 55 108 4038
2640 8 2776 0 103 22 4039
2640 8 2774 0 108 31 4040
2640 41 2774 0 188 80 4041
2640 3 2777 0 128 40 4042
2640 21 2777 0 137 49 4043
2640 5 2776 0 161 34 4044
2640 17 2776 0 109 36 4045
2640 14 2778 0 123 1 4046
2640 12 2776 0 25 122 4047
2640 3 2776 0 89 137 4048
2640 6 2778 0 66 134 4049
2640 6 2777 0 146 159 4050
2640 44 2775 0 105 42 4051
2640 5 2777 0 128 55 4052
2640 21 2776 0 125 90 4053
2640 21 2774 0 118 4 4054
2640 5 2775 0 40 105 4055
2640 6 2774 0 101 26 4056
2640 33 2776 0 2 3 4057
2655 23 2790 0 20 47 4058
2655 3 2790 0 122 58 4059
2655 6 2791 0 55 108 4060
2655 16 2792 0 123 1 4061
2655 12 2789 0 125 90 4062
2655 3 2792 0 166 118 4063
2655 5 2792 0 61 4 4064
2655 9 2793 0 101 26 4065
2655 9 2792 0 108 58 4066
2655 14 2791 0 37 7 4067
2655 10 2792 0 113 13 4068
2655 23 2789 0 93 51 4069
2655 19 2792 0 118 4 4070
2655 5 2790 0 66 134 4071
2655 5 2791 0 117 1 4072
2655 6 2791 0 94 1 4073
2655 29 2791 0 7 35 4074
2655 44 2792 0 155 122 4075
2655 3 2791 0 128 40 4076
2655 9 2791 0 103 22 4077
2655 12 2790 0 148 56 4078
2655 7 2792 0 57 122 4079
2655 41 2790 0 194 113 4080
2670 24 2806 0 194 169 4081
2670 10 2805 0 138 36 4082
2670 3 2807 0 127 27 4083
2670 5 2806 0 141 56 4084
2670 8 2807 0 108 58 4085
2670 43 2805 0 72 194 4086
2670 12 2805 0 57 122 4087
2670 13 2805 0 123 1 4088
2670 5 2808 0 161 34 4089
2670 3 2805 0 128 55 4090
2670 4 2809 0 178 113 4091
2670 12 2806 0 95 77 4092
2670 10 2807 0 148 56 4093
2670 9 2806 0 146 159 4094
2670 5 2806 0 61 4 4095
2670 7 2805 0 108 31 4096
2670 25 2805 0 125 90 4097
2670 11 2806 0 133 152 4098
2670 4 2807 0 109 56 4099
2685 11 2820 0 95 77 4100
2685 4 2823 0 127 27 4101
2685 43 2823 0 15 186 4102
2685 7 2822 0 103 22 4103
2685 6 2820 0 128 23 4104
2685 6 2820 0 40 105 4105
2685 39 2821 0 105 42 4106
2685 11 2822 0 113 13 4107
2685 3 2821 0 78 150 4108
2685 8 2821 0 146 159 4109
2685 6 2821 0 122 58 4110
2685 15 2819 0 194 169 4111
2685 4 2823 0 109 56 4112
2685 11 2820 0 133 152 4113
2685 3 2821 0 61 4 4114
2685 37 2822 0 72 194 4115
2696 43 5680 1 61 4 4116
2700 6 2836 0 15 4 4117
2700 11 2835 0 179 186 4118
2700 21 2835 0 123 1 4119
2700 6 2837 0 108 31 4120
2700 35 2837 0 198 85 4121
2700 22 2837 0 102 36 4122
2700 8 2835 0 113 13 4123
2700 22 2837 0 118 4 4124
2700 41 2836 0 194 113 4125
2700 23 2836 0 93 51 4126
2700 25 2834 0 137 49 4127
2700 5 2838 0 128 40 4128
2700 6 2836 0 128 23 4129
2700 8 2838 0 173 171 4130
2700 12 2835 0 133 152 4131
2700 42 2837 0 105 42 4132
2700 3 2836 0 40 59 4133
2700 12 2838 0 101 26 4134
2700 22 2835 0 109 36 4135
2700 3 2835 0 109 56 4136
2700 17 2837 0 182 79 4137
2700 5 2837 0 122 58 4138
2700 4 2835 0 92 2 4139
2700 18 2837 0 99 1 4140
2715 3 2850 0 100 167 4141
2715 5 2852 0 128 40 4142
2715 13 2853 0 118 4 4143
2715 6 2851 0 101 26 4144
2715 6 2852 0 15 4 4145
2715 4 2850 0 122 58 4146
2715 8 2850 0 103 1 4147
2715 4 2850 0 128 23 4148
2715 7 2851 0 113 13 4149
2715 28 2850 0 188 80 4150
2715 4 2850 0 128 55 4151
2715 4 2851 0 117 1 4152
2715 20 2852 0 37 7 4153
2715 31 2850 0 155 122 4154
2715 3 2852 0 109 56 4155
2715 6 2852 0 110 114 4156
2715 3 2850 0 40 59 4157
2715 15 2852 0 109 36 4158
2715 6 2851 0 150 43 4159
2715 12 2851 0 125 90 4160
2715 27 2848 0 72 194 4161
2715 9 2852 0 138 36 4162
2715 7 2849 0 57 122 4163
2715 5 2850 0 92 2 4164
2715 12 2851 0 94 1 4165
2715 19 2850 0 10 193 4166
2726 164 5710 1 101 26 4167
2730 3 2866 0 128 23 4168
2730 11 2866 0 156 90 4169
2730 12 2866 0 102 36 4170
2730 18 2868 0 185 66 4171
2730 23 2864 0 123 1 4172
2730 4 2865 0 15 4 4173
2730 8 2865 0 113 13 4174
2730 33 2864 0 164 40 4175
2730 9 2864 0 173 171 4176
2730 13 2867 0 99 1 4177
2730 6 2867 0 61 4 4178
2730 33 2868 0 24 183 4179
2730 5 2865 0 141 56 4180
2730 9 2864 0 101 26 4181
2730 5 2867 0 166 118 4182
2730 3 2866 0 150 43 4183
2730 4 2866 0 161 34 4184
2730 43 2867 0 155 79 4185
2730 44 2867 0 105 42 4186
2730 7 2866 0 103 22 4187
2730 10 2867 0 67 20 4188
2730 23 2867 0 13 75 4189
2739 139 5724 1 57 122 4190
2745 3 2881 0 40 105 4191
2745 4 2880 0 92 2 4192
2745 3 2882 0 122 58 4193
2745 4 2879 0 89 137 4194
2745 38 2881 0 188 80 4195
2745 10 2880 0 113 13 4196
2745 13 2881 0 13 75 4197
2745 8 2882 0 173 171 4198
2745 39 2881 0 155 122 4199
2745 37 2882 0 2 3 4200
2745 7 2882 0 156 90 4201
2745 33 2881 0 105 42 4202
2745 13 2883 0 109 36 4203
2745 25 2883 0 137 49 4204
2745 38 2881 0 194 113 4205
2745 23 2880 0 185 66 4206
2745 8 2881 0 138 36 4207
2745 4 2880 0 150 43 4208
2745 4 2881 0 72 131 4209
2750 193 5735 1 123 1 4210
2760 10 2895 0 113 13 4211
2760 6 2894 0 178 113 4212
2760 10 2896 0 103 22 4213
2760 5 2894 0 15 4 4214
2760 6 2897 0 61 4 4215
2760 44 2899 0 15 186 4216
2760 4 2896 0 109 56 4217
2760 11 2896 0 108 31 4218
2760 6 2898 0 122 58 4219
2760 25 2895 0 182 79 4220
2760 19 2895 0 109 36 4221
2760 36 2897 0 198 85 4222
2760 3 2893 0 161 34 4223
2760 29 2898 0 188 80 4224
2760 12 2895 0 156 90 4225
2760 20 2898 0 118 4 4226
2760 10 2897 0 138 36 4227
2760 6 2896 0 94 1 4228
2760 23 2894 0 142 143 4229
2760 27 2895 0 24 183 4230
2760 4 2896 0 55 108 4231
2760 8 2898 0 162 78 4232
2760 4 2897 0 66 134 4233
2775 36 2913 0 194 113 4234
2775 6 2907 0 110 114 4235
2775 9 2911 0 138 36 4236
2775 23 2910 0 137 49 4237
2775 18 2911 0 29 60 4238
2775 11 2912 0 103 22 4239
2775 5 2910 0 128 23 4240
2775 3 2910 0 128 55 4241
2775 14 2910 0 102 36 4242
2775 18 2910 0 118 4 4243
2775 6 2912 0 128 40 4244
2775 9 2911 0 162 78 4245
2775 17 2913 0 52 37 4246
2775 32 2911 0 7 35 4247
2775 3 2909 0 166 118 4248
2775 4 2911 0 109 56 4249
2775 5 2912 0 117 1 4250
2775 6 2910 0 146 119 4251
2775 7 2910 0 103 1 4252
2776 77 5761 1 29 60 4253
2776 189 5762 1 178 113 4254
2789 169 5775 1 138 36 4255
2790 18 2926 0 29 60 4256
2790 5 2926 0 117 1 4257
2790 12 2926 0 162 78 4258
2790 12 2924 0 137 49 4259
2790 6 2926 0 146 119 4260
2790 5 2927 0 128 23 4261
2790 10 2926 0 156 90 4262
2790 32 2927 0 155 79 4263
2790 3 2924 0 128 40 4264
2790 27 2925 0 24 183 4265
2790 11 2930 0 113 13 4266
2790 13 2924 0 109 36 4267
2790 16 2924 0 123 1 4268
2790 6 2924 0 108 31 4269
2790 31 2923 0 164 40 4270
2790 19 2925 0 99 1 4271
2790 6 2927 0 146 159 4272
2790 8 2928 0 95 77 4273
2790 7 2924 0 103 22 4274
2790 35 2926 0 198 85 4275
2790 42 2926 0 15 186 4276
2805 6 2941 0 162 78 4277
2805 36 2942 0 24 183 4278
2805 3 2942 0 178 113 4279
2805 10 2938 0 156 90 4280
2805 3 2938 0 40 105 4281
2805 9 2941 0 113 13 4282
2805 29 2940 0 15 186 4283
2805 7 2941 0 101 26 4284
2805 3 2941 0 15 4 4285
2805 9 2940 0 133 152 4286
2805 9 2943 0 57 122 4287
2805 22 2942 0 118 4 4288
2805 21 2939 0 10 193 4289
2805 6 2942 0 110 114 4290
2805 27 2940 0 188 80 4291
2805 13 2940 0 120 146 4292
2805 5 2942 0 166 118 4293
2805 36 2940 0 105 42 4294
2805 3 2943 0 122 58 4295
2805 9 2941 0 173 171 4296
2805 15 2942 0 102 36 4297
2805 45 2940 0 164 40 4298
2805 25 2941 0 198 85 4299
2805 20 2941 0 109 36 4300
2805 5 2941 0 66 169 4301
2805 18 2941 0 137 49 4302
2805 3 2940 0 127 27 4303
2805 9 2941 0 148 56 4304
2820 9 2954 0 25 122 4305
2820 14 2957 0 13 75 4306
2820 8 2955 0 162 78 4307
2820 4 2955 0 72 131 4308
2820 4 2955 0 128 40 4309
2820 18 2954 0 93 51 4310
2820 18 2954 0 137 49 4311
2820 6 2956 0 117 1 4312
2820 20 2954 0 99 1 4313
2820 12 2957 0 118 4 4314
2820 6 2955 0 141 56 4315
2820 12 2956 0 138 36 4316
2820 6 2955 0 128 55 4317
2820 25 2956 0 15 186 4318
2820 30 2956 0 24 183 4319
2820 13 2954 0 182 79 4320
2820 6 2954 0 148 56 4321
2820 3 2955 0 127 27 4322
2830 43 5815 1 173 171 4323
2835 6 2972 0 128 40 4324
2835 5 2974 0 141 56 4325
2835 11 2973 0 103 22 4326
2835 4 2971 0 122 58 4327
2835 12 2971 0 102 36 4328
2835 33 2972 0 105 42 4329
2835 8 2972 0 146 159 4330
2835 27 2969 0 155 122 4331
2835 4 2971 0 92 2 4332
2835 18 2971 0 37 7 4333
2835 38 2969 0 188 80 4334
2835 4 2973 0 117 1 4335
2835 25 2970 0 137 49 4336
2835 24 2971 0 123 1 4337
2835 13 2971 0 20 47 4338
2835 15 2971 0 118 4 4339
2835 7 2972 0 67 20 4340
2835 7 2970 0 103 1 4341
2835 5 2971 0 100 167 4342
2835 4 2973 0 72 131 4343
2835 5 2969 0 127 27 4344
2835 10 2969 0 156 90 4345
2850 6 2984 0 89 137 4346
2850 6 2984 0 66 134 4347
2850 6 2985 0 108 31 4348
2850 26 2986 0 164 40 4349
2850 19 2985 0 137 49 4350
2850 3 2987 0 128 55 4351
2850 4 2984 0 78 150 4352
2850 13 2985 0 10 193 4353
2850 17 2985 0 123 1 4354
2850 9 2987 0 95 77 4355
2850 3 2984 0 122 58 4356
2850 9 2986 0 148 56 4357
2850 3 2988 0 178 113 4358
2850 5 2987 0 117 1 4359
2850 8 2987 0 103 22 4360
2850 14 2989 0 102 59 4361
2850 10 2986 0 113 13 4362
2850 6 2983 0 25 122 4363
2850 11 2987 0 94 1 4364
2850 6 2986 0 127 27 4365
2850 19 2987 0 118 4 4366
2850 17 2985 0 109 36 4367
2850 38 2985 0 194 113 4368
2850 10 2985 0 103 1 4369
2850 26 2987 0 155 79 4370
2850 5 2986 0 128 40 4371
2850 5 2986 0 109 56 4372
2850 3 2985 0 110 114 4373
2850 13 2987 0 37 7 4374
2865 31 3001 0 105 42 4375
2865 4 3002 0 63 134 4376
2865 7 2998 0 148 56 4377
2865 18 3001 0 137 49 4378
2865 3 3001 0 117 1 4379
2865 3 3002 0 166 118 4380
2865 17 3003 0 125 90 4381
2865 14 3001 0 102 59 4382
2865 15 3000 0 123 1 4383
2865 12 2998 0 156 90 4384
2865 3 3001 0 128 40 4385
2865 20 3002 0 37 7 4386
2865 6 2999 0 61 4 4387
2865 33 3000 0 155 79 4388
2865 31 3001 0 2 3 4389
2865 9 3001 0 113 13 4390
2865 35 3001 0 72 194 4391
2865 12 3001 0 103 1 4392
2865 4 3001 0 109 56 4393
2865 13 3003 0 99 1 4394
2865 7 3001 0 146 159 4395
2865 23 3001 0 109 36 4396
2865 19 3003 0 194 169 4397
2865 11 3000 0 95 77 4398
2865 5 3000 0 40 105 4399
2865 3 3000 0 72 131 4400
2865 12 2999 0 108 31 4401
2865 26 3000 0 24 183 4402
2878 76 5865 1 15 4 4403
2879 159 5865 1 113 13 4404
2880 28 3016 0 105 42 4405
2880 19 3016 0 123 1 4406
2880 6 3015 0 128 40 4407
2880 11 3016 0 103 1 4408
2880 3 3016 0 72 131 4409
2880 12 3013 0 101 26 4410
2880 19 3017 0 20 47 4411
2880 6 3017 0 55 108 4412
2880 3 3016 0 100 167 4413
2880 9 3016 0 113 13 4414
2880 10 3016 0 148 56 4415
2880 3 3018 0 141 56 4416
2880 44 3017 0 2 3 4417
2880 4 3015 0 146 119 4418
2880 12 3017 0 103 22 4419
2880 8 3017 0 179 186 4420
2880 4 3017 0 92 2 4421
2880 42 3016 0 198 85 4422
2880 6 3015 0 150 43 4423
2880 23 3015 0 37 7 4424
2880 6 3017 0 110 114 4425
2880 10 3016 0 95 77 4426
2880 18 3018 0 120 146 4427
2880 20 3016 0 63 86 4428
2880 3 3017 0 128 55 4429
2880 17 3018 0 102 36 4430
2880 25 3014 0 125 90 4431
2895 4 3031 0 117 1 4432
2895 7 3031 0 113 13 4433
2895 5 3029 0 109 56 4434
2895 4 3030 0 63 134 4435
2895 10 3030 0 148 56 4436
2895 6 3033 0 122 58 4437
2895 13 3032 0 120 146 4438
2895 3 3031 0 178 113 4439
2895 3 3031 0 66 134 4440
2895 18 3032 0 185 66 4441
2895 158 5883 1 103 1 4442
2895 19 3032 0 123 1 4443
2895 7 3031 0 138 36 4444
2895 5 3033 0 61 4 4445
2895 6 3031 0 127 27 4446
2895 21 3032 0 102 36 4447
2895 12 3030 0 102 59 4448
2895 25 3031 0 118 4 4449
2895 4 3032 0 55 108 4450
2895 6 3032 0 94 1 4451
2895 5 3031 0 128 23 4452
2895 13 3034 0 109 36 4453
2910 3 3045 0 109 56 4454
2910 24 3048 0 137 49 4455
2910 6 3046 0 127 27 4456
2910 12 3048 0 109 36 4457
2910 6 3047 0 63 134 4458
2910 29 3047 0 164 40 4459
2910 7 3045 0 156 90 4460
2910 5 3046 0 128 23 4461
2910 9 3047 0 179 186 4462
2910 16 3047 0 13 75 4463
2910 5 3045 0 150 43 4464
2910 21 3043 0 194 169 4465
2910 30 3045 0 105 42 4466
2910 10 3046 0 101 26 4467
2910 36 3046 0 2 3 4468
2910 6 3046 0 117 1 4469
2910 3 3047 0 128 55 4470
2910 4 3046 0 15 4 4471
2910 10 3047 0 113 13 4472
2910 10 3045 0 67 20 4473
2910 19 3045 0 123 1 4474
2910 37 3046 0 198 85 4475
2910 23 3047 0 37 7 4476
2910 4 3047 0 110 114 4477
2910 17 3046 0 102 36 4478
2910 10 3044 0 108 31 4479
2910 7 3046 0 138 36 4480
2910 6 3049 0 141 56 4481
2910 24 3047 0 118 4 4482
2917 39 5902 1 179 186 4483
2921 65 5905 1 155 122 4484
2925 6 3061 0 63 134 4485
2925 8 3061 0 57 122 4486
2925 12 3062 0 133 152 4487
2925 5 3059 0 128 40 4488
2925 8 3061 0 101 26 4489
2925 5 3061 0 128 23 4490
2925 27 3060 0 2 3 4491
2925 7 3061 0 138 36 4492
2925 22 3061 0 63 86 4493
2925 22 3060 0 125 90 4494
2925 24 3062 0 20 47 4495
2925 40 3059 0 105 42 4496
2925 21 3062 0 123 1 4497
2925 3 3061 0 89 137 4498
2925 3 3062 0 122 58 4499
2925 4 3062 0 109 56 4500
2925 19 3062 0 142 143 4501
2925 22 3060 0 137 49 4502
2925 6 3060 0 100 167 4503
2925 7 3062 0 108 31 4504
2925 6 3062 0 78 150 4505
2925 17 3061 0 102 36 4506
2925 11 3058 0 113 13 4507
2925 5 3060 0 15 4 4508
2940 3 3076 0 128 23 4509
2940 36 3074 0 24 183 4510
2940 13 3077 0 102 36 4511
2940 45 3078 0 155 122 4512
2940 6 3077 0 100 167 4513
2940 8 3075 0 108 31 4514
2940 5 3076 0 128 55 4515
2940 9 3076 0 25 122 4516
2940 22 3076 0 123 1 4517
2940 5 3075 0 146 119 4518
2940 12 3077 0 138 36 4519
2940 10 3074 0 173 171 4520
2940 42 3075 0 194 113 4521
2940 12 3074 0 52 37 4522
2940 4 3074 0 127 27 4523
2940 24 3076 0 13 75 4524
2940 25 3077 0 182 79 4525
2940 3 3075 0 55 108 4526
2940 6 3077 0 178 113 4527
2940 6 3075 0 117 1 4528
2940 5 3074 0 40 59 4529
2940 4 3079 0 128 40 4530
2940 11 3075 0 108 58 4531
2955 6 3092 0 15 4 4532
2955 6 3090 0 128 55 4533
2955 12 3090 0 146 159 4534
2955 11 3092 0 103 1 4535
2955 12 3092 0 95 77 4536
2955 5 3090 0 63 134 4537
2955 19 3092 0 102 59 4538
2955 3 3090 0 128 40 4539
2955 8 3090 0 103 22 4540
2955 13 3090 0 29 60 4541
2955 28 3092 0 198 85 4542
2955 6 3093 0 40 105 4543
2955 19 3094 0 109 36 4544
2955 3 3092 0 66 134 4545
2955 15 3090 0 118 4 4546
2955 5 3091 0 178 113 4547
2955 17 3091 0 123 1 4548
2955 13 3094 0 99 1 4549
2964 50 5947 1 109 56 4550
2970 21 3106 0 109 36 4551
2970 16 3104 0 52 37 4552
2970 18 3105 0 20 47 4553
2970 44 3105 0 105 42 4554
2970 4 3105 0 117 1 4555
2970 5 3106 0 122 58 4556
2970 12 3106 0 173 171 4557
2970 25 3107 0 120 146 4558
2970 45 3104 0 7 35 4559
2970 3 3106 0 128 40 4560
2970 15 3106 0 185 66 4561
2970 22 3107 0 99 1 4562
2970 18 3104 0 102 36 4563
2970 9 3107 0 133 152 4564
2970 14 3104 0 142 143 4565
2970 8 3105 0 67 20 4566
2970 6 3105 0 15 4 4567
2985 3 3122 0 109 56 4568
2985 5 3121 0 66 134 4569
2985 3 3122 0 61 4 4570
2985 26 3124 0 155 79 4571
2985 22 3120 0 137 49 4572
2985 6 3121 0 128 40 4573
2985 5 3121 0 117 1 4574
2985 8 3121 0 113 13 4575
2985 7 3121 0 67 20 4576
2985 10 3120 0 156 90 4577
2985 25 3122 0 15 186 4578
2985 6 3123 0 122 58 4579
2985 22 3122 0 123 1 4580
2985 45 3121 0 198 85 4581
2985 8 3121 0 146 159 4582
2985 21 3120 0 18 115 4583
2985 5 3122 0 72 131 4584
2985 11 3122 0 108 31 4585
2985 17 3124 0 102 36 4586
2985 20 3121 0 194 169 4587
2985 7 3121 0 138 36 4588
2985 9 3121 0 173 171 4589
2985 36 3122 0 105 42 4590
2985 10 3119 0 95 77 4591
2985 4 3121 0 63 134 4592
2985 11 3123 0 101 26 4593
2987 40 5974 1 20 47 4594
2988 184 5973 1 161 34 4595
3000 8 3138 0 138 36 4596
3000 22 3136 0 29 60 4597
3000 9 3139 0 162 78 4598
3000 3 3135 0 150 43 4599
3000 5 3135 0 122 58 4600
3000 20 3136 0 13 75 4601
3000 3 3135 0 109 56 4602
3000 9 3137 0 57 122 4603
3000 9 3137 0 103 22 4604
3000 22 3137 0 52 37 4605
3000 4 3137 0 128 23 4606
3000 20 3135 0 118 4 4607
3000 8 3139 0 156 90 4608
3000 27 3137 0 7 35 4609
3000 7 3136 0 101 26 4610
3000 23 3137 0 125 90 4611
3000 44 3136 0 164 40 4612
3000 22 3137 0 37 7 4613
3000 24 3137 0 194 169 4614
3000 34 3136 0 105 42 4615
3000 23 3138 0 109 36 4616
3000 3 3135 0 72 131 4617
3003 39 5990 1 103 1 4618
3009 191 5995 1 194 113 4619
3015 38 3151 0 72 194 4620
3015 42 3151 0 194 113 4621
3015 19 3154 0 109 36 4622
3015 45 3151 0 155 122 4623
3015 9 3151 0 57 122 4624
3015 7 3150 0 173 171 4625
3015 4 3150 0 128 55 4626
3015 14 3151 0 123 1 4627
3015 4 3151 0 128 23 4628
3015 5 3149 0 146 119 4629
3015 11 3152 0 162 78 4630
3015 7 3151 0 113 13 4631
3015 4 3155 0 117 1 4632
3015 6 3150 0 128 40 4633
3015 16 3153 0 13 75 4634
3015 5 3153 0 127 27 4635
3015 6 3153 0 101 26 4636
3015 12 3152 0 148 56 4637
3015 4 3150 0 178 113 4638
3015 24 3150 0 137 49 4639
3021 42 6007 1 146 159 4640
3030 5 3165 0 161 34 4641
3030 6 3166 0 162 78 4642
3030 14 3165 0 109 36 4643
3030 40 3164 0 24 183 4644
3030 6 3168 0 63 134 4645
3030 22 3166 0 118 4 4646
3030 6 3166 0 108 31 4647
3030 3 3168 0 127 27 4648
3030 23 3167 0 63 86 4649
3030 25 3168 0 37 7 4650
3030 12 3167 0 148 56 4651
3030 3 3167 0 66 134 4652
3030 11 3166 0 94 1 4653
3030 18 3167 0 185 66 4654
3030 3 3165 0 109 56 4655
3030 3 3166 0 72 131 4656
3030 6 3166 0 40 105 4657
3030 3 3166 0 166 118 4658
3030 25 3166 0 182 79 4659
3030 9 3166 0 57 122 4660
3030 3 3164 0 40 59 4661
3030 8 3168 0 138 36 4662
3030 6 3166 0 117 1 4663
3030 5 3166 0 15 4 4664
3030 6 3165 0 128 40 4665
3045 4 3180 0 66 169 4666
3045 25 3181 0 198 85 4667
3045 24 3182 0 37 7 4668
3045 44 3183 0 105 42 4669
3045 39 3181 0 72 194 4670
3045 7 3179 0 103 1 4671
3045 5 3179 0 141 56 4672
3045 25 3180 0 29 60 4673
3045 12 3179 0 103 22 4674
3045 22 3180 0 18 115 4675
3045 4 3179 0 40 105 4676
3045 17 3181 0 93 51 4677
3045 8 3182 0 108 58 4678
3045 17 3183 0 109 36 4679
3045 9 3181 0 101 26 4680
3045 20 3182 0 118 4 4681
3045 8 3182 0 173 171 4682
3045 17 3181 0 123 1 4683
3045 22 3182 0 13 75 4684
3045 7 3181 0 138 36 4685
3045 6 3181 0 127 27 4686
3045 5 3178 0 109 56 4687
3045 11 3182 0 57 122 4688
3045 6 3182 0 128 23 4689
3059 74 6044 1 55 108 4690
3060 3 3196 0 78 150 4691
3060 18 3196 0 185 66 4692
3060 16 3196 0 13 75 4693
3060 21 3195 0 20 47 4694
3060 6 3195 0 103 22 4695
3060 17 3197 0 63 86 4696
3060 7 3196 0 108 31 4697
3060 10 3194 0 57 122 4698
3060 21 3196 0 142 143 4699
3060 4 3194 0 128 23 4700
3060 11 3196 0 108 58 4701
3060 6 3197 0 92 2 4702
3060 11 3195 0 113 13 4703
3060 25 3198 0 29 60 4704
3060 17 3196 0 109 36 4705
3060 14 3194 0 102 59 4706
3060 9 3196 0 67 20 4707
3060 27 3197 0 164 40 4708
3060 12 3196 0 37 7 4709
3060 4 3196 0 127 27 4710
3060 3 3198 0 40 59 4711
3060 4 3196 0 66 169 4712
3060 6 3196 0 128 55 4713
3060 6 3197 0 146 119 4714
3060 10 3196 0 162 78 4715
3060 6 3195 0 63 134 4716
3070 98 6053 1 55 108 4717
3072 153 6057 1 127 27 4718
3072 61 6059 1 118 4 4719
3075 14 3210 0 142 143 4720
3075 14 3211 0 137 49 4721
3075 4 3211 0 92 2 4722
3075 26 3211 0 155 79 4723
3075 19 3210 0 120 146 4724
3075 15 3210 0 118 4 4725
3075 4 3211 0 110 114 4726
3075 39 3212 0 7 35 4727
3075 5 3212 0 161 34 4728
3075 12 3211 0 108 31 4729
3075 35 3210 0 105 42 4730
3075 12 3208 0 109 36 4731
3075 3 3210 0 89 137 4732
3075 5 3211 0 100 167 4733
3075 6 3213 0 148 56 4734
3075 6 3211 0 127 27 4735
3075 25 3211 0 99 1 4736
3075 17 3210 0 123 1 4737
3075 3 3211 0 141 56 4738
3090 12 3228 0 179 186 4739
3090 11 3227 0 101 26 4740
3090 12 3227 0 109 36 4741
3090 12 3226 0 142 143 4742
3090 24 3225 0 194 169 4743
3090 19 3224 0 102 36 4744
3090 5 3225 0 127 27 4745
3090 5 3224 0 63 134 4746
3090 42 3230 0 72 194 4747
3090 12 3226 0 95 77 4748
3090 9 3224 0 162 78 4749
3090 10 3227 0 156 90 4750
3090 13 3225 0 123 1 4751
3090 3 3226 0 66 169 4752
3090 45 3226 0 105 42 4753
3090 4 3225 0 161 34 4754
3090 17 3226 0 18 115 4755
3090 18 3225 0 10 193 4756
3090 6 3225 0 92 2 4757
3090 7 3226 0 108 31 4758
3090 11 3226 0 103 22 4759
3090 38 3226 0 188 80 4760
3090 6 3225 0 150 43 4761
3091 140 6076 1 109 56 4762
3105 29 3242 0 24 183 4763
3105 23 3242 0 102 36 4764
3105 9 3239 0 67 20 4765
3105 12 3239 0 93 51 4766
3105 4 3238 0 63 134 4767
3105 6 3241 0 103 1 4768
3105 44 3240 0 105 42 4769
3105 17 3244 0 137 49 4770
3105 5 3240 0 78 150 4771
3105 5 3242 0 128 23 4772
3105 6 3240 0 127 27 4773
3105 23 3242 0 118 4 4774
3105 10 3240 0 103 22 4775
3105 7 3242 0 133 152 4776
3105 3 3242 0 72 131 4777
3105 5 3241 0 128 40 4778
3105 45 3243 0 155 79 4779
3105 8 3241 0 138 36 4780
3105 3 3241 0 117 1 4781
3105 5 3241 0 128 55 4782
3105 19 3238 0 109 36 4783
3120 24 3256 0 194 169 4784
3120 42 3256 0 155 122 4785
3120 10 3256 0 173 171 4786
3120 6 3257 0 122 58 4787
3120 20 3257 0 63 86 4788
3120 22 3256 0 137 49 4789
3120 10 3256 0 108 31 4790
3120 3 3254 0 127 27 4791
3120 23 3256 0 123 1 4792
3120 4 3255 0 166 118 4793
3120 9 3257 0 103 22 4794
3120 6 3256 0 95 77 4795
3120 36 3254 0 7 35 4796
3120 32 3257 0 198 85 4797
3120 10 3252 0 25 122 4798
3120 31 3257 0 15 186 4799
3120 27 3257 0 72 194 4800
3120 3 3256 0 117 1 4801
3120 38 3255 0 24 183 4802
3120 5 3256 0 128 40 4803
3135 7 3271 0 94 1 4804
3135 16 3273 0 102 36 4805
3135 13 3270 0 93 51 4806
3135 5 3272 0 55 108 4807
3135 5 3271 0 127 27 4808
3135 6 3271 0 128 23 4809
3135 4 3271 0 110 114 4810
3135 3 3271 0 40 59 4811
3135 3 3271 0 109 56 4812
3135 17 3272 0 109 36 4813
3135 5 3271 0 141 56 4814
3135 6 3271 0 161 34 4815
3135 3 3271 0 128 40 4816
3135 11 3272 0 103 22 4817
3135 4 3271 0 122 58 4818
3140 175 6126 1 15 186 4819
3143 123 6128 1 166 118 4820
3150 24 3287 0 102 59 4821
3150 30 3287 0 198 85 4822
3150 25 3287 0 29 60 4823
3150 6 3287 0 146 119 4824
3150 5 3286 0 122 58 4825
3150 4 3286 0 72 131 4826
3150 13 3287 0 123 1 4827
3150 19 3286 0 102 36 4828
3150 20 3287 0 52 37 4829
3150 9 3288 0 138 36 4830
3150 4 3287 0 128 23 4831
3150 6 3286 0 117 1 4832
3150 10 3287 0 103 22 4833
3150 4 3287 0 141 56 4834
3150 21 3288 0 137 49 4835
3150 6 3285 0 128 55 4836
3150 7 3285 0 103 1 4837
3150 23 3287 0 109 36 4838
3150 12 3285 0 146 159 4839
3150 39 3286 0 105 42 4840
3150 10 3287 0 173 171 4841
3150 6 3286 0 78 150 4842
3150 18 3285 0 99 1 4843
3150 17 3286 0 185 66 4844
3150 9 3285 0 148 56 4845
3150 6 3285 0 127 27 4846
3150 25 3284 0 118 4 4847
3150 6 3285 0 133 152 4848
3150 12 3285 0 101 26 4849
3150 9 3286 0 25 122 4850
3165 15 3304 0 13 75 4851
3165 22 3301 0 102 59 4852
3165 24 3300 0 185 66 4853
3165 8 3300 0 179 186 4854
3165 10 3302 0 95 77 4855
3165 3 3301 0 40 105 4856
3165 6 3301 0 113 13 4857
3165 6 3302 0 166 118 4858
3165 4 3302 0 128 55 4859
3165 5 3299 0 109 56 4860
3165 39 3299 0 105 42 4861
3165 5 3300 0 122 58 4862
3165 23 3300 0 123 1 4863
3165 6 3302 0 161 34 4864
3165 4 3301 0 40 59 4865
3165 19 3301 0 118 4 4866
3165 12 3299 0 108 58 4867
3165 39 3300 0 194 113 4868
3165 11 3301 0 108 31 4869
3165 5 3300 0 72 131 4870
3165 6 3300 0 103 1 4871
3165 18 3298 0 137 49 4872
3165 18 3301 0 109 36 4873
3172 40 6158 1 155 79 4874
3172 46 6159 1 178 113 4875
3179 47 6166 1 146 119 4876
3180 10 3318 0 113 13 4877
3180 6 3315 0 166 118 4878
3180 9 3315 0 156 90 4879
3180 13 3315 0 18 115 4880
3180 15 3315 0 10 193 4881
3180 37 3314 0 155 122 4882
3180 18 3316 0 93 51 4883
3180 6 3317 0 95 77 4884
3180 6 3316 0 103 22 4885
3180 6 3317 0 108 58 4886
3180 22 3316 0 137 49 4887
3180 9 3317 0 133 152 4888
3180 4 3317 0 15 4 4889
3180 3 3317 0 127 27 4890
3180 3 3316 0 141 56 4891
3195 3 3332 0 146 119 4892
3195 11 3332 0 95 77 4893
3195 5 3331 0 178 113 4894
3195 5 3332 0 55 108 4895
3195 5 3331 0 72 131 4896
3195 13 3329 0 18 115 4897
3195 25 3330 0 93 51 4898
3195 3 3332 0 122 58 4899
3195 21 3331 0 118 4 4900
3195 10 3332 0 101 26 4901
3195 14 3330 0 123 1 4902
3195 38 3332 0 155 79 4903
3195 4 3332 0 63 134 4904
3195 4 3330 0 109 56 4905
3195 35 3328 0 24 183 4906
3195 23 3332 0 125 90 4907
3195 3 3332 0 127 27 4908
3195 11 3332 0 103 22 4909
3195 44 3332 0 164 40 4910
3195 4 3330 0 128 55 4911
3195 11 3332 0 103 1 4912
3195 7 3329 0 148 56 4913
3195 44 3333 0 7 35 4914
3195 6 3333 0 92 2 4915
3199 75 6185 1 185 66 4916
3210 6 3347 0 117 1 4917
3210 12 3346 0 137 49 4918
3210 21 3345 0 120 146 4919
3210 12 3346 0 102 36 4920
3210 3 3347 0 128 23 4921
3210 4 3347 0 150 43 4922
3210 3 3345 0 15 4 4923
3210 24 3346 0 123 1 4924
3210 20 3344 0 118 4 4925
3210 15 3346 0 102 59 4926
3210 12 3347 0 93 51 4927
3210 6 3346 0 40 59 4928
3210 6 3346 0 110 114 4929
3210 8 3345 0 138 36 4930
3210 19 3347 0 10 193 4931
3210 18 3346 0 185 66 4932
3210 37 3347 0 7 35 4933
3210 6 3347 0 55 108 4934
3210 17 3345 0 109 36 4935
3210 6 3344 0 25 122 4936
3216 68 6202 1 63 86 4937
3225 19 3361 0 123 1 4938
3225 16 3361 0 29 60 4939
3225 22 3361 0 37 7 4940
3225 6 3363 0 101 26 4941
3225 23 3360 0 109 36 4942
3225 3 3360 0 128 55 4943
3225 4 3361 0 127 27 4944
3225 25 3359 0 93 51 4945
3225 12 3360 0 125 90 4946
3225 24 3362 0 185 66 4947
3225 15 3358 0 13 75 4948
3225 20 3361 0 118 4 4949
3225 17 3364 0 99 1 4950
3225 29 3359 0 105 42 4951
3225 36 3358 0 15 186 4952
3225 6 3361 0 109 56 4953
3225 6 3360 0 150 43 4954
3225 8 3362 0 103 22 4955
3225 13 3362 0 18 115 4956
3225 7 3363 0 108 31 4957
3225 6 3362 0 128 40 4958
3225 6 3361 0 138 36 4959
3240 12 3378 0 162 78 4960
3240 12 3375 0 102 36 4961
3240 6 3377 0 110 114 4962
3240 13 3377 0 109 36 4963
3240 12 3376 0 103 22 4964
3240 6 3376 0 128 40 4965
3240 3 3375 0 15 4 4966
3240 8 3378 0 138 36 4967
3240 28 3374 0 198 85 4968
3240 4 3375 0 128 55 4969
3240 3 3375 0 63 134 4970
3240 15 3377 0 63 86 4971
3240 16 3374 0 102 59 4972
3240 10 3376 0 113 13 4973
3240 19 3376 0 182 79 4974
3240 12 3377 0 99 1 4975
3240 11 3374 0 101 26 4976
3240 21 3376 0 137 49 4977
3240 5 3376 0 89 137 4978
3240 4 3378 0 117 1 4979
3240 12 3375 0 123 1 4980
3240 7 3377 0 108 31 4981
3240 6 3374 0 156 90 4982
3242 45 6225 1 162 78 4983
3255 17 3388 0 20 47 4984
3255 3 3390 0 15 4 4985
3255 45 3391 0 7 35 4986
3255 4 3388 0 128 23 4987
3255 38 3392 0 188 80 4988
3255 12 3392 0 113 13 4989
3255 4 3391 0 128 40 4990
3255 6 3393 0 78 150 4991
3255 6 3392 0 108 31 4992
3255 16 3391 0 137 49 4993
3255 8 3391 0 67 20 4994
3255 11 3390 0 57 122 4995
3255 3 3390 0 40 105 4996
3255 6 3392 0 127 27 4997
3255 3 3391 0 150 43 4998
3255 5 3391 0 109 56 4999
3255 12 3392 0 133 152 5000
3255 6 3391 0 110 114 5001
3255 5 3393 0 89 137 5002
3255 7 3390 0 138 36 5003
3255 22 3393 0 123 1 5004
3255 6 3391 0 40 59 5005
3255 8 3390 0 162 78 5006
3255 21 3390 0 118 4 5007
3270 5 3407 0 146 119 5008
3270 36 3404 0 15 186 5009
3270 14 3407 0 185 66 5010
3270 28 3405 0 24 183 5011
3270 15 3407 0 118 4 5012
3270 4 3408 0 150 43 5013
3270 24 3407 0 13 75 5014
3270 5 3406 0 40 105 5015
3270 14 3409 0 93 51 5016
3270 34 3405 0 198 85 5017
3270 25 3406 0 194 169 5018
3270 13 3406 0 137 49 5019
3270 4 3405 0 66 169 5020
3270 6 3406 0 128 40 5021
3270 24 3405 0 37 7 5022
3270 15 3407 0 120 146 5023
3270 21 3407 0 123 1 5024
3285 11 3421 0 95 77 5025
3285 3 3421 0 117 1 5026
3285 10 3421 0 162 78 5027
3285 25 3419 0 182 79 5028
3285 5 3423 0 110 114 5029
3285 30 3420 0 72 194 5030
3285 8 3420 0 103 22 5031
3285 4 3419 0 141 56 5032
3285 12 3418 0 10 193 5033
3285 11 3421 0 101 26 5034
3285 7 3423 0 138 36 5035
3285 3 3422 0 109 56 5036
3285 25 3422 0 123 1 5037
3285 14 3424 0 120 146 5038
3285 19 3420 0 52 37 5039
3285 21 3422 0 137 49 5040
3285 4 3422 0 128 23 5041
3285 3 3420 0 127 27 5042
3285 11 3420 0 103 1 5043
3285 43 3421 0 15 186 5044
3285 3 3420 0 15 4 5045
3285 20 3422 0 99 1 5046
3300 6 3437 0 128 23 5047
3300 4 3437 0 40 105 5048
3300 41 3438 0 7 35 5049
3300 18 3438 0 120 146 5050
3300 4 3436 0 117 1 5051
3300 16 3439 0 123 1 5052
3300 8 3436 0 138 36 5053
3300 8 3435 0 67 20 5054
3300 7 3436 0 173 171 5055
3300 24 3436 0 137 49 5056
3300 9 3434 0 94 1 5057
3300 9 3435 0 179 186 5058
3300 9 3435 0 108 31 5059
3300 15 3435 0 109 36 5060
3300 6 3436 0 103 1 5061
3300 18 3435 0 63 86 5062
3300 8 3436 0 148 56 5063
3300 5 3437 0 127 27 5064
3300 6 3435 0 72 131 5065
3300 6 3439 0 66 134 5066
3300 23 3435 0 102 36 5067
3300 6 3437 0 61 4 5068
3307 58 6293 1 123 1 5069
3315 35 3451 0 164 40 5070
3315 3 3453 0 122 58 5071
3315 9 3450 0 146 159 5072
3315 6 3451 0 57 122 5073
3315 24 3451 0 137 49 5074
3315 4 3451 0 117 1 5075
3315 42 3452 0 188 80 5076
3315 3 3451 0 15 4 5077
3315 38 3451 0 7 35 5078
3315 5 3451 0 55 108 5079
3315 18 3451 0 125 90 5080
3315 35 3450 0 194 113 5081
3315 7 3451 0 101 26 5082
3315 5 3451 0 92 2 5083
3315 5 3449 0 128 40 5084
3315 35 3450 0 198 85 5085
3315 20 3451 0 118 4 5086
3315 7 3450 0 113 13 5087
3315 18 3453 0 142 143 5088
3315 11 3451 0 138 36 5089
3315 9 3450 0 67 20 5090
3322 36 6308 1 66 134 5091
3326 56 6313 1 161 34 5092
3330 15 3466 0 123 1 5093
3330 18 3466 0 185 66 5094
3330 18 3466 0 37 7 5095
3330 22 3467 0 125 90 5096
3330 6 3467 0 66 169 5097
3330 13 3466 0 109 36 5098
3330 37 3464 0 155 122 5099
3330 3 3465 0 127 27 5100
3330 7 3465 0 148 56 5101
3330 42 3465 0 198 85 5102
3330 31 3464 0 105 42 5103
3330 6 3464 0 128 40 5104
3330 10 3465 0 173 171 5105
3330 10 3468 0 95 77 5106
3330 8 3466 0 101 26 5107
3330 3 3468 0 117 1 5108
3330 4 3467 0 150 43 5109
3330 6 3465 0 103 22 5110
3337 133 6322 1 66 134 5111
3339 33 6325 1 95 77 5112
3341 105 6328 1 95 77 5113
3345 9 3481 0 108 31 5114
3345 20 3480 0 18 115 5115
3345 6 3483 0 161 34 5116
3345 18 3479 0 29 60 5117
3345 5 3481 0 15 4 5118
3345 17 3480 0 120 146 5119
3345 3 3479 0 109 56 5120
3345 7 3480 0 179 186 5121
3345 6 3480 0 103 22 5122
3345 28 3482 0 105 42 5123
3345 10 3479 0 103 1 5124
3345 4 3480 0 128 55 5125
3345 9 3482 0 57 122 5126
3345 41 3481 0 2 3 5127
3345 15 3482 0 109 36 5128
3345 18 3482 0 142 143 5129
3345 24 3484 0 118 4 5130
3345 15 3480 0 123 1 5131
3345 5 3480 0 40 105 5132
3345 3 3480 0 122 58 5133
3345 22 3483 0 63 86 5134
3345 12 3480 0 138 36 5135
3345 33 3482 0 194 113 5136
3345 22 3481 0 185 66 5137
3345 3 3481 0 100 167 5138
3348 79 6336 1 108 31 5139
3354 57 6343 1 66 169 5140
3360 29 3496 0 105 42 5141
3360 31 3496 0 24 183 5142
3360 5 3497 0 128 23 5143
3360 5 3496 0 127 27 5144
3360 3 3497 0 40 105 5145
3360 24 3496 0 137 49 5146
3360 7 3499 0 108 58 5147
3360 25 3494 0 13 75 5148
3360 23 3498 0 123 1 5149
3360 11 3497 0 103 22 5150
3360 19 3497 0 102 36 5151
3360 6 3498 0 138 36 5152
3360 11 3496 0 133 152 5153
3360 6 3497 0 66 169 5154
3360 8 3498 0 179 186 5155
3360 4 3495 0 128 55 5156
3360 4 3499 0 55 108 5157
3360 4 3495 0 40 59 5158
3360 25 3498 0 182 79 5159
3360 3 3495 0 122 58 5160
3360 3 3496 0 141 56 5161
3360 3 3497 0 109 56 5162
3360 35 3495 0 2 3 5163
3360 35 3497 0 164 40 5164
3361 42 6346 1 194 113 5165
3364 70 6349 1 198 85 5166
3375 12 3510 0 118 4 5167
3375 4 3511 0 128 55 5168
3375 8 3510 0 94 1 5169
3375 4 3509 0 55 108 5170
3375 21 3512 0 52 37 5171
3375 11 3510 0 133 152 5172
3375 19 3513 0 123 1 5173
3375 3 3512 0 78 150 5174
3375 6 3510 0 40 59 5175
3375 5 3511 0 122 58 5176
3375 4 3514 0 146 119 5177
3375 3 3510 0 89 137 5178
3375 3 3510 0 150 43 5179
3375 17 3511 0 20 47 5180
3375 4 3510 0 117 1 5181
3375 25 3510 0 18 115 5182
3375 8 3510 0 113 13 5183
3375 12 3512 0 57 122 5184
3375 5 3513 0 128 23 5185
3387 68 6371 1 128 40 5186
3390 7 3528 0 138 36 5187
3390 19 3524 0 182 79 5188
3390 3 3525 0 110 114 5189
3390 3 3526 0 128 55 5190
3390 22 3528 0 123 1 5191
3390 16 3526 0 102 36 5192
3390 5 3526 0 166 118 5193
3390 6 3527 0 179 186 5194
3390 4 3527 0 122 58 5195
3390 30 3526 0 188 80 5196
3390 3 3526 0 128 40 5197
3390 4 3525 0 109 56 5198
3390 5 3527 0 128 23 5199
3390 4 3527 0 89 137 5200
3390 22 3525 0 194 169 5201
3390 10 3527 0 25 122 5202
3390 43 3526 0 105 42 5203
3390 17 3526 0 99 1 5204
3390 42 3528 0 24 183 5205
3394 61 6380 1 137 49 5206
3400 110 6384 1 92 2 5207
3405 24 3540 0 123 1 5208
3405 16 3540 0 109 36 5209
3405 23 3541 0 13 75 5210
3405 20 3540 0 118 4 5211
3405 27 3542 0 2 3 5212
3405 10 3541 0 57 122 5213
3405 4 3542 0 117 1 5214
3405 6 3541 0 173 171 5215
3405 6 3541 0 128 40 5216
3405 3 3542 0 122 58 5217
3405 8 3541 0 101 26 5218
3405 24 3538 0 10 193 5219
3405 10 3541 0 108 31 5220
3405 12 3539 0 20 47 5221
3405 43 3541 0 164 40 5222
3405 33 3542 0 15 186 5223
3420 6 3558 0 67 20 5224
3420 17 3558 0 29 60 5225
3420 9 3554 0 138 36 5226
3420 17 3555 0 120 146 5227
3420 12 3556 0 52 37 5228
3420 8 3555 0 148 56 5229
3420 11 3557 0 94 1 5230
3420 18 3556 0 125 90 5231
3420 34 3556 0 72 194 5232
3420 7 3555 0 108 31 5233
3420 16 3555 0 137 49 5234
3420 27 3557 0 2 3 5235
3420 6 3556 0 78 150 5236
3420 6 3556 0 122 58 5237
3420 8 3556 0 101 26 5238
3420 21 3554 0 20 47 5239
3420 5 3556 0 15 4 5240
3426 74 6412 1 150 43 5241
3435 8 3571 0 103 22 5242
3435 9 3573 0 95 77 5243
3435 3 3569 0 128 40 5244
3435 22 3572 0 18 115 5245
3435 6 3571 0 100 167 5246
3435 25 3571 0 185 66 5247
3435 12 3572 0 146 159 5248
3435 3 3571 0 72 131 5249
3435 19 3572 0 109 36 5250
3435 4 3572 0 150 43 5251
3435 18 3570 0 118 4 5252
3435 13 3571 0 182 79 5253
3435 16 3569 0 137 49 5254
3435 9 3572 0 25 122 5255
3435 6 3571 0 133 152 5256
3435 6 3571 0 128 55 5257
3435 6 3570 0 117 1 5258
3435 6 3571 0 66 169 5259
3435 10 3570 0 179 186 5260
3435 31 3572 0 15 186 5261
3435 7 3572 0 94 1 5262
3435 6 3573 0 15 4 5263
3435 3 3571 0 127 27 5264
3450 8 3585 0 173 171 5265
3450 41 3587 0 72 194 5266
3450 11 3584 0 108 31 5267
3450 43 3584 0 105 42 5268
3450 15 3586 0 18 115 5269
3450 20 3589 0 93 51 5270
3450 11 3587 0 57 122 5271
3450 38 3585 0 2 3 5272
3450 12 3584 0 156 90 5273
3450 20 3586 0 13 75 5274
3450 19 3586 0 194 169 5275
3450 11 3588 0 67 20 5276
3450 9 3587 0 95 77 5277
3450 3 3586 0 117 1 5278
3450 4 3588 0 127 27 5279
3450 9 3587 0 101 26 5280
3450 3 3584 0 109 56 5281
3450 11 3586 0 103 22 5282
3450 37 3585 0 198 85 5283
3450 6 3585 0 113 13 5284
3450 17 3588 0 52 37 5285
3450 5 3586 0 55 108 5286
3450 3 3585 0 128 23 5287
3450 11 3585 0 25 122 5288
3465 24 3601 0 99 1 5289
3465 10 3603 0 94 1 5290
3465 10 3602 0 162 78 5291
3465 12 3600 0 173 171 5292
3465 10 3599 0 138 36 5293
3465 5 3601 0 109 56 5294
3465 20 3601 0 137 49 5295
3465 22 3601 0 52 37 5296
3465 6 3602 0 179 186 5297
3465 5 3601 0 127 27 5298
3465 6 3601 0 128 23 5299
3465 25 3600 0 15 186 5300
3465 6 3601 0 66 169 5301
3465 21 3604 0 13 75 5302
3465 4 3603 0 15 4 5303
3465 9 3599 0 156 90 5304
3465 19 3604 0 109 36 5305
3465 12 3603 0 103 22 5306
3465 6 3599 0 128 55 5307
3465 33 3599 0 105 42 5308
3465 10 3601 0 108 31 5309
3475 126 6463 1 94 1 5310
3480 12 3616 0 108 31 5311
3480 24 3616 0 123 1 5312
3480 4 3616 0 15 4 5313
3480 8 3617 0 101 26 5314
3480 3 3614 0 61 4 5315
3480 37 3619 0 155 122 5316
3480 12 3617 0 142 143 5317
3480 22 3614 0 102 36 5318
3480 37 3617 0 188 80 5319
3480 3 3615 0 63 134 5320
3480 3 3616 0 127 27 5321
3480 12 3618 0 138 36 5322
3480 7 3618 0 148 56 5323
3480 3 3616 0 122 58 5324
3480 30 3615 0 194 113 5325
3480 11 3616 0 113 13 5326
3480 38 3615 0 105 42 5327
3495 3 3631 0 109 56 5328
3495 18 3632 0 125 90 5329
3495 18 3631 0 123 1 5330
3495 15 3630 0 109 36 5331
3495 8 3632 0 138 36 5332
3495 5 3633 0 161 34 5333
3495 5 3631 0 128 23 5334
3495 3 3631 0 117 1 5335
3495 4 3631 0 61 4 5336
3495 22 3632 0 13 75 5337
3495 40 3629 0 105 42 5338
3495 43 3631 0 15 186 5339
3495 9 3633 0 57 122 5340
3495 13 3631 0 29 60 5341
3495 12 3631 0 102 36 5342
3495 12 3632 0 173 171 5343
3495 8 3631 0 113 13 5344
3495 6 3630 0 66 169 5345
3495 5 3632 0 128 40 5346
3495 10 3631 0 103 22 5347
3495 28 3633 0 7 35 5348
3495 23 3630 0 118 4 5349
3495 20 3630 0 182 79 5350
3495 22 3630 0 63 86 5351
3495 23 3630 0 194 169 5352
3495 5 3631 0 55 108 5353
3495 11 3630 0 108 31 5354
3495 30 3631 0 198 85 5355
3495 8 3632 0 101 26 5356
3495 19 3633 0 185 66 5357
3495 12 3630 0 156 90 5358
3498 190 6484 1 2 3 5359
3499 49 6485 1 108 58 5360
3501 166 6488 1 108 31 5361
3510 5 3645 0 66 134 5362
3510 7 3646 0 146 159 5363
3510 17 3647 0 125 90 5364
3510 3 3647 0 128 55 5365
3510 14 3646 0 123 1 5366
3510 8 3647 0 103 1 5367
3510 25 3647 0 37 7 5368
3510 29 3647 0 7 35 5369
3510 9 3645 0 138 36 5370
3510 23 3646 0 118 4 5371
3510 5 3644 0 63 134 5372
3510 44 3647 0 105 42 5373
3510 7 3647 0 108 58 5374
3510 22 3645 0 10 193 5375
3510 15 3645 0 137 49 5376
3510 3 3646 0 40 105 5377
3510 3 3648 0 122 58 5378
3510 5 3646 0 146 119 5379
3525 10 3661 0 101 26 5380
3525 3 3661 0 128 23 5381
3525 6 3663 0 109 56 5382
3525 3 3660 0 122 58 5383
3525 26 3662 0 155 122 5384
3525 6 3663 0 150 43 5385
3525 17 3660 0 120 146 5386
3525 24 3661 0 137 49 5387
3525 3 3661 0 128 55 5388
3525 22 3662 0 109 36 5389
3525 11 3661 0 113 13 5390
3525 10 3662 0 94 1 5391
3525 10 3661 0 95 77 5392
3525 20 3661 0 93 51 5393
3525 12 3661 0 108 31 5394
3525 22 3659 0 118 4 5395
3525 3 3661 0 66 169 5396
3525 9 3661 0 103 1 5397
3525 33 3661 0 2 3 5398
3525 11 3663 0 173 171 5399
3525 17 3661 0 102 36 5400
3531 30 6517 1 25 122 5401
3540 28 3676 0 164 40 5402
3540 6 3676 0 128 55 5403
3540 17 3674 0 102 59 5404
3540 4 3673 0 128 23 5405
3540 4 3675 0 110 114 5406
3540 7 3677 0 67 20 5407
3540 15 3677 0 137 49 5408
3540 40 3674 0 155 79 5409
3540 41 3676 0 188 80 5410
3540 21 3677 0 52 37 5411
3540 6 3679 0 92 2 5412
3540 8 3677 0 108 31 5413
3540 12 3675 0 138 36 5414
3540 3 3674 0 122 58 5415
3540 4 3675 0 117 1 5416
3540 8 3674 0 25 122 5417
3540 19 3675 0 18 115 5418
3540 7 3676 0 113 13 5419
3540 6 3675 0 173 171 5420
3540 31 3677 0 7 35 5421
3540 8 3679 0 101 26 5422
3540 23 3674 0 102 36 5423
3540 12 3678 0 194 169 5424
3540 3 3676 0 61 4 5425
3540 22 3674 0 93 51 5426
3540 6 3677 0 128 40 5427
3544 75 6529 1 166 118 5428
3553 44 6540 1 138 36 5429
3555 11 3690 0 108 58 5430
3555 6 3693 0 179 186 5431
3555 10 3690 0 146 159 5432
3555 13 3692 0 142 143 5433
3555 11 3693 0 138 36 5434
3555 4 3692 0 146 119 5435
3555 12 3690 0 113 13 5436
3555 5 3691 0 128 23 5437
3555 43 3694 0 15 186 5438
3555 6 3691 0 128 55 5439
3555 15 3690 0 123 1 5440
3555 5 3691 0 66 169 5441
3555 4 3691 0 128 40 5442
3555 6 3691 0 92 2 5443
3555 3 3692 0 109 56 5444
3555 40 3691 0 155 122 5445
3555 40 3691 0 155 79 5446
3555 43 3692 0 7 35 5447
3555 20 3692 0 10 193 5448
3555 8 3691 0 103 22 5449
3555 20 3691 0 137 49 5450
3555 5 3691 0 122 58 5451
3555 30 3692 0 194 113 5452
3555 3 3688 0 40 59 5453
3570 7 3706 0 148 56 5454
3570 5 3706 0 66 169 5455
3570 39 3706 0 24 183 5456
3570 13 3708 0 182 79 5457
3570 4 3707 0 109 56 5458
3570 4 3705 0 128 40 5459
3570 14 3705 0 123 1 5460
3570 3 3706 0 40 59 5461
3570 15 3707 0 102 36 5462
3570 42 3707 0 72 194 5463
3570 6 3707 0 173 171 5464
3570 6 3703 0 101 26 5465
3570 3 3706 0 100 167 5466
3570 21 3706 0 120 146 5467
3570 9 3708 0 67 20 5468
3570 34 3705 0 198 85 5469
3570 45 3708 0 188 80 5470
3570 9 3706 0 138 36 5471
3570 23 3706 0 29 60 5472
3570 6 3706 0 178 113 5473
3570 43 3705 0 155 79 5474
3570 20 3706 0 137 49 5475
3574 70 6560 1 120 146 5476
3583 164 6568 1 18 115 5477
3585 12 3722 0 108 31 5478
3585 39 3721 0 105 42 5479
3585 11 3722 0 156 90 5480
3585 3 3720 0 55 108 5481
3585 11 3720 0 103 1 5482
3585 4 3723 0 127 27 5483
3585 5 3721 0 109 56 5484
3585 11 3721 0 101 26 5485
3585 4 3721 0 122 58 5486
3585 11 3722 0 103 22 5487
3585 11 3721 0 133 152 5488
3585 16 3720 0 52 37 5489
3585 16 3721 0 123 1 5490
3585 17 3722 0 185 66 5491
3585 6 3723 0 138 36 5492
3585 3 3720 0 128 23 5493
3585 8 3721 0 57 122 5494
3585 4 3721 0 128 55 5495
3592 117 6578 1 148 56 5496
3597 34 6583 1 13 75 5497
3600 13 3739 0 63 86 5498
3600 25 3735 0 118 4 5499
3600 16 3735 0 109 36 5500
3600 38 3738 0 2 3 5501
3600 5 3736 0 109 56 5502
3600 5 3736 0 117 1 5503
3600 3 3735 0 128 55 5504
3600 20 3736 0 185 66 5505
3600 19 3736 0 137 49 5506
3600 4 3736 0 122 58 5507
3600 11 3735 0 57 122 5508
3600 6 3737 0 127 27 5509
3600 3 3737 0 178 113 5510
3600 3 3737 0 40 59 5511
3600 4 3734 0 161 34 5512
3600 13 3734 0 18 115 5513
3600 6 3737 0 89 137 5514
3600 32 3735 0 15 186 5515
3600 4 3735 0 146 119 5516
3600 4 3738 0 61 4 5517
3607 166 6591 1 128 40 5518
3609 32 6596 1 52 37 5519
3611 47 6597 1 148 56 5520
3615 8 3752 0 101 26 5521
3615 6 3751 0 109 56 5522
3615 13 3748 0 109 36 5523
3615 41 3751 0 7 35 5524
3615 12 3751 0 123 1 5525
3615 24 3752 0 125 90 5526
3615 3 3751 0 110 114 5527
3615 5 3751 0 128 55 5528
3615 32 3752 0 105 42 5529
3615 5 3753 0 63 134 5530
3615 17 3751 0 10 193 5531
3615 3 3751 0 122 58 5532
3615 9 3751 0 25 122 5533
3615 24 3751 0 118 4 5534
3615 6 3751 0 78 150 5535
3615 6 3753 0 72 131 5536
3615 5 3752 0 92 2 5537
3615 5 3750 0 89 137 5538
3615 3 3750 0 40 59 5539
3615 7 3751 0 113 13 5540
3615 3 3750 0 128 40 5541
3615 4 3751 0 128 23 5542
3615 5 3751 0 127 27 5543
3615 4 3750 0 15 4 5544
3615 3 3751 0 141 56 5545
3615 5 3750 0 161 34 5546
3615 6 3751 0 66 134 5547
3615 25 3753 0 137 49 5548
3615 5 3749 0 117 1 5549
3615 19 3752 0 13 75 5550
3615 31 3750 0 15 186 5551
3615 16 3751 0 63 86 5552
3619 68 6607 1 18 115 5553
3625 31 6610 1 164 40 5554
3630 3 3768 0 128 40 5555
3630 25 3766 0 13 75 5556
3630 17 3765 0 109 36 5557
3630 5 3764 0 72 131 5558
3630 45 3765 0 24 183 5559
3630 21 3767 0 123 1 5560
3630 10 3766 0 113 13 5561
3630 12 3765 0 173 171 5562
3630 6 3767 0 108 31 5563
3630 3 3767 0 161 34 5564
3630 13 3766 0 93 51 5565
3630 11 3768 0 156 90 5566
3630 4 3766 0 78 150 5567
3630 6 3769 0 179 186 5568
3630 18 3766 0 63 86 5569
3630 6 3763 0 128 55 5570
3630 4 3768 0 117 1 5571
3630 12 3767 0 138 36 5572
3630 4 3765 0 63 134 5573
3630 19 3766 0 10 193 5574
3630 10 3767 0 101 26 5575
3630 4 3765 0 127 27 5576
3630 3 3766 0 109 56 5577
3630 17 3767 0 125 90 5578
3630 4 3767 0 122 58 5579
3630 11 3767 0 162 78 5580
3630 7 3768 0 103 22 5581
3630 31 3767 0 7 35 5582
3637 80 6623 1 40 105 5583
3638 170 6624 1 118 4 5584
3639 182 6627 1 188 80 5585
3640 52 6627 1 78 150 5586
3645 19 3782 0 137 49 5587
3645 23 3781 0 20 47 5588
3645 6 3782 0 109 56 5589
3645 6 3779 0 122 58 5590
3645 14 3780 0 194 169 5591
3645 6 3780 0 178 113 5592
3645 4 3781 0 128 23 5593
3645 25 3781 0 52 37 5594
3645 12 3780 0 123 1 5595
3645 20 3783 0 37 7 5596
3645 23 3780 0 99 1 5597
3645 15 3783 0 182 79 5598
3645 42 3782 0 7 35 5599
3645 9 3783 0 173 171 5600
3645 6 3781 0 110 114 5601
3645 30 3782 0 194 113 5602
3645 11 3776 0 103 22 5603
3645 17 3781 0 102 36 5604
3645 22 3782 0 102 59 5605
3645 12 3781 0 148 56 5606
3645 11 3782 0 67 20 5607
3645 12 3780 0 94 1 5608
3645 9 3783 0 108 31 5609
3658 38 6643 1 63 134 5610
3660 11 3797 0 138 36 5611
3660 3 3796 0 166 118 5612
3660 7 3795 0 146 159 5613
3660 26 3795 0 24 183 5614
3660 14 3798 0 102 36 5615
3660 3 3794 0 55 108 5616
3660 3 3795 0 66 134 5617
3660 5 3796 0 117 1 5618
3660 10 3797 0 95 77 5619
3660 21 3796 0 118 4 5620
3660 6 3796 0 110 114 5621
3660 3 3797 0 109 56 5622
3660 9 3795 0 103 22 5623
3660 6 3797 0 89 137 5624
3660 28 3795 0 198 85 5625
3660 6 3794 0 122 58 5626
3660 8 3795 0 94 1 5627
3660 17 3796 0 20 47 5628
3660 45 3796 0 105 42 5629
3660 18 3797 0 10 193 5630
3660 4 3798 0 66 169 5631
3660 27 3795 0 194 113 5632
3666 139 6652 1 63 86 5633
3675 6 3810 0 15 4 5634
3675 7 3810 0 146 159 5635
3675 5 3810 0 141 56 5636
3675 12 3813 0 29 60 5637
3675 21 3811 0 52 37 5638
3675 6 3812 0 110 114 5639
3675 3 3812 0 117 1 5640
3675 6 3810 0 127 27 5641
3675 23 3811 0 63 86 5642
3675 43 3811 0 164 40 5643
3675 24 3810 0 185 66 5644
3675 5 3812 0 109 56 5645
3675 32 3813 0 105 42 5646
3675 35 3811 0 198 85 5647
3675 7 3810 0 103 22 5648
3675 6 3812 0 100 167 5649
3675 4 3810 0 89 137 5650
3675 4 3811 0 55 108 5651
3675 12 3812 0 118 4 5652
3675 22 3811 0 123 1 5653
3690 39 3827 0 155 122 5654
3690 15 3827 0 102 36 5655
3690 4 3827 0 109 56 5656
3690 3 3828 0 89 137 5657
3690 41 3827 0 2 3 5658
3690 6 3824 0 25 122 5659
3690 24 3826 0 109 36 5660
3690 3 3826 0 178 113 5661
3690 11 3826 0 103 22 5662
3690 19 3828 0 137 49 5663
3690 10 3826 0 138 36 5664
3690 3 3826 0 127 27 5665
3690 6 3825 0 128 55 5666
3690 4 3826 0 117 1 5667
3690 3 3826 0 92 2 5668
3690 21 3826 0 120 146 5669
3690 8 3824 0 108 31 5670
3690 4 3827 0 63 134 5671
3690 6 3825 0 150 43 5672
3690 9 3826 0 148 56 5673
3690 8 3826 0 103 1 5674
3690 25 3826 0 198 85 5675
3690 6 3825 0 179 186 5676
3690 19 3826 0 194 169 5677
3690 6 3827 0 128 40 5678
3690 42 3823 0 15 186 5679
3690 6 3824 0 156 90 5680
3690 11 3825 0 113 13 5681
3690 3 3826 0 72 131 5682
3705 18 3842 0 182 79 5683
3705 29 3841 0 2 3 5684
3705 10 3839 0 103 22 5685
3705 4 3838 0 15 4 5686
3705 9 3841 0 173 171 5687
3705 8 3840 0 156 90 5688
3705 15 3841 0 10 193 5689
3705 6 3841 0 40 105 5690
3705 3 3839 0 63 134 5691
3705 20 3840 0 118 4 5692
3705 16 3842 0 63 86 5693
3705 5 3840 0 161 34 5694
3705 44 3841 0 105 42 5695
3705 10 3841 0 113 13 5696
3705 24 3841 0 137 49 5697
3705 5 3841 0 122 58 5698
3705 25 3841 0 15 186 5699
3705 7 3843 0 95 77 5700
3705 3 3841 0 127 27 5701
3705 3 3840 0 141 56 5702
3705 3 3841 0 61 4 5703
3705 6 3843 0 166 118 5704
3705 22 3841 0 109 36 5705
3720 21 3855 0 118 4 5706
3720 4 3858 0 92 2 5707
3720 23 3856 0 120 146 5708
3720 15 3857 0 102 36 5709
3720 9 3857 0 133 152 5710
3720 10 3857 0 94 1 5711
3720 6 3856 0 128 55 5712
3720 4 3858 0 89 137 5713
3720 39 3854 0 105 42 5714
3720 10 3855 0 95 77 5715
3720 8 3857 0 57 122 5716
3720 3 3856 0 128 40 5717
3720 4 3858 0 110 114 5718
3720 38 3855 0 194 113 5719
3720 3 3859 0 15 4 5720
3720 37 3856 0 15 186 5721
3720 3 3857 0 66 134 5722
3720 11 3856 0 101 26 5723
3720 40 3856 0 7 35 5724
3720 10 3856 0 25 122 5725
3720 5 3857 0 109 56 5726
3720 6 3857 0 103 22 5727
3720 25 3859 0 125 90 5728
3720 24 3855 0 123 1 5729
3720 4 3857 0 122 58 5730
3735 8 3871 0 108 31 5731
3735 4 3873 0 150 43 5732
3735 36 3870 0 15 186 5733
3735 18 3870 0 109 36 5734
3735 11 3871 0 103 22 5735
3735 6 3871 0 63 134 5736
3735 11 3871 0 103 1 5737
3735 21 3870 0 185 66 5738
3735 25 3869 0 137 49 5739
3735 11 3871 0 101 26 5740
3735 9 3872 0 113 13 5741
3735 5 3872 0 128 55 5742
3735 18 3873 0 10 193 5743
3735 8 3872 0 133 152 5744
3735 39 3871 0 7 35 5745
3735 10 3869 0 138 36 5746
3735 41 3871 0 198 85 5747
3735 42 3870 0 24 183 5748
3735 23 3871 0 123 1 5749
3735 6 3872 0 127 27 5750
3735 22 3871 0 194 169 5751
3735 4 3870 0 117 1 5752
3750 12 3887 0 63 86 5753
3750 9 3884 0 108 31 5754
3750 22 3889 0 109 36 5755
3750 13 3887 0 10 193 5756
3750 14 3887 0 123 1 5757
3750 24 3886 0 102 36 5758
3750 6 3885 0 178 113 5759
3750 18 3885 0 18 115 5760
3750 4 3885 0 128 55 5761
3750 4 3885 0 15 4 5762
3750 4 3886 0 92 2 5763
3750 14 3886 0 93 51 5764
3750 5 3885 0 61 4 5765
3750 24 3884 0 142 143 5766
3750 6 3888 0 127 27 5767
3750 25 3889 0 137 49 5768
3750 5 3885 0 122 58 5769
3750 18 3886 0 125 90 5770
3750 28 3886 0 7 35 5771
3750 17 3887 0 182 79 5772
3750 8 3887 0 138 36 5773
3750 8 3888 0 67 20 5774
3750 6 3885 0 161 34 5775
3750 25 3883 0 37 7 5776
3750 26 3886 0 198 85 5777
3750 11 3887 0 113 13 5778
3765 43 3901 0 188 80 5779
3765 12 3901 0 57 122 5780
3765 6 3901 0 25 122 5781
3765 5 3900 0 146 119 5782
3765 13 3900 0 109 36 5783
3765 3 3902 0 89 137 5784
3765 4 3904 0 122 58 5785
3765 6 3902 0 113 13 5786
3765 10 3900 0 108 31 5787
3765 6 3900 0 141 56 5788
3765 6 3900 0 127 27 5789
3765 18 3901 0 20 47 5790
3765 24 3902 0 37 7 5791
3765 40 3901 0 105 42 5792
3765 44 3898 0 72 194 5793
3765 12 3900 0 138 36 5794
3765 9 3901 0 101 26 5795
3765 10 3901 0 67 20 5796
3765 3 3902 0 128 55 5797
3765 13 3901 0 52 37 5798
3765 42 3902 0 155 79 5799
3765 6 3901 0 133 152 5800
3765 4 3903 0 117 1 5801
3765 22 3901 0 118 4 5802
3771 80 6757 1 117 1 5803
3778 59 6765 1 93 51 5804
3780 70 6765 1 72 194 5805
3780 8 3914 0 146 159 5806
3780 21 3918 0 137 49 5807
3780 6 3915 0 89 137 5808
3780 4 3915 0 109 56 5809
3780 3 3913 0 100 167 5810
3780 34 3916 0 7 35 5811
3780 22 3917 0 18 115 5812
3780 10 3914 0 94 1 5813
3780 9 3916 0 133 152 5814
3780 23 3915 0 102 36 5815
3780 12 3917 0 101 26 5816
3780 12 3914 0 173 171 5817
3780 4 3916 0 128 40 5818
3780 10 3914 0 67 20 5819
3780 25 3916 0 24 183 5820
3780 21 3916 0 123 1 5821
3780 4 3916 0 117 1 5822
3780 4 3915 0 141 56 5823
3787 33 6774 1 133 152 5824
3795 33 3931 0 24 183 5825
3795 9 3930 0 108 31 5826
3795 17 3931 0 102 36 5827
3795 4 3931 0 109 56 5828
3795 3 3931 0 117 1 5829
3795 9 3931 0 173 171 5830
3795 6 3932 0 94 1 5831
3795 3 3931 0 128 55 5832
3795 9 3929 0 138 36 5833
3795 6 3931 0 128 23 5834
3795 13 3931 0 118 4 5835
3795 9 3930 0 101 26 5836
3795 8 3930 0 25 122 5837
3795 6 3931 0 67 20 5838
3795 4 3932 0 110 114 5839
3795 25 3933 0 29 60 5840
3795 25 3928 0 72 194 5841
3801 47 6788 1 156 90 5842
3810 6 3947 0 117 1 5843
3810 33 3945 0 105 42 5844
3810 8 3946 0 103 1 5845
3810 8 3947 0 95 77 5846
3810 41 3947 0 2 3 5847
3810 4 3947 0 127 27 5848
3810 14 3944 0 118 4 5849
3810 24 3945 0 29 60 5850
3810 19 3946 0 10 193 5851
3810 23 3946 0 185 66 5852
3810 6 3944 0 166 118 5853
3810 12 3944 0 108 31 5854
3810 5 3944 0 92 2 5855
3810 3 3949 0 109 56 5856
3810 20 3947 0 52 37 5857
3810 16 3946 0 137 49 5858
3810 6 3946 0 40 59 5859
3810 6 3947 0 122 58 5860
3810 5 3945 0 146 119 5861
3810 3 3943 0 89 137 5862
3823 57 6809 1 103 22 5863
3825 34 3963 0 72 194 5864
3825 3 3960 0 40 105 5865
3825 20 3961 0 123 1 5866
3825 6 3961 0 101 26 5867
3825 12 3962 0 113 13 5868
3825 5 3959 0 128 40 5869
3825 10 3962 0 57 122 5870
3825 25 3961 0 102 36 5871
3825 3 3960 0 100 167 5872
3825 4 3962 0 161 34 5873
3825 43 3963 0 198 85 5874
3825 8 3960 0 67 20 5875
3825 22 3962 0 37 7 5876
3825 3 3964 0 89 137 5877
3825 17 3962 0 137 49 5878
3825 6 3963 0 109 56 5879
3825 5 3961 0 128 55 5880
3825 6 3961 0 117 1 5881
3825 23 3961 0 20 47 5882
3825 18 3962 0 118 4 5883
3825 14 3959 0 10 193 5884
3825 6 3960 0 25 122 5885
3828 58 6815 1 37 7 5886
3839 57 6825 1 122 58 5887
3839 42 6825 1 29 60 5888
3840 17 3975 0 102 59 5889
3840 22 3976 0 13 75 5890
3840 9 3976 0 103 22 5891
3840 27 3978 0 155 79 5892
3840 4 3976 0 122 58 5893
3840 6 3976 0 15 4 5894
3840 8 3977 0 101 26 5895
3840 37 3978 0 198 85 5896
3840 19 3979 0 93 51 5897
3840 4 3976 0 128 23 5898
3840 11 3973 0 138 36 5899
3840 12 3976 0 137 49 5900
3840 41 3978 0 105 42 5901
3840 3 3976 0 61 4 5902
3840 7 3976 0 57 122 5903
3840 6 3975 0 178 113 5904
3840 8 3977 0 108 31 5905
3840 37 3976 0 24 183 5906
3840 4 3977 0 117 1 5907
3840 42 3976 0 2 3 5908
3840 18 3974 0 123 1 5909
3845 103 6834 1 40 105 5910
3848 78 6834 1 194 169 5911
3850 66 6836 1 100 167 5912
3855 14 3991 0 102 36 5913
3855 3 3990 0 72 131 5914
3855 14 3991 0 37 7 5915
3855 4 3992 0 89 137 5916
3855 33 3991 0 7 35 5917
3855 23 3990 0 137 49 5918
3855 43 3990 0 198 85 5919
3855 3 3989 0 55 108 5920
3855 31 3992 0 72 194 5921
3855 5 3991 0 146 119 5922
3855 10 3989 0 103 22 5923
3855 5 3992 0 110 114 5924
3855 7 3991 0 148 56 5925
3855 6 3990 0 40 59 5926
3855 8 3992 0 138 36 5927
3855 3 3991 0 100 167 5928
3855 14 3992 0 185 66 5929
3855 28 3992 0 105 42 5930
3855 5 3989 0 150 43 5931
3855 3 3991 0 109 56 5932
3855 13 3991 0 123 1 5933
3855 22 3990 0 102 59 5934
3855 37 3993 0 155 122 5935
3855 19 3991 0 29 60 5936
3855 41 3991 0 164 40 5937
3855 11 3989 0 101 26 5938
3870 8 4005 0 113 13 5939
3870 13 4007 0 123 1 5940
3870 10 4006 0 148 56 5941
3870 12 4008 0 103 22 5942
3870 6 4005 0 150 43 5943
3870 13 4006 0 93 51 5944
3870 5 4009 0 40 59 5945
3870 6 4005 0 66 134 5946
3870 23 4007 0 99 1 5947
3870 23 4005 0 125 90 5948
3870 4 4006 0 178 113 5949
3870 9 4006 0 162 78 5950
3870 13 4005 0 109 36 5951
3870 39 4003 0 72 194 5952
3870 17 4005 0 142 143 5953
3870 7 4006 0 95 77 5954
3870 3 4006 0 128 40 5955
3870 40 4006 0 105 42 5956
3870 34 4004 0 194 113 5957
3870 27 4006 0 15 186 5958
3870 4 4004 0 122 58 5959
3870 4 4007 0 127 27 5960
3870 3 4007 0 141 56 5961
3870 10 4008 0 156 90 5962
3870 8 4004 0 101 26 5963
3870 40 4008 0 164 40 5964
3870 6 4006 0 128 23 5965
3870 6 4006 0 92 2 5966
3870 6 4004 0 128 55 5967
3870 19 4006 0 52 37 5968
3870 42 4004 0 2 3 5969
3875 33 6863 1 102 36 5970
3885 23 4023 0 63 86 5971
3885 6 4019 0 128 55 5972
3885 3 4022 0 66 134 5973
3885 3 4020 0 150 43 5974
3885 8 4021 0 101 26 5975
3885 23 4021 0 137 49 5976
3885 23 4019 0 185 66 5977
3885 12 4024 0 118 4 5978
3885 30 4022 0 194 113 5979
3885 39 4021 0 7 35 5980
3885 10 4022 0 173 171 5981
3885 5 4023 0 166 118 5982
3885 21 4020 0 37 7 5983
3885 6 4019 0 122 58 5984
3885 6 4021 0 128 23 5985
3885 43 4021 0 164 40 5986
3885 5 4022 0 127 27 5987
3885 8 4020 0 162 78 5988
3885 7 4021 0 57 122 5989
3885 18 4022 0 194 169 5990
3885 11 4021 0 94 1 5991
3891 135 6877 1 15 4 5992
3900 5 4038 0 117 1 5993
3900 15 4034 0 137 49 5994
3900 14 4037 0 125 90 5995
3900 6 4035 0 57 122 5996
3900 5 4035 0 128 40 5997
3900 6 4037 0 156 90 5998
3900 4 4036 0 146 119 5999
3900 21 4036 0 20 47 6000
3900 3 4037 0 72 131 6001
3900 9 4035 0 108 58 6002
3900 10 4035 0 101 26 6003
3900 10 4037 0 108 31 6004
3900 4 4036 0 150 43 6005
3900 29 4038 0 155 122 6006
3900 6 4035 0 128 23 6007
3900 9 4039 0 138 36 6008
3900 3 4035 0 161 34 6009
3900 4 4035 0 40 59 6010
3900 33 4035 0 105 42 6011
3900 7 4034 0 103 22 6012
3915 34 4050 0 155 79 6013
3915 19 4050 0 18 115 6014
3915 20 4053 0 52 37 6015
3915 5 4050 0 122 58 6016
3915 7 4049 0 148 56 6017
3915 5 4050 0 127 27 6018
3915 17 4053 0 20 47 6019
3915 43 4051 0 105 42 6020
3915 7 4049 0 108 58 6021
3915 25 4050 0 198 85 6022
3915 11 4051 0 138 36 6023
3915 17 4051 0 109 36 6024
3915 12 4051 0 179 186 6025
3915 25 4049 0 120 146 6026
3915 20 4049 0 123 1 6027
3915 5 4052 0 89 137 6028
3915 13 4051 0 63 86 6029
3915 11 4052 0 103 22 6030
3915 3 4054 0 55 108 6031
3915 10 4052 0 146 159 6032
3915 17 4050 0 125 90 6033
3915 4 4051 0 40 105 6034
3915 41 4050 0 15 186 6035
3915 17 4050 0 194 169 6036
3915 3 4050 0 109 56 6037
3915 35 4052 0 72 194 6038
3915 8 4051 0 173 171 6039
3915 22 4051 0 93 51 6040
3915 3 4051 0 128 23 6041
3915 12 4050 0 137 49 6042
3930 45 4067 0 188 80 6043
3930 30 4065 0 24 183 6044
3930 6 4065 0 122 58 6045
3930 3 4068 0 117 1 6046
3930 25 4065 0 15 186 6047
3930 6 4066 0 161 34 6048
3930 14 4065 0 102 36 6049
3930 9 4067 0 162 78 6050
3930 5 4066 0 150 43 6051
3930 35 4068 0 72 194 6052
3930 3 4065 0 128 55 6053
3930 23 4067 0 109 36 6054
3930 17 4066 0 137 49 6055
3930 5 4066 0 128 40 6056
3930 12 4065 0 67 20 6057
3930 4 4067 0 109 56 6058
3945 4 4082 0 161 34 6059
3945 4 4081 0 72 131 6060
3945 15 4080 0 142 143 6061
3945 8 4083 0 148 56 6062
3945 19 4083 0 18 115 6063
3945 34 4080 0 188 80 6064
3945 11 4079 0 108 31 6065
3945 3 4081 0 55 108 6066
3945 3 4082 0 100 167 6067
3945 6 4081 0 15 4 6068
3945 22 4080 0 10 193 6069
3945 11 4081 0 113 13 6070
3945 40 4082 0 194 113 6071
3945 19 4083 0 109 36 6072
3945 4 4079 0 128 23 6073
3945 12 4082 0 101 26 6074
3945 4 4080 0 78 150 6075
3945 9 4082 0 179 186 6076
3945 24 4080 0 29 60 6077
3945 20 4080 0 52 37 6078
3945 3 4081 0 128 55 6079
3945 21 4082 0 118 4 6080
3945 9 4081 0 108 58 6081
3945 11 4080 0 95 77 6082
3948 65 6936 1 188 80 6083
3949 192 6934 1 52 37 6084
3960 11 4095 0 156 90 6085
3960 33 4096 0 24 183 6086
3960 25 4096 0 125 90 6087
3960 12 4095 0 179 186 6088
3960 18 4096 0 123 1 6089
3960 6 4096 0 100 167 6090
3960 7 4095 0 162 78 6091
3960 7 4094 0 101 26 6092
3960 20 4095 0 109 36 6093
3960 6 4097 0 166 118 6094
3960 12 4097 0 146 159 6095
3960 30 4097 0 15 186 6096
3960 6 4098 0 128 23 6097
3960 6 4098 0 108 31 6098
3960 5 4096 0 66 134 6099
3960 6 4096 0 15 4 6100
3960 7 4095 0 148 56 6101
3965 152 6948 1 72 131 6102
3975 5 4112 0 55 108 6103
3975 4 4112 0 100 167 6104
3975 6 4110 0 122 58 6105
3975 6 4115 0 109 56 6106
3975 21 4111 0 20 47 6107
3975 4 4113 0 166 118 6108
3975 7 4111 0 57 122 6109
3975 17 4112 0 118 4 6110
3975 22 4113 0 123 1 6111
3975 13 4109 0 29 60 6112
3975 4 4110 0 128 40 6113
3975 4 4111 0 128 23 6114
3975 12 4113 0 108 31 6115
3975 6 4113 0 72 131 6116
3975 25 4110 0 142 143 6117
3975 5 4109 0 146 119 6118
3975 18 4110 0 18 115 6119
3975 3 4114 0 161 34 6120
3975 10 4112 0 138 36 6121
3975 41 4111 0 155 122 6122
3975 20 4111 0 99 1 6123
3975 3 4111 0 89 137 6124
3975 20 4110 0 102 59 6125
3975 4 4111 0 63 134 6126
3975 15 4111 0 109 36 6127
3990 4 4127 0 55 108 6128
3990 7 4125 0 94 1 6129
3990 6 4129 0 128 23 6130
3990 20 4126 0 125 90 6131
3990 10 4125 0 148 56 6132
3990 6 4126 0 92 2 6133
3990 3 4126 0 100 167 6134
3990 9 4125 0 113 13 6135
3990 6 4126 0 128 40 6136
3990 6 4126 0 66 169 6137
3990 11 4123 0 108 31 6138
3990 44 4128 0 155 79 6139
3990 6 4127 0 57 122 6140
3990 17 4127 0 194 169 6141
3990 18 4127 0 93 51 6142
3990 4 4126 0 72 131 6143
3990 9 4125 0 67 20 6144
3990 6 4126 0 179 186 6145
3990 17 4125 0 52 37 6146
3990 15 4127 0 109 36 6147
3990 25 4125 0 102 36 6148
3990 10 4127 0 101 26 6149
3990 25 4127 0 18 115 6150
4005 15 4140 0 102 36 6151
4005 35 4141 0 2 3 6152
4005 12 4142 0 101 26 6153
4005 22 4142 0 109 36 6154
4005 8 4142 0 173 171 6155
4005 17 4142 0 137 49 6156
4005 6 4139 0 108 31 6157
4005 6 4141 0 150 43 6158
4005 20 4141 0 118 4 6159
4005 10 4143 0 103 22 6160
4005 10 4141 0 146 159 6161
4005 7 4140 0 138 36 6162
4005 16 4143 0 182 79 6163
4005 4 4141 0 63 134 6164
4005 16 4138 0 102 59 6165
4005 6 4142 0 108 58 6166
4005 8 4140 0 95 77 6167
4005 5 4141 0 127 27 6168
4005 3 4140 0 89 137 6169
4005 25 4140 0 37 7 6170
4005 36 4140 0 72 194 6171
4005 6 4138 0 122 58 6172
4020 3 4155 0 122 58 6173
4020 18 4156 0 142 143 6174
4020 7 4154 0 133 152 6175
4020 10 4156 0 108 31 6176
4020 4 4155 0 78 150 6177
4020 9 4156 0 108 58 6178
4020 6 4156 0 128 40 6179
4020 8 4155 0 103 1 6180
4020 40 4156 0 105 42 6181
4020 4 4157 0 100 167 6182
4020 6 4158 0 146 119 6183
4020 3 4155 0 161 34 6184
4020 17 4155 0 18 115 6185
4020 12 4155 0 37 7 6186
4020 8 4157 0 94 1 6187
4020 8 4155 0 179 186 6188
4020 19 4155 0 10 193 6189
4020 27 4155 0 198 85 6190
4020 21 4154 0 20 47 6191
4020 19 4156 0 29 60 6192
4020 21 4156 0 118 4 6193
4020 25 4155 0 102 36 6194
4020 4 4155 0 66 134 6195
4020 17 4158 0 63 86 6196
4025 95 7011 1 108 58 6197
4033 31 7019 1 141 56 6198
4034 64 7021 1 7 35 6199
4035 4 4172 0 78 150 6200
4035 13 4171 0 102 36 6201
4035 11 4173 0 156 90 6202
4035 8 4171 0 138 36 6203
4035 12 4171 0 137 49 6204
4035 15 4173 0 109 36 6205
4035 42 4173 0 7 35 6206
4035 35 4170 0 188 80 6207
4035 17 4169 0 63 86 6208
4035 21 4170 0 102 59 6209
4035 3 4168 0 141 56 6210
4035 5 4170 0 166 118 6211
4035 12 4171 0 101 26 6212
4035 3 4171 0 117 1 6213
4035 22 4170 0 37 7 6214
4035 45 4172 0 155 122 6215
4035 5 4172 0 61 4 6216
4035 19 4173 0 118 4 6217
4035 8 4170 0 25 122 6218
4035 6 4170 0 122 58 6219
4035 6 4169 0 103 22 6220
4035 11 4170 0 133 152 6221
4035 6 4170 0 128 40 6222
4035 5 4172 0 150 43 6223
4035 13 4172 0 123 1 6224
4035 3 4172 0 178 113 6225
4035 10 4171 0 113 13 6226
4035 9 4172 0 146 159 6227
4050 10 4188 0 148 56 6228
4050 20 4186 0 123 1 6229
4050 11 4188 0 138 36 6230
4050 5 4186 0 128 55 6231
4050 5 4189 0 128 23 6232
4050 13 4185 0 102 36 6233
4050 6 4186 0 61 4 6234
4050 6 4185 0 178 113 6235
4050 20 4185 0 118 4 6236
4050 22 4186 0 109 36 6237
4050 33 4185 0 155 122 6238
4050 4 4186 0 78 150 6239
4050 7 4187 0 103 22 6240
4050 42 4187 0 164 40 6241
4050 4 4185 0 117 1 6242
4050 6 4187 0 133 152 6243
4050 7 4187 0 94 1 6244
4050 42 4185 0 105 42 6245
4065 6 4201 0 128 55 6246
4065 25 4201 0 109 36 6247
4065 23 4200 0 137 49 6248
4065 34 4200 0 198 85 6249
4065 7 4201 0 173 171 6250
4065 33 4201 0 155 122 6251
4065 25 4200 0 194 169 6252
4065 5 4202 0 141 56 6253
4065 23 4199 0 20 47 6254
4065 16 4201 0 120 146 6255
4065 45 4204 0 105 42 6256
4065 29 4202 0 2 3 6257
4065 3 4201 0 78 150 6258
4065 16 4200 0 102 36 6259
4065 10 4201 0 138 36 6260
4065 21 4203 0 123 1 6261
4065 25 4201 0 72 194 6262
4065 11 4201 0 25 122 6263
4065 5 4199 0 61 4 6264
4079 59 7064 1 15 4 6265
4080 6 4216 0 141 56 6266
4080 19 4215 0 102 36 6267
4080 5 4215 0 61 4 6268
4080 5 4217 0 110 114 6269
4080 28 4217 0 164 40 6270
4080 24 4214 0 99 1 6271
4080 3 4217 0 89 137 6272
4080 8 4217 0 103 22 6273
4080 3 4215 0 150 43 6274
4080 23 4217 0 37 7 6275
4080 3 4217 0 40 59 6276
4080 7 4217 0 67 20 6277
4080 12 4217 0 185 66 6278
4080 5 4217 0 127 27 6279
4080 10 4216 0 95 77 6280
4080 5 4217 0 146 119 6281
4080 34 4215 0 7 35 6282
4080 3 4216 0 78 150 6283
4095 23 4230 0 52 37 6284
4095 42 4232 0 105 42 6285
4095 6 4229 0 113 13 6286
4095 4 4231 0 122 58 6287
4095 8 4230 0 133 152 6288
4095 4 4231 0 66 169 6289
4095 4 4230 0 117 1 6290
4095 4 4229 0 128 23 6291
4095 12 4231 0 138 36 6292
4095 4 4232 0 161 34 6293
4095 4 4231 0 66 134 6294
4095 3 4230 0 166 118 6295
4095 23 4232 0 109 36 6296
4095 12 4231 0 137 49 6297
4095 12 4230 0 194 169 6298
4095 16 4233 0 99 1 6299
4095 4 4230 0 109 56 6300
4095 16 4232 0 93 51 6301
4097 45 7082 1 24 183 6302
4102 77 7087 1 109 36 6303
4110 8 4245 0 103 22 6304
4110 17 4246 0 185 66 6305
4110 5 4246 0 122 58 6306
4110 18 4247 0 37 7 6307
4110 19 4246 0 123 1 6308
4110 4 4245 0 178 113 6309
4110 6 4247 0 150 43 6310
4110 8 4244 0 108 31 6311
4110 4 4246 0 128 23 6312
4110 11 4247 0 138 36 6313
4110 11 4244 0 25 122 6314
4110 12 4246 0 101 26 6315
4110 3 4245 0 15 4 6316
4110 3 4246 0 92 2 6317
4110 5 4245 0 100 167 6318
4110 17 4244 0 137 49 6319
4110 20 4246 0 182 79 6320
4110 14 4247 0 102 59 6321
4110 3 4246 0 66 134 6322
4110 13 4244 0 109 36 6323
4110 4 4245 0 117 1 6324
4110 12 4247 0 179 186 6325
4110 9 4247 0 113 13 6326
4110 22 4248 0 52 37 6327
4120 32 7106 1 179 186 6328
4125 5 4259 0 122 58 6329
4125 4 4261 0 55 108 6330
4125 20 4262 0 142 143 6331
4125 22 4260 0 109 36 6332
4125 25 4260 0 29 60 6333
4125 3 4263 0 40 105 6334
4125 6 4262 0 109 56 6335
4125 8 4262 0 108 31 6336
4125 3 4261 0 89 137 6337
4125 12 4262 0 138 36 6338
4125 10 4259 0 103 22 6339
4125 13 4260 0 118 4 6340
4125 34 4260 0 155 79 6341
4125 21 4260 0 102 59 6342
4125 19 4261 0 52 37 6343
4125 24 4258 0 137 49 6344
4125 22 4261 0 125 90 6345
4125 4 4262 0 15 4 6346
4125 6 4260 0 133 152 6347
4125 8 4264 0 101 26 6348
4125 41 4261 0 72 194 6349
4125 5 4260 0 72 131 6350
4125 28 4263 0 15 186 6351
4125 14 4262 0 37 7 6352
4125 4 4259 0 100 167 6353
4125 4 4262 0 117 1 6354
4125 43 4261 0 105 42 6355
4140 4 4276 0 127 27 6356
4140 36 4277 0 24 183 6357
4140 12 4278 0 113 13 6358
4140 3 4275 0 122 58 6359
4140 6 4274 0 100 167 6360
4140 6 4275 0 138 36 6361
4140 4 4277 0 128 55 6362
4140 3 4277 0 178 113 6363
4140 15 4277 0 125 90 6364
4140 4 4275 0 117 1 6365
4140 9 4277 0 103 1 6366
4140 13 4277 0 120 146 6367
4140 42 4276 0 105 42 6368
4140 6 4275 0 110 114 6369
4140 3 4276 0 78 150 6370
4140 5 4277 0 128 23 6371
4140 26 4280 0 188 80 6372
4140 8 4278 0 101 26 6373
4140 5 4275 0 55 108 6374
4140 18 4275 0 109 36 6375
4140 12 4276 0 103 22 6376
4155 24 4289 0 118 4 6377
4155 11 4291 0 162 78 6378
4155 6 4294 0 57 122 6379
4155 11 4290 0 156 90 6380
4155 3 4289 0 122 58 6381
4155 19 4291 0 37 7 6382
4155 9 4292 0 103 22 6383
4155 6 4289 0 138 36 6384
4155 34 4291 0 15 186 6385
4155 6 4294 0 128 40 6386
4155 6 4292 0 128 55 6387
4155 42 4291 0 155 79 6388
4155 34 4290 0 105 42 6389
4155 11 4293 0 173 171 6390
4155 5 4292 0 178 113 6391
4155 5 4291 0 66 134 6392
4155 15 4288 0 93 51 6393
4155 23 4290 0 194 169 6394
4155 13 4290 0 123 1 6395
4155 17 4290 0 99 1 6396
4155 29 4290 0 188 80 6397
4155 6 4295 0 92 2 6398
4170 9 4308 0 146 159 6399
4170 6 4307 0 128 55 6400
4170 16 4304 0 120 146 6401
4170 22 4306 0 52 37 6402
4170 6 4307 0 15 4 6403
4170 5 4306 0 161 34 6404
4170 12 4307 0 101 26 6405
4170 31 4306 0 7 35 6406
4170 4 4304 0 146 119 6407
4170 18 4305 0 118 4 6408
4170 6 4306 0 109 56 6409
4170 5 4306 0 89 137 6410
4170 11 4305 0 103 22 6411
4170 3 4307 0 55 108 6412
4170 4 4306 0 128 40 6413
4170 38 4305 0 164 40 6414
4170 27 4309 0 198 85 6415
4170 3 4305 0 66 169 6416
4170 39 4306 0 15 186 6417
4170 25 4308 0 102 36 6418
4170 23 4306 0 13 75 6419
4170 6 4304 0 128 23 6420
4170 17 4307 0 185 66 6421
4170 13 4306 0 10 193 6422
4183 142 7170 1 146 119 6423
4185 24 4322 0 185 66 6424
4185 23 4324 0 109 36 6425
4185 4 4320 0 66 134 6426
4185 11 4321 0 25 122 6427
4185 3 4321 0 141 56 6428
4185 30 4320 0 24 183 6429
4185 5 4322 0 72 131 6430
4185 6 4321 0 55 108 6431
4185 29 4322 0 164 40 6432
4185 3 4320 0 122 58 6433
4185 5 4321 0 128 23 6434
4185 6 4321 0 78 150 6435
4185 4 4322 0 110 114 6436
4185 24 4322 0 142 143 6437
4185 10 4319 0 67 20 6438
4185 22 4322 0 37 7 6439
4185 14 4322 0 182 79 6440
4185 7 4318 0 113 13 6441
4185 8 4320 0 103 22 6442
4185 12 4321 0 108 31 6443
4185 6 4323 0 156 90 6444
4185 6 4322 0 109 56 6445
4185 6 4324 0 166 118 6446
4185 29 4320 0 15 186 6447
4185 14 4320 0 102 36 6448
4185 4 4322 0 63 134 6449
4186 193 7171 1 141 56 6450
4200 8 4337 0 113 13 6451
4200 6 4335 0 127 27 6452
4200 25 4337 0 155 122 6453
4200 13 4335 0 123 1 6454
4200 28 4334 0 105 42 6455
4200 6 4337 0 122 58 6456
4200 14 4337 0 18 115 6457
4200 10 4335 0 156 90 6458
4200 17 4335 0 102 36 6459
4200 8 4337 0 95 77 6460
4200 4 4336 0 128 55 6461
4200 5 4334 0 128 40 6462
4200 8 4337 0 94 1 6463
4200 8 4334 0 25 122 6464
4200 17 4337 0 109 36 6465
4200 19 4333 0 137 49 6466
4200 4 4336 0 78 150 6467
4200 45 4335 0 72 194 6468
4200 41 4336 0 194 113 6469
4200 21 4337 0 118 4 6470
4200 5 4335 0 128 23 6471
4200 8 4337 0 103 22 6472
4200 28 4335 0 188 80 6473
4200 18 4336 0 20 47 6474
4200 8 4334 0 173 171 6475
4200 23 4335 0 52 37 6476
4200 22 4338 0 125 90 6477
4200 40 4338 0 155 79 6478
4200 9 4334 0 138 36 6479
4215 6 4352 0 162 78 6480
4215 5 4350 0 128 23 6481
4215 9 4352 0 95 77 6482
4215 17 4353 0 52 37 6483
4215 6 4351 0 148 56 6484
4215 4 4352 0 128 40 6485
4215 6 4353 0 117 1 6486
4215 9 4351 0 101 26 6487
4215 4 4352 0 61 4 6488
4215 6 4352 0 127 27 6489
4215 24 4351 0 118 4 6490
4215 12 4351 0 102 59 6491
4215 3 4351 0 122 58 6492
4215 20 4351 0 185 66 6493
4215 10 4351 0 103 22 6494
4215 9 4350 0 146 159 6495
4215 40 4350 0 24 183 6496
4215 5 4351 0 109 56 6497
4215 31 4351 0 7 35 6498
4215 8 4351 0 173 171 6499
4215 6 4351 0 113 13 6500
4215 7 4352 0 138 36 6501
4215 4 4351 0 150 43 6502
4215 22 4352 0 37 7 6503
4215 20 4351 0 125 90 6504
4215 22 4352 0 137 49 6505
4215 42 4351 0 188 80 6506
4215 11 4350 0 25 122 6507
4215 25 4349 0 72 194 6508
4215 20 4351 0 123 1 6509
4215 45 4352 0 155 79 6510
4215 27 4352 0 164 40 6511
4215 6 4349 0 63 134 6512
4215 18 4352 0 13 75 6513
4215 6 4351 0 89 137 6514
4227 55 7214 1 182 79 6515
4230 42 4366 0 72 194 6516
4230 3 4368 0 66 169 6517
4230 6 4365 0 128 23 6518
4230 19 4366 0 18 115 6519
4230 5 4367 0 66 134 6520
4230 4 4367 0 150 43 6521
4230 5 4366 0 109 56 6522
4230 3 4365 0 128 40 6523
4230 23 4365 0 118 4 6524
4230 3 4366 0 122 58 6525
4230 19 4366 0 137 49 6526
4230 26 4364 0 194 113 6527
4230 6 4367 0 128 55 6528
4230 28 4365 0 155 122 6529
4230 13 4366 0 99 1 6530
4230 6 4365 0 101 26 6531
4230 36 4367 0 105 42 6532
4230 36 4365 0 2 3 6533
4230 12 4366 0 103 1 6534
4230 4 4365 0 40 105 6535
4230 6 4365 0 94 1 6536
4230 20 4364 0 123 1 6537
4230 6 4368 0 103 22 6538
4230 15 4365 0 125 90 6539
4245 11 4381 0 108 31 6540
4245 22 4381 0 182 79 6541
4245 3 4383 0 40 105 6542
4245 9 4381 0 179 186 6543
4245 7 4380 0 113 13 6544
4245 12 4381 0 125 90 6545
4245 5 4381 0 128 55 6546
4245 11 4381 0 103 22 6547
4245 17 4383 0 52 37 6548
4245 3 4382 0 128 23 6549
4245 6 4382 0 109 56 6550
4245 14 4379 0 118 4 6551
4245 6 4380 0 66 134 6552
4245 8 4380 0 25 122 6553
4245 5 4382 0 61 4 6554
4245 4 4380 0 128 40 6555
4245 13 4382 0 29 60 6556
4245 22 4381 0 20 47 6557
4245 6 4383 0 166 118 6558
4245 18 4381 0 102 59 6559
4253 43 7239 1 101 26 6560
4260 37 4399 0 155 122 6561
4260 16 4396 0 99 1 6562
4260 15 4396 0 37 7 6563
4260 21 4397 0 118 4 6564
4260 33 4397 0 164 40 6565
4260 19 4394 0 109 36 6566
4260 6 4397 0 103 22 6567
4260 5 4395 0 61 4 6568
4260 10 4397 0 138 36 6569
4260 6 4397 0 66 169 6570
4260 16 4396 0 123 1 6571
4260 8 4397 0 133 152 6572
4260 5 4396 0 127 27 6573
4260 6 4394 0 92 2 6574
4260 6 4395 0 94 1 6575
4260 6 4396 0 25 122 6576
4260 7 4395 0 108 31 6577
4260 6 4396 0 109 56 6578
4260 6 4396 0 166 118 6579
4260 6 4396 0 128 40 6580
4260 9 4395 0 156 90 6581
4260 6 4395 0 148 56 6582
4260 3 4397 0 128 23 6583
4260 17 4395 0 102 59 6584
4260 41 4396 0 15 186 6585
4260 31 4398 0 24 183 6586
4260 24 4396 0 137 49 6587
4260 36 4396 0 105 42 6588
4260 3 4395 0 15 4 6589
4266 48 7253 1 72 131 6590
4275 3 4407 0 78 150 6591
4275 4 4411 0 128 23 6592
4275 7 4410 0 103 22 6593
4275 23 4410 0 118 4 6594
4275 19 4411 0 29 60 6595
4275 35 4410 0 2 3 6596
4275 21 4409 0 37 7 6597
4275 18 4411 0 13 75 6598
4275 4 4410 0 117 1 6599
4275 22 4412 0 102 36 6600
4275 8 4407 0 108 31 6601
4275 8 4413 0 156 90 6602
4275 40 4409 0 198 85 6603
4275 12 4413 0 113 13 6604
4275 19 4413 0 123 1 6605
4275 7 4410 0 25 122 6606
4275 4 4412 0 150 43 6607
4275 23 4413 0 185 66 6608
4275 6 4409 0 40 59 6609
4275 6 4412 0 128 40 6610
4275 4 4410 0 122 58 6611
4275 23 4410 0 137 49 6612
4275 32 4412 0 164 40 6613
4275 10 4411 0 101 26 6614
4275 6 4411 0 138 36 6615
4276 75 7261 1 57 122 6616
4290 6 4426 0 109 56 6617
4290 8 4426 0 162 78 6618
4290 9 4425 0 101 26 6619
4290 6 4424 0 110 114 6620
4290 5 4426 0 128 23 6621
4290 4 4426 0 100 167 6622
4290 33 4425 0 105 42 6623
4290 25 4428 0 37 7 6624
4290 11 4427 0 173 171 6625
4290 8 4425 0 179 186 6626
4290 4 4428 0 89 137 6627
4290 12 4426 0 94 1 6628
4290 20 4426 0 102 36 6629
4290 24 4424 0 63 86 6630
4290 33 4425 0 7 35 6631
4305 40 4441 0 198 85 6632
4305 23 4442 0 125 90 6633
4305 29 4441 0 164 40 6634
4305 12 4441 0 94 1 6635
4305 9 4441 0 101 26 6636
4305 9 4441 0 108 58 6637
4305 5 4441 0 166 118 6638
4305 17 4441 0 13 75 6639
4305 25 4443 0 118 4 6640
4305 20 4443 0 37 7 6641
4305 5 4442 0 161 34 6642
4305 13 4440 0 109 36 6643
4305 7 4441 0 103 22 6644
4305 13 4442 0 185 66 6645
4305 5 4441 0 128 23 6646
4305 4 4441 0 100 167 6647
4305 11 4443 0 108 31 6648
4305 10 4440 0 146 159 6649
4305 41 4442 0 24 183 6650
4320 6 4459 0 66 134 6651
4320 4 4457 0 109 56 6652
4320 6 4455 0 110 114 6653
4320 7 4455 0 108 31 6654
4320 43 4457 0 2 3 6655
4320 15 4455 0 99 1 6656
4320 3 4455 0 178 113 6657
4320 17 4456 0 125 90 6658
4320 12 4456 0 108 58 6659
4320 38 4457 0 194 113 6660
4320 24 4458 0 137 49 6661
4320 3 4456 0 127 27 6662
4320 38 4454 0 155 122 6663
4320 3 4455 0 122 58 6664
4320 12 4455 0 94 1 6665
4320 4 4455 0 128 55 6666
4320 11 4454 0 156 90 6667
4320 15 4457 0 20 47 6668
4320 3 4455 0 72 131 6669
4320 13 4456 0 118 4 6670
4320 7 4456 0 173 171 6671
4320 33 4456 0 155 79 6672
4320 37 4458 0 105 42 6673
4320 44 4456 0 198 85 6674
4320 10 4457 0 146 159 6675
4320 6 4456 0 66 169 6676
4321 50 7308 1 146 159 6677
4335 38 4473 0 24 183 6678
4335 21 4471 0 18 115 6679
4335 17 4470 0 194 169 6680
4335 41 4472 0 105 42 6681
4335 7 4471 0 108 58 6682
4335 6 4472 0 55 108 6683
4335 3 4469 0 72 131 6684
4335 16 4472 0 52 37 6685
4335 16 4470 0 137 49 6686
4335 6 4471 0 110 114 6687
4335 38 4472 0 188 80 6688
4335 3 4468 0 146 119 6689
4335 20 4472 0 182 79 6690
4335 20 4471 0 63 86 6691
4335 39 4471 0 2 3 6692
4335 4 4472 0 128 55 6693
4335 3 4472 0 109 56 6694
4335 6 4471 0 179 186 6695
4335 4 4471 0 128 23 6696
4335 10 4471 0 113 13 6697
4335 7 4472 0 133 152 6698
4335 4 4471 0 127 27 6699
4335 6 4472 0 117 1 6700
4335 17 4472 0 37 7 6701
4335 18 4471 0 10 193 6702
4335 12 4473 0 123 1 6703
4335 10 4472 0 103 22 6704
4335 42 4471 0 164 40 6705
4335 33 4472 0 15 186 6706
4335 3 4473 0 150 43 6707
4335 17 4470 0 118 4 6708
4335 5 4469 0 40 59 6709
4350 5 4489 0 117 1 6710
4350 6 4484 0 40 105 6711
4350 6 4485 0 63 134 6712
4350 9 4487 0 138 36 6713
4350 6 4486 0 94 1 6714
4350 33 4486 0 105 42 6715
4350 7 4487 0 173 171 6716
4350 6 4486 0 128 23 6717
4350 19 4487 0 123 1 6718
4350 12 4485 0 13 75 6719
4350 12 4487 0 113 13 6720
4350 12 4485 0 57 122 6721
4350 4 4487 0 128 40 6722
4350 6 4486 0 78 150 6723
4350 4 4487 0 122 58 6724
4350 6 4485 0 67 20 6725
4350 3 4483 0 110 114 6726
4350 18 4485 0 118 4 6727
4350 10 4484 0 25 122 6728
4350 25 4486 0 10 193 6729
4350 18 4485 0 63 86 6730
4350 6 4486 0 162 78 6731
4350 12 4484 0 101 26 6732
4358 142 7344 1 128 55 6733
4365 5 4501 0 109 56 6734
4365 3 4501 0 66 134 6735
4365 22 4500 0 37 7 6736
4365 9 4503 0 173 171 6737
4365 5 4501 0 92 2 6738
4365 5 4503 0 128 55 6739
4365 10 4502 0 101 26 6740
4365 9 4501 0 57 122 6741
4365 24 4504 0 52 37 6742
4365 24 4499 0 99 1 6743
4365 5 4499 0 117 1 6744
4365 8 4503 0 108 31 6745
4365 12 4500 0 102 59 6746
4365 20 4503 0 142 143 6747
4365 15 4500 0 123 1 6748
4365 5 4502 0 128 23 6749
4365 8 4502 0 133 152 6750
4365 9 4499 0 94 1 6751
4365 8 4498 0 108 58 6752
4365 33 4501 0 194 113 6753
4365 6 4498 0 63 134 6754
4378 43 7365 1 113 13 6755
4380 6 4517 0 66 169 6756
4380 44 4517 0 105 42 6757
4380 9 4515 0 162 78 6758
4380 6 4517 0 61 4 6759
4380 19 4513 0 109 36 6760
4380 22 4514 0 123 1 6761
4380 4 4516 0 63 134 6762
4380 6 4517 0 166 118 6763
4380 12 4513 0 146 159 6764
4380 9 4517 0 103 22 6765
4380 8 4517 0 94 1 6766
4380 5 4514 0 128 55 6767
4380 25 4517 0 137 49 6768
4380 43 4516 0 188 80 6769
4380 5 4518 0 128 23 6770
4380 34 4516 0 155 122 6771
4380 37 4517 0 72 194 6772
4395 20 4533 0 20 47 6773
4395 12 4532 0 162 78 6774
4395 16 4532 0 118 4 6775
4395 28 4531 0 15 186 6776
4395 28 4531 0 72 194 6777
4395 6 4529 0 128 40 6778
4395 25 4531 0 18 115 6779
4395 3 4532 0 178 113 6780
4395 3 4533 0 78 150 6781
4395 18 4531 0 125 90 6782
4395 6 4532 0 161 34 6783
4395 15 4531 0 52 37 6784
4395 5 4531 0 66 169 6785
4395 13 4530 0 109 36 6786
4395 11 4531 0 103 22 6787
4395 9 4530 0 138 36 6788
4395 17 4530 0 99 1 6789
4395 35 4531 0 194 113 6790
4395 18 4530 0 120 146 6791
4395 10 4529 0 57 122 6792
4398 33 7383 1 92 2 6793
4400 52 7387 1 103 1 6794
4410 15 4543 0 109 36 6795
4410 31 4545 0 155 122 6796
4410 5 4544 0 109 56 6797
4410 5 4548 0 166 118 6798
4410 5 4546 0 89 137 6799
4410 12 4546 0 101 26 6800
4410 11 4545 0 103 22 6801
4410 9 4545 0 179 186 6802
4410 25 4548 0 123 1 6803
4410 5 4550 0 161 34 6804
4410 3 4546 0 128 23 6805
4410 6 4546 0 108 31 6806
4410 6 4546 0 40 105 6807
4410 22 4547 0 99 1 6808
4410 21 4546 0 102 36 6809
4410 23 4546 0 185 66 6810
4410 6 4546 0 150 43 6811
4410 6 4544 0 133 152 6812
4410 27 4547 0 15 186 6813
4421 55 7407 1 128 23 6814
4425 24 4562 0 123 1 6815
4425 11 4562 0 103 22 6816
4425 3 4560 0 127 27 6817
4425 9 4561 0 101 26 6818
4425 3 4562 0 150 43 6819
4425 39 4562 0 198 85 6820
4425 6 4559 0 66 169 6821
4425 12 4561 0 138 36 6822
4425 19 4561 0 52 37 6823
4425 22 4562 0 142 143 6824
4425 4 4560 0 109 56 6825
4425 33 4561 0 24 183 6826
4425 4 4562 0 128 55 6827
4425 23 4560 0 102 59 6828
4425 4 4560 0 128 23 6829
4425 24 4563 0 118 4 6830
4425 38 4560 0 164 40 6831
4425 8 4562 0 148 56 6832
4425 5 4561 0 122 58 6833
4425 20 4565 0 137 49 6834
4425 9 4561 0 108 58 6835
4425 21 4563 0 194 169 6836
4425 13 4561 0 20 47 6837
4425 12 4561 0 67 20 6838
4440 8 4578 0 108 31 6839
4440 25 4575 0 137 49 6840
4440 6 4576 0 166 118 6841
4440 8 4578 0 101 26 6842
4440 23 4574 0 118 4 6843
4440 44 4577 0 155 122 6844
4440 43 4575 0 194 113 6845
4440 15 4572 0 182 79 6846
4440 42 4577 0 2 3 6847
4440 12 4577 0 138 36 6848
4440 4 4577 0 100 167 6849
4440 20 4577 0 102 36 6850
4440 42 4576 0 105 42 6851
4440 38 4575 0 7 35 6852
4440 19 4576 0 102 59 6853
4440 12 4577 0 63 86 6854
4440 6 4575 0 61 4 6855
4440 9 4576 0 162 78 6856
4440 7 4577 0 25 122 6857
4440 21 4577 0 18 115 6858
4440 4 4577 0 178 113 6859
4440 5 4577 0 122 58 6860
4440 8 4575 0 133 152 6861
4440 16 4573 0 194 169 6862
4443 61 7429 1 125 90 6863
4455 12 4592 0 156 90 6864
4455 36 4591 0 188 80 6865
4455 8 4591 0 133 152 6866
4455 24 4591 0 137 49 6867
4455 6 4591 0 92 2 6868
4455 41 4590 0 155 122 6869
4455 5 4594 0 166 118 6870
4455 5 4592 0 72 131 6871
4455 13 4591 0 142 143 6872
4455 6 4591 0 146 159 6873
4455 25 4591 0 2 3 6874
4455 4 4592 0 128 23 6875
4455 14 4591 0 37 7 6876
4455 4 4590 0 161 34 6877
4455 43 4591 0 7 35 6878
4455 14 4590 0 123 1 6879
4455 15 4592 0 10 193 6880
4455 17 4590 0 118 4 6881
4455 9 4593 0 101 26 6882
4455 18 4591 0 109 36 6883
4455 6 4591 0 103 22 6884
4455 6 4590 0 109 56 6885
4461 37 7446 1 102 59 6886
4470 20 4606 0 37 7 6887
4470 3 4608 0 127 27 6888
4470 19 4607 0 99 1 6889
4470 15 4606 0 52 37 6890
4470 40 4607 0 105 42 6891
4470 10 4606 0 103 22 6892
4470 5 4605 0 150 43 6893
4470 5 4604 0 110 114 6894
4470 4 4606 0 92 2 6895
4470 23 4608 0 142 143 6896
4470 40 4605 0 194 113 6897
4470 9 4605 0 133 152 6898
4470 6 4606 0 101 26 6899
4470 11 4604 0 108 31 6900
4470 5 4605 0 15 4 6901
4470 4 4606 0 117 1 6902
4470 25 4606 0 72 194 6903
4470 9 4607 0 148 56 6904
4470 10 4605 0 108 58 6905
4474 92 7460 1 25 122 6906
4479 104 7465 1 102 59 6907
4485 6 4620 0 101 26 6908
4485 3 4621 0 72 131 6909
4485 41 4622 0 198 85 6910
4485 3 4621 0 117 1 6911
4485 20 4621 0 102 36 6912
4485 7 4619 0 108 31 6913
4485 5 4620 0 78 150 6914
4485 36 4620 0 2 3 6915
4485 5 4620 0 15 4 6916
4485 7 4620 0 138 36 6917
4485 27 4619 0 105 42 6918
4485 6 4621 0 40 105 6919
4485 5 4621 0 89 137 6920
4485 17 4624 0 93 51 6921
4485 3 4621 0 128 55 6922
4485 18 4623 0 63 86 6923
4485 3 4622 0 146 119 6924
4485 5 4618 0 127 27 6925
4485 4 4622 0 109 56 6926
4485 28 4621 0 155 122 6927
4485 4 4621 0 122 58 6928
4485 11 4619 0 148 56 6929
4485 13 4621 0 29 60 6930
4500 13 4638 0 125 90 6931
4500 7 4636 0 103 22 6932
4500 4 4635 0 72 131 6933
4500 33 4635 0 188 80 6934
4500 31 4637 0 194 113 6935
4500 6 4636 0 117 1 6936
4500 14 4633 0 102 36 6937
4500 16 4636 0 99 1 6938
4500 10 4636 0 138 36 6939
4500 16 4638 0 102 59 6940
4500 16 4635 0 63 86 6941
4500 17 4633 0 29 60 6942
4500 9 4637 0 95 77 6943
4500 16 4637 0 109 36 6944
4500 5 4636 0 109 56 6945
4506 76 7492 1 66 134 6946
4515 4 4650 0 128 55 6947
4515 6 4652 0 57 122 6948
4515 14 4650 0 118 4 6949
4515 22 4649 0 13 75 6950
4515 17 4650 0 93 51 6951
4515 15 4649 0 120 146 6952
4515 6 4651 0 122 58 6953
4515 12 4650 0 18 115 6954
4515 7 4651 0 138 36 6955
4515 12 4651 0 103 1 6956
4515 16 4650 0 125 90 6957
4515 5 4651 0 128 23 6958
4515 6 4649 0 100 167 6959
4515 10 4651 0 113 13 6960
4515 4 4650 0 146 119 6961
4515 23 4652 0 185 66 6962
4515 21 4651 0 137 49 6963
4515 3 4652 0 40 59 6964
4515 10 4652 0 95 77 6965
4526 51 7511 1 2 3 6966
4530 6 4666 0 94 1 6967
4530 5 4663 0 128 23 6968
4530 9 4666 0 101 26 6969
4530 23 4669 0 102 59 6970
4530 8 4666 0 138 36 6971
4530 17 4667 0 142 143 6972
4530 5 4667 0 92 2 6973
4530 7 4664 0 25 122 6974
4530 6 4667 0 110 114 6975
4530 26 4666 0 2 3 6976
4530 7 4667 0 156 90 6977
4530 5 4665 0 127 27 6978
4530 25 4666 0 102 36 6979
4530 19 4666 0 109 36 6980
4530 39 4665 0 105 42 6981
4530 10 4667 0 95 77 6982
4530 13 4665 0 137 49 6983
4530 5 4665 0 128 55 6984
4530 23 4666 0 125 90 6985
4530 10 4666 0 103 22 6986
4530 3 4666 0 128 40 6987
4530 9 4665 0 133 152 6988
4530 8 4666 0 146 159 6989
4535 38 7521 1 10 193 6990
4545 8 4680 0 25 122 6991
4545 23 4679 0 125 90 6992
4545 22 4681 0 102 59 6993
4545 42 4682 0 198 85 6994
4545 8 4682 0 113 13 6995
4545 5 4681 0 122 58 6996
4545 15 4680 0 13 75 6997
4545 6 4682 0 141 56 6998
4545 3 4681 0 128 40 6999
4545 25 4680 0 194 169 7000
4545 14 4681 0 29 60 7001
4545 5 4681 0 66 169 7002
4545 12 4680 0 67 20 7003
4545 3 4679 0 89 137 7004
4545 21 4679 0 137 49 7005
4545 25 4682 0 109 36 7006
4545 17 4680 0 185 66 7007
4545 14 4681 0 99 1 7008
4545 5 4682 0 55 108 7009
4545 40 4681 0 2 3 7010
4545 8 4680 0 108 31 7011
4545 7 4681 0 103 1 7012
4545 6 4683 0 117 1 7013
4545 3 4682 0 109 56 7014
4545 12 4683 0 63 86 7015
4557 142 7542 1 7 35 7016
4559 51 7547 1 61 4 7017
4560 10 4697 0 108 31 7018
4560 44 4695 0 194 113 7019
4560 19 4696 0 194 169 7020
4560 13 4697 0 52 37 7021
4560 8 4699 0 103 22 7022
4560 6 4696 0 66 134 7023
4560 11 4697 0 156 90 7024
4560 6 4696 0 66 169 7025
4560 8 4695 0 113 13 7026
4560 6 4698 0 101 26 7027
4560 30 4697 0 188 80 7028
4560 21 4693 0 118 4 7029
4560 3 4696 0 110 114 7030
4560 4 4695 0 117 1 7031
4560 21 4695 0 63 86 7032
4560 7 4696 0 138 36 7033
4560 20 4696 0 125 90 7034
4560 23 4694 0 10 193 7035
4560 5 4696 0 61 4 7036
4560 5 4696 0 127 27 7037
4560 13 4697 0 109 36 7038
4560 9 4697 0 57 122 7039
4560 6 4695 0 128 40 7040
4560 4 4695 0 122 58 7041
4560 6 4695 0 89 137 7042
4560 5 4697 0 128 55 7043
4560 12 4695 0 123 1 7044
4560 29 4695 0 2 3 7045
4563 59 7549 1 40 59 7046
4575 34 4711 0 7 35 7047
4575 7 4712 0 138 36 7048
4575 4 4712 0 141 56 7049
4575 4 4712 0 40 59 7050
4575 3 4711 0 109 56 7051
4575 29 4710 0 155 79 7052
4575 12 4712 0 108 31 7053
4575 5 4713 0 122 58 7054
4575 21 4711 0 182 79 7055
4575 25 4711 0 123 1 7056
4575 3 4712 0 61 4 7057
4575 38 4710 0 105 42 7058
4575 12 4713 0 95 77 7059
4575 5 4711 0 128 55 7060
4575 15 4710 0 194 169 7061
4575 27 4712 0 164 40 7062
4575 3 4710 0 78 150 7063
4575 20 4710 0 118 4 7064
4575 29 4710 0 194 113 7065
4575 24 4712 0 137 49 7066
4575 17 4710 0 142 143 7067
4575 6 4711 0 101 26 7068
4575 14 4711 0 102 59 7069
4590 22 4724 0 137 49 7070
4590 11 4726 0 133 152 7071
4590 10 4726 0 173 171 7072
4590 5 4725 0 109 56 7073
4590 12 4728 0 101 26 7074
4590 10 4724 0 162 78 7075
4590 15 4726 0 63 86 7076
4590 33 4725 0 24 183 7077
4590 12 4725 0 123 1 7078
4590 10 4726 0 25 122 7079
4590 4 4725 0 66 134 7080
4590 10 4728 0 103 22 7081
4590 12 4726 0 118 4 7082
4590 5 4726 0 110 114 7083
4590 5 4726 0 150 43 7084
4590 19 4725 0 102 36 7085
4590 21 4726 0 10 193 7086
4590 8 4726 0 108 31 7087
4590 34 4723 0 7 35 7088
4590 4 4726 0 61 4 7089
4595 128 7581 1 155 122 7090
4605 4 4739 0 89 137 7091
4605 6 4743 0 146 159 7092
4605 12 4739 0 133 152 7093
4605 14 4742 0 123 1 7094
4605 9 4740 0 103 22 7095
4605 25 4741 0 10 193 7096
4605 25 4741 0 105 42 7097
4605 6 4737 0 141 56 7098
4605 3 4741 0 128 23 7099
4605 5 4743 0 128 55 7100
4605 6 4741 0 67 20 7101
4605 12 4743 0 118 4 7102
4605 11 4739 0 113 13 7103
4605 6 4743 0 15 4 7104
4605 17 4740 0 93 51 7105
4605 19 4740 0 109 36 7106
4605 6 4740 0 117 1 7107
4605 6 4741 0 94 1 7108
4605 18 4740 0 102 36 7109
4605 5 4740 0 122 58 7110
4605 3 4739 0 72 131 7111
4605 15 4741 0 52 37 7112
4610 83 7597 1 24 183 7113
4619 80 7607 1 198 85 7114
4620 5 4753 0 128 23 7115
4620 21 4756 0 99 1 7116
4620 12 4756 0 123 1 7117
4620 43 4758 0 105 42 7118
4620 12 4757 0 109 36 7119
4620 23 4756 0 185 66 7120
4620 14 4757 0 18 115 7121
4620 4 4759 0 128 40 7122
4620 21 4757 0 118 4 7123
4620 4 4755 0 122 58 7124
4620 16 4757 0 52 37 7125
4620 6 4755 0 156 90 7126
4620 15 4756 0 10 193 7127
4620 4 4756 0 40 59 7128
4620 7 4754 0 173 171 7129
4620 8 4756 0 113 13 7130
4620 3 4754 0 128 55 7131
4620 11 4754 0 138 36 7132
4629 30 7614 1 108 31 7133
4635 17 4771 0 109 36 7134
4635 39 4771 0 105 42 7135
4635 37 4770 0 155 122 7136
4635 12 4771 0 13 75 7137
4635 37 4771 0 155 79 7138
4635 10 4770 0 103 22 7139
4635 24 4773 0 99 1 7140
4635 6 4772 0 108 58 7141
4635 23 4773 0 20 47 7142
4635 4 4771 0 117 1 7143
4635 12 4770 0 123 1 7144
4635 4 4772 0 100 167 7145
4635 24 4769 0 29 60 7146
4635 18 4773 0 10 193 7147
4635 35 4769 0 24 183 7148
4635 5 4775 0 109 56 7149
4635 9 4771 0 162 78 7150
4635 30 4769 0 15 186 7151
4635 5 4770 0 128 40 7152
4635 8 4771 0 67 20 7153
4635 12 4771 0 113 13 7154
4635 4 4771 0 55 108 7155
4635 3 4771 0 128 55 7156
4639 167 7626 1 162 78 7157
4650 19 4785 0 142 143 7158
4650 14 4787 0 20 47 7159
4650 17 4784 0 185 66 7160
4650 35 4786 0 2 3 7161
4650 3 4785 0 150 43 7162
4650 6 4786 0 122 58 7163
4650 7 4784 0 103 1 7164
4650 20 4786 0 125 90 7165
4650 6 4786 0 101 26 7166
4650 42 4787 0 15 186 7167
4650 5 4786 0 128 55 7168
4650 5 4785 0 128 23 7169
4650 3 4788 0 166 118 7170
4650 8 4784 0 103 22 7171
4650 36 4786 0 188 80 7172
4650 14 4783 0 137 49 7173
4656 93 7641 1 137 49 7174
4665 9 4801 0 179 186 7175
4665 3 4801 0 122 58 7176
4665 4 4800 0 66 134 7177
4665 45 4800 0 155 79 7178
4665 10 4801 0 108 31 7179
4665 3 4801 0 78 150 7180
4665 6 4803 0 63 134 7181
4665 29 4799 0 72 194 7182
4665 11 4801 0 108 58 7183
4665 12 4802 0 156 90 7184
4665 3 4803 0 166 118 7185
4665 3 4801 0 40 59 7186
4665 4 4802 0 109 56 7187
4665 4 4803 0 128 40 7188
4665 10 4803 0 146 159 7189
4665 8 4799 0 113 13 7190
4665 15 4802 0 63 86 7191
4665 28 4800 0 15 186 7192
4665 12 4800 0 10 193 7193
4665 3 4802 0 128 23 7194
4665 17 4802 0 109 36 7195
4665 6 4801 0 127 27 7196
4680 42 4815 0 24 183 7197
4680 14 4814 0 182 79 7198
4680 12 4817 0 52 37 7199
4680 3 4815 0 117 1 7200
4680 6 4815 0 25 122 7201
4680 6 4817 0 128 23 7202
4680 3 4816 0 63 134 7203
4680 4 4814 0 128 55 7204
4680 8 4817 0 113 13 7205
4680 10 4815 0 138 36 7206
4680 12 4816 0 179 186 7207
4680 4 4814 0 92 2 7208
4680 4 4818 0 109 56 7209
4680 27 4816 0 164 40 7210
4680 12 4816 0 95 77 7211
4680 28 4815 0 105 42 7212
4680 5 4814 0 178 113 7213
4680 14 4814 0 137 49 7214
4680 6 4816 0 162 78 7215
4680 24 4818 0 18 115 7216
4680 14 4815 0 99 1 7217
4680 25 4814 0 123 1 7218
4680 42 4813 0 155 79 7219
4680 29 4815 0 7 35 7220
4695 4 4831 0 40 59 7221
4695 16 4830 0 182 79 7222
4695 21 4829 0 120 146 7223
4695 6 4831 0 178 113 7224
4695 4 4831 0 92 2 7225
4695 38 4830 0 105 42 7226
4695 19 4831 0 63 86 7227
4695 5 4830 0 150 43 7228
4695 32 4832 0 24 183 7229
4695 7 4832 0 148 56 7230
4695 22 4830 0 102 59 7231
4695 13 4832 0 18 115 7232
4695 41 4830 0 155 79 7233
4695 5 4830 0 166 118 7234
4695 22 4830 0 109 36 7235
4695 27 4832 0 194 113 7236
4695 4 4830 0 109 56 7237
4695 31 4831 0 2 3 7238
4695 6 4830 0 173 171 7239
4695 8 4830 0 108 31 7240
4700 40 7686 1 105 42 7241
4704 135 7692 1 93 51 7242
4710 23 4847 0 102 59 7243
4710 25 4845 0 118 4 7244
4710 3 4846 0 161 34 7245
4710 13 4848 0 125 90 7246
4710 12 4844 0 103 22 7247
4710 23 4845 0 109 36 7248
4710 6 4847 0 117 1 7249
4710 34 4845 0 105 42 7250
4710 5 4846 0 40 105 7251
4710 17 4846 0 13 75 7252
4710 7 4844 0 103 1 7253
4710 28 4846 0 155 122 7254
4710 3 4848 0 89 137 7255
4710 3 4844 0 128 40 7256
4710 3 4848 0 150 43 7257
4710 25 4845 0 137 49 7258
4710 43 4844 0 188 80 7259
4710 5 4845 0 15 4 7260
4710 6 4847 0 122 58 7261
4710 45 4846 0 2 3 7262
4710 9 4844 0 95 77 7263
4710 4 4846 0 109 56 7264
4710 18 4846 0 10 193 7265
4710 6 4848 0 179 186 7266
4710 17 4845 0 63 86 7267
4710 12 4844 0 101 26 7268
4725 6 4860 0 122 58 7269
4725 12 4861 0 138 36 7270
4725 23 4860 0 10 193 7271
4725 6 4863 0 40 59 7272
4725 33 4862 0 7 35 7273
4725 25 4862 0 155 122 7274
4725 44 4863 0 164 40 7275
4725 3 4859 0 92 2 7276
4725 21 4859 0 63 86 7277
4725 4 4860 0 128 55 7278
4725 43 4861 0 2 3 7279
4725 4 4861 0 15 4 7280
4725 24 4861 0 120 146 7281
4725 25 4862 0 29 60 7282
4725 6 4860 0 95 77 7283
4725 24 4860 0 109 36 7284
4725 10 4863 0 101 26 7285
4725 19 4858 0 52 37 7286
4725 12 4861 0 113 13 7287
4725 8 4863 0 103 22 7288
4725 15 4862 0 194 169 7289
4725 8 4860 0 146 159 7290
4725 32 4860 0 198 85 7291
4740 8 4875 0 108 31 7292
4740 24 4877 0 120 146 7293
4740 44 4876 0 15 186 7294
4740 15 4875 0 52 37 7295
4740 6 4878 0 55 108 7296
4740 25 4875 0 109 36 7297
4740 3 4877 0 128 23 7298
4740 42 4876 0 155 122 7299
4740 18 4877 0 194 169 7300
4740 67 7727 1 128 55 7301
4740 23 4877 0 123 1 7302
4740 17 4875 0 125 90 7303
4740 3 4877 0 110 114 7304
4740 7 4876 0 173 171 7305
4740 9 4874 0 103 1 7306
4740 6 4877 0 122 58 7307
4740 8 4876 0 103 22 7308
4755 20 4891 0 182 79 7309
4755 5 4890 0 128 55 7310
4755 12 4893 0 94 1 7311
4755 9 4891 0 146 159 7312
4755 28 4891 0 105 42 7313
4755 9 4889 0 108 31 7314
4755 6 4893 0 109 56 7315
4755 37 4892 0 72 194 7316
4755 3 4891 0 40 105 7317
4755 5 4889 0 110 114 7318
4755 25 4892 0 109 36 7319
4755 9 4891 0 101 26 7320
4755 31 4890 0 164 40 7321
4755 22 4891 0 93 51 7322
4755 6 4892 0 178 113 7323
4755 3 4891 0 117 1 7324
4755 5 4892 0 127 27 7325
4755 22 4889 0 13 75 7326
4755 34 4890 0 188 80 7327
4755 24 4892 0 20 47 7328
4755 14 4891 0 102 36 7329
4760 79 7747 1 110 114 7330
4767 60 7753 1 155 79 7331
4770 18 4903 0 63 86 7332
4770 25 4905 0 123 1 7333
4770 39 4905 0 155 79 7334
4770 9 4906 0 101 26 7335
4770 6 4906 0 179 186 7336
4770 4 4906 0 109 56 7337
4770 3 4907 0 15 4 7338
4770 3 4905 0 92 2 7339
4770 23 4906 0 102 36 7340
4770 10 4907 0 113 13 7341
4770 18 4905 0 29 60 7342
4770 4 4904 0 128 23 7343
4770 23 4904 0 109 36 7344
4770 3 4907 0 72 131 7345
4770 25 4907 0 185 66 7346
4770 24 4905 0 118 4 7347
4770 7 4906 0 103 22 7348
4770 13 4905 0 52 37 7349
4770 9 4907 0 173 171 7350
4770 5 4908 0 40 105 7351
4770 6 4906 0 89 137 7352
4770 5 4906 0 63 134 7353
4770 6 4905 0 122 58 7354
4770 14 4905 0 137 49 7355
4770 25 4905 0 20 47 7356
4770 5 4907 0 161 34 7357
4785 10 4921 0 101 26 7358
4785 9 4919 0 108 58 7359
4785 9 4921 0 103 1 7360
4785 8 4921 0 67 20 7361
4785 28 4920 0 188 80 7362
4785 19 4921 0 37 7 7363
4785 4 4920 0 128 23 7364
4785 9 4920 0 146 159 7365
4785 4 4920 0 100 167 7366
4785 9 4924 0 113 13 7367
4785 42 4922 0 105 42 7368
4785 38 4920 0 194 113 7369
4785 24 4920 0 109 36 7370
4785 41 4921 0 7 35 7371
4785 3 4919 0 72 131 7372
4785 16 4922 0 118 4 7373
4785 23 4918 0 93 51 7374
4785 4 4922 0 127 27 7375
4785 17 4922 0 123 1 7376
4785 25 4920 0 142 143 7377
4785 9 4921 0 95 77 7378
4785 6 4921 0 178 113 7379
4785 3 4922 0 161 34 7380
4785 25 4921 0 155 79 7381
4785 16 4921 0 102 36 7382
4785 17 4920 0 13 75 7383
4785 4 4922 0 117 1 7384
4785 7 4920 0 94 1 7385
4800 13 4936 0 118 4 7386
4800 7 4935 0 95 77 7387
4800 3 4934 0 78 150 7388
4800 14 4936 0 52 37 7389
4800 37 4936 0 2 3 7390
4800 4 4936 0 61 4 7391
4800 6 4936 0 103 22 7392
4800 3 4935 0 72 131 7393
4800 5 4936 0 110 114 7394
4800 7 4934 0 101 26 7395
4800 11 4936 0 156 90 7396
4800 17 4936 0 102 36 7397
4800 5 4937 0 117 1 7398
4800 14 4936 0 37 7 7399
4800 11 4936 0 67 20 7400
4800 9 4937 0 108 31 7401
4800 25 4937 0 198 85 7402
4800 14 4938 0 125 90 7403
4800 20 4935 0 137 49 7404
4800 18 4936 0 123 1 7405
4800 12 4935 0 162 78 7406
4800 10 4936 0 57 122 7407
4800 4 4938 0 150 43 7408
4811 54 7797 1 155 122 7409
4815 14 4950 0 102 36 7410
4815 16 4951 0 29 60 7411
4815 25 4950 0 105 42 7412
4815 7 4952 0 113 13 7413
4815 5 4951 0 166 118 7414
4815 24 4952 0 13 75 7415
4815 6 4953 0 141 56 7416
4815 7 4952 0 108 58 7417
4815 14 4952 0 109 36 7418
4815 5 4950 0 146 119 7419
4815 9 4951 0 103 1 7420
4815 3 4949 0 78 150 7421
4815 4 4951 0 66 134 7422
4815 3 4951 0 128 55 7423
4815 6 4950 0 61 4 7424
4815 19 4951 0 118 4 7425
4815 29 4951 0 7 35 7426
4815 42 4953 0 155 79 7427
4815 42 4950 0 164 40 7428
4815 5 4949 0 122 58 7429
4815 4 4951 0 117 1 7430
4815 4 4949 0 40 59 7431
4815 16 4952 0 10 193 7432
4830 4 4965 0 150 43 7433
4830 14 4965 0 142 143 7434
4830 9 4964 0 113 13 7435
4830 11 4967 0 101 26 7436
4830 6 4968 0 117 1 7437
4830 3 4964 0 128 55 7438
4830 18 4964 0 102 59 7439
4830 15 4969 0 137 49 7440
4830 5 4964 0 146 119 7441
4830 12 4966 0 102 36 7442
4830 11 4967 0 103 22 7443
4830 34 4965 0 155 122 7444
4830 15 4965 0 93 51 7445
4830 21 4967 0 185 66 7446
4830 6 4967 0 138 36 7447
4830 6 4967 0 78 150 7448
4830 6 4964 0 110 114 7449
4830 33 4964 0 188 80 7450
4830 12 4967 0 25 122 7451
4830 5 4966 0 72 131 7452
4830 14 4968 0 29 60 7453
4830 25 4965 0 118 4 7454
4830 14 4967 0 109 36 7455
4830 42 4968 0 105 42 7456
4831 150 7818 1 103 22 7457
4836 38 7818 1 99 1 7458
4843 72 7829 1 95 77 7459
4845 8 4980 0 101 26 7460
4845 12 4980 0 103 22 7461
4845 6 4981 0 148 56 7462
4845 18 4982 0 123 1 7463
4845 6 4983 0 15 4 7464
4845 8 4980 0 57 122 7465
4845 19 4979 0 125 90 7466
4845 3 4982 0 63 134 7467
4845 17 4981 0 118 4 7468
4845 4 4982 0 178 113 7469
4845 14 4982 0 18 115 7470
4845 10 4982 0 162 78 7471
4845 6 4981 0 146 119 7472
4845 3 4981 0 61 4 7473
4845 16 4980 0 109 36 7474
4845 3 4982 0 166 118 7475
4845 41 4979 0 15 186 7476
4845 9 4980 0 138 36 7477
4845 5 4979 0 128 23 7478
4849 76 7834 1 178 113 7479
4860 6 4993 0 146 159 7480
4860 3 4997 0 66 169 7481
4860 5 4995 0 127 27 7482
4860 9 4994 0 95 77 7483
4860 3 4995 0 15 4 7484
4860 38 4995 0 15 186 7485
4860 21 4995 0 123 1 7486
4860 5 4995 0 40 59 7487
4860 12 4997 0 113 13 7488
4860 18 4994 0 194 169 7489
4860 45 4996 0 72 194 7490
4860 3 4996 0 128 40 7491
4860 21 4996 0 29 60 7492
4860 6 4997 0 141 56 7493
4860 23 4998 0 102 36 7494
4860 22 4998 0 109 36 7495
4860 6 4993 0 72 131 7496
4860 42 4995 0 194 113 7497
4860 24 4995 0 185 66 7498
4860 4 4995 0 122 58 7499
4860 12 4996 0 57 122 7500
4860 42 4994 0 105 42 7501
4860 28 4995 0 7 35 7502
4860 12 4995 0 93 51 7503
4860 5 4998 0 66 134 7504
4860 12 4995 0 108 31 7505
4860 3 4996 0 128 55 7506
4875 22 5009 0 123 1 7507
4875 8 5012 0 57 122 7508
4875 6 5009 0 66 134 7509
4875 40 5011 0 24 183 7510
4875 19 5011 0 20 47 7511
4875 11 5011 0 113 13 7512
4875 11 5009 0 146 159 7513
4875 3 5012 0 166 118 7514
4875 4 5011 0 66 169 7515
4875 22 5012 0 18 115 7516
4875 16 5012 0 118 4 7517
4875 5 5009 0 117 1 7518
4875 6 5011 0 127 27 7519
4875 23 5010 0 137 49 7520
4875 45 5010 0 105 42 7521
4875 17 5015 0 10 193 7522
4875 3 5011 0 40 59 7523
4883 66 7870 1 146 119 7524
4885 65 7870 1 89 137 7525
4888 58 7874 1 20 47 7526
4890 39 5028 0 105 42 7527
4890 5 5025 0 109 56 7528
4890 12 5025 0 102 36 7529
4890 38 5026 0 7 35 7530
4890 3 5026 0 128 40 7531
4890 3 5026 0 161 34 7532
4890 35 5027 0 164 40 7533
4890 7 5026 0 138 36 7534
4890 6 5028 0 127 27 7535
4890 6 5026 0 178 113 7536
4890 10 5025 0 146 159 7537
4890 16 5028 0 137 49 7538
4890 10 5026 0 108 31 7539
4890 5 5027 0 128 55 7540
4890 7 5027 0 57 122 7541
4890 13 5027 0 63 86 7542
4890 15 5026 0 99 1 7543
4890 9 5026 0 103 22 7544
4890 6 5025 0 162 78 7545
4890 23 5025 0 52 37 7546
4890 14 5028 0 18 115 7547
4890 4 5025 0 72 131 7548
4890 3 5027 0 15 4 7549
4890 9 5026 0 108 58 7550
4890 23 5024 0 13 75 7551
4902 181 7887 1 100 167 7552
4903 34 7891 1 142 143 7553
4905 27 5043 0 24 183 7554
4905 6 5042 0 40 105 7555
4905 4 5041 0 127 27 7556
4905 7 5042 0 103 1 7557
4905 23 5041 0 102 36 7558
4905 12 5041 0 125 90 7559
4905 4 5039 0 122 58 7560
4905 22 5039 0 123 1 7561
4905 4 5044 0 55 108 7562
4905 22 5042 0 118 4 7563
4905 4 5040 0 40 59 7564
4905 12 5041 0 103 22 7565
4905 5 5040 0 92 2 7566
4905 11 5041 0 156 90 7567
4905 11 5038 0 133 152 7568
4905 4 5041 0 15 4 7569
4905 3 5041 0 128 23 7570
4905 8 5040 0 25 122 7571
4905 7 5042 0 138 36 7572
4905 17 5042 0 102 59 7573
4905 9 5038 0 173 171 7574
4905 39 5041 0 72 194 7575
4905 9 5039 0 113 13 7576
4905 5 5041 0 66 169 7577
4905 5 5040 0 161 34 7578
4905 4 5041 0 128 55 7579
4920 45 5057 0 198 85 7580
4920 36 5058 0 155 122 7581
4920 6 5056 0 103 22 7582
4920 4 5056 0 117 1 7583
4920 3 5054 0 109 56 7584
4920 24 5056 0 37 7 7585
4920 22 5056 0 118 4 7586
4920 19 5057 0 185 66 7587
4920 21 5055 0 142 143 7588
4920 16 5056 0 93 51 7589
4920 3 5056 0 15 4 7590
4920 42 5056 0 24 183 7591
4920 7 5058 0 173 171 7592
4920 36 5056 0 105 42 7593
4920 7 5057 0 101 26 7594
4920 6 5054 0 146 159 7595
4920 16 5057 0 123 1 7596
4920 6 5058 0 113 13 7597
4920 5 5056 0 128 23 7598
4920 5 5055 0 127 27 7599
4920 4 5055 0 122 58 7600
4935 9 5070 0 108 31 7601
4935 12 5069 0 120 146 7602
4935 19 5072 0 182 79 7603
4935 22 5072 0 29 60 7604
4935 11 5070 0 133 152 7605
4935 12 5071 0 67 20 7606
4935 25 5071 0 155 122 7607
4935 40 5071 0 7 35 7608
4935 3 5070 0 66 134 7609
4935 4 5072 0 122 58 7610
4935 22 5072 0 10 193 7611
4935 10 5070 0 25 122 7612
4935 3 5071 0 55 108 7613
4935 10 5073 0 162 78 7614
4935 12 5073 0 194 169 7615
4935 3 5069 0 128 40 7616
4935 4 5069 0 92 2 7617
4935 7 5071 0 103 1 7618
4935 15 5069 0 109 36 7619
4950 9 5086 0 101 26 7620
4950 12 5087 0 185 66 7621
4950 3 5087 0 92 2 7622
4950 5 5086 0 117 1 7623
4950 24 5086 0 109 36 7624
4950 9 5086 0 148 56 7625
4950 7 5086 0 103 22 7626
4950 11 5084 0 108 58 7627
4950 6 5087 0 128 55 7628
4950 18 5087 0 102 36 7629
4950 44 5086 0 155 122 7630
4950 27 5087 0 15 186 7631
4950 4 5087 0 128 23 7632
4950 11 5085 0 113 13 7633
4950 4 5083 0 122 58 7634
4950 4 5087 0 61 4 7635
4950 29 5087 0 198 85 7636
4950 18 5087 0 118 4 7637
4950 7 5084 0 138 36 7638
4965 35 5103 0 15 186 7639
4965 30 5099 0 194 113 7640
4965 4 5101 0 178 113 7641
4965 11 5100 0 133 152 7642
4965 8 5101 0 103 1 7643
4965 4 5101 0 89 137 7644
4965 23 5101 0 29 60 7645
4965 3 5101 0 128 23 7646
4965 20 5100 0 185 66 7647
4965 6 5101 0 103 22 7648
4965 5 5101 0 146 119 7649
4965 5 5099 0 128 40 7650
4965 12 5102 0 118 4 7651
4965 6 5102 0 57 122 7652
4965 6 5102 0 94 1 7653
4980 6 5117 0 101 26 7654
4980 10 5117 0 57 122 7655
4980 14 5119 0 29 60 7656
4980 6 5118 0 148 56 7657
4980 6 5116 0 100 167 7658
4980 24 5117 0 137 49 7659
4980 38 5116 0 194 113 7660
4980 42 5113 0 155 79 7661
4980 18 5114 0 125 90 7662
4980 11 5116 0 103 1 7663
4980 4 5119 0 55 108 7664
4980 5 5117 0 117 1 7665
4980 6 5117 0 89 137 7666
4980 6 5116 0 128 23 7667
4980 11 5114 0 179 186 7668
4980 38 5116 0 198 85 7669
4995 33 5131 0 24 183 7670
4995 6 5133 0 108 31 7671
4995 9 5129 0 179 186 7672
4995 6 5132 0 103 22 7673
4995 13 5133 0 63 86 7674
4995 15 5130 0 194 169 7675
4995 29 5131 0 105 42 7676
4995 6 5129 0 113 13 7677
4995 3 5130 0 117 1 7678
4995 13 5130 0 125 90 7679
4995 6 5129 0 156 90 7680
4995 4 5129 0 40 105 7681
4995 17 5132 0 13 75 7682
4995 31 5130 0 15 186 7683
4995 13 5130 0 10 193 7684
4995 6 5130 0 15 4 7685
4995 12 5132 0 101 26 7686
4995 30 5130 0 2 3 7687
4995 3 5128 0 128 55 7688
5010 7 5146 0 108 31 7689
5010 5 5146 0 72 131 7690
5010 5 5149 0 128 40 7691
5010 3 5143 0 78 150 7692
5010 3 5146 0 146 119 7693
5010 5 5145 0 178 113 7694
5010 42 5146 0 7 35 7695
5010 10 5147 0 103 22 7696
5010 20 5146 0 185 66 7697
5010 5 5147 0 127 27 7698
5010 30 5147 0 24 183 7699
5010 5 5145 0 66 169 7700
5010 7 5144 0 156 90 7701
5010 6 5145 0 25 122 7702
5010 25 5148 0 123 1 7703
5010 10 5146 0 101 26 7704
5010 5 5145 0 128 55 7705
5010 15 5148 0 10 193 7706
5010 3 5147 0 122 58 7707
5010 7 5146 0 94 1 7708
5010 9 5146 0 113 13 7709
5010 6 5147 0 117 1 7710
5010 4 5146 0 92 2 7711
5025 34 5158 0 15 186 7712
5025 6 5161 0 109 56 7713
5025 5 5161 0 128 40 7714
5025 6 5161 0 150 43 7715
5025 27 5161 0 155 122 7716
5025 11 5161 0 101 26 7717
5025 12 5161 0 137 49 7718
5025 24 5162 0 185 66 7719
5025 10 5161 0 108 31 7720
5025 35 5163 0 2 3 7721
5025 8 5162 0 25 122 7722
5025 6 5159 0 128 23 7723
5025 3 5161 0 128 55 7724
5025 4 5161 0 100 167 7725
5025 6 5161 0 61 4 7726
5025 30 5159 0 155 79 7727
5040 18 5178 0 123 1 7728
5040 44 5173 0 15 186 7729
5040 4 5177 0 109 56 7730
5040 4 5177 0 66 169 7731
5040 4 5177 0 178 113 7732
5040 18 5175 0 13 75 7733
5040 33 5177 0 194 113 7734
5040 19 5175 0 102 36 7735
5040 9 5177 0 101 26 7736
5040 6 5177 0 166 118 7737
5040 8 5176 0 67 20 7738
5040 19 5177 0 20 47 7739
5040 16 5176 0 109 36 7740
5040 7 5175 0 113 13 7741
5040 23 5175 0 29 60 7742
5040 6 5177 0 127 27 7743
5040 44 5178 0 188 80 7744
5040 9 5175 0 108 31 7745
5055 5 5192 0 128 55 7746
5055 4 5191 0 146 119 7747
5055 23 5190 0 109 36 7748
5055 12 5193 0 113 13 7749
5055 4 5192 0 128 23 7750
5055 25 5190 0 105 42 7751
5055 5 5193 0 128 40 7752
5055 36 5191 0 72 194 7753
5055 5 5190 0 78 150 7754
5055 20 5191 0 120 146 7755
5055 4 5192 0 40 105 7756
5055 32 5192 0 24 183 7757
5055 40 5191 0 198 85 7758
5055 3 5189 0 61 4 7759
5055 10 5189 0 138 36 7760
5055 7 5188 0 103 22 7761
5055 7 5191 0 156 90 7762
5055 10 5192 0 148 56 7763
5055 11 5191 0 133 152 7764
5055 16 5192 0 102 59 7765
5055 12 5189 0 125 90 7766
5057 67 8044 1 52 37 7767
5070 6 5208 0 67 20 7768
5070 38 5208 0 7 35 7769
5070 15 5204 0 137 49 7770
5070 9 5205 0 25 122 7771
5070 5 5206 0 127 27 7772
5070 27 5205 0 155 79 7773
5070 15 5207 0 93 51 7774
5070 6 5205 0 95 77 7775
5070 10 5208 0 108 31 7776
5070 43 5206 0 194 113 7777
5070 16 5207 0 109 36 7778
5070 4 5206 0 128 40 7779
5070 6 5205 0 128 23 7780
5070 6 5204 0 146 159 7781
5070 3 5208 0 128 55 7782
5070 12 5206 0 103 22 7783
5070 20 5206 0 194 169 7784
5070 38 5205 0 105 42 7785
5070 10 5206 0 138 36 7786
5070 10 5206 0 103 1 7787
5070 24 5204 0 13 75 7788
5070 3 5207 0 15 4 7789
5083 40 8068 1 66 169 7790
5085 4 5221 0 128 23 7791
5085 24 5221 0 102 36 7792
5085 4 5221 0 89 137 7793
5085 18 5221 0 63 86 7794
5085 5 5221 0 66 169 7795
5085 6 5219 0 117 1 7796
5085 23 5222 0 13 75 7797
5085 25 5221 0 125 90 7798
5085 11 5221 0 25 122 7799
5085 5 5221 0 122 58 7800
5085 3 5220 0 166 118 7801
5085 18 5221 0 182 79 7802
5085 7 5224 0 162 78 7803
5085 37 5219 0 105 42 7804
5085 4 5221 0 109 56 7805
5085 3 5221 0 178 113 7806
5085 24 5221 0 118 4 7807
5085 4 5223 0 141 56 7808
5085 9 5221 0 113 13 7809
5085 6 5219 0 78 150 7810
5085 19 5220 0 102 59 7811
5085 12 5223 0 137 49 7812
5085 32 5220 0 15 186 7813
5085 12 5218 0 123 1 7814
5085 23 5218 0 20 47 7815
5100 20 5233 0 137 49 7816
5100 4 5236 0 146 119 7817
5100 20 5235 0 125 90 7818
5100 11 5237 0 103 22 7819
5100 3 5238 0 117 1 7820
5100 18 5234 0 142 143 7821
5100 6 5238 0 40 59 7822
5100 11 5237 0 148 56 7823
5100 11 5236 0 138 36 7824
5100 12 5236 0 101 26 7825
5100 16 5236 0 20 47 7826
5100 3 5237 0 122 58 7827
5100 17 5236 0 109 36 7828
5100 16 5236 0 102 59 7829
5100 10 5236 0 113 13 7830
5100 12 5237 0 162 78 7831
5100 3 5234 0 72 131 7832
5100 20 5236 0 102 36 7833
5100 9 5235 0 108 31 7834
5100 4 5236 0 109 56 7835
5100 39 5235 0 198 85 7836
5110 60 8098 1 37 7 7837
5115 5 5251 0 122 58 7838
5115 37 5251 0 7 35 7839
5115 3 5253 0 141 56 7840
5115 4 5250 0 117 1 7841
5115 32 5250 0 105 42 7842
5115 11 5253 0 57 122 7843
5115 13 5254 0 137 49 7844
5115 9 5251 0 103 22 7845
5115 16 5251 0 118 4 7846
5115 12 5248 0 146 159 7847
5115 8 5252 0 113 13 7848
5115 6 5250 0 66 134 7849
5115 18 5251 0 123 1 7850
5115 11 5250 0 67 20 7851
5115 23 5251 0 109 36 7852
5115 8 5249 0 179 186 7853
5115 6 5251 0 55 108 7854
5115 3 5251 0 72 131 7855
5115 6 5251 0 66 169 7856
5115 28 5250 0 194 113 7857
5115 25 5251 0 102 36 7858
5122 50 8108 1 127 27 7859
5130 11 5265 0 108 31 7860
5130 6 5268 0 128 55 7861
5130 6 5268 0 61 4 7862
5130 4 5266 0 127 27 7863
5130 5 5266 0 117 1 7864
5130 7 5266 0 113 13 7865
5130 5 5266 0 72 131 7866
5130 13 5267 0 99 1 7867
5130 5 5266 0 63 134 7868
5130 23 5266 0 118 4 7869
5130 3 5266 0 128 23 7870
5130 7 5268 0 173 171 7871
5130 10 5266 0 101 26 7872
5130 4 5264 0 66 134 7873
5130 11 5267 0 138 36 7874
5130 14 5269 0 125 90 7875
5130 25 5265 0 2 3 7876
5130 12 5265 0 179 186 7877
5130 3 5267 0 146 119 7878
5130 6 5267 0 109 56 7879
5130 12 5266 0 18 115 7880
5134 38 8119 1 94 1 7881
5145 5 5281 0 150 43 7882
5145 4 5280 0 127 27 7883
5145 6 5283 0 146 159 7884
5145 15 5281 0 185 66 7885
5145 9 5283 0 173 171 7886
5145 19 5280 0 29 60 7887
5145 35 5281 0 155 122 7888
5145 4 5282 0 128 55 7889
5145 17 5281 0 18 115 7890
5145 7 5279 0 103 1 7891
5145 3 5281 0 117 1 7892
5145 5 5281 0 122 58 7893
5145 45 5281 0 15 186 7894
5145 12 5279 0 10 193 7895
5145 20 5280 0 137 49 7896
5145 6 5283 0 66 169 7897
5145 24 5279 0 109 36 7898
5145 10 5281 0 25 122 7899
5145 6 5283 0 72 131 7900
5145 10 5279 0 103 22 7901
5145 14 5281 0 13 75 7902
5145 24 5283 0 99 1 7903
5145 12 5282 0 57 122 7904
5145 10 5280 0 138 36 7905
5145 27 5279 0 198 85 7906
5145 5 5280 0 128 23 7907
5155 77 8139 1 108 58 7908
5160 41 5300 0 194 113 7909
5160 5 5296 0 150 43 7910
5160 23 5297 0 29 60 7911
5160 4 5296 0 128 55 7912
5160 6 5294 0 127 27 7913
5160 4 5297 0 128 23 7914
5160 11 5296 0 173 171 7915
5160 6 5296 0 72 131 7916
5160 17 5297 0 123 1 7917
5160 17 5296 0 137 49 7918
5160 29 5296 0 7 35 7919
5160 12 5295 0 109 36 7920
5160 6 5298 0 122 58 7921
5160 6 5297 0 162 78 7922
5160 15 5294 0 20 47 7923
5160 21 5294 0 102 59 7924
5160 4 5293 0 63 134 7925
5160 6 5296 0 110 114 7926
5160 6 5298 0 113 13 7927
5160 5 5296 0 128 40 7928
5160 18 5296 0 118 4 7929
5160 4 5295 0 161 34 7930
5160 6 5297 0 108 31 7931
5160 16 5295 0 102 36 7932
5175 11 5311 0 57 122 7933
5175 11 5310 0 101 26 7934
5175 17 5309 0 109 36 7935
5175 11 5310 0 108 31 7936
5175 20 5310 0 102 59 7937
5175 4 5313 0 128 23 7938
5175 9 5312 0 108 58 7939
5175 19 5310 0 182 79 7940
5175 3 5311 0 55 108 7941
5175 10 5310 0 138 36 7942
5175 28 5310 0 198 85 7943
5175 6 5312 0 122 58 7944
5175 20 5311 0 118 4 7945
5175 6 5312 0 89 137 7946
5175 21 5311 0 52 37 7947
5175 14 5313 0 123 1 7948
5175 23 5311 0 18 115 7949
5175 31 5313 0 155 122 7950
5175 3 5312 0 109 56 7951
5175 13 5310 0 125 90 7952
5175 6 5312 0 15 4 7953
5175 5 5313 0 127 27 7954
5175 4 5309 0 117 1 7955
5175 29 5312 0 72 194 7956
5190 16 5328 0 137 49 7957
5190 10 5327 0 113 13 7958
5190 12 5325 0 103 22 7959
5190 40 5326 0 155 79 7960
5190 12 5327 0 94 1 7961
5190 4 5324 0 166 118 7962
5190 23 5324 0 102 59 7963
5190 10 5326 0 138 36 7964
5190 20 5324 0 120 146 7965
5190 25 5327 0 118 4 7966
5190 6 5329 0 178 113 7967
5190 6 5324 0 146 159 7968
5190 5 5325 0 78 150 7969
5190 32 5327 0 155 122 7970
5190 15 5325 0 99 1 7971
5190 3 5324 0 127 27 7972
5190 3 5326 0 122 58 7973
5190 32 5325 0 164 40 7974
5190 34 5324 0 198 85 7975
5190 6 5326 0 128 40 7976
5190 4 5328 0 109 56 7977
5190 13 5324 0 125 90 7978
5190 3 5327 0 89 137 7979
5190 31 5327 0 2 3 7980
5190 14 5324 0 142 143 7981
5190 5 5326 0 150 43 7982
5198 37 8183 1 109 56 7983
5205 23 5340 0 99 1 7984
5205 3 5342 0 128 55 7985
5205 6 5341 0 66 134 7986
5205 12 5341 0 103 1 7987
5205 3 5341 0 109 56 7988
5205 18 5341 0 118 4 7989
5205 4 5339 0 128 23 7990
5205 24 5343 0 102 59 7991
5205 9 5342 0 108 31 7992
5205 23 5341 0 37 7 7993
5205 15 5340 0 102 36 7994
5205 31 5341 0 164 40 7995
5205 23 5341 0 137 49 7996
5205 23 5341 0 52 37 7997
5205 37 5340 0 15 186 7998
5205 10 5340 0 162 78 7999
5205 24 5339 0 109 36 8000
5205 29 5340 0 155 79 8001
5205 16 5343 0 20 47 8002
5205 5 5339 0 55 108 8003
5208 40 8196 1 15 186 8004
5218 70 8204 1 72 194 8005
5220 6 5355 0 122 58 8006
5220 10 5355 0 103 1 8007
5220 21 5354 0 63 86 8008
5220 5 5358 0 40 59 8009
5220 18 5356 0 18 115 8010
5220 14 5356 0 52 37 8011
5220 12 5357 0 138 36 8012
5220 44 5357 0 198 85 8013
5220 3 5358 0 78 150 8014
5220 5 5355 0 166 118 8015
5220 8 5355 0 148 56 8016
5220 4 5355 0 178 113 8017
5220 35 5355 0 188 80 8018
5220 8 5356 0 113 13 8019
5220 8 5357 0 57 122 8020
5220 18 5356 0 37 7 8021
5220 12 5357 0 103 22 8022
5220 42 5356 0 105 42 8023
5220 6 5356 0 128 55 8024
5220 10 5358 0 101 26 8025
5220 6 5356 0 66 169 8026
5220 40 8208 1 117 1 8027
5220 16 5355 0 194 169 8028
5220 23 5357 0 99 1 8029
5220 4 5358 0 109 56 8030
5235 3 5372 0 117 1 8031
5235 6 5373 0 179 186 8032
5235 5 5372 0 109 56 8033
5235 22 5371 0 123 1 8034
5235 6 5371 0 108 31 8035
5235 7 5372 0 138 36 8036
5235 37 5371 0 24 183 8037
5235 21 5369 0 142 143 8038
5235 18 5372 0 102 59 8039
5235 6 5373 0 100 167 8040
5235 6 5370 0 72 131 8041
5235 15 5370 0 102 36 8042
5235 5 5371 0 78 150 8043
5235 10 5372 0 94 1 8044
5235 5 5370 0 128 55 8045
5235 34 5374 0 164 40 8046
5235 5 5370 0 15 4 8047
5235 19 5373 0 52 37 8048
5235 21 5373 0 185 66 8049
5235 6 5370 0 128 40 8050
5235 12 5369 0 113 13 8051
5235 25 5373 0 109 36 8052
5235 25 5371 0 105 42 8053
5250 4 5385 0 66 134 8054
5250 3 5388 0 40 59 8055
5250 20 5388 0 120 146 8056
5250 6 5386 0 122 58 8057
5250 8 5384 0 101 26 8058
5250 3 5385 0 110 114 8059
5250 12 5387 0 108 31 8060
5250 11 5388 0 146 159 8061
5250 9 5387 0 113 13 8062
5250 22 5384 0 137 49 8063
5250 5 5385 0 161 34 8064
5250 9 5387 0 57 122 8065
5250 20 5386 0 109 36 8066
5250 3 5386 0 117 1 8067
5250 3 5387 0 127 27 8068
5250 39 5387 0 194 113 8069
5250 11 5388 0 94 1 8070
5250 21 5386 0 102 36 8071
5250 29 5387 0 155 79 8072
5250 7 5387 0 162 78 8073
5250 7 5385 0 148 56 8074
5265 4 5400 0 178 113 8075
5265 6 5402 0 146 119 8076
5265 12 5399 0 94 1 8077
5265 5 5401 0 117 1 8078
5265 9 5402 0 179 186 8079
5265 6 5398 0 61 4 8080
5265 6 5402 0 127 27 8081
5265 7 5403 0 101 26 8082
5265 23 5401 0 137 49 8083
5265 19 5401 0 102 36 8084
5265 4 5401 0 128 40 8085
5265 6 5401 0 89 137 8086
5265 6 5400 0 113 13 8087
5265 12 5400 0 25 122 8088
5265 19 5401 0 93 51 8089
5265 3 5400 0 100 167 8090
5265 3 5401 0 141 56 8091
5265 41 5400 0 194 113 8092
5265 13 5403 0 18 115 8093
5265 19 5400 0 118 4 8094
5265 3 5402 0 92 2 8095
5280 24 5415 0 109 36 8096
5280 11 5414 0 156 90 8097
5280 12 5415 0 20 47 8098
5280 27 5414 0 15 186 8099
5280 11 5417 0 113 13 8100
5280 6 5417 0 92 2 8101
5280 3 5417 0 128 40 8102
5280 9 5414 0 108 58 8103
5280 25 5416 0 10 193 8104
5280 4 5415 0 128 55 8105
5280 20 5415 0 137 49 8106
5280 19 5415 0 13 75 8107
5280 5 5416 0 72 131 8108
5280 6 5414 0 109 56 8109
5280 8 5417 0 138 36 8110
5280 19 5414 0 102 36 8111
5280 3 5416 0 122 58 8112
5280 3 5415 0 128 23 8113
5280 6 5414 0 117 1 8114
5280 5 5416 0 66 134 8115
5280 8 5417 0 108 31 8116
5280 4 5417 0 89 137 8117
5280 5 5416 0 127 27 8118
5280 3 5415 0 150 43 8119
5280 7 5413 0 179 186 8120
5280 6 5415 0 101 26 8121
5282 78 8268 1 67 20 8122
5295 12 5431 0 108 58 8123
5295 13 5430 0 102 36 8124
5295 21 5430 0 109 36 8125
5295 3 5432 0 109 56 8126
5295 6 5430 0 101 26 8127
5295 6 5432 0 40 59 8128
5295 15 5433 0 182 79 8129
5295 15 5429 0 118 4 8130
5295 3 5430 0 117 1 8131
5295 35 5434 0 105 42 8132
5295 6 5430 0 92 2 8133
5295 6 5432 0 179 186 8134
5295 6 5429 0 113 13 8135
5295 21 5433 0 137 49 8136
5295 6 5431 0 61 4 8137
5295 21 5431 0 52 37 8138
5295 7 5432 0 133 152 8139
5295 12 5432 0 103 22 8140
5295 7 5429 0 148 56 8141
5300 44 8287 1 162 78 8142
5310 9 5448 0 133 152 8143
5310 20 5447 0 137 49 8144
5310 12 5443 0 13 75 8145
5310 5 5446 0 128 55 8146
5310 15 5448 0 102 59 8147
5310 30 5447 0 105 42 8148
5310 4 5445 0 150 43 8149
5310 3 5447 0 128 40 8150
5310 12 5446 0 101 26 8151
5310 17 5446 0 123 1 8152
5310 7 5446 0 108 31 8153
5310 12 5444 0 109 36 8154
5310 34 5449 0 188 80 8155
5310 12 5446 0 113 13 8156
5310 3 5446 0 127 27 8157
5310 9 5446 0 95 77 8158
5310 3 5445 0 66 134 8159
5310 32 5444 0 72 194 8160
5310 45 5446 0 198 85 8161
5325 20 5462 0 194 169 8162
5325 40 5461 0 105 42 8163
5325 3 5460 0 40 105 8164
5325 32 5460 0 188 80 8165
5325 5 5462 0 122 58 8166
5325 25 5463 0 182 79 8167
5325 11 5463 0 133 152 8168
5325 43 5461 0 24 183 8169
5325 7 5459 0 94 1 8170
5325 14 5460 0 18 115 8171
5325 7 5462 0 113 13 8172
5325 21 5460 0 20 47 8173
5325 5 5460 0 127 27 8174
5325 14 5462 0 37 7 8175
5325 23 5462 0 99 1 8176
5325 11 5461 0 138 36 8177
5325 20 5460 0 118 4 8178
5325 10 5460 0 25 122 8179
5336 80 8323 1 164 40 8180
5340 6 5479 0 128 23 8181
5340 25 5475 0 52 37 8182
5340 36 5477 0 105 42 8183
5340 9 5478 0 138 36 8184
5340 6 5475 0 78 150 8185
5340 25 5476 0 118 4 8186
5340 4 5478 0 161 34 8187
5340 6 5473 0 15 4 8188
5340 3 5476 0 127 27 8189
5340 5 5475 0 89 137 8190
5340 5 5475 0 92 2 8191
5340 24 5476 0 99 1 8192
5340 15 5476 0 102 59 8193
5340 3 5475 0 117 1 8194
5340 8 5477 0 146 159 8195
5340 3 5474 0 100 167 8196
5340 14 5476 0 123 1 8197
5340 43 5476 0 188 80 8198
5340 3 5474 0 66 169 8199
5340 8 5475 0 103 22 8200
5340 4 5477 0 40 59 8201
5340 5 5477 0 110 114 8202
5340 3 5477 0 128 40 8203
5340 15 5475 0 13 75 8204
5340 7 5475 0 103 1 8205
5340 19 5475 0 102 36 8206
5340 12 5475 0 137 49 8207
5340 11 5476 0 94 1 8208
5340 24 5478 0 18 115 8209
5340 19 5477 0 109 36 8210
5340 45 5478 0 7 35 8211
5340 5 5475 0 55 108 8212
5340 12 5476 0 101 26 8213
5355 5 5490 0 128 55 8214
5355 7 5491 0 162 78 8215
5355 5 5488 0 63 134 8216
5355 29 5492 0 198 85 8217
5355 19 5490 0 118 4 8218
5355 13 5491 0 137 49 8219
5355 3 5492 0 122 58 8220
5355 22 5491 0 93 51 8221
5355 6 5492 0 138 36 8222
5355 8 5491 0 101 26 8223
5355 5 5490 0 109 56 8224
5355 12 5490 0 108 58 8225
5355 40 5490 0 155 122 8226
5355 6 5490 0 128 40 8227
5355 3 5490 0 128 23 8228
5355 11 5492 0 108 31 8229
5355 3 5494 0 166 118 8230
5355 3 5491 0 110 114 8231
5355 8 5492 0 179 186 8232
5355 21 5492 0 123 1 8233
5355 20 5494 0 20 47 8234
5355 5 5494 0 15 4 8235
5355 14 5491 0 109 36 8236
5355 8 5492 0 103 1 8237
5356 142 8344 1 63 134 8238
5370 12 5506 0 57 122 8239
5370 3 5505 0 128 40 8240
5370 11 5505 0 108 58 8241
5370 7 5507 0 113 13 8242
5370 37 5508 0 194 113 8243
5370 3 5507 0 15 4 8244
5370 4 5507 0 55 108 8245
5370 8 5507 0 162 78 8246
5370 4 5506 0 150 43 8247
5370 6 5507 0 117 1 8248
5370 31 5506 0 105 42 8249
5370 3 5506 0 146 119 8250
5370 20 5506 0 182 79 8251
5370 6 5504 0 141 56 8252
5370 11 5506 0 138 36 8253
5370 34 5506 0 164 40 8254
5370 21 5508 0 123 1 8255
5370 18 5508 0 37 7 8256
5370 23 5505 0 109 36 8257
5370 6 5506 0 103 1 8258
5370 4 5507 0 127 27 8259
5370 5 5506 0 110 114 8260
5370 15 5505 0 118 4 8261
5370 22 5505 0 137 49 8262
5370 22 5505 0 93 51 8263
5370 26 5506 0 198 85 8264
5385 30 5520 0 105 42 8265
5385 6 5523 0 109 56 8266
5385 4 5521 0 89 137 8267
5385 22 5521 0 102 59 8268
5385 3 5520 0 128 55 8269
5385 8 5521 0 95 77 8270
5385 6 5520 0 67 20 8271
5385 5 5521 0 122 58 8272
5385 17 5517 0 194 169 8273
5385 41 5522 0 188 80 8274
5385 3 5520 0 66 169 8275
5385 11 5521 0 133 152 8276
5385 18 5520 0 109 36 8277
5385 5 5522 0 110 114 8278
5385 6 5523 0 78 150 8279
5385 10 5521 0 113 13 8280
5385 16 5521 0 137 49 8281
5385 12 5521 0 185 66 8282
5385 11 5521 0 25 122 8283
5385 37 5521 0 194 113 8284
5385 25 5521 0 123 1 8285
5385 3 5521 0 150 43 8286
5385 19 5521 0 10 193 8287
5385 29 5523 0 15 186 8288
5385 4 5522 0 128 23 8289
5400 5 5536 0 78 150 8290
5400 32 5533 0 188 80 8291
5400 7 5537 0 101 26 8292
5400 16 5536 0 118 4 8293
5400 3 5534 0 128 40 8294
5400 44 5535 0 198 85 8295
5400 35 5536 0 155 122 8296
5400 24 5536 0 37 7 8297
5400 12 5539 0 133 152 8298
5400 32 5534 0 105 42 8299
5400 3 5535 0 92 2 8300
5400 17 5539 0 185 66 8301
5400 6 5538 0 109 56 8302
5400 5 5535 0 166 118 8303
5400 3 5534 0 110 114 8304
5400 19 5535 0 123 1 8305
5400 5 5535 0 117 1 8306
5400 7 5536 0 103 22 8307
5400 12 5537 0 108 31 8308
5400 16 5536 0 182 79 8309
5400 4 5536 0 15 4 8310
5415 39 5550 0 7 35 8311
5415 8 5553 0 103 1 8312
5415 25 5550 0 13 75 8313
5415 20 5551 0 18 115 8314
5415 6 5554 0 25 122 8315
5415 23 5550 0 185 66 8316
5415 3 5550 0 128 23 8317
5415 6 5550 0 61 4 8318
5415 12 5549 0 102 36 8319
5415 9 5552 0 113 13 8320
5415 3 5550 0 63 134 8321
5415 4 5550 0 166 118 8322
5415 20 5551 0 123 1 8323
5415 3 5552 0 161 34 8324
5415 31 5550 0 15 186 8325
5415 8 5552 0 57 122 8326
5415 3 5553 0 92 2 8327
5415 10 5553 0 173 171 8328
5415 16 5552 0 194 169 8329
5415 6 5550 0 55 108 8330
5415 9 5550 0 138 36 8331
5415 4 5551 0 117 1 8332
5415 6 5553 0 122 58 8333
5415 28 5550 0 194 113 8334
5415 23 5549 0 109 36 8335
5415 5 5552 0 66 134 8336
5415 38 5548 0 155 122 8337
5415 11 5552 0 103 22 8338
5430 37 5567 0 105 42 8339
5430 5 5566 0 166 118 8340
5430 6 5565 0 122 58 8341
5430 4 5567 0 146 119 8342
5430 4 5564 0 63 134 8343
5430 12 5567 0 148 56 8344
5430 17 5566 0 102 59 8345
5430 9 5564 0 108 58 8346
5430 25 5564 0 99 1 8347
5430 11 5565 0 146 159 8348
5430 19 5565 0 194 169 8349
5430 6 5567 0 100 167 8350
5430 39 5566 0 155 79 8351
5430 21 5566 0 185 66 8352
5430 20 5567 0 10 193 8353
5430 14 5566 0 102 36 8354
5430 4 5565 0 117 1 8355
5430 9 5565 0 95 77 8356
5430 13 5568 0 118 4 8357
5430 5 5568 0 110 114 8358
5430 19 5564 0 20 47 8359
5430 4 5567 0 128 23 8360
5430 5 5566 0 178 113 8361
5430 12 5566 0 123 1 8362
5430 7 5565 0 162 78 8363
5430 14 5565 0 142 143 8364
5431 178 8417 1 146 159 8365
5445 5 5580 0 72 131 8366
5445 5 5580 0 141 56 8367
5445 39 5583 0 105 42 8368
5445 4 5582 0 100 167 8369
5445 18 5580 0 142 143 8370
5445 6 5580 0 108 31 8371
5445 14 5583 0 20 47 8372
5445 12 5581 0 103 22 8373
5445 19 5581 0 63 86 8374
5445 8 5581 0 101 26 8375
5445 5 5582 0 128 23 8376
5445 42 5581 0 155 79 8377
5445 8 5583 0 108 58 8378
5445 40 5581 0 198 85 8379
5445 9 5580 0 113 13 8380
5445 24 5581 0 137 49 8381
5447 183 8434 1 37 7 8382
5460 3 5596 0 128 40 8383
5460 21 5596 0 118 4 8384
5460 24 5599 0 102 59 8385
5460 11 5596 0 179 186 8386
5460 25 5594 0 52 37 8387
5460 9 5597 0 133 152 8388
5460 10 5595 0 108 31 8389
5460 4 5593 0 128 55 8390
5460 7 5597 0 162 78 8391
5460 7 5596 0 101 26 8392
5460 10 5597 0 108 58 8393
5460 18 5595 0 109 36 8394
5460 19 5596 0 137 49 8395
5460 3 5595 0 55 108 8396
5460 4 5596 0 128 23 8397
5460 5 5595 0 15 4 8398
5460 7 5596 0 103 1 8399
5460 4 5597 0 127 27 8400
5475 28 5611 0 15 186 8401
5475 8 5610 0 179 186 8402
5475 39 5610 0 2 3 8403
5475 29 5610 0 7 35 8404
5475 20 5610 0 118 4 8405
5475 5 5611 0 128 55 8406
5475 4 5610 0 161 34 8407
5475 7 5614 0 103 22 8408
5475 22 5614 0 93 51 8409
5475 38 5609 0 198 85 8410
5475 4 5611 0 61 4 8411
5475 18 5609 0 125 90 8412
5475 42 5611 0 155 79 8413
5475 38 5612 0 105 42 8414
5475 4 5611 0 128 23 8415
5475 3 5609 0 178 113 8416
5475 12 5613 0 162 78 8417
5475 7 5610 0 146 159 8418
5475 5 5611 0 63 134 8419
5475 6 5611 0 128 40 8420
5475 9 5613 0 94 1 8421
5475 28 5611 0 24 183 8422
5475 3 5612 0 109 56 8423
5475 44 5611 0 164 40 8424
5475 6 5612 0 113 13 8425
5475 5 5611 0 110 114 8426
5475 13 5610 0 102 36 8427
5475 5 5609 0 122 58 8428
5475 11 5612 0 108 31 8429
5475 9 5611 0 133 152 8430
5490 24 5626 0 137 49 8431
5490 5 5627 0 100 167 8432
5490 12 5624 0 108 31 8433
5490 11 5626 0 108 58 8434
5490 6 5627 0 89 137 8435
5490 23 5627 0 120 146 8436
5490 20 5626 0 10 193 8437
5490 14 5626 0 109 36 8438
5490 42 5626 0 155 79 8439
5490 3 5626 0 128 23 8440
5490 7 5626 0 25 122 8441
5490 3 5626 0 146 119 8442
5490 16 5626 0 99 1 8443
5490 11 5625 0 101 26 8444
5490 36 5627 0 15 186 8445
5490 20 5626 0 118 4 8446
5490 18 5626 0 20 47 8447
5490 18 5626 0 102 36 8448
5490 12 5625 0 182 79 8449
5490 4 5628 0 128 40 8450
5490 11 5626 0 57 122 8451
5490 3 5626 0 110 114 8452
5490 19 5626 0 123 1 8453
5497 38 8483 1 194 113 8454
5500 39 8486 1 188 80 8455
5505 24 5641 0 20 47 8456
5505 17 5639 0 118 4 8457
5505 7 5641 0 138 36 8458
5505 27 5642 0 164 40 8459
5505 4 5641 0 40 59 8460
5505 4 5641 0 128 55 8461
5505 9 5640 0 113 13 8462
5505 5 5642 0 117 1 8463
5505 11 5641 0 108 31 8464
5505 23 5641 0 102 59 8465
5505 11 5639 0 101 26 8466
5505 20 5640 0 137 49 8467
5505 10 5641 0 57 122 8468
5505 31 5641 0 194 113 8469
5505 5 5641 0 127 27 8470
5505 13 5643 0 18 115 8471
5505 17 5643 0 194 169 8472
5505 41 5643 0 105 42 8473
5505 3 5642 0 161 34 8474
5505 11 5642 0 103 22 8475
5505 23 5642 0 109 36 8476
5505 22 5642 0 123 1 8477
5520 11 5656 0 138 36 8478
5520 4 5653 0 128 23 8479
5520 11 5654 0 179 186 8480
5520 4 5657 0 109 56 8481
5520 3 5655 0 40 105 8482
5520 6 5655 0 108 58 8483
5520 7 5655 0 103 22 8484
5520 6 5657 0 128 55 8485
5520 4 5656 0 63 134 8486
5520 12 5657 0 113 13 8487
5520 12 5657 0 194 169 8488
5520 3 5657 0 128 40 8489
5520 19 5654 0 118 4 8490
5520 8 5655 0 133 152 8491
5520 12 5657 0 108 31 8492
5520 5 5656 0 66 169 8493
5520 35 5657 0 164 40 8494
5520 4 5655 0 122 58 8495
5520 7 5657 0 162 78 8496
5520 16 5654 0 102 59 8497
5520 17 5656 0 93 51 8498
5520 3 5654 0 117 1 8499
5520 9 5658 0 173 171 8500
5520 10 5656 0 25 122 8501
5520 15 5655 0 10 193 8502
5520 42 5656 0 155 122 8503
5520 38 5658 0 105 42 8504
5520 4 5659 0 55 108 8505
5520 4 5655 0 15 4 8506
5520 7 5657 0 67 20 8507
5535 5 5672 0 128 23 8508
5535 5 5672 0 55 108 8509
5535 5 5670 0 40 59 8510
5535 13 5674 0 102 36 8511
5535 41 5670 0 198 85 8512
5535 4 5671 0 109 56 8513
5535 3 5673 0 61 4 8514
5535 5 5670 0 150 43 8515
5535 4 5673 0 110 114 8516
5535 21 5673 0 123 1 8517
5535 12 5672 0 148 56 8518
5535 21 5673 0 125 90 8519
5535 21 5672 0 185 66 8520
5535 4 5669 0 117 1 8521
5535 4 5669 0 63 134 8522
5535 12 5670 0 93 51 8523
5535 14 5671 0 194 169 8524
5535 5 5672 0 128 55 8525
5550 6 5686 0 128 23 8526
5550 4 5687 0 92 2 8527
5550 22 5685 0 102 36 8528
5550 22 5685 0 123 1 8529
5550 5 5686 0 117 1 8530
5550 5 5686 0 128 55 8531
5550 10 5687 0 103 22 8532
5550 11 5686 0 94 1 8533
5550 3 5686 0 161 34 8534
5550 18 5685 0 63 86 8535
5550 4 5685 0 150 43 8536
5550 32 5683 0 72 194 8537
5550 27 5687 0 155 79 8538
5550 12 5687 0 113 13 8539
5550 25 5686 0 118 4 8540
5550 6 5688 0 101 26 8541
5550 6 5687 0 103 1 8542
5550 8 5686 0 138 36 8543
5550 9 5688 0 108 31 8544
5550 3 5688 0 100 167 8545
5550 3 5686 0 128 40 8546
5558 69 8545 1 100 167 8547
5563 30 8550 1 25 122 8548
5565 28 5701 0 194 113 8549
5565 12 5704 0 25 122 8550
5565 9 5699 0 138 36 8551
5565 3 5699 0 66 134 8552
5565 35 5701 0 155 122 8553
5565 11 5701 0 94 1 8554
5565 5 5701 0 15 4 8555
5565 16 5704 0 99 1 8556
5565 4 5702 0 66 169 8557
5565 39 5702 0 105 42 8558
5565 6 5703 0 141 56 8559
5565 5 5703 0 117 1 8560
5565 20 5699 0 137 49 8561
5565 12 5701 0 103 1 8562
5565 15 5701 0 102 36 8563
5565 6 5702 0 78 150 8564
5568 66 8555 1 182 79 8565
5568 30 8553 1 93 51 8566
5571 61 8557 1 185 66 8567
5580 12 5714 0 94 1 8568
5580 5 5714 0 128 23 8569
5580 3 5714 0 128 40 8570
5580 24 5716 0 63 86 8571
5580 5 5719 0 89 137 8572
5580 21 5715 0 142 143 8573
5580 28 5714 0 198 85 8574
5580 21 5716 0 102 36 8575
5580 20 5718 0 18 115 8576
5580 5 5717 0 128 55 8577
5580 3 5714 0 117 1 8578
5580 12 5718 0 103 22 8579
5580 38 5719 0 164 40 8580
5580 6 5716 0 113 13 8581
5580 12 5716 0 194 169 8582
5580 3 5717 0 40 59 8583
5580 21 5717 0 137 49 8584
5580 10 5715 0 148 56 8585
5580 6 5716 0 78 150 8586
5580 6 5716 0 15 4 8587
5580 16 5715 0 102 59 8588
5595 16 5735 0 52 37 8589
5595 5 5732 0 78 150 8590
5595 6 5731 0 128 23 8591
5595 17 5731 0 194 169 8592
5595 4 5732 0 127 27 8593
5595 4 5729 0 128 55 8594
5595 34 5732 0 24 183 8595
5595 6 5729 0 72 131 8596
5595 17 5731 0 137 49 8597
5595 11 5732 0 133 152 8598
5595 4 5733 0 178 113 8599
5595 21 5731 0 185 66 8600
5595 6 5731 0 110 114 8601
5595 6 5732 0 166 118 8602
5595 27 5730 0 105 42 8603
5595 22 5729 0 29 60 8604
5595 6 5731 0 128 40 8605
5595 3 5732 0 109 56 8606
5595 7 5732 0 162 78 8607
5595 3 5731 0 117 1 8608
5595 4 5731 0 15 4 8609
5595 18 5732 0 93 51 8610
5595 5 5731 0 161 34 8611
5595 9 5732 0 108 58 8612
5595 3 5731 0 89 137 8613
5600 62 8585 1 63 134 8614
5610 9 5747 0 108 58 8615
5610 18 5743 0 194 169 8616
5610 19 5745 0 125 90 8617
5610 6 5747 0 40 59 8618
5610 4 5747 0 122 58 8619
5610 19 5748 0 18 115 8620
5610 7 5746 0 103 22 8621
5610 25 5747 0 10 193 8622
5610 4 5747 0 128 55 8623
5610 14 5747 0 109 36 8624
5610 11 5749 0 133 152 8625
5610 15 5746 0 13 75 8626
5610 3 5746 0 150 43 8627
5610 25 5748 0 118 4 8628
5610 3 5746 0 117 1 8629
5610 19 5748 0 63 86 8630
5610 44 5746 0 72 194 8631
5610 17 5748 0 142 143 8632
5610 13 5747 0 102 36 8633
5610 4 5745 0 128 23 8634
5610 5 5746 0 178 113 8635
5610 8 5747 0 179 186 8636
5610 7 5746 0 108 31 8637
5610 26 5746 0 24 183 8638
5610 44 5745 0 105 42 8639
5621 36 8607 1 173 171 8640
5625 5 5765 0 146 119 8641
5625 9 5759 0 57 122 8642
5625 7 5762 0 173 171 8643
5625 17 5761 0 13 75 8644
5625 16 5760 0 18 115 8645
5625 3 5761 0 110 114 8646
5625 19 5760 0 29 60 8647
5625 4 5762 0 109 56 8648
5625 3 5759 0 141 56 8649
5625 6 5761 0 113 13 8650
5625 4 5759 0 128 40 8651
5625 25 5761 0 102 59 8652
5625 5 5763 0 66 134 8653
5625 9 5762 0 108 31 8654
5625 12 5762 0 137 49 8655
5625 39 5761 0 72 194 8656
5625 16 5761 0 52 37 8657
5625 4 5760 0 122 58 8658
5625 26 5761 0 7 35 8659
5625 22 5757 0 102 36 8660
5625 11 5760 0 156 90 8661
5625 13 5761 0 109 36 8662
5625 32 5762 0 2 3 8663
5625 37 5763 0 198 85 8664
5625 26 5758 0 155 79 8665
5625 9 5761 0 103 22 8666
5640 23 5774 0 37 7 8667
5640 5 5777 0 128 23 8668
5640 6 5776 0 100 167 8669
5640 6 5778 0 67 20 8670
5640 30 5774 0 2 3 8671
5640 18 5777 0 109 36 8672
5640 8 5777 0 113 13 8673
5640 23 5776 0 10 193 8674
5640 38 5773 0 164 40 8675
5640 6 5777 0 66 169 8676
5640 7 5774 0 103 22 8677
5640 14 5776 0 125 90 8678
5640 20 5776 0 123 1 8679
5640 13 5777 0 137 49 8680
5640 4 5776 0 78 150 8681
5640 6 5777 0 178 113 8682
5640 43 5776 0 15 186 8683
5640 24 5777 0 118 4 8684
5640 8 5780 0 57 122 8685
5640 4 5777 0 166 118 8686
5640 5 5779 0 109 56 8687
5655 22 5792 0 52 37 8688
5655 11 5791 0 67 20 8689
5655 8 5791 0 173 171 8690
5655 7 5792 0 108 31 8691
5655 6 5792 0 103 22 8692
5655 18 5795 0 118 4 8693
5655 4 5792 0 40 105 8694
5655 4 5791 0 128 55 8695
5655 18 5793 0 182 79 8696
5655 18 5789 0 123 1 8697
5655 9 5790 0 138 36 8698
5655 31 5790 0 188 80 8699
5655 4 5790 0 109 56 8700
5655 15 5792 0 137 49 8701
5655 4 5788 0 128 23 8702
5655 19 5791 0 102 36 8703
5655 6 5791 0 128 40 8704
5655 31 5791 0 2 3 8705
5655 39 5789 0 24 183 8706
5655 3 5789 0 166 118 8707
5655 12 5792 0 156 90 8708
5655 26 5791 0 15 186 8709
5655 9 5792 0 101 26 8710
5655 3 5790 0 122 58 8711
5655 42 5792 0 105 42 8712
5670 4 5805 0 128 23 8713
5670 31 5803 0 194 113 8714
5670 25 5807 0 185 66 8715
5670 6 5806 0 128 40 8716
5670 3 5805 0 161 34 8717
5670 5 5807 0 109 56 8718
5670 11 5807 0 94 1 8719
5670 3 5804 0 178 113 8720
5670 17 5807 0 20 47 8721
5670 20 5804 0 123 1 8722
5670 19 5805 0 125 90 8723
5670 14 5807 0 194 169 8724
5670 11 5807 0 156 90 8725
5670 16 5806 0 109 36 8726
5670 5 5804 0 117 1 8727
5685 15 5821 0 123 1 8728
5685 14 5819 0 118 4 8729
5685 25 5821 0 185 66 8730
5685 41 5822 0 155 79 8731
5685 4 5823 0 61 4 8732
5685 25 5821 0 102 36 8733
5685 18 5823 0 37 7 8734
5685 6 5821 0 15 4 8735
5685 28 5823 0 72 194 8736
5685 6 5821 0 109 56 8737
5685 15 5824 0 137 49 8738
5685 22 5820 0 194 169 8739
5685 35 5821 0 198 85 8740
5685 12 5820 0 120 146 8741
5685 6 5821 0 122 58 8742
5685 34 5819 0 105 42 8743
5685 6 5821 0 40 105 8744
5685 6 5821 0 89 137 8745
5685 10 5821 0 113 13 8746
5685 29 5822 0 7 35 8747
5685 18 5820 0 10 193 8748
5685 8 5823 0 103 22 8749
5685 12 5822 0 25 122 8750
5685 4 5820 0 128 55 8751
5685 7 5819 0 101 26 8752
5685 6 5822 0 133 152 8753
5692 71 8678 1 156 90 8754
5700 11 5835 0 95 77 8755
5700 5 5835 0 117 1 8756
5700 15 5836 0 99 1 8757
5700 36 5834 0 155 79 8758
5700 4 5835 0 66 169 8759
5700 4 5836 0 100 167 8760
5700 15 5835 0 137 49 8761
5700 5 5836 0 128 23 8762
5700 5 5834 0 72 131 8763
5700 25 5835 0 2 3 8764
5700 36 5834 0 72 194 8765
5700 5 5838 0 109 56 8766
5700 9 5839 0 101 26 8767
5700 8 5838 0 103 22 8768
5700 16 5836 0 63 86 8769
5700 4 5836 0 146 119 8770
5700 4 5835 0 127 27 8771
5700 3 5836 0 92 2 8772
5700 16 5833 0 120 146 8773
5700 43 5835 0 15 186 8774
5700 6 5836 0 133 152 8775
5700 3 5838 0 122 58 8776
5700 20 5835 0 102 59 8777
5700 25 5835 0 123 1 8778
5700 21 5836 0 118 4 8779
5715 10 5854 0 103 22 8780
5715 3 5852 0 109 56 8781
5715 10 5850 0 101 26 8782
5715 29 5849 0 198 85 8783
5715 5 5853 0 40 105 8784
5715 3 5849 0 128 55 8785
5715 15 5852 0 29 60 8786
5715 6 5850 0 128 23 8787
5715 20 5852 0 118 4 8788
5715 19 5850 0 52 37 8789
5715 28 5851 0 155 79 8790
5715 6 5849 0 94 1 8791
5715 12 5850 0 109 36 8792
5715 12 5849 0 133 152 8793
5715 20 5848 0 102 36 8794
5715 3 5851 0 66 169 8795
5715 8 5852 0 25 122 8796
5715 4 5852 0 72 131 8797
5715 10 5852 0 57 122 8798
5715 6 5850 0 117 1 8799
5715 8 5850 0 108 58 8800
5715 12 5849 0 113 13 8801
5717 80 8704 1 148 56 8802
5720 66 8706 1 63 86 8803
5723 51 8708 1 120 146 8804
5730 15 5867 0 123 1 8805
5730 9 5868 0 156 90 8806
5730 39 5866 0 194 113 8807
5730 3 5864 0 109 56 8808
5730 12 5866 0 133 152 8809
5730 4 5866 0 63 134 8810
5730 10 5867 0 108 31 8811
5730 5 5868 0 100 167 8812
5730 17 5865 0 118 4 8813
5730 8 5867 0 101 26 8814
5730 15 5867 0 102 59 8815
5730 13 5865 0 185 66 8816
5730 5 5866 0 128 40 8817
5730 11 5866 0 162 78 8818
5730 23 5866 0 93 51 8819
5730 10 5868 0 138 36 8820
5730 4 5867 0 66 134 8821
5730 15 5864 0 102 36 8822
5730 19 5868 0 29 60 8823
5730 21 5866 0 20 47 8824
5730 14 5866 0 37 7 8825
5730 32 5865 0 72 194 8826
5730 10 5865 0 113 13 8827
5745 6 5881 0 128 55 8828
5745 37 5882 0 2 3 8829
5745 33 5880 0 155 122 8830
5745 17 5881 0 102 59 8831
5745 10 5879 0 101 26 8832
5745 5 5879 0 128 40 8833
5745 8 5881 0 103 22 8834
5745 11 5881 0 162 78 8835
5745 18 5881 0 123 1 8836
5745 18 5881 0 137 49 8837
5745 40 5878 0 164 40 8838
5745 16 5882 0 118 4 8839
5745 24 5880 0 63 86 8840
5745 36 5882 0 188 80 8841
5745 41 5881 0 15 186 8842
5745 7 5881 0 113 13 8843
5745 5 5880 0 89 137 8844
5745 11 5881 0 94 1 8845
5745 3 5880 0 127 27 8846
5760 12 5896 0 108 58 8847
5760 4 5893 0 89 137 8848
5760 3 5896 0 128 55 8849
5760 5 5894 0 141 56 8850
5760 24 5897 0 109 36 8851
5760 10 5897 0 113 13 8852
5760 35 5896 0 188 80 8853
5760 16 5895 0 18 115 8854
5760 25 5897 0 72 194 8855
5760 4 5897 0 178 113 8856
5760 8 5898 0 138 36 8857
5760 9 5896 0 108 31 8858
5760 4 5895 0 127 27 8859
5760 6 5895 0 109 56 8860
5760 6 5897 0 166 118 8861
5760 4 5894 0 146 119 8862
5760 12 5898 0 137 49 8863
5760 7 5896 0 94 1 8864
5760 15 5896 0 142 143 8865
5760 4 5895 0 66 169 8866
5760 15 5896 0 123 1 8867
5760 6 5895 0 92 2 8868
5763 51 8749 1 137 49 8869
5775 12 5910 0 113 13 8870
5775 6 5911 0 72 131 8871
5775 36 5908 0 155 122 8872
5775 24 5913 0 102 36 8873
5775 14 5909 0 102 59 8874
5775 3 5910 0 128 23 8875
5775 6 5909 0 15 4 8876
5775 5 5911 0 127 27 8877
5775 11 5910 0 148 56 8878
5775 15 5912 0 109 36 8879
5775 19 5913 0 194 169 8880
5775 35 5911 0 164 40 8881
5775 34 5910 0 105 42 8882
5775 3 5911 0 92 2 8883
5775 7 5909 0 156 90 8884
5775 37 5912 0 7 35 8885
5775 7 5911 0 103 1 8886
5775 4 5912 0 40 105 8887
5775 24 5914 0 125 90 8888
5775 9 5911 0 108 31 8889
5775 20 5914 0 123 1 8890
5775 10 5912 0 103 22 8891
5775 6 5910 0 66 134 8892
5775 12 5911 0 138 36 8893
5775 4 5912 0 117 1 8894
5787 171 8772 1 156 90 8895
5790 6 5926 0 103 1 8896
5790 3 5925 0 128 40 8897
5790 36 5927 0 72 194 8898
5790 11 5928 0 133 152 8899
5790 13 5926 0 93 51 8900
5790 41 5927 0 155 79 8901
5790 24 5924 0 182 79 8902
5790 21 5928 0 123 1 8903
5790 43 5927 0 105 42 8904
5790 8 5927 0 108 31 8905
5790 23 5926 0 29 60 8906
5790 3 5926 0 117 1 8907
5790 22 5926 0 137 49 8908
5790 5 5926 0 150 43 8909
5790 41 5926 0 155 122 8910
5790 6 5927 0 146 119 8911
5790 10 5925 0 108 58 8912
5790 6 5926 0 128 23 8913
5790 19 5927 0 18 115 8914
5790 7 5924 0 113 13 8915
5790 6 5924 0 128 55 8916
5790 7 5925 0 156 90 8917
5790 6 5927 0 66 134 8918
5790 21 5924 0 109 36 8919
5791 77 8776 1 161 34 8920
5799 70 8785 1 150 43 8921
5800 33 8785 1 113 13 8922
5805 4 5941 0 128 40 8923
5805 3 5940 0 100 167 8924
5805 15 5943 0 10 193 8925
5805 16 5938 0 52 37 8926
5805 16 5942 0 182 79 8927
5805 24 5941 0 123 1 8928
5805 27 5940 0 188 80 8929
5805 34 5939 0 155 122 8930
5805 45 5943 0 105 42 8931
5805 8 5943 0 103 22 8932
5805 20 5940 0 137 49 8933
5805 4 5942 0 122 58 8934
5805 10 5941 0 179 186 8935
5805 12 5942 0 94 1 8936
5805 5 5941 0 15 4 8937
5805 11 5942 0 138 36 8938
5805 6 5942 0 127 27 8939
5820 3 5954 0 127 27 8940
5820 12 5958 0 148 56 8941
5820 4 5957 0 128 55 8942
5820 5 5957 0 15 4 8943
5820 14 5956 0 118 4 8944
5820 14 5956 0 18 115 8945
5820 23 5956 0 99 1 8946
5820 4 5953 0 128 23 8947
5820 11 5957 0 103 1 8948
5820 6 5955 0 109 56 8949
5820 23 5957 0 185 66 8950
5820 12 5958 0 113 13 8951
5820 14 5956 0 52 37 8952
5820 14 5955 0 125 90 8953
5820 11 5957 0 146 159 8954
5820 12 5956 0 10 193 8955
5820 9 5956 0 179 186 8956
5820 6 5955 0 128 40 8957
5820 5 5956 0 166 118 8958
5820 40 5957 0 7 35 8959
5835 7 5971 0 25 122 8960
5835 20 5972 0 194 169 8961
5835 13 5971 0 118 4 8962
5835 18 5970 0 18 115 8963
5835 4 5971 0 40 105 8964
5835 4 5971 0 109 56 8965
5835 17 5972 0 102 36 8966
5835 5 5974 0 89 137 8967
5835 18 5971 0 109 36 8968
5835 10 5972 0 113 13 8969
5835 4 5970 0 128 23 8970
5835 5 5971 0 150 43 8971
5835 4 5969 0 127 27 8972
5835 9 5974 0 146 159 8973
5835 4 5970 0 122 58 8974
5835 6 5971 0 128 55 8975
5835 7 5972 0 101 26 8976
5835 8 5972 0 173 171 8977
5835 19 5970 0 182 79 8978
5835 20 5970 0 137 49 8979
5835 10 5972 0 103 22 8980
5835 25 5972 0 123 1 8981
5835 44 5971 0 105 42 8982
5850 4 5989 0 128 23 8983
5850 11 5986 0 108 31 8984
5850 3 5985 0 61 4 8985
5850 6 5988 0 138 36 8986
5850 20 5986 0 52 37 8987
5850 8 5988 0 101 26 8988
5850 9 5986 0 146 159 8989
5850 15 5985 0 102 36 8990
5850 5 5986 0 150 43 8991
5850 9 5987 0 94 1 8992
5850 17 5987 0 18 115 8993
5850 13 5987 0 123 1 8994
5850 25 5984 0 118 4 8995
5850 18 5985 0 109 36 8996
5850 43 5987 0 105 42 8997
5850 16 5987 0 137 49 8998
5850 11 5988 0 103 22 8999
5850 19 5988 0 13 75 9000
5850 35 5986 0 2 3 9001
5850 3 5986 0 117 1 9002
5857 89 8844 1 101 26 9003
5863 75 8847 1 118 4 9004
5865 23 6002 0 120 146 9005
5865 6 6003 0 101 26 9006
5865 5 5997 0 55 108 9007
5865 24 6002 0 118 4 9008
5865 41 6000 0 164 40 9009
5865 3 6000 0 122 58 9010
5865 5 6001 0 66 134 9011
5865 9 6004 0 113 13 9012
5865 20 6001 0 109 36 9013
5865 6 5999 0 40 59 9014
5865 29 5999 0 155 79 9015
5865 20 6000 0 194 169 9016
5865 3 5999 0 128 23 9017
5865 19 6002 0 102 36 9018
5865 6 6002 0 94 1 9019
5865 3 5999 0 178 113 9020
5865 18 6001 0 18 115 9021
5865 6 6000 0 103 22 9022
5865 22 6001 0 37 7 9023
5865 3 6001 0 78 150 9024
5865 10 6001 0 173 171 9025
5865 4 6002 0 127 27 9026
5865 11 6000 0 108 31 9027
5865 5 6001 0 146 119 9028
5865 4 5998 0 117 1 9029
5865 12 6002 0 142 143 9030
5865 21 6000 0 123 1 9031
5880 23 6015 0 102 59 9032
5880 11 6015 0 103 22 9033
5880 22 6017 0 102 36 9034
5880 3 6016 0 66 169 9035
5880 20 6018 0 109 36 9036
5880 17 6015 0 194 169 9037
5880 25 6018 0 120 146 9038
5880 4 6017 0 122 58 9039
5880 12 6017 0 25 122 9040
5880 18 6016 0 20 47 9041
5880 7 6015 0 113 13 9042
5880 6 6017 0 94 1 9043
5880 4 6014 0 128 23 9044
5880 14 6017 0 29 60 9045
5880 39 6017 0 155 79 9046
5880 3 6017 0 128 55 9047
5880 4 6016 0 66 134 9048
5880 6 6016 0 101 26 9049
5880 10 6017 0 103 1 9050
5895 26 6030 0 7 35 9051
5895 7 6033 0 162 78 9052
5895 42 6031 0 198 85 9053
5895 18 6031 0 109 36 9054
5895 7 6031 0 25 122 9055
5895 12 6031 0 148 56 9056
5895 8 6031 0 133 152 9057
5895 6 6031 0 40 105 9058
5895 5 6032 0 166 118 9059
5895 17 6033 0 137 49 9060
5895 42 6030 0 105 42 9061
5895 3 6032 0 127 27 9062
5895 4 6031 0 109 56 9063
5895 12 6031 0 101 26 9064
5895 13 6030 0 142 143 9065
5895 5 6030 0 128 40 9066
5910 4 6045 0 63 134 9067
5910 6 6045 0 128 23 9068
5910 24 6045 0 123 1 9069
5910 10 6045 0 108 31 9070
5910 22 6048 0 137 49 9071
5910 20 6048 0 194 169 9072
5910 6 6044 0 138 36 9073
5910 4 6044 0 117 1 9074
5910 21 6046 0 93 51 9075
5910 13 6045 0 185 66 9076
5910 4 6046 0 128 40 9077
5910 23 6048 0 99 1 9078
5910 4 6046 0 110 114 9079
5910 10 6044 0 133 152 9080
5915 76 8901 1 99 1 9081
5925 34 6063 0 72 194 9082
5925 8 6061 0 103 22 9083
5925 21 6061 0 18 115 9084
5925 7 6060 0 113 13 9085
5925 18 6061 0 118 4 9086
5925 32 6060 0 188 80 9087
5925 30 6063 0 105 42 9088
5925 24 6061 0 123 1 9089
5925 6 6060 0 146 159 9090
5925 6 6062 0 100 167 9091
5925 17 6060 0 29 60 9092
5925 25 6062 0 109 36 9093
5925 23 6062 0 102 36 9094
5925 7 6061 0 95 77 9095
5925 7 6065 0 101 26 9096
5925 3 6061 0 72 131 9097
5925 5 6060 0 55 108 9098
5925 10 6062 0 162 78 9099
5925 6 6061 0 128 40 9100
5925 25 6061 0 194 113 9101
5925 36 6063 0 15 186 9102
5932 68 8918 1 138 36 9103
5940 19 6077 0 185 66 9104
5940 3 6077 0 109 56 9105
5940 18 6076 0 123 1 9106
5940 7 6078 0 113 13 9107
5940 15 6075 0 102 36 9108
5940 6 6075 0 166 118 9109
5940 6 6077 0 161 34 9110
5940 30 6078 0 155 122 9111
5940 7 6075 0 103 22 9112
5940 12 6076 0 108 58 9113
5940 29 6078 0 15 186 9114
5940 4 6076 0 110 114 9115
5940 14 6076 0 52 37 9116
5940 5 6076 0 128 23 9117
5940 5 6077 0 100 167 9118
5940 3 6077 0 127 27 9119
5940 8 6076 0 101 26 9120
5940 27 6076 0 105 42 9121
5940 6 6076 0 122 58 9122
5940 3 6074 0 72 131 9123
5940 5 6077 0 66 134 9124
5946 64 8931 1 78 150 9125
5947 144 8932 1 66 169 9126
5951 61 8938 1 105 42 9127
5955 3 6090 0 110 114 9128
5955 8 6092 0 108 58 9129
5955 7 6091 0 156 90 9130
5955 18 6091 0 194 169 9131
5955 5 6092 0 66 169 9132
5955 14 6093 0 20 47 9133
5955 20 6091 0 99 1 9134
5955 7 6091 0 108 31 9135
5955 42 6091 0 188 80 9136
5955 24 6093 0 102 36 9137
5955 6 6089 0 122 58 9138
5955 11 6090 0 101 26 9139
5955 5 6091 0 127 27 9140
5955 6 6090 0 166 118 9141
5955 38 6089 0 15 186 9142
5955 29 6092 0 198 85 9143
5955 3 6090 0 117 1 9144
5955 25 6093 0 182 79 9145
5955 22 6094 0 118 4 9146
5955 6 6092 0 128 40 9147
5970 9 6107 0 95 77 9148
5970 4 6107 0 127 27 9149
5970 44 6104 0 105 42 9150
5970 9 6108 0 113 13 9151
5970 4 6105 0 109 56 9152
5970 11 6105 0 57 122 9153
5970 8 6105 0 108 31 9154
5970 25 6107 0 13 75 9155
5970 12 6107 0 142 143 9156
5970 18 6107 0 194 169 9157
5970 5 6108 0 141 56 9158
5970 6 6107 0 40 59 9159
5970 15 6105 0 102 36 9160
5970 5 6106 0 122 58 9161
5970 5 6107 0 166 118 9162
5970 26 6107 0 24 183 9163
5970 18 6105 0 37 7 9164
5970 7 6107 0 146 159 9165
5970 29 6107 0 2 3 9166
5970 13 6106 0 10 193 9167
5970 15 6105 0 29 60 9168
5970 6 6107 0 128 55 9169
5970 24 6107 0 123 1 9170
5970 10 6105 0 103 22 9171
5970 12 6105 0 18 115 9172
5970 6 6106 0 108 58 9173
5970 41 6107 0 155 122 9174
5970 5 6106 0 128 23 9175
5985 180 8972 1 113 13 9176
5985 6 6122 0 127 27 9177
5985 6 6121 0 146 159 9178
5985 45 6122 0 7 35 9179
5985 3 6122 0 128 23 9180
5985 6 6119 0 110 114 9181
5985 6 6121 0 128 55 9182
5985 16 6119 0 99 1 9183
5985 7 6122 0 108 58 9184
5985 7 6122 0 108 31 9185
5985 31 6120 0 194 113 9186
5985 4 6120 0 78 150 9187
5985 6 6121 0 117 1 9188
5985 18 6121 0 118 4 9189
5985 5 6119 0 122 58 9190
5985 5 6121 0 141 56 9191
5985 14 6122 0 137 49 9192
5985 25 6120 0 18 115 9193
5985 20 6121 0 109 36 9194
5985 6 6121 0 109 56 9195
5985 18 6121 0 52 37 9196
5985 5 6119 0 161 34 9197
5985 10 6123 0 25 122 9198
5987 58 8973 1 95 77 9199
5992 49 8980 1 133 152 9200
5999 33 8986 1 179 186 9201
6000 16 6138 0 137 49 9202
6000 7 6136 0 103 22 9203
6000 8 6137 0 101 26 9204
6000 21 6138 0 102 36 9205
6000 12 6136 0 108 31 9206
6000 3 6134 0 128 55 9207
6000 10 6135 0 179 186 9208
6000 8 6137 0 94 1 9209
6000 32 6137 0 194 113 9210
6000 25 6135 0 2 3 9211
6000 6 6139 0 100 167 9212
6000 6 6134 0 178 113 9213
6000 39 6135 0 105 42 9214
6000 23 6135 0 109 36 9215
6000 5 6136 0 109 56 9216
6000 25 6138 0 194 169 9217
6015 5 6151 0 127 27 9218
6015 39 6148 0 105 42 9219
6015 24 6150 0 142 143 9220
6015 12 6150 0 113 13 9221
6015 22 6147 0 137 49 9222
6015 6 6151 0 128 55 9223
6015 6 6153 0 101 26 9224
6015 8 6150 0 138 36 9225
6015 15 6150 0 102 36 9226
6015 10 6148 0 57 122 9227
6015 4 6152 0 122 58 9228
6015 5 6150 0 89 137 9229
6015 3 6150 0 166 118 9230
6015 30 6153 0 155 79 9231
6015 6 6150 0 67 20 9232
6015 6 6151 0 108 31 9233
6015 5 6153 0 40 59 9234
6015 19 6150 0 194 169 9235
6015 19 6151 0 63 86 9236
6015 17 6152 0 118 4 9237
6015 9 6151 0 146 159 9238
6015 10 6152 0 173 171 9239
6030 12 6165 0 194 169 9240
6030 27 6168 0 164 40 9241
6030 6 6166 0 57 122 9242
6030 4 6166 0 128 23 9243
6030 33 9016 1 55 108 9244
6030 4 6166 0 127 27 9245
6030 21 6165 0 118 4 9246
6030 10 6166 0 138 36 9247
6030 7 6166 0 173 171 9248
6030 32 6168 0 105 42 9249
6030 30 6166 0 7 35 9250
6030 6 6169 0 110 114 9251
6030 6 6166 0 150 43 9252
6030 6 6165 0 122 58 9253
6030 6 6164 0 117 1 9254
6030 7 6167 0 108 31 9255
6030 12 6165 0 123 1 9256
6030 3 6166 0 109 56 9257
6030 3 6166 0 92 2 9258
6030 12 6166 0 109 36 9259
6030 6 6166 0 108 58 9260
6030 14 6165 0 120 146 9261
6030 23 6166 0 137 49 9262
6030 6 6167 0 72 131 9263
6030 10 6167 0 156 90 9264
6031 34 9016 1 194 169 9265
6039 39 9022 1 103 22 9266
6045 14 6181 0 10 193 9267
6045 12 6183 0 162 78 9268
6045 20 6180 0 142 143 9269
6045 31 6180 0 105 42 9270
6045 21 6181 0 93 51 9271
6045 15 6180 0 182 79 9272
6045 38 6183 0 198 85 9273
6045 5 6181 0 117 1 9274
6045 6 6182 0 128 23 9275
6045 6 6180 0 122 58 9276
6045 37 6179 0 7 35 9277
6045 19 6184 0 109 36 9278
6045 9 6182 0 94 1 9279
6045 3 6180 0 128 55 9280
6045 22 6179 0 194 169 9281
6045 11 6179 0 138 36 9282
6045 4 6182 0 127 27 9283
6045 8 6180 0 101 26 9284
6045 5 6181 0 55 108 9285
6060 3 6196 0 122 58 9286
6060 6 6196 0 108 58 9287
6060 12 6196 0 25 122 9288
6060 24 6197 0 18 115 9289
6060 13 6197 0 63 86 9290
6060 3 6195 0 127 27 9291
6060 7 6196 0 133 152 9292
6060 12 6197 0 108 31 9293
6060 45 6197 0 15 186 9294
6060 3 6195 0 128 55 9295
6060 44 6197 0 188 80 9296
6060 19 6196 0 109 36 9297
6060 15 6196 0 52 37 9298
6060 6 6197 0 57 122 9299
6060 6 6195 0 141 56 9300
6060 5 6195 0 178 113 9301
6060 18 6195 0 123 1 9302
6060 5 6198 0 109 56 9303
6060 13 6197 0 185 66 9304
6060 4 6197 0 78 150 9305
6075 34 6212 0 155 122 9306
6075 11 6210 0 103 22 9307
6075 5 6212 0 128 23 9308
6075 3 6213 0 127 27 9309
6075 29 6209 0 2 3 9310
6075 3 6212 0 178 113 9311
6075 4 6212 0 161 34 9312
6075 4 6210 0 122 58 9313
6075 6 6212 0 78 150 9314
6075 23 6210 0 194 169 9315
6075 6 6214 0 94 1 9316
6075 4 6213 0 40 59 9317
6075 13 6213 0 20 47 9318
6075 23 6210 0 137 49 9319
6075 3 6212 0 66 169 9320
6075 25 6211 0 105 42 9321
6075 12 6212 0 113 13 9322
6075 5 6211 0 146 119 9323
6075 5 6210 0 128 55 9324
6075 12 6211 0 133 152 9325
6075 3 6211 0 141 56 9326
6075 11 6211 0 156 90 9327
6087 31 9073 1 123 1 9328
6090 12 6225 0 25 122 9329
6090 15 6227 0 20 47 9330
6090 5 6225 0 15 4 9331
6090 4 6225 0 92 2 9332
6090 20 6228 0 109 36 9333
6090 5 6223 0 55 108 9334
6090 17 6228 0 123 1 9335
6090 32 6225 0 198 85 9336
6090 3 6225 0 72 131 9337
6090 30 6226 0 7 35 9338
6090 8 6227 0 133 152 9339
6090 3 6226 0 150 43 9340
6090 3 6226 0 161 34 9341
6090 6 6225 0 40 59 9342
6090 7 6226 0 138 36 9343
6090 15 6225 0 37 7 9344
6090 10 6226 0 103 22 9345
6090 25 6226 0 155 79 9346
6090 12 6225 0 101 26 9347
6103 30 9089 1 40 59 9348
6105 5 6242 0 166 118 9349
6105 10 6240 0 103 22 9350
6105 6 6239 0 128 40 9351
6105 16 6242 0 102 36 9352
6105 44 6241 0 164 40 9353
6105 4 6244 0 128 55 9354
6105 9 6240 0 108 31 9355
6105 4 6241 0 110 114 9356
6105 6 6240 0 122 58 9357
6105 22 6241 0 118 4 9358
6105 25 6241 0 99 1 9359
6105 10 6238 0 179 186 9360
6105 6 6241 0 100 167 9361
6105 25 6241 0 120 146 9362
6105 5 6240 0 117 1 9363
6105 3 6241 0 128 23 9364
6120 6 6257 0 161 34 9365
6120 12 6255 0 156 90 9366
6120 6 6257 0 67 20 9367
6120 6 6255 0 138 36 9368
6120 4 6257 0 109 56 9369
6120 25 6256 0 15 186 9370
6120 36 6256 0 188 80 9371
6120 26 6256 0 24 183 9372
6120 21 6257 0 142 143 9373
6120 13 6257 0 109 36 9374
6120 16 6256 0 137 49 9375
6120 4 6255 0 122 58 9376
6120 6 6255 0 15 4 9377
6120 12 6257 0 173 171 9378
6120 5 6255 0 100 167 9379
6120 44 6255 0 198 85 9380
6120 5 6257 0 63 134 9381
6120 6 6255 0 128 55 9382
6120 23 6255 0 102 36 9383
6129 73 9115 1 24 183 9384
6135 6 6271 0 103 1 9385
6135 43 6274 0 105 42 9386
6135 8 6273 0 138 36 9387
6135 3 6272 0 72 131 9388
6135 13 6272 0 29 60 9389
6135 11 6271 0 103 22 9390
6135 7 6271 0 113 13 9391
6135 6 6271 0 78 150 9392
6135 34 6272 0 155 79 9393
6135 10 6270 0 108 58 9394
6135 7 6269 0 101 26 9395
6135 4 6271 0 122 58 9396
6135 4 6269 0 40 105 9397
6150 31 6289 0 164 40 9398
6150 36 6285 0 194 113 9399
6150 21 6288 0 123 1 9400
6150 5 6286 0 128 55 9401
6150 24 6288 0 125 90 9402
6150 5 6285 0 146 119 9403
6150 8 6287 0 148 56 9404
6150 6 6287 0 128 23 9405
6150 3 6285 0 128 40 9406
6150 7 6287 0 95 77 9407
6150 35 6286 0 24 183 9408
6150 43 6285 0 105 42 9409
6150 25 6287 0 155 79 9410
6150 5 6285 0 150 43 9411
6150 8 6284 0 133 152 9412
6150 18 6286 0 20 47 9413
6150 31 6287 0 15 186 9414
6150 22 6286 0 10 193 9415
6150 13 6286 0 137 49 9416
6150 6 6286 0 40 59 9417
6150 21 6286 0 109 36 9418
6150 6 6285 0 166 118 9419
6165 26 6300 0 155 79 9420
6165 6 6299 0 128 40 9421
6165 6 6302 0 113 13 9422
6165 23 6301 0 102 59 9423
6165 20 6300 0 93 51 9424
6165 6 6304 0 122 58 9425
6165 11 6300 0 25 122 9426
6165 35 6300 0 24 183 9427
6165 25 6301 0 109 36 9428
6165 9 6302 0 133 152 9429
6165 9 6303 0 156 90 9430
6165 6 6299 0 108 31 9431
6165 19 6301 0 37 7 9432
6165 8 6303 0 103 1 9433
6165 3 6301 0 109 56 9434
6165 10 6301 0 138 36 9435
6165 5 6301 0 127 27 9436
6165 3 6300 0 72 131 9437
6165 24 6303 0 123 1 9438
6165 6 6299 0 128 55 9439
6165 3 6303 0 161 34 9440
6165 5 6304 0 89 137 9441
6165 9 6301 0 57 122 9442
6165 23 6302 0 118 4 9443
6165 6 6299 0 117 1 9444
6165 24 6300 0 137 49 9445
6165 12 6302 0 67 20 9446
6180 12 6318 0 148 56 9447
6180 9 6317 0 113 13 9448
6180 33 6316 0 188 80 9449
6180 6 6317 0 61 4 9450
6180 11 6315 0 95 77 9451
6180 7 6317 0 108 31 9452
6180 6 6316 0 66 134 9453
6180 14 6314 0 142 143 9454
6180 12 6316 0 103 22 9455
6180 4 6315 0 122 58 9456
6180 12 6317 0 93 51 9457
6180 13 6316 0 123 1 9458
6180 9 6315 0 138 36 9459
6180 17 6314 0 10 193 9460
6180 45 6317 0 155 79 9461
6180 3 6318 0 127 27 9462
6180 22 6316 0 109 36 9463
6180 7 6318 0 173 171 9464
6180 4 6314 0 161 34 9465
6184 68 9171 1 128 23 9466
6195 5 6332 0 146 119 9467
6195 3 6328 0 128 23 9468
6195 12 6331 0 29 60 9469
6195 4 6330 0 61 4 9470
6195 19 6331 0 118 4 9471
6195 6 6332 0 173 171 9472
6195 6 6330 0 92 2 9473
6195 22 6331 0 120 146 9474
6195 13 6330 0 52 37 9475
6195 3 6333 0 72 131 9476
6195 15 6330 0 102 36 9477
6195 9 6331 0 101 26 9478
6195 6 6329 0 103 22 9479
6195 6 6330 0 15 4 9480
6195 25 6329 0 105 42 9481
6195 5 6331 0 128 40 9482
6195 17 6331 0 102 59 9483
6195 11 6331 0 103 1 9484
6195 12 6330 0 138 36 9485
6195 25 6332 0 37 7 9486
6210 4 6346 0 89 137 9487
6210 20 6346 0 13 75 9488
6210 5 6346 0 15 4 9489
6210 14 6348 0 109 36 9490
6210 12 6345 0 99 1 9491
6210 15 6347 0 102 36 9492
6210 12 6346 0 146 159 9493
6210 7 6347 0 95 77 9494
6210 12 6345 0 108 31 9495
6210 7 6345 0 113 13 9496
6210 9 6346 0 156 90 9497
6210 17 6347 0 10 193 9498
6210 21 6345 0 123 1 9499
6210 37 6347 0 155 122 9500
6210 11 6346 0 173 171 9501
6210 6 6346 0 66 134 9502
6210 5 6346 0 117 1 9503
6210 23 6346 0 125 90 9504
6210 12 6347 0 103 22 9505
6210 18 6346 0 120 146 9506
6210 17 6349 0 194 169 9507
6210 4 6344 0 141 56 9508
6210 6 6346 0 122 58 9509
6210 6 6347 0 109 56 9510
6210 4 6347 0 128 23 9511
6210 38 6347 0 2 3 9512
6225 25 6360 0 137 49 9513
6225 3 6362 0 127 27 9514
6225 44 6360 0 72 194 9515
6225 6 6360 0 66 169 9516
6225 10 6361 0 25 122 9517
6225 12 6359 0 179 186 9518
6225 6 6362 0 100 167 9519
6225 14 6360 0 123 1 9520
6225 6 6358 0 178 113 9521
6225 3 6360 0 110 114 9522
6225 5 6360 0 122 58 9523
6225 3 6361 0 141 56 9524
6225 7 6363 0 146 159 9525
6225 12 6361 0 102 36 9526
6225 4 6362 0 109 56 9527
6225 11 6362 0 94 1 9528
6225 28 6359 0 7 35 9529
6225 4 6360 0 150 43 9530
6225 41 6359 0 164 40 9531
6225 16 6361 0 52 37 9532
6225 17 6361 0 125 90 9533
6225 5 6360 0 128 55 9534
6225 9 6359 0 101 26 9535
6227 44 9213 1 57 122 9536
6240 5 6376 0 127 27 9537
6240 5 6375 0 161 34 9538
6240 22 6377 0 125 90 9539
6240 9 6376 0 95 77 9540
6240 4 6378 0 100 167 9541
6240 6 6376 0 122 58 9542
6240 11 6375 0 179 186 9543
6240 10 6376 0 156 90 9544
6240 25 6377 0 123 1 9545
6240 45 6375 0 188 80 9546
6240 7 6375 0 25 122 9547
6240 20 6376 0 99 1 9548
6240 35 6378 0 105 42 9549
6240 8 6380 0 173 171 9550
6240 3 6375 0 128 55 9551
6240 19 6379 0 20 47 9552
6240 11 6375 0 101 26 9553
6240 37 6377 0 2 3 9554
6247 70 9233 1 29 60 9555
6255 4 6392 0 127 27 9556
6255 11 6393 0 148 56 9557
6255 37 6389 0 155 79 9558
6255 5 6390 0 150 43 9559
6255 6 6393 0 40 59 9560
6255 11 6391 0 108 31 9561
6255 17 6390 0 93 51 9562
6255 5 6389 0 92 2 9563
6255 8 6393 0 146 159 9564
6255 16 6391 0 13 75 9565
6255 3 6390 0 128 55 9566
6255 22 6390 0 120 146 9567
6255 6 6393 0 138 36 9568
6255 12 6390 0 94 1 9569
6255 13 6390 0 118 4 9570
6255 23 6391 0 20 47 9571
6255 4 6393 0 78 150 9572
6255 9 6391 0 133 152 9573
6255 8 6391 0 162 78 9574
6255 5 6392 0 109 56 9575
6255 18 6391 0 182 79 9576
6270 4 6405 0 78 150 9577
6270 15 6405 0 18 115 9578
6270 11 6405 0 101 26 9579
6270 8 6406 0 95 77 9580
6270 36 6407 0 188 80 9581
6270 16 6405 0 137 49 9582
6270 6 6406 0 128 55 9583
6270 4 6404 0 66 134 9584
6270 23 6405 0 102 36 9585
6270 9 6407 0 146 159 9586
6270 5 6407 0 127 27 9587
6270 9 6408 0 162 78 9588
6270 34 6405 0 105 42 9589
6270 22 6404 0 102 59 9590
6270 21 6405 0 29 60 9591
6270 6 6405 0 72 131 9592
6270 5 6405 0 109 56 9593
6270 24 6405 0 109 36 9594
6270 5 6406 0 122 58 9595
6270 5 6405 0 100 167 9596
6270 5 6406 0 63 134 9597
6270 5 6404 0 150 43 9598
6270 15 6407 0 142 143 9599
6270 7 6405 0 113 13 9600
6270 6 6407 0 108 31 9601
6270 7 6407 0 138 36 9602
6277 64 9263 1 128 40 9603
6285 17 6420 0 29 60 9604
6285 22 6422 0 52 37 9605
6285 21 6422 0 102 36 9606
6285 18 6421 0 118 4 9607
6285 4 6420 0 127 27 9608
6285 17 6420 0 20 47 9609
6285 38 6420 0 164 40 9610
6285 39 6419 0 72 194 9611
6285 6 6420 0 128 40 9612
6285 43 6420 0 105 42 9613
6285 9 6421 0 103 22 9614
6285 13 6422 0 125 90 9615
6285 9 6422 0 101 26 9616
6285 11 6420 0 138 36 9617
6285 9 6422 0 113 13 9618
6285 17 6421 0 137 49 9619
6285 15 6422 0 63 86 9620
6285 5 6420 0 128 23 9621
6285 5 6424 0 117 1 9622
6285 4 6422 0 89 137 9623
6285 4 6420 0 66 169 9624
6285 25 6422 0 18 115 9625
6285 28 6421 0 155 122 9626
6300 3 6436 0 109 56 9627
6300 9 6439 0 146 159 9628
6300 15 6436 0 99 1 9629
6300 24 6436 0 37 7 9630
6300 12 6436 0 108 31 9631
6300 5 6436 0 40 59 9632
6300 16 6435 0 123 1 9633
6300 13 6434 0 93 51 9634
6300 38 6437 0 105 42 9635
6300 29 6435 0 155 122 9636
6300 5 6436 0 63 134 9637
6300 19 6437 0 10 193 9638
6300 12 6439 0 120 146 9639
6300 4 6434 0 122 58 9640
6300 38 6436 0 24 183 9641
6300 6 6433 0 128 23 9642
6300 30 6436 0 164 40 9643
6315 12 6453 0 179 186 9644
6315 3 6451 0 63 134 9645
6315 25 6450 0 123 1 9646
6315 5 6449 0 92 2 9647
6315 23 6450 0 99 1 9648
6315 9 6451 0 108 31 9649
6315 20 6452 0 125 90 9650
6315 25 6451 0 102 36 9651
6315 17 6452 0 137 49 9652
6315 25 6450 0 7 35 9653
6315 4 6449 0 78 150 9654
6315 6 6451 0 128 23 9655
6315 3 6453 0 66 169 9656
6315 11 6450 0 156 90 9657
6315 3 6451 0 161 34 9658
6315 22 6452 0 52 37 9659
6315 6 6452 0 173 171 9660
6315 20 6451 0 120 146 9661
6315 23 6450 0 102 59 9662
6315 6 6451 0 128 40 9663
6315 11 6452 0 113 13 9664
6315 3 6451 0 109 56 9665
6330 9 6464 0 94 1 9666
6330 19 6467 0 63 86 9667
6330 23 6464 0 99 1 9668
6330 10 6466 0 113 13 9669
6330 12 6466 0 25 122 9670
6330 20 6466 0 102 36 9671
6330 12 6465 0 138 36 9672
6330 4 6465 0 128 55 9673
6330 6 6466 0 95 77 9674
6330 28 6468 0 2 3 9675
6330 21 6466 0 37 7 9676
6330 11 6466 0 103 22 9677
6330 37 6467 0 105 42 9678
6330 25 6467 0 10 193 9679
6330 32 6466 0 155 122 9680
6330 13 6464 0 185 66 9681
6330 17 6467 0 142 143 9682
6330 26 6466 0 194 113 9683
6330 3 6465 0 109 56 9684
6330 14 6468 0 102 59 9685
6339 33 9325 1 66 134 9686
6342 89 9327 1 182 79 9687
6345 11 6481 0 148 56 9688
6345 21 6482 0 18 115 9689
6345 34 6481 0 155 122 9690
6345 5 6481 0 66 169 9691
6345 4 6480 0 128 55 9692
6345 4 6480 0 127 27 9693
6345 6 6480 0 40 105 9694
6345 3 6480 0 117 1 9695
6345 14 6479 0 137 49 9696
6345 12 6478 0 113 13 9697
6345 33 6483 0 72 194 9698
6345 12 6480 0 142 143 9699
6345 17 6482 0 125 90 9700
6345 26 6480 0 105 42 9701
6345 18 6480 0 182 79 9702
6345 5 6481 0 63 134 9703
6345 6 6483 0 146 159 9704
6345 17 6480 0 99 1 9705
6345 12 6480 0 162 78 9706
6345 3 6480 0 166 118 9707
6345 3 6481 0 72 131 9708
6345 34 6483 0 155 79 9709
6345 25 6481 0 29 60 9710
6345 42 6482 0 2 3 9711
6350 162 9336 1 78 150 9712
6360 11 6498 0 156 90 9713
6360 6 6497 0 109 56 9714
6360 29 6496 0 15 186 9715
6360 17 6496 0 118 4 9716
6360 17 6497 0 29 60 9717
6360 3 6498 0 150 43 9718
6360 4 6496 0 55 108 9719
6360 41 6496 0 198 85 9720
6360 5 6497 0 122 58 9721
6360 36 6496 0 105 42 9722
6360 21 6497 0 123 1 9723
6360 16 6497 0 109 36 9724
6360 7 6495 0 138 36 9725
6360 10 6496 0 101 26 9726
6360 41 6495 0 188 80 9727
6360 12 6497 0 108 31 9728
6360 22 6496 0 20 47 9729
6360 10 6496 0 25 122 9730
6360 40 6497 0 155 79 9731
6360 3 6496 0 63 134 9732
6360 6 6496 0 103 1 9733
6360 8 6498 0 94 1 9734
6360 3 6496 0 92 2 9735
6375 5 6512 0 122 58 9736
6375 6 6508 0 127 27 9737
6375 36 6512 0 155 79 9738
6375 26 6512 0 24 183 9739
6375 3 6513 0 109 56 9740
6375 21 6510 0 18 115 9741
6375 5 6512 0 89 137 9742
6375 12 6509 0 146 159 9743
6375 3 6511 0 63 134 9744
6375 6 6509 0 128 55 9745
6375 4 6512 0 61 4 9746
6375 3 6511 0 72 131 9747
6375 11 6513 0 103 1 9748
6375 12 6511 0 93 51 9749
6375 12 6511 0 52 37 9750
6375 5 6512 0 117 1 9751
6375 6 6513 0 146 119 9752
6375 16 6510 0 118 4 9753
6375 3 6511 0 128 40 9754
6375 3 6511 0 15 4 9755
6375 6 6508 0 179 186 9756
6375 12 6512 0 113 13 9757
6375 42 6510 0 72 194 9758
6375 25 6513 0 99 1 9759
6375 11 6511 0 108 31 9760
6375 11 6512 0 67 20 9761
6375 10 6511 0 108 58 9762
6375 21 6511 0 142 143 9763
6375 20 6511 0 29 60 9764
6380 80 9368 1 117 1 9765
6390 3 6526 0 141 56 9766
6390 4 6525 0 72 131 9767
6390 40 6529 0 194 113 9768
6390 20 6527 0 185 66 9769
6390 12 6526 0 118 4 9770
6390 9 6525 0 108 58 9771
6390 23 6528 0 52 37 9772
6390 10 6525 0 67 20 9773
6390 20 6524 0 13 75 9774
6390 45 6525 0 105 42 9775
6390 23 6525 0 137 49 9776
6390 4 6527 0 117 1 9777
6390 6 6524 0 128 40 9778
6390 43 9375 1 146 119 9779
6390 8 6524 0 113 13 9780
6390 5 6529 0 128 55 9781
6390 7 6529 0 138 36 9782
6390 17 6526 0 142 143 9783
6390 8 6527 0 173 171 9784
6390 19 6527 0 102 36 9785
6390 36 6525 0 155 122 9786
6390 25 6525 0 72 194 9787
6390 3 6527 0 127 27 9788
6390 6 6524 0 122 58 9789
6390 3 6527 0 128 23 9790
6390 9 6528 0 156 90 9791
6390 4 6528 0 63 134 9792
6390 5 6527 0 78 150 9793
6396 41 9382 1 102 36 9794
6397 53 9384 1 52 37 9795
6405 16 6542 0 109 36 9796
6405 33 6544 0 105 42 9797
6405 4 6540 0 128 40 9798
6405 6 6541 0 109 56 9799
6405 44 6541 0 155 79 9800
6405 6 6539 0 63 134 9801
6405 10 6540 0 103 1 9802
6405 21 6540 0 93 51 9803
6405 13 6541 0 137 49 9804
6405 25 6541 0 102 59 9805
6405 4 6542 0 127 27 9806
6405 14 6539 0 102 36 9807
6405 5 6543 0 89 137 9808
6405 18 6541 0 123 1 9809
6405 10 6542 0 101 26 9810
6405 28 6543 0 198 85 9811
6405 10 6540 0 103 22 9812
6405 4 6543 0 141 56 9813
6405 4 6538 0 128 55 9814
6405 19 6539 0 118 4 9815
6405 4 6539 0 40 105 9816
6405 6 6540 0 108 31 9817
6405 20 6541 0 52 37 9818
6405 21 6542 0 37 7 9819
6405 8 6543 0 108 58 9820
6414 55 9399 1 13 75 9821
6420 6 6557 0 61 4 9822
6420 20 6555 0 52 37 9823
6420 7 6558 0 138 36 9824
6420 3 6554 0 128 55 9825
6420 6 6554 0 113 13 9826
6420 12 6554 0 146 159 9827
6420 4 6557 0 40 59 9828
6420 12 6557 0 162 78 9829
6420 6 6557 0 127 27 9830
6420 37 6557 0 194 113 9831
6420 7 6555 0 133 152 9832
6420 10 6558 0 101 26 9833
6420 28 6556 0 198 85 9834
6420 3 6557 0 128 23 9835
6420 6 6556 0 66 169 9836
6420 4 6557 0 66 134 9837
6420 20 6557 0 18 115 9838
6420 41 6556 0 7 35 9839
6420 4 6554 0 128 40 9840
6420 10 6556 0 25 122 9841
6420 16 6556 0 194 169 9842
6420 6 6556 0 78 150 9843
6435 7 6572 0 162 78 9844
6435 6 6571 0 166 118 9845
6435 8 6569 0 179 186 9846
6435 5 6572 0 128 55 9847
6435 13 6569 0 10 193 9848
6435 33 6571 0 194 113 9849
6435 45 6572 0 188 80 9850
6435 3 6571 0 92 2 9851
6435 11 6569 0 148 56 9852
6435 3 6573 0 63 134 9853
6435 26 6574 0 72 194 9854
6435 10 6572 0 67 20 9855
6435 37 6572 0 198 85 9856
6435 17 6572 0 118 4 9857
6435 6 6573 0 128 23 9858
6435 17 6572 0 137 49 9859
6435 5 6574 0 109 56 9860
6435 6 6571 0 101 26 9861
6435 14 6571 0 102 36 9862
6435 7 6571 0 103 22 9863
6435 12 6569 0 52 37 9864
6435 4 6572 0 40 59 9865
6435 17 6571 0 93 51 9866
6435 4 6572 0 117 1 9867
6444 45 9430 1 166 118 9868
6450 25 6587 0 137 49 9869
6450 5 6585 0 150 43 9870
6450 18 6585 0 118 4 9871
6450 5 6585 0 122 58 9872
6450 25 6586 0 194 169 9873
6450 6 6589 0 127 27 9874
6450 13 6585 0 109 36 9875
6450 9 6585 0 138 36 9876
6450 19 6585 0 102 36 9877
6450 6 6588 0 66 169 9878
6450 6 6584 0 110 114 9879
6450 6 6587 0 40 105 9880
6450 4 6586 0 117 1 9881
6450 20 6586 0 102 59 9882
6450 11 6585 0 162 78 9883
6450 16 6588 0 123 1 9884
6450 6 6584 0 113 13 9885
6450 3 6586 0 128 55 9886
6465 10 6601 0 179 186 9887
6465 41 6602 0 7 35 9888
6465 3 6604 0 122 58 9889
6465 16 6602 0 137 49 9890
6465 27 6602 0 105 42 9891
6465 8 6601 0 173 171 9892
6465 5 6602 0 40 105 9893
6465 11 6601 0 148 56 9894
6465 3 6601 0 178 113 9895
6465 21 6602 0 52 37 9896
6465 12 6601 0 133 152 9897
6465 4 6601 0 128 40 9898
6465 31 6603 0 15 186 9899
6465 6 6600 0 128 55 9900
6465 6 6602 0 101 26 9901
6465 16 6602 0 185 66 9902
6480 39 6614 0 72 194 9903
6480 24 6616 0 118 4 9904
6480 9 6617 0 108 31 9905
6480 13 6616 0 123 1 9906
6480 9 6617 0 67 20 9907
6480 12 6615 0 101 26 9908
6480 9 6616 0 146 159 9909
6480 37 6617 0 194 113 9910
6480 5 6614 0 78 150 9911
6480 12 6616 0 94 1 9912
6480 7 6615 0 108 58 9913
6480 3 6614 0 146 119 9914
6480 3 6617 0 141 56 9915
6480 17 6616 0 63 86 9916
6480 4 6617 0 166 118 9917
6480 19 6616 0 102 59 9918
6485 195 9470 1 138 36 9919
6495 15 6631 0 123 1 9920
6495 3 6630 0 128 23 9921
6495 3 6630 0 40 105 9922
6495 7 6631 0 101 26 9923
6495 21 6631 0 125 90 9924
6495 33 6630 0 188 80 9925
6495 36 6631 0 7 35 9926
6495 14 6630 0 118 4 9927
6495 5 6629 0 61 4 9928
6495 8 6632 0 113 13 9929
6495 11 6630 0 103 22 9930
6495 22 6630 0 93 51 9931
6495 9 6631 0 162 78 9932
6495 6 6630 0 133 152 9933
6495 28 6630 0 105 42 9934
6495 25 6634 0 185 66 9935
6495 16 6632 0 29 60 9936
6495 3 6631 0 127 27 9937
6495 5 6631 0 109 56 9938
6495 38 6630 0 2 3 9939
6495 6 6630 0 178 113 9940
6495 3 6629 0 78 150 9941
6495 3 6632 0 15 4 9942
6501 62 9486 1 142 143 9943
6510 6 6647 0 72 131 9944
6510 24 6646 0 102 36 9945
6510 6 6647 0 108 31 9946
6510 17 6646 0 109 36 9947
6510 4 6645 0 128 23 9948
6510 8 6647 0 133 152 9949
6510 12 6646 0 63 86 9950
6510 12 6648 0 103 22 9951
6510 6 6648 0 161 34 9952
6510 12 6647 0 103 1 9953
6510 5 6646 0 100 167 9954
6510 5 6646 0 40 59 9955
6510 4 6646 0 127 27 9956
6510 15 6647 0 99 1 9957
6510 33 9498 1 103 1 9958
6510 3 6644 0 166 118 9959
6510 35 6645 0 194 113 9960
6510 7 6646 0 113 13 9961
6510 10 6645 0 162 78 9962
6510 6 6644 0 40 105 9963
6510 22 6649 0 120 146 9964
6510 9 6646 0 95 77 9965
6525 34 6661 0 72 194 9966
6525 21 6661 0 182 79 9967
6525 4 6661 0 66 169 9968
6525 22 6663 0 123 1 9969
6525 18 6662 0 118 4 9970
6525 12 6662 0 25 122 9971
6525 16 6661 0 20 47 9972
6525 18 6661 0 137 49 9973
6525 6 6662 0 141 56 9974
6525 18 6661 0 109 36 9975
6525 3 6661 0 40 105 9976
6525 3 6658 0 63 134 9977
6525 7 6661 0 113 13 9978
6533 72 9518 1 40 105 9979
6536 32 9524 1 109 56 9980
6540 6 6677 0 109 56 9981
6540 10 6675 0 57 122 9982
6540 3 6675 0 100 167 9983
6540 3 6674 0 15 4 9984
6540 14 6678 0 102 36 9985
6540 6 6676 0 146 119 9986
6540 12 6675 0 25 122 9987
6540 21 6676 0 37 7 9988
6540 7 6677 0 146 159 9989
6540 6 6676 0 127 27 9990
6540 11 6677 0 103 1 9991
6540 3 6677 0 55 108 9992
6540 24 6676 0 13 75 9993
6540 4 6674 0 61 4 9994
6540 20 6675 0 63 86 9995
6540 6 6675 0 117 1 9996
6540 3 6674 0 92 2 9997
6540 25 6674 0 7 35 9998
6540 10 6675 0 101 26 9999
6540 12 6677 0 103 22 10000
6540 4 6676 0 128 55 10001
6540 5 6675 0 128 23 10002
6540 6 6677 0 66 134 10003
6540 6 6676 0 128 40 10004
6540 20 6676 0 118 4 10005
6540 40 6677 0 15 186 10006
6555 10 6690 0 103 22 10007
6555 39 6690 0 164 40 10008
6555 12 6693 0 109 36 10009
6555 3 6691 0 66 169 10010
6555 21 6689 0 185 66 10011
6555 37 6692 0 155 79 10012
6555 12 6694 0 138 36 10013
6555 25 6691 0 18 115 10014
6555 25 6690 0 20 47 10015
6555 5 6691 0 78 150 10016
6555 12 6690 0 102 36 10017
6555 6 6689 0 109 56 10018
6555 21 6692 0 118 4 10019
6555 3 6691 0 72 131 10020
6555 4 6690 0 100 167 10021
6555 6 6692 0 92 2 10022
6555 5 6691 0 150 43 10023
6555 6 6689 0 61 4 10024
6555 10 6691 0 101 26 10025
6555 21 6693 0 142 143 10026
6555 28 6690 0 105 42 10027
6555 3 6690 0 15 4 10028
6555 8 6689 0 108 31 10029
6555 29 6691 0 188 80 10030
6555 7 6690 0 156 90 10031
6555 25 6693 0 72 194 10032
6555 25 6692 0 123 1 10033
6570 7 6705 0 179 186 10034
6570 8 6705 0 101 26 10035
6570 3 6707 0 122 58 10036
6570 7 6706 0 57 122 10037
6570 4 6706 0 117 1 10038
6570 6 6707 0 66 169 10039
6570 4 6703 0 127 27 10040
6570 31 6705 0 105 42 10041
6570 4 6707 0 109 56 10042
6570 5 6703 0 92 2 10043
6570 4 6705 0 128 55 10044
6570 20 6705 0 102 36 10045
6570 26 6706 0 24 183 10046
6570 4 6705 0 128 23 10047
6570 18 6709 0 99 1 10048
6570 3 6706 0 100 167 10049
6570 9 6708 0 103 22 10050
6570 24 6707 0 123 1 10051
6570 25 6706 0 10 193 10052
6570 30 6706 0 7 35 10053
6570 8 6706 0 138 36 10054
6570 3 6706 0 66 134 10055
6570 6 6706 0 55 108 10056
6585 4 6721 0 150 43 10057
6585 25 6722 0 63 86 10058
6585 11 6722 0 57 122 10059
6585 45 6720 0 198 85 10060
6585 3 6720 0 55 108 10061
6585 4 6721 0 128 55 10062
6585 6 6721 0 127 27 10063
6585 4 6718 0 122 58 10064
6585 4 6722 0 109 56 10065
6585 6 6721 0 128 40 10066
6585 8 6722 0 95 77 10067
6585 25 6719 0 102 36 10068
6585 5 6719 0 141 56 10069
6585 6 6718 0 66 134 10070
6585 16 6721 0 37 7 10071
6585 10 6719 0 101 26 10072
6585 11 6719 0 138 36 10073
6592 39 9578 1 18 115 10074
6593 73 9580 1 15 4 10075
6599 66 9585 1 10 193 10076
6600 11 6738 0 94 1 10077
6600 39 6734 0 105 42 10078
6600 11 6735 0 95 77 10079
6600 7 6738 0 108 31 10080
6600 24 6734 0 10 193 10081
6600 5 6736 0 66 134 10082
6600 13 6735 0 120 146 10083
6600 7 6738 0 148 56 10084
6600 3 6739 0 128 23 10085
6600 6 6738 0 101 26 10086
6600 3 6737 0 15 4 10087
6600 5 6736 0 128 55 10088
6600 3 6737 0 150 43 10089
6600 22 6738 0 37 7 10090
6600 7 6736 0 108 58 10091
6600 19 6738 0 137 49 10092
6608 80 9596 1 194 113 10093
6609 68 9594 1 102 59 10094
6610 50 9595 1 7 35 10095
6610 66 9594 1 2 3 10096
6612 33 9599 1 155 79 10097
6615 5 6751 0 63 134 10098
6615 6 6752 0 128 23 10099
6615 7 6751 0 108 31 10100
6615 40 6750 0 164 40 10101
6615 5 6751 0 146 119 10102
6615 15 6753 0 37 7 10103
6615 12 6753 0 18 115 10104
6615 3 6750 0 122 58 10105
6615 44 6751 0 194 113 10106
6615 10 6751 0 67 20 10107
6615 28 6750 0 198 85 10108
6615 4 6750 0 92 2 10109
6615 16 6752 0 137 49 10110
6615 8 6751 0 103 1 10111
6615 6 6752 0 173 171 10112
6615 5 6751 0 127 27 10113
6615 14 6752 0 118 4 10114
6615 8 6750 0 156 90 10115
6615 5 6752 0 109 56 10116
6615 38 6750 0 105 42 10117
6615 25 6750 0 102 59 10118
6615 29 6750 0 2 3 10119
6615 3 6752 0 128 40 10120
6615 9 6750 0 94 1 10121
6630 9 6768 0 95 77 10122
6630 5 6766 0 66 134 10123
6630 9 6766 0 94 1 10124
6630 5 6766 0 89 137 10125
6630 12 6767 0 67 20 10126
6630 20 6766 0 137 49 10127
6630 36 6766 0 7 35 10128
6630 21 6767 0 123 1 10129
6630 27 6766 0 24 183 10130
6630 6 6769 0 138 36 10131
6630 17 6766 0 182 79 10132
6630 7 6764 0 103 22 10133
6630 3 6767 0 178 113 10134
6630 3 6767 0 100 167 10135
6630 6 6765 0 150 43 10136
6630 5 6766 0 55 108 10137
6630 12 6765 0 113 13 10138
6630 15 6764 0 120 146 10139
6630 23 6767 0 37 7 10140
6630 31 6766 0 105 42 10141
6630 25 6768 0 102 59 10142
6630 39 6765 0 15 186 10143
6630 14 6767 0 10 193 10144
6630 10 6766 0 108 31 10145
6630 6 6766 0 146 119 10146
6645 4 6784 0 161 34 10147
6645 38 6778 0 72 194 10148
6645 15 6780 0 137 49 10149
6645 44 6782 0 164 40 10150
6645 4 6782 0 127 27 10151
6645 6 6783 0 89 137 10152
6645 11 6781 0 95 77 10153
6645 18 6780 0 10 193 10154
6645 3 6780 0 146 119 10155
6645 38 6779 0 105 42 10156
6645 15 6779 0 52 37 10157
6645 3 6782 0 109 56 10158
6645 6 6783 0 117 1 10159
6645 11 6780 0 103 22 10160
6645 9 6781 0 138 36 10161
6645 12 6780 0 118 4 10162
6645 31 6779 0 7 35 10163
6645 5 6780 0 66 134 10164
6660 3 6795 0 141 56 10165
6660 25 6795 0 63 86 10166
6660 15 6796 0 182 79 10167
6660 6 6796 0 127 27 10168
6660 26 6796 0 24 183 10169
6660 5 6796 0 128 55 10170
6660 9 6797 0 95 77 10171
6660 10 6798 0 101 26 10172
6660 4 6796 0 122 58 10173
6660 41 6797 0 155 122 10174
6660 42 6796 0 155 79 10175
6660 33 6796 0 105 42 10176
6660 5 6797 0 128 40 10177
6660 21 6798 0 102 36 10178
6660 9 6798 0 156 90 10179
6660 7 6795 0 25 122 10180
6660 25 6795 0 72 194 10181
6660 5 6794 0 128 23 10182
6660 40 6795 0 15 186 10183
6660 7 6796 0 108 58 10184
6660 6 6794 0 15 4 10185
6660 4 6795 0 161 34 10186
6660 3 6796 0 89 137 10187
6675 6 6810 0 128 23 10188
6675 6 6813 0 122 58 10189
6675 15 6812 0 20 47 10190
6675 18 6811 0 18 115 10191
6675 39 6810 0 2 3 10192
6675 7 6810 0 146 159 10193
6675 38 6812 0 155 79 10194
6675 6 6811 0 103 22 10195
6675 4 6811 0 100 167 10196
6675 19 6811 0 137 49 10197
6675 32 6811 0 164 40 10198
6675 5 6812 0 110 114 10199
6675 38 6810 0 194 113 10200
6675 6 6810 0 108 31 10201
6675 16 6811 0 109 36 10202
6675 24 6810 0 142 143 10203
6675 9 6811 0 148 56 10204
6675 7 6812 0 108 58 10205
6675 4 6810 0 117 1 10206
6675 11 6808 0 113 13 10207
6675 30 6811 0 188 80 10208
6675 3 6810 0 128 55 10209
6675 12 6809 0 95 77 10210
6675 17 6812 0 118 4 10211
6675 4 6812 0 109 56 10212
6675 19 6811 0 102 36 10213
6690 5 6826 0 161 34 10214
6690 3 6826 0 117 1 10215
6690 6 6825 0 100 167 10216
6690 9 6824 0 148 56 10217
6690 13 6826 0 137 49 10218
6690 20 6825 0 29 60 10219
6690 3 6826 0 40 59 10220
6690 8 6827 0 108 31 10221
6690 6 6826 0 128 40 10222
6690 6 6825 0 128 23 10223
6690 5 6827 0 122 58 10224
6690 12 6826 0 138 36 10225
6690 28 6826 0 24 183 10226
6690 19 6824 0 120 146 10227
6690 4 6829 0 66 134 10228
6690 3 6824 0 141 56 10229
6690 17 6826 0 102 36 10230
6690 5 6825 0 89 137 10231
6690 24 6824 0 109 36 10232
6702 105 9690 1 110 114 10233
6705 3 6840 0 146 119 10234
6705 13 6843 0 125 90 10235
6705 11 6840 0 173 171 10236
6705 42 6840 0 105 42 10237
6705 3 6843 0 40 105 10238
6705 4 6841 0 66 134 10239
6705 25 6841 0 109 36 10240
6705 9 6841 0 108 31 10241
6705 5 6839 0 128 55 10242
6705 25 6841 0 37 7 10243
6705 22 6839 0 13 75 10244
6705 27 6841 0 188 80 10245
6705 18 6842 0 142 143 10246
6705 5 6842 0 100 167 10247
6705 5 6840 0 72 131 10248
6705 7 6840 0 103 1 10249
6705 3 6842 0 109 56 10250
6705 12 6842 0 148 56 10251
6705 10 6842 0 138 36 10252
6705 3 6838 0 178 113 10253
6705 6 6842 0 78 150 10254
6705 6 6840 0 166 118 10255
6705 10 6840 0 101 26 10256
6705 10 6840 0 103 22 10257
6705 3 6840 0 122 58 10258
6705 35 6842 0 24 183 10259
6705 12 6844 0 123 1 10260
6715 80 9699 1 156 90 10261
6720 5 6856 0 61 4 10262
6720 5 6856 0 109 56 10263
6720 3 6854 0 128 40 10264
6720 23 6855 0 185 66 10265
6720 9 6857 0 133 152 10266
6720 13 6858 0 118 4 10267
6720 12 6858 0 95 77 10268
6720 37 6855 0 7 35 10269
6720 8 6858 0 101 26 10270
6720 3 6857 0 128 23 10271
6720 6 6857 0 108 31 10272
6720 12 6855 0 103 1 10273
6720 18 6855 0 123 1 10274
6720 18 6857 0 37 7 10275
6720 4 6856 0 40 59 10276
6720 12 6857 0 179 186 10277
6720 40 6854 0 188 80 10278
6720 5 6855 0 150 43 10279
6720 5 6857 0 100 167 10280
6720 3 6855 0 15 4 10281
6720 26 6856 0 24 183 10282
6720 4 6857 0 141 56 10283
6720 5 6858 0 127 27 10284
6733 72 9718 1 110 114 10285
6735 6 6870 0 128 40 10286
6735 21 6870 0 182 79 10287
6735 5 6872 0 89 137 10288
6735 12 6871 0 125 90 10289
6735 10 6870 0 103 22 10290
6735 6 6871 0 178 113 10291
6735 25 6872 0 194 169 10292
6735 5 6873 0 141 56 10293
6735 3 6870 0 166 118 10294
6735 6 6869 0 127 27 10295
6735 7 6871 0 146 159 10296
6735 38 6873 0 155 122 10297
6735 5 6870 0 100 167 10298
6735 4 6871 0 117 1 10299
6735 34 6872 0 2 3 10300
6735 17 6870 0 13 75 10301
6735 7 6869 0 101 26 10302
6735 18 6871 0 109 36 10303
6735 43 6873 0 105 42 10304
6735 6 6871 0 95 77 10305
6735 24 6871 0 185 66 10306
6735 6 6873 0 63 134 10307
6750 20 6886 0 123 1 10308
6750 9 6884 0 103 22 10309
6750 8 6886 0 173 171 10310
6750 20 6885 0 99 1 10311
6750 20 6886 0 18 115 10312
6750 9 6887 0 146 159 10313
6750 28 6884 0 15 186 10314
6750 4 6887 0 178 113 10315
6750 5 6886 0 128 23 10316
6750 21 6887 0 185 66 10317
6750 43 6888 0 155 122 10318
6750 3 6887 0 127 27 10319
6750 40 6887 0 105 42 10320
6750 8 6885 0 108 31 10321
6750 9 6885 0 162 78 10322
6750 4 6885 0 128 55 10323
6750 13 6884 0 37 7 10324
6750 32 6886 0 188 80 10325
6750 7 6886 0 57 122 10326
6750 8 6884 0 113 13 10327
6750 19 6885 0 93 51 10328
6750 3 6886 0 40 105 10329
6750 4 6887 0 40 59 10330
6750 11 6885 0 138 36 10331
6750 29 6885 0 72 194 10332
6765 20 6901 0 125 90 10333
6765 5 6901 0 110 114 10334
6765 19 6904 0 63 86 10335
6765 45 6901 0 105 42 10336
6765 6 6901 0 122 58 10337
6765 25 6901 0 102 59 10338
6765 23 6902 0 13 75 10339
6765 3 6900 0 66 169 10340
6765 5 6900 0 55 108 10341
6765 7 6902 0 103 22 10342
6765 9 6902 0 113 13 10343
6765 15 6902 0 120 146 10344
6765 25 6902 0 182 79 10345
6765 29 6903 0 155 122 10346
6765 13 6900 0 137 49 10347
6765 9 6902 0 25 122 10348
6765 6 6902 0 78 150 10349
6765 6 6900 0 109 56 10350
6765 40 6899 0 15 186 10351
6765 7 6904 0 173 171 10352
6765 32 6901 0 194 113 10353
6765 4 6901 0 150 43 10354
6765 6 6902 0 138 36 10355
6765 18 6899 0 123 1 10356
6765 28 6904 0 72 194 10357
6765 5 6901 0 128 40 10358
6765 5 6900 0 127 27 10359
6765 3 6901 0 92 2 10360
6780 23 6919 0 63 86 10361
6780 11 6916 0 138 36 10362
6780 6 6916 0 150 43 10363
6780 3 6917 0 141 56 10364
6780 13 6913 0 93 51 10365
6780 8 6914 0 108 31 10366
6780 22 6915 0 123 1 10367
6780 3 6916 0 40 59 10368
6780 18 6914 0 109 36 10369
6780 27 6917 0 105 42 10370
6780 12 6916 0 125 90 10371
6780 4 6914 0 122 58 10372
6780 6 6918 0 128 40 10373
6780 25 6916 0 194 113 10374
6780 6 6917 0 146 119 10375
6780 3 6918 0 178 113 10376
6780 26 6915 0 2 3 10377
6780 32 6917 0 15 186 10378
6780 5 6915 0 92 2 10379
6780 6 6916 0 15 4 10380
6780 16 6916 0 137 49 10381
6794 47 9781 1 185 66 10382
6795 8 6931 0 173 171 10383
6795 6 6934 0 128 23 10384
6795 3 6932 0 89 137 10385
6795 18 6930 0 102 36 10386
6795 21 6932 0 52 37 10387
6795 11 6931 0 94 1 10388
6795 20 6930 0 194 169 10389
6795 9 6929 0 138 36 10390
6795 18 6931 0 118 4 10391
6795 4 6933 0 128 55 10392
6795 5 6931 0 61 4 10393
6795 6 6931 0 63 134 10394
6795 6 6931 0 113 13 10395
6795 24 6932 0 93 51 10396
6795 24 6931 0 182 79 10397
6795 18 6931 0 137 49 10398
6795 10 6930 0 103 22 10399
6795 4 6930 0 146 119 10400
6795 15 6933 0 18 115 10401
6795 10 6929 0 101 26 10402
6795 5 6932 0 122 58 10403
6795 9 6931 0 148 56 10404
6795 5 6933 0 166 118 10405
6798 69 9785 1 161 34 10406
6810 10 6946 0 179 186 10407
6810 7 6947 0 101 26 10408
6810 37 6945 0 164 40 10409
6810 4 6947 0 89 137 10410
6810 7 6945 0 113 13 10411
6810 23 6945 0 102 36 10412
6810 11 6947 0 138 36 10413
6810 6 6947 0 150 43 10414
6810 8 6946 0 94 1 10415
6810 6 6947 0 92 2 10416
6810 6 6947 0 128 40 10417
6810 6 6946 0 178 113 10418
6810 21 6944 0 118 4 10419
6810 6 6945 0 108 58 10420
6810 16 6945 0 137 49 10421
6810 25 6944 0 155 122 10422
6810 25 6948 0 52 37 10423
6810 28 6946 0 72 194 10424
6810 4 6946 0 128 55 10425
6814 31 9800 1 72 131 10426
6817 58 9803 1 141 56 10427
6817 45 9803 1 122 58 10428
6825 24 6962 0 185 66 10429
6825 5 6960 0 128 55 10430
6825 30 6958 0 105 42 10431
6825 5 6963 0 40 59 10432
6825 16 6962 0 20 47 10433
6825 3 6960 0 89 137 10434
6825 8 6960 0 113 13 10435
6825 6 6964 0 78 150 10436
6825 31 6962 0 194 113 10437
6825 30 6962 0 188 80 10438
6825 5 6961 0 128 23 10439
6825 3 6961 0 128 40 10440
6825 6 6963 0 63 134 10441
6825 13 6960 0 118 4 10442
6825 12 6960 0 179 186 10443
6825 8 6962 0 138 36 10444
6825 6 6962 0 117 1 10445
6825 12 6961 0 99 1 10446
6825 8 6962 0 162 78 10447
6825 20 6963 0 182 79 10448
6825 4 6964 0 166 118 10449
6825 3 6959 0 141 56 10450
6825 23 6960 0 93 51 10451
6825 23 6962 0 142 143 10452
6825 3 6961 0 161 34 10453
6840 15 6977 0 93 51 10454
6840 25 6975 0 118 4 10455
6840 16 6974 0 125 90 10456
6840 10 6977 0 101 26 10457
6840 23 6976 0 102 59 10458
6840 3 6975 0 66 169 10459
6840 22 6978 0 37 7 10460
6840 6 6976 0 150 43 10461
6840 5 6978 0 128 23 10462
6840 14 6976 0 123 1 10463
6840 4 6976 0 127 27 10464
6840 8 6976 0 113 13 10465
6840 6 6976 0 89 137 10466
6840 42 6976 0 164 40 10467
6840 4 6978 0 61 4 10468
6855 15 6991 0 29 60 10469
6855 20 6989 0 109 36 10470
6855 4 6992 0 127 27 10471
6855 6 6994 0 156 90 10472
6855 12 6993 0 138 36 10473
6855 5 6992 0 122 58 10474
6855 45 6992 0 155 79 10475
6855 3 6992 0 166 118 10476
6855 10 6989 0 25 122 10477
6855 10 6992 0 162 78 10478
6855 7 6993 0 94 1 10479
6855 20 6991 0 10 193 10480
6855 12 6991 0 142 143 10481
6855 21 6989 0 102 59 10482
6855 12 6991 0 148 56 10483
6855 35 6992 0 24 183 10484
6855 12 6990 0 113 13 10485
6855 3 6994 0 146 119 10486
6855 3 6992 0 40 105 10487
6855 7 6991 0 103 22 10488
6855 23 6989 0 118 4 10489
6870 24 7007 0 109 36 10490
6870 9 7006 0 57 122 10491
6870 3 7008 0 40 105 10492
6870 16 7005 0 123 1 10493
6870 5 7007 0 55 108 10494
6870 6 7005 0 166 118 10495
6870 33 7008 0 188 80 10496
6870 3 7005 0 128 55 10497
6870 3 7006 0 117 1 10498
6870 17 7007 0 142 143 10499
6870 6 7007 0 162 78 10500
6870 21 7006 0 137 49 10501
6870 25 7005 0 24 183 10502
6870 6 7005 0 101 26 10503
6870 11 7006 0 156 90 10504
6870 3 7006 0 66 134 10505
6870 23 7006 0 118 4 10506
6870 3 7006 0 128 40 10507
6870 8 7007 0 146 159 10508
6870 6 7007 0 127 27 10509
6870 4 7008 0 89 137 10510
6885 6 7018 0 63 134 10511
6885 22 7021 0 137 49 10512
6885 5 7022 0 40 59 10513
6885 6 7021 0 150 43 10514
6885 5 7021 0 66 169 10515
6885 9 7022 0 108 31 10516
6885 43 7020 0 188 80 10517
6885 6 7019 0 100 167 10518
6885 21 7022 0 118 4 10519
6885 11 7018 0 138 36 10520
6885 3 7021 0 55 108 10521
6885 6 7021 0 128 23 10522
6885 23 7021 0 99 1 10523
6885 14 7021 0 102 36 10524
6885 5 7022 0 117 1 10525
6885 6 7020 0 40 105 10526
6885 8 7021 0 101 26 10527
6885 23 7021 0 109 36 10528
6885 9 7021 0 103 1 10529
6885 3 7022 0 92 2 10530
6900 12 7035 0 156 90 10531
6900 6 7034 0 109 56 10532
6900 6 7039 0 128 23 10533
6900 6 7033 0 67 20 10534
6900 13 7036 0 118 4 10535
6900 17 7036 0 109 36 10536
6900 23 7036 0 29 60 10537
6900 15 7033 0 137 49 10538
6900 11 7035 0 146 159 10539
6900 5 7037 0 127 27 10540
6900 4 7035 0 128 40 10541
6900 12 7036 0 108 31 10542
6900 29 7037 0 155 79 10543
6900 10 7035 0 103 22 10544
6901 76 9886 1 93 51 10545
6915 6 7050 0 146 159 10546
6915 6 7052 0 122 58 10547
6915 4 7051 0 92 2 10548
6915 5 7050 0 178 113 10549
6915 15 7051 0 142 143 10550
6915 25 7050 0 102 36 10551
6915 9 7051 0 25 122 10552
6915 34 7051 0 105 42 10553
6915 6 7049 0 138 36 10554
6915 4 7053 0 78 150 10555
6915 4 7052 0 128 40 10556
6915 3 7049 0 146 119 10557
6915 17 7051 0 137 49 10558
6915 6 7049 0 109 56 10559
6915 4 7049 0 128 23 10560
6930 8 7065 0 25 122 10561
6930 11 7066 0 101 26 10562
6930 3 7066 0 72 131 10563
6930 12 7067 0 125 90 10564
6930 3 7068 0 128 23 10565
6930 10 7066 0 57 122 10566
6930 10 7065 0 179 186 10567
6930 24 7065 0 123 1 10568
6930 5 7066 0 127 27 10569
6930 9 7065 0 148 56 10570
6930 20 7067 0 102 36 10571
6930 7 7066 0 103 22 10572
6930 6 7067 0 146 119 10573
6930 13 7065 0 137 49 10574
6930 3 7066 0 150 43 10575
6930 36 7065 0 105 42 10576
6930 3 7069 0 66 134 10577
6930 4 7066 0 128 55 10578
6944 183 9930 1 40 59 10579
6945 3 7081 0 161 34 10580
6945 30 7081 0 105 42 10581
6945 10 7080 0 179 186 10582
6945 5 7082 0 66 169 10583
6945 9 7082 0 146 159 10584
6945 4 7081 0 146 119 10585
6945 7 7081 0 113 13 10586
6945 25 7082 0 109 36 10587
6945 5 7080 0 110 114 10588
6945 29 7083 0 155 122 10589
6945 11 7082 0 101 26 10590
6945 5 7080 0 100 167 10591
6945 25 7081 0 63 86 10592
6945 4 7081 0 55 108 10593
6945 12 7079 0 67 20 10594
6945 13 7082 0 20 47 10595
6945 3 7081 0 127 27 10596
6945 9 7080 0 138 36 10597
6945 25 7079 0 93 51 10598
6945 4 7080 0 78 150 10599
6945 18 7080 0 182 79 10600
6945 16 7081 0 102 36 10601
6945 35 7082 0 188 80 10602
6948 70 9935 1 182 79 10603
6954 38 9941 1 198 85 10604
6960 3 7096 0 89 137 10605
6960 43 7098 0 2 3 10606
6960 11 7096 0 67 20 10607
6960 16 7094 0 63 86 10608
6960 25 7095 0 105 42 10609
6960 22 7098 0 52 37 10610
6960 3 7097 0 61 4 10611
6960 12 7095 0 123 1 10612
6960 17 7096 0 137 49 10613
6960 33 7099 0 24 183 10614
6960 21 7097 0 118 4 10615
6960 3 7095 0 128 23 10616
6960 20 7096 0 29 60 10617
6960 10 7096 0 138 36 10618
6960 10 7096 0 156 90 10619
6960 40 7097 0 155 79 10620
6960 3 7098 0 128 40 10621
6960 3 7096 0 109 56 10622
6960 12 7094 0 162 78 10623
6960 3 7095 0 146 119 10624
6960 7 7096 0 108 31 10625
6960 12 7093 0 102 59 10626
6967 62 9954 1 61 4 10627
6975 12 7110 0 108 31 10628
6975 3 7111 0 66 169 10629
6975 10 7110 0 57 122 10630
6975 5 7111 0 128 23 10631
6975 10 7108 0 101 26 10632
6975 16 7112 0 194 169 10633
6975 12 7111 0 109 36 10634
6975 12 7113 0 20 47 10635
6975 4 7109 0 161 34 10636
6975 5 7110 0 40 59 10637
6975 20 7109 0 118 4 10638
6975 6 7111 0 117 1 10639
6975 12 7111 0 146 159 10640
6975 6 7112 0 78 150 10641
6975 10 7110 0 179 186 10642
6975 25 7111 0 102 36 10643
6975 9 7111 0 94 1 10644
6975 26 7112 0 2 3 10645
6975 12 7111 0 113 13 10646
6975 25 7112 0 18 115 10647
6975 4 7111 0 61 4 10648
6975 5 7111 0 63 134 10649
6975 13 7114 0 13 75 10650
6975 41 7111 0 164 40 10651
6975 25 7112 0 123 1 10652
6990 6 7123 0 141 56 10653
6990 13 7127 0 13 75 10654
6990 3 7126 0 109 56 10655
6990 6 7127 0 166 118 10656
6990 12 7123 0 113 13 10657
6990 12 7126 0 142 143 10658
6990 24 7127 0 18 115 10659
6990 25 7127 0 102 59 10660
6990 4 7125 0 78 150 10661
6990 6 7124 0 67 20 10662
6990 3 7125 0 40 105 10663
6990 3 7123 0 128 23 10664
6990 5 7127 0 55 108 10665
6990 28 7125 0 194 113 10666
6990 6 7125 0 72 131 10667
6990 17 7126 0 123 1 10668
6990 16 7123 0 137 49 10669
6990 5 7124 0 146 119 10670
6990 7 7125 0 101 26 10671
6990 24 7126 0 125 90 10672
6991 50 9976 1 109 36 10673
7005 24 7143 0 18 115 10674
7005 4 7140 0 40 105 10675
7005 45 7141 0 164 40 10676
7005 3 7141 0 66 134 10677
7005 35 7142 0 188 80 10678
7005 8 7141 0 94 1 10679
7005 23 7140 0 194 169 10680
7005 24 7142 0 20 47 10681
7005 45 7140 0 194 113 10682
7005 31 7141 0 198 85 10683
7005 11 7141 0 138 36 10684
7005 17 7142 0 120 146 10685
7005 10 7141 0 103 22 10686
7005 11 7142 0 113 13 10687
7005 6 7141 0 78 150 10688
7005 7 7141 0 101 26 10689
7005 6 7142 0 117 1 10690
7005 14 7138 0 118 4 10691
7005 10 7142 0 156 90 10692
7005 4 7140 0 66 169 10693
7005 14 7140 0 137 49 10694
7020 12 7155 0 101 26 10695
7020 14 7157 0 194 169 10696
7020 19 7156 0 99 1 10697
7020 6 7158 0 122 58 10698
7020 37 7157 0 2 3 10699
7020 20 7157 0 20 47 10700
7020 19 7156 0 123 1 10701
7020 27 7157 0 155 79 10702
7020 22 7155 0 102 36 10703
7020 7 7158 0 25 122 10704
7020 9 7154 0 162 78 10705
7020 4 7157 0 117 1 10706
7020 6 7157 0 66 169 10707
7020 44 7156 0 105 42 10708
7020 36 7156 0 194 113 10709
7020 12 7154 0 29 60 10710
7020 5 7156 0 128 40 10711
7020 26 7155 0 15 186 10712
7020 10 7157 0 156 90 10713
7020 11 7156 0 148 56 10714
7035 6 7172 0 101 26 10715
7035 4 7169 0 89 137 10716
7035 42 7173 0 155 122 10717
7035 9 7170 0 108 31 10718
7035 9 7171 0 146 159 10719
7035 3 7172 0 178 113 10720
7035 36 7170 0 105 42 10721
7035 4 7169 0 141 56 10722
7035 25 7171 0 142 143 10723
7035 20 7173 0 93 51 10724
7035 11 7170 0 108 58 10725
7035 11 7171 0 113 13 10726
7035 9 7169 0 138 36 10727
7035 21 7171 0 109 36 10728
7035 3 7171 0 40 105 10729
7035 38 7170 0 7 35 10730
7035 10 7172 0 133 152 10731
7035 6 7171 0 166 118 10732
7035 12 7172 0 123 1 10733
7044 38 10000 1 164 40 10734
7048 55 10000 1 66 169 10735
7048 153 10000 1 109 56 10736
7050 8 7185 0 108 31 10737
7050 26 7185 0 7 35 10738
7050 15 7186 0 125 90 10739
7050 6 7187 0 63 134 10740
7050 6 7187 0 78 150 10741
7050 12 7186 0 57 122 10742
7050 7 7186 0 138 36 10743
7050 32 7186 0 155 79 10744
7050 5 7188 0 141 56 10745
7050 24 7185 0 194 169 10746
7050 6 7187 0 61 4 10747
7050 6 7186 0 117 1 10748
7050 3 7186 0 40 59 10749
7050 12 7188 0 102 59 10750
7050 24 7187 0 137 49 10751
7050 37 7187 0 194 113 10752
7050 5 7186 0 110 114 10753
7050 10 7187 0 103 1 10754
7050 5 7188 0 166 118 10755
7050 3 7186 0 128 40 10756
7050 38 7187 0 2 3 10757
7050 12 7188 0 103 22 10758
7050 25 7187 0 118 4 10759
7050 4 7186 0 128 23 10760
7056 75 10000 1 95 77 10761
7065 15 7202 0 99 1 10762
7065 3 7202 0 109 56 10763
7065 25 7200 0 102 36 10764
7065 6 7201 0 72 131 10765
7065 35 7202 0 198 85 10766
7065 21 7203 0 123 1 10767
7065 11 7203 0 103 1 10768
7065 7 7201 0 95 77 10769
7065 3 7200 0 150 43 10770
7065 24 7201 0 109 36 10771
7065 8 7202 0 179 186 10772
7065 8 7201 0 101 26 10773
7065 6 7201 0 25 122 10774
7065 10 7201 0 146 159 10775
7065 3 7202 0 117 1 10776
7065 10 7203 0 108 31 10777
7065 38 7199 0 7 35 10778
7065 14 7203 0 120 146 10779
7065 28 7201 0 72 194 10780
7065 10 7202 0 138 36 10781
7080 9 7216 0 156 90 10782
7080 23 7217 0 99 1 10783
7080 18 7217 0 109 36 10784
7080 22 7218 0 102 36 10785
7080 7 7217 0 94 1 10786
7080 4 7218 0 109 56 10787
7080 15 7215 0 118 4 10788
7080 6 7214 0 89 137 10789
7080 8 7216 0 101 26 10790
7080 6 7215 0 66 134 10791
7080 19 7216 0 52 37 10792
7080 12 7215 0 138 36 10793
7080 6 7216 0 122 58 10794
7080 3 7215 0 166 118 10795
7080 15 7216 0 37 7 10796
7080 3 7216 0 128 23 10797
7080 4 7218 0 117 1 10798
7080 34 7217 0 198 85 10799
7080 3 7214 0 72 131 10800
7080 20 7216 0 102 59 10801
7080 12 7217 0 108 58 10802
7080 9 7216 0 113 13 10803
7080 3 7216 0 127 27 10804
7095 12 7229 0 142 143 10805
7095 5 7230 0 61 4 10806
7095 5 7232 0 15 4 10807
7095 6 7232 0 55 108 10808
7095 14 7232 0 123 1 10809
7095 10 7232 0 113 13 10810
7095 12 7231 0 179 186 10811
7095 8 7231 0 133 152 10812
7095 6 7232 0 92 2 10813
7095 25 7232 0 24 183 10814
7095 6 7230 0 66 134 10815
7095 3 7229 0 161 34 10816
7095 24 7232 0 109 36 10817
7095 4 7234 0 128 55 10818
7095 5 7233 0 178 113 10819
7095 11 7227 0 101 26 10820
7095 25 7232 0 102 36 10821
7095 12 7228 0 94 1 10822
7095 4 7232 0 127 27 10823
7095 3 7231 0 109 56 10824
7098 129 10000 1 72 194 10825
7110 35 7246 0 7 35 10826
7110 15 7244 0 120 146 10827
7110 42 7245 0 72 194 10828
7110 8 7246 0 103 22 10829
7110 5 7246 0 109 56 10830
7110 9 7243 0 108 31 10831
7110 3 7245 0 117 1 10832
7110 7 7244 0 101 26 10833
7110 7 7243 0 108 58 10834
7110 12 7246 0 194 169 10835
7110 5 7248 0 127 27 10836
7110 21 7247 0 109 36 10837
7110 16 7246 0 118 4 10838
7110 6 7246 0 66 134 10839
7110 5 7244 0 128 23 10840
7110 14 7244 0 125 90 10841
7110 6 7246 0 148 56 10842
7110 12 7246 0 20 47 10843
7110 18 7246 0 63 86 10844
7110 6 7246 0 128 55 10845
7110 10 7248 0 67 20 10846
7110 12 7247 0 113 13 10847
7125 11 7263 0 148 56 10848
7125 12 7261 0 179 186 10849
7125 5 7262 0 128 55 10850
7125 11 7259 0 146 159 10851
7125 22 7262 0 109 36 10852
7125 40 7261 0 155 79 10853
7125 28 7263 0 105 42 10854
7125 6 7260 0 127 27 10855
7125 16 7263 0 102 36 10856
7125 4 7262 0 72 131 10857
7125 3 7262 0 178 113 10858
7125 16 7263 0 118 4 10859
7125 6 7263 0 66 134 10860
7125 42 7260 0 198 85 10861
7125 4 7261 0 128 23 10862
7125 24 7263 0 63 86 10863
7125 33 7261 0 24 183 10864
7125 6 7260 0 122 58 10865
7125 10 7261 0 67 20 10866
7125 7 7260 0 138 36 10867
7125 44 7261 0 7 35 10868
7125 13 7261 0 93 51 10869
7125 6 7260 0 117 1 10870
7125 8 7261 0 25 122 10871
7125 14 7259 0 137 49 10872
7129 59 10000 1 128 55 10873
7137 35 10000 1 148 56 10874
7139 152 10000 1 95 77 10875
7140 5 7275 0 128 55 10876
7140 25 7278 0 18 115 10877
7140 8 7277 0 156 90 10878
7140 41 7273 0 2 3 10879
7140 3 7278 0 128 40 10880
7140 3 7274 0 15 4 10881
7140 18 7276 0 137 49 10882
7140 12 7276 0 101 26 10883
7140 15 7275 0 63 86 10884
7140 6 7277 0 141 56 10885
7140 11 7273 0 103 1 10886
7140 48 10000 1 101 26 10887
7140 18 7276 0 20 47 10888
7140 20 7278 0 182 79 10889
7140 3 7276 0 150 43 10890
7140 8 7276 0 113 13 10891
7140 5 7276 0 117 1 10892
7140 5 7277 0 55 108 10893
7140 12 7273 0 57 122 10894
7140 14 7278 0 102 36 10895
7140 5 7275 0 122 58 10896
7140 11 7274 0 173 171 10897
7140 4 7275 0 128 23 10898
7155 11 7290 0 108 31 10899
7155 45 7290 0 198 85 10900
7155 6 7292 0 40 59 10901
7155 16 7291 0 118 4 10902
7155 4 7289 0 166 118 10903
7155 13 7293 0 109 36 10904
7155 4 7291 0 141 56 10905
7155 3 7292 0 63 134 10906
7155 19 7289 0 123 1 10907
7155 5 7293 0 40 105 10908
7155 3 7289 0 109 56 10909
7155 11 7290 0 103 22 10910
7155 24 7293 0 137 49 10911
7155 5 7292 0 128 23 10912
7155 6 7292 0 122 58 10913
7155 6 7293 0 113 13 10914
7155 11 7291 0 25 122 10915
7155 3 7290 0 117 1 10916
7155 12 7292 0 156 90 10917
7155 4 7292 0 72 131 10918
7167 45 10000 1 125 90 10919
7170 13 7307 0 102 36 10920
7170 6 7306 0 55 108 10921
7170 26 7304 0 24 183 10922
7170 6 7306 0 61 4 10923
7170 29 7305 0 155 79 10924
7170 25 7304 0 118 4 10925
7170 5 7305 0 78 150 10926
7170 3 7306 0 117 1 10927
7170 6 7308 0 122 58 10928
7170 25 7305 0 123 1 10929
7170 9 7304 0 108 58 10930
7170 10 7307 0 179 186 10931
7170 6 7305 0 92 2 10932
7170 9 7307 0 103 22 10933
7170 5 7306 0 178 113 10934
7170 23 7307 0 194 169 10935
7170 14 7305 0 137 49 10936
7170 23 7307 0 93 51 10937
7170 20 7305 0 18 115 10938
7170 9 7306 0 138 36 10939
7170 4 7306 0 128 40 10940
7170 7 7304 0 108 31 10941
7170 44 7306 0 105 42 10942
7170 3 7304 0 128 23 10943
7170 9 7304 0 25 122 10944
7178 34 10000 1 94 1 10945
7184 31 10000 1 24 183 10946
7185 6 7322 0 89 137 10947
7185 8 7321 0 103 22 10948
7185 22 7322 0 137 49 10949
7185 39 7321 0 7 35 10950
7185 6 7322 0 110 114 10951
7185 4 7321 0 117 1 10952
7185 6 7323 0 15 4 10953
7185 18 7321 0 194 169 10954
7185 7 7322 0 113 13 10955
7185 23 7320 0 142 143 10956
7185 34 7321 0 188 80 10957
7185 5 7318 0 100 167 10958
7185 31 7322 0 198 85 10959
7185 5 7322 0 128 40 10960
7185 4 7320 0 40 59 10961
7185 6 7321 0 133 152 10962
7185 34 7321 0 105 42 10963
7185 19 7321 0 102 59 10964
7186 37 10000 1 179 186 10965
7191 36 10000 1 63 86 10966
7200 6 7337 0 110 114 10967
7200 30 7336 0 2 3 10968
7200 6 7336 0 55 108 10969
7200 4 7338 0 128 23 10970
7200 5 7336 0 161 34 10971
7200 16 7336 0 137 49 10972
7200 23 7334 0 13 75 10973
7200 4 7337 0 109 56 10974
7200 10 7337 0 146 159 10975
7200 5 7334 0 141 56 10976
7200 18 7336 0 123 1 10977
7200 39 7337 0 188 80 10978
7200 5 7338 0 128 55 10979
7200 6 7338 0 127 27 10980
7200 41 7337 0 164 40 10981
7200 4 7337 0 100 167 10982
7200 19 7334 0 118 4 10983
7215 39 7349 0 155 122 10984
7215 5 7350 0 146 119 10985
7215 12 7351 0 108 31 10986
7215 36 7352 0 164 40 10987
7215 6 7351 0 63 134 10988
7215 17 7353 0 137 49 10989
7215 13 7351 0 20 47 10990
7215 12 7352 0 156 90 10991
7215 17 7350 0 109 36 10992
7215 3 7353 0 128 40 10993
7215 24 7352 0 10 193 10994
7215 36 7351 0 105 42 10995
7215 30 7353 0 188 80 10996
7215 28 7351 0 15 186 10997
7215 4 7349 0 109 56 10998
7215 25 7351 0 118 4 10999
7215 4 7350 0 166 118 11000
7215 3 7351 0 15 4 11001
7215 9 7352 0 103 22 11002
7215 6 7352 0 128 55 11003
7215 19 7351 0 102 36 11004
7215 38 7348 0 194 113 11005
7215 13 7350 0 102 59 11006
7215 6 7351 0 162 78 11007
7215 5 7352 0 78 150 11008
7215 17 7349 0 142 143 11009
7230 18 7366 0 102 36 11010
7230 3 7367 0 78 150 11011
7230 12 7366 0 156 90 11012
7230 3 7366 0 128 23 11013
7230 23 7365 0 120 146 11014
7230 4 7367 0 109 56 11015
7230 3 7363 0 92 2 11016
7230 4 7364 0 122 58 11017
7230 10 7369 0 108 31 11018
7230 9 7364 0 113 13 11019
7230 12 7365 0 118 4 11020
7230 20 7363 0 182 79 11021
7230 3 7365 0 117 1 11022
7230 36 7367 0 155 122 11023
7230 27 7365 0 7 35 11024
7230 3 7364 0 63 134 11025
7230 5 7367 0 128 55 11026
7234 63 10000 1 57 122 11027
7245 4 7381 0 66 134 11028
7245 7 7378 0 67 20 11029
7245 6 7381 0 127 27 11030
7245 6 7380 0 141 56 11031
7245 4 7381 0 122 58 11032
7245 5 7379 0 66 169 11033
7245 24 7382 0 137 49 11034
7245 19 7379 0 118 4 11035
7245 4 7380 0 128 40 11036
7245 8 7380 0 138 36 11037
7245 4 7379 0 128 55 11038
7245 16 7381 0 123 1 11039
7245 28 7383 0 198 85 11040
7245 12 7381 0 108 31 11041
7245 16 7381 0 102 36 11042
7245 28 7381 0 188 80 11043
7245 41 7379 0 105 42 11044
7245 5 7379 0 117 1 11045
7252 39 10000 1 173 171 11046
7260 18 7393 0 125 90 11047
7260 3 7397 0 63 134 11048
7260 41 7396 0 7 35 11049
7260 5 7398 0 109 56 11050
7260 3 7396 0 61 4 11051
7260 41 7395 0 155 79 11052
7260 10 7395 0 138 36 11053
7260 3 7394 0 66 134 11054
7260 5 7397 0 150 43 11055
7260 37 7399 0 194 113 11056
7260 7 7397 0 101 26 11057
7260 9 7395 0 133 152 11058
7260 4 7396 0 128 55 11059
7260 5 7396 0 40 59 11060
7260 5 7398 0 92 2 11061
7260 4 7396 0 146 119 11062
7260 4 7396 0 128 23 11063
7260 24 7397 0 102 36 11064
7262 67 10000 1 103 22 11065
7275 13 7411 0 13 75 11066
7275 9 7411 0 138 36 11067
7275 6 7411 0 55 108 11068
7275 5 7410 0 166 118 11069
7275 23 7412 0 137 49 11070
7275 4 7410 0 61 4 11071
7275 6 7410 0 109 56 11072
7275 25 7410 0 15 186 11073
7275 11 7410 0 67 20 11074
7275 24 7412 0 125 90 11075
7275 3 7412 0 141 56 11076
7275 8 7410 0 113 13 11077
7275 44 7412 0 7 35 11078
7275 6 7411 0 101 26 11079
7275 3 7410 0 63 134 11080
7275 11 7412 0 103 22 11081
7275 40 7410 0 105 42 11082
7275 3 7409 0 128 40 11083
7290 8 7428 0 148 56 11084
7290 10 7427 0 101 26 11085
7290 3 7427 0 78 150 11086
7290 12 7423 0 109 36 11087
7290 21 7425 0 194 169 11088
7290 12 7424 0 137 49 11089
7290 5 7429 0 128 23 11090
7290 37 7428 0 15 186 11091
7290 4 7426 0 141 56 11092
7290 6 7425 0 179 186 11093
7290 12 7426 0 108 58 11094
7290 5 7428 0 117 1 11095
7290 23 7428 0 20 47 11096
7290 39 7424 0 105 42 11097
7293 33 10000 1 92 2 11098
7305 23 7441 0 52 37 11099
7305 37 7441 0 2 3 11100
7305 9 7438 0 148 56 11101
7305 20 7442 0 118 4 11102
7305 5 7441 0 128 40 11103
7305 4 7440 0 40 105 11104
7305 14 7440 0 109 36 11105
7305 20 7444 0 102 59 11106
7305 11 7442 0 138 36 11107
7305 5 7442 0 40 59 11108
7305 3 7441 0 127 27 11109
7305 3 7441 0 117 1 11110
7305 16 7439 0 185 66 11111
7305 24 7440 0 123 1 11112
7305 21 7441 0 120 146 11113
7305 11 7442 0 103 22 11114
7305 10 7441 0 156 90 11115
7313 56 10000 1 146 159 11116
7320 6 7460 0 101 26 11117
7320 5 7456 0 66 134 11118
7320 8 7456 0 95 77 11119
7320 15 7456 0 118 4 11120
7320 39 7457 0 15 186 11121
7320 6 7456 0 122 58 11122
7320 13 7457 0 125 90 11123
7320 13 7454 0 109 36 11124
7320 6 7456 0 138 36 11125
7320 5 7455 0 109 56 11126
7320 39 7459 0 105 42 11127
7320 5 7455 0 110 114 11128
7320 7 7454 0 173 171 11129
7320 6 7455 0 156 90 11130
7320 23 7455 0 102 36 11131
7320 12 7455 0 179 186 11132
7320 9 7456 0 108 31 11133
7320 12 7454 0 162 78 11134
7320 40 7458 0 155 79 11135
7320 8 7455 0 94 1 11136
7320 6 7457 0 55 108 11137
7320 35 7456 0 164 40 11138
7320 10 7456 0 113 13 11139
7335 4 7472 0 150 43 11140
7335 5 7472 0 128 40 11141
7335 7 7472 0 162 78 11142
7335 12 7471 0 102 36 11143
7335 32 7472 0 164 40 11144
7335 17 7471 0 109 36 11145
7335 11 7471 0 103 1 11146
7335 6 7470 0 63 134 11147
7335 6 7472 0 78 150 11148
7335 6 7471 0 57 122 11149
7335 26 7470 0 72 194 11150
7335 20 7471 0 99 1 11151
7335 3 7470 0 61 4 11152
7335 5 7470 0 109 56 11153
7335 16 7471 0 137 49 11154
7335 6 7472 0 122 58 11155
7335 6 7472 0 66 169 11156
7335 4 7470 0 128 23 11157
7335 7 7470 0 133 152 11158
7335 27 7472 0 198 85 11159
7335 15 7470 0 102 59 11160
7335 21 7471 0 52 37 11161
7335 6 7471 0 108 31 11162
7335 6 7473 0 127 27 11163
7335 23 7471 0 18 115 11164
7335 5 7470 0 100 167 11165
7350 4 7485 0 141 56 11166
7350 8 7484 0 103 1 11167
7350 17 7486 0 99 1 11168
7350 35 7486 0 105 42 11169
7350 5 7489 0 72 131 11170
7350 4 7487 0 128 23 11171
7350 4 7488 0 117 1 11172
7350 3 7487 0 122 58 11173
7350 21 7485 0 137 49 11174
7350 39 7487 0 164 40 11175
7350 6 7486 0 127 27 11176
7350 5 7485 0 150 43 11177
7350 9 7485 0 148 56 11178
7350 24 7488 0 13 75 11179
7350 8 7485 0 94 1 11180
7350 32 7486 0 198 85 11181
7350 36 7487 0 194 113 11182
7350 4 7487 0 78 150 11183
7350 41 7484 0 7 35 11184
7350 16 7485 0 123 1 11185
7350 5 7485 0 178 113 11186
7365 39 7503 0 24 183 11187
7365 8 7500 0 101 26 11188
7365 18 7499 0 63 86 11189
7365 9 7502 0 108 31 11190
7365 6 7503 0 92 2 11191
7365 5 7503 0 161 34 11192
7365 4 7503 0 128 55 11193
7365 4 7502 0 128 23 11194
7365 4 7500 0 122 58 11195
7365 6 7501 0 166 118 11196
7365 8 7503 0 138 36 11197
7365 5 7504 0 40 105 11198
7365 17 7501 0 123 1 11199
7365 5 7502 0 66 169 11200
7365 24 7500 0 194 169 11201
7365 12 7498 0 108 58 11202
7365 5 7500 0 109 56 11203
7365 5 7500 0 150 43 11204
7365 11 7501 0 162 78 11205
7365 7 7500 0 113 13 11206
7365 8 7501 0 103 22 11207
7365 5 7504 0 55 108 11208
7365 39 7501 0 7 35 11209
7365 5 7502 0 15 4 11210
7372 150 10000 1 142 143 11211
7375 69 10000 1 108 31 11212
7380 34 7517 0 164 40 11213
7380 5 7518 0 92 2 11214
7380 13 7516 0 20 47 11215
7380 19 7515 0 137 49 11216
7380 5 7515 0 109 56 11217
7380 9 7516 0 148 56 11218
7380 5 7516 0 122 58 11219
7380 12 7516 0 146 159 11220
7380 42 7516 0 188 80 11221
7380 15 7516 0 63 86 11222
7380 3 7516 0 127 27 11223
7380 5 7517 0 128 23 11224
7380 20 7514 0 109 36 11225
7380 11 7515 0 113 13 11226
7380 4 7514 0 117 1 11227
7380 25 7516 0 13 75 11228
7380 24 7515 0 102 36 11229
7380 4 7517 0 128 55 11230
7391 188 10000 1 105 42 11231
7395 17 7532 0 18 115 11232
7395 11 7531 0 156 90 11233
7395 5 7532 0 127 27 11234
7395 5 7531 0 15 4 11235
7395 5 7531 0 178 113 11236
7395 7 7530 0 138 36 11237
7395 17 7530 0 63 86 11238
7395 5 7530 0 128 55 11239
7395 24 7532 0 118 4 11240
7395 31 7532 0 7 35 11241
7395 3 7533 0 61 4 11242
7395 12 7529 0 108 31 11243
7395 5 7530 0 40 59 11244
7395 37 7533 0 2 3 11245
7395 3 7531 0 63 134 11246
7395 4 7532 0 128 23 11247
7395 15 7531 0 137 49 11248
7395 3 7531 0 110 114 11249
7395 10 7531 0 103 1 11250
7395 11 7530 0 173 171 11251
7395 41 7532 0 24 183 11252
7395 5 7531 0 40 105 11253
7410 35 7547 0 2 3 11254
7410 6 7547 0 61 4 11255
7410 7 7547 0 108 58 11256
7410 6 7546 0 103 22 11257
7410 13 7549 0 37 7 11258
7410 18 7547 0 29 60 11259
7410 10 7548 0 138 36 11260
7410 8 7545 0 179 186 11261
7410 24 7546 0 102 36 11262
7410 6 7545 0 113 13 11263
7410 20 7546 0 123 1 11264
7410 7 7546 0 101 26 11265
7410 31 7546 0 198 85 11266
7410 5 7548 0 128 55 11267
7410 8 7546 0 133 152 11268
7410 43 7545 0 15 186 11269
7410 6 7545 0 100 167 11270
7410 4 7544 0 55 108 11271
7410 9 7546 0 57 122 11272
7410 6 7547 0 15 4 11273
7410 3 7546 0 128 23 11274
7413 108 10000 1 164 40 11275
7425 5 7561 0 66 169 11276
7425 6 7563 0 127 27 11277
7425 5 7561 0 122 58 11278
7425 10 7562 0 101 26 11279
7425 24 7560 0 125 90 11280
7425 5 7560 0 100 167 11281
7425 43 7564 0 7 35 11282
7425 4 7559 0 55 108 11283
7425 29 7560 0 194 113 11284
7425 6 7561 0 128 40 11285
7425 7 7562 0 173 171 11286
7425 5 7562 0 117 1 11287
7425 44 7560 0 15 186 11288
7425 22 7560 0 123 1 11289
7425 8 7561 0 179 186 11290
7425 12 7560 0 95 77 11291
7425 12 7560 0 137 49 11292
7425 4 7561 0 40 105 11293
7425 4 7560 0 110 114 11294
7425 21 7562 0 109 36 11295
7426 74 10000 1 15 186 11296
7430 79 10000 1 118 4 11297
7439 95 10000 1 128 23 11298
7440 3 7576 0 40 59 11299
7440 7 7577 0 156 90 11300
7440 11 7575 0 179 186 11301
7440 12 7576 0 148 56 11302
7440 8 7576 0 173 171 11303
7440 18 7576 0 182 79 11304
7440 10 7576 0 133 152 11305
7440 6 7577 0 95 77 11306
7440 13 7577 0 137 49 11307
7440 3 7577 0 127 27 11308
7440 3 7574 0 166 118 11309
7440 3 7575 0 66 134 11310
7440 5 7577 0 128 40 11311
7440 5 7576 0 128 23 11312
7440 7 7577 0 108 31 11313
7440 45 7577 0 198 85 11314
7440 16 7576 0 93 51 11315
7440 8 7575 0 25 122 11316
7455 11 7590 0 57 122 11317
7455 25 7591 0 109 36 11318
7455 10 7592 0 108 58 11319
7455 10 7590 0 94 1 11320
7455 5 7592 0 66 134 11321
7455 6 7591 0 146 119 11322
7455 6 7591 0 138 36 11323
7455 24 7589 0 20 47 11324
7455 7 7589 0 156 90 11325
7455 6 7590 0 40 105 11326
7455 44 7592 0 164 40 11327
7455 11 7590 0 173 171 11328
7455 20 7590 0 102 36 11329
7455 32 7590 0 198 85 11330
7455 7 7590 0 162 78 11331
7455 22 7592 0 99 1 11332
7455 8 7591 0 113 13 11333
7455 6 7589 0 122 58 11334
7455 6 7592 0 128 55 11335
7455 5 7589 0 100 167 11336
7455 43 7590 0 194 113 11337
7470 5 7605 0 100 167 11338
7470 13 7607 0 37 7 11339
7470 25 7605 0 18 115 11340
7470 6 7606 0 127 27 11341
7470 5 7607 0 150 43 11342
7470 25 7608 0 194 113 11343
7470 8 7605 0 103 1 11344
7470 42 7607 0 72 194 11345
7470 8 7608 0 173 171 11346
7470 12 7607 0 162 78 11347
7470 5 7606 0 109 56 11348
7470 6 7604 0 40 59 11349
7470 6 7606 0 128 40 11350
7470 17 7606 0 185 66 11351
7470 19 7606 0 118 4 11352
7470 5 7607 0 66 169 11353
7470 6 7607 0 128 55 11354
7470 12 7606 0 101 26 11355
7470 13 7606 0 123 1 11356
7470 5 7605 0 122 58 11357
7470 14 7606 0 102 36 11358
7470 34 7606 0 2 3 11359
7470 8 7605 0 67 20 11360
7470 4 7607 0 92 2 11361
7470 44 7606 0 105 42 11362
7470 12 7608 0 182 79 11363
7470 23 7607 0 93 51 11364
7483 125 10000 1 94 1 11365
7485 13 7621 0 102 59 11366
7485 4 7621 0 128 23 11367
7485 17 7621 0 20 47 11368
7485 3 7621 0 89 137 11369
7485 6 7621 0 108 31 11370
7485 10 7621 0 162 78 11371
7485 35 7622 0 72 194 11372
7485 10 7621 0 101 26 11373
7485 8 7620 0 138 36 11374
7485 39 7623 0 105 42 11375
7485 5 7621 0 128 55 11376
7485 25 7621 0 125 90 11377
7485 4 7621 0 128 40 11378
7485 34 7619 0 198 85 11379
7485 43 7623 0 24 183 11380
7485 22 7621 0 118 4 11381
7485 24 7623 0 123 1 11382
7485 8 7621 0 179 186 11383
7485 21 7622 0 194 169 11384
7485 3 7623 0 117 1 11385
7485 6 7624 0 15 4 11386
7485 6 7619 0 127 27 11387
7485 16 7622 0 102 36 11388
7485 16 7619 0 13 75 11389
7487 43 10000 1 29 60 11390
7496 54 10000 1 89 137 11391
7500 4 7635 0 66 134 11392
7500 15 7635 0 10 193 11393
7500 3 7634 0 110 114 11394
7500 33 7633 0 188 80 11395
7500 3 7637 0 100 167 11396
7500 24 7634 0 137 49 11397
7500 9 7635 0 103 22 11398
7500 7 7636 0 108 31 11399
7500 28 7636 0 72 194 11400
7500 4 7635 0 40 59 11401
7500 3 7636 0 128 40 11402
7500 14 7636 0 13 75 11403
7500 30 7636 0 155 79 11404
7500 6 7635 0 128 23 11405
7500 6 7636 0 78 150 11406
7500 14 7635 0 118 4 11407
7500 4 7635 0 72 131 11408
7500 5 7635 0 40 105 11409
7500 6 7636 0 101 26 11410
7500 4 7637 0 141 56 11411
7500 23 7637 0 182 79 11412
7500 25 7637 0 29 60 11413
7500 34 7636 0 105 42 11414
7507 41 10000 1 194 169 11415
7512 78 10000 1 127 27 11416
7515 40 7652 0 188 80 11417
7515 18 7651 0 137 49 11418
7515 13 7652 0 63 86 11419
7515 3 7652 0 128 55 11420
7515 8 7651 0 133 152 11421
7515 18 7650 0 29 60 11422
7515 29 7651 0 155 79 11423
7515 14 7651 0 102 59 11424
7515 39 7650 0 7 35 11425
7515 18 7650 0 37 7 11426
7515 8 7653 0 156 90 11427
7515 20 7650 0 102 36 11428
7515 3 7653 0 128 23 11429
7515 6 7651 0 63 134 11430
7515 11 7654 0 148 56 11431
7515 6 7650 0 109 56 11432
7515 6 7648 0 40 105 11433
7515 16 7650 0 18 115 11434
7515 9 7652 0 162 78 11435
7515 25 7651 0 155 122 11436
7515 8 7650 0 103 22 11437
7515 5 7652 0 66 169 11438
7530 10 7665 0 162 78 11439
7530 11 7667 0 95 77 11440
7530 5 7666 0 146 119 11441
7530 14 7665 0 29 60 11442
7530 7 7666 0 138 36 11443
7530 14 7666 0 99 1 11444
7530 5 7667 0 109 56 11445
7530 19 7664 0 13 75 11446
7530 7 7668 0 146 159 11447
7530 6 7666 0 103 22 11448
7530 30 7666 0 2 3 11449
7530 4 7667 0 128 55 11450
7530 5 7665 0 128 23 11451
7530 41 7666 0 15 186 11452
7530 6 7665 0 179 186 11453
7530 8 7666 0 101 26 11454
7530 4 7665 0 166 118 11455
7530 14 7666 0 120 146 11456
7530 6 7665 0 161 34 11457
7530 12 7663 0 67 20 11458
7530 7 7666 0 156 90 11459
7545 8 7682 0 138 36 11460
7545 9 7680 0 113 13 11461
7545 17 7681 0 123 1 11462
7545 5 7681 0 78 150 11463
7545 10 7680 0 162 78 11464
7545 4 7679 0 150 43 11465
7545 15 7683 0 109 36 11466
7545 11 7680 0 95 77 11467
7545 12 7680 0 125 90 11468
7545 37 7677 0 188 80 11469
7545 33 7680 0 7 35 11470
7545 16 7681 0 20 47 11471
7545 6 7680 0 146 119 11472
7545 37 7681 0 2 3 11473
7545 4 7680 0 122 58 11474
7545 41 7680 0 164 40 11475
7545 22 7681 0 102 36 11476
7545 12 7682 0 108 31 11477
7552 132 10000 1 120 146 11478
7560 6 7696 0 92 2 11479
7560 14 7698 0 123 1 11480
7560 6 7695 0 89 137 11481
7560 4 7697 0 128 40 11482
7560 11 7695 0 57 122 11483
7560 36 7696 0 164 40 11484
7560 23 7697 0 13 75 11485
7560 6 7694 0 95 77 11486
7560 26 7697 0 7 35 11487
7560 28 7695 0 188 80 11488
7560 3 7695 0 161 34 11489
7560 6 7696 0 40 105 11490
7560 12 7696 0 179 186 11491
7560 21 7698 0 63 86 11492
7560 16 7699 0 109 36 11493
7560 10 7694 0 94 1 11494
7560 5 7696 0 66 169 11495
7560 25 7695 0 102 36 11496
7560 6 7699 0 122 58 11497
7560 44 7696 0 155 122 11498
7560 13 7696 0 118 4 11499
7560 5 7694 0 128 23 11500
7560 11 7693 0 108 58 11501
7560 10 7694 0 138 36 11502
7560 16 7700 0 20 47 11503
7560 6 7695 0 127 27 11504
7575 13 7713 0 118 4 11505
7575 8 7711 0 179 186 11506
7575 25 7712 0 2 3 11507
7575 14 7710 0 52 37 11508
7575 15 7712 0 182 79 11509
7575 16 7712 0 137 49 11510
7575 9 7711 0 101 26 11511
7575 35 7713 0 15 186 11512
7575 3 7711 0 128 40 11513
7575 9 7710 0 138 36 11514
7575 4 7711 0 161 34 11515
7575 8 7710 0 103 22 11516
7575 18 7712 0 20 47 11517
7575 21 7711 0 123 1 11518
7575 6 7711 0 89 137 11519
7575 8 7714 0 162 78 11520
7575 37 7713 0 164 40 11521
7575 42 7708 0 188 80 11522
7575 12 7711 0 148 56 11523
7575 13 7709 0 29 60 11524
7575 6 7709 0 178 113 11525
7575 5 7710 0 63 134 11526
7575 9 7711 0 113 13 11527
7575 5 7712 0 109 56 11528
7575 7 7710 0 95 77 11529
7590 8 7726 0 156 90 11530
7590 5 7726 0 178 113 11531
7590 17 7725 0 102 36 11532
7590 5 7727 0 128 40 11533
7590 4 7723 0 92 2 11534
7590 6 7726 0 122 58 11535
7590 9 7725 0 103 22 11536
7590 14 7730 0 10 193 11537
7590 6 7725 0 110 114 11538
7590 45 7726 0 72 194 11539
7590 29 7728 0 188 80 11540
7590 24 7725 0 125 90 11541
7590 12 7727 0 63 86 11542
7590 3 7724 0 128 55 11543
7590 8 7726 0 57 122 11544
7590 6 7725 0 89 137 11545
7590 45 7728 0 164 40 11546
7590 20 7726 0 123 1 11547
7590 12 7725 0 113 13 11548
7590 12 7727 0 146 159 11549
7590 22 7726 0 120 146 11550
7590 39 7727 0 7 35 11551
7590 8 7728 0 25 122 11552
7590 8 7723 0 94 1 11553
7590 6 7727 0 117 1 11554
7590 23 7728 0 137 49 11555
7590 5 7725 0 128 23 11556
7605 3 7742 0 128 55 11557
7605 6 7740 0 89 137 11558
7605 17 7739 0 109 36 11559
7605 6 7741 0 173 171 11560
7605 6 7743 0 117 1 11561
7605 35 7743 0 188 80 11562
7605 37 7740 0 105 42 11563
7605 15 7742 0 93 51 11564
7605 16 7742 0 63 86 11565
7605 12 7742 0 108 31 11566
7605 3 7742 0 109 56 11567
7605 35 7740 0 198 85 11568
7605 21 7743 0 37 7 11569
7605 6 7744 0 122 58 11570
7605 7 7743 0 67 20 11571
7605 21 7742 0 182 79 11572
7608 70 10000 1 99 1 11573
7620 31 7757 0 164 40 11574
7620 5 7755 0 122 58 11575
7620 5 7755 0 63 134 11576
7620 5 7754 0 161 34 11577
7620 4 7758 0 127 27 11578
7620 18 7755 0 99 1 11579
7620 38 7752 0 105 42 11580
7620 5 7757 0 66 134 11581
7620 6 7756 0 103 22 11582
7620 14 7756 0 120 146 11583
7620 42 7756 0 2 3 11584
7620 4 7755 0 146 119 11585
7620 5 7756 0 128 23 11586
7620 13 7756 0 52 37 11587
7620 5 7756 0 117 1 11588
7620 4 7756 0 109 56 11589
7620 25 7755 0 123 1 11590
7620 8 7756 0 146 159 11591
7620 41 7756 0 188 80 11592
7620 34 7755 0 7 35 11593
7620 25 7757 0 194 113 11594
7620 22 7757 0 13 75 11595
7620 18 7758 0 109 36 11596
7620 8 7757 0 133 152 11597
7620 19 7756 0 118 4 11598
7631 57 10000 1 155 122 11599
7635 4 7773 0 128 40 11600
7635 11 7769 0 133 152 11601
7635 5 7771 0 66 169 11602
7635 10 7772 0 101 26 11603
7635 20 7770 0 118 4 11604
7635 3 7770 0 122 58 11605
7635 12 7772 0 103 22 11606
7635 6 7771 0 67 20 11607
7635 23 7772 0 123 1 11608
7635 6 7770 0 109 56 11609
7635 7 7772 0 108 31 11610
7635 3 7771 0 61 4 11611
7635 26 7773 0 194 113 11612
7635 4 7770 0 128 55 11613
7635 5 7770 0 127 27 11614
7635 14 7771 0 109 36 11615
7635 23 7770 0 13 75 11616
7635 4 7768 0 100 167 11617
7635 12 7773 0 162 78 11618
7635 5 7771 0 117 1 11619
7648 61 10000 1 105 42 11620
7650 18 7784 0 194 169 11621
7650 15 7787 0 137 49 11622
7650 3 7786 0 128 55 11623
7650 5 7787 0 122 58 11624
7650 4 7784 0 72 131 11625
7650 17 7785 0 93 51 11626
7650 15 7785 0 118 4 11627
7650 12 7785 0 67 20 11628
7650 10 7788 0 146 159 11629
7650 37 7785 0 194 113 11630
7650 6 7785 0 78 150 11631
7650 12 7787 0 108 58 11632
7650 19 7787 0 185 66 11633
7650 30 7786 0 164 40 11634
7650 4 7788 0 128 23 11635
7650 6 7785 0 103 22 11636
7650 44 7786 0 2 3 11637
7650 15 7786 0 29 60 11638
7650 3 7786 0 100 167 11639
7650 38 7786 0 7 35 11640
7650 5 7788 0 92 2 11641
7650 21 7787 0 182 79 11642
7650 28 7786 0 198 85 11643
7650 31 7786 0 105 42 11644
7657 58 10000 1 72 194 11645
7665 9 7802 0 162 78 11646
7665 3 7800 0 89 137 11647
7665 24 7802 0 109 36 11648
7665 24 7799 0 137 49 11649
7665 7 7802 0 103 22 11650
7665 8 7801 0 113 13 11651
7665 27 7803 0 15 186 11652
7665 30 7801 0 105 42 11653
7665 7 7799 0 173 171 11654
7665 25 7800 0 194 169 11655
7665 12 7800 0 148 56 11656
7665 4 7800 0 55 108 11657
7665 24 7802 0 63 86 11658
7665 32 7802 0 188 80 11659
7665 4 7800 0 161 34 11660
7665 6 7800 0 128 40 11661
7665 9 7800 0 138 36 11662
7665 13 7800 0 10 193 11663
7665 18 7801 0 29 60 11664
7665 4 7802 0 128 55 11665
7665 3 7802 0 128 23 11666
7665 19 7799 0 123 1 11667
7665 7 7800 0 101 26 11668
7665 37 7803 0 72 194 11669
7665 3 7800 0 117 1 11670
7680 16 7814 0 123 1 11671
7680 43 7816 0 7 35 11672
7680 18 7816 0 137 49 11673
7680 8 7814 0 101 26 11674
7680 18 7815 0 118 4 11675
7680 6 7816 0 150 43 11676
7680 42 7818 0 155 122 11677
7680 11 7815 0 133 152 11678
7680 6 7814 0 72 131 11679
7680 4 7816 0 66 169 11680
7680 24 7816 0 102 36 11681
7680 5 7817 0 15 4 11682
7680 11 7816 0 108 31 11683
7680 4 7815 0 127 27 11684
7680 18 7817 0 102 59 11685
7680 5 7818 0 61 4 11686
7680 34 7817 0 198 85 11687
7680 12 7817 0 179 186 11688
7680 14 7815 0 52 37 11689
7680 4 7818 0 55 108 11690
7680 43 7816 0 105 42 11691
7680 45 7817 0 188 80 11692
7680 11 7816 0 57 122 11693
7680 10 7816 0 113 13 11694
7680 4 7815 0 117 1 11695
7680 6 7817 0 128 40 11696
7680 5 7816 0 128 23 11697
7680 5 7815 0 128 55 11698
7687 57 10000 1 7 35 11699
7688 165 10000 1 198 85 11700
7695 3 7829 0 127 27 11701
7695 17 7830 0 102 36 11702
7695 9 7830 0 57 122 11703
7695 4 7832 0 117 1 11704
7695 6 7829 0 63 134 11705
7695 18 7830 0 37 7 11706
7695 5 7831 0 40 59 11707
7695 9 7832 0 101 26 11708
7695 14 7834 0 10 193 11709
7695 15 7831 0 29 60 11710
7695 4 7831 0 122 58 11711
7695 12 7833 0 20 47 11712
7695 5 7831 0 146 119 11713
7695 8 7830 0 173 171 11714
7695 4 7832 0 55 108 11715
7695 28 7830 0 24 183 11716
7695 7 7833 0 113 13 11717
7695 25 7831 0 137 49 11718
7695 4 7831 0 166 118 11719
7695 4 7831 0 66 169 11720
7695 16 7831 0 118 4 11721
7695 27 7829 0 7 35 11722
7695 6 7832 0 141 56 11723
7695 4 7830 0 128 23 11724
7695 6 7831 0 72 131 11725
7695 39 7831 0 15 186 11726
7695 6 7833 0 61 4 11727
7695 5 7831 0 89 137 11728
7705 42 10000 1 37 7 11729
7710 29 7847 0 198 85 11730
7710 3 7845 0 128 55 11731
7710 6 7845 0 178 113 11732
7710 4 7845 0 122 58 11733
7710 8 7846 0 101 26 11734
7710 10 7846 0 133 152 11735
7710 15 7845 0 109 36 11736
7710 41 7845 0 15 186 11737
7710 12 7846 0 113 13 11738
7710 17 7849 0 137 49 11739
7710 44 7848 0 105 42 11740
7710 4 7845 0 15 4 11741
7710 43 7845 0 155 79 11742
7710 12 7847 0 156 90 11743
7710 21 7847 0 37 7 11744
7710 14 7846 0 118 4 11745
7710 16 7846 0 185 66 11746
7710 6 7849 0 61 4 11747
7710 30 7846 0 24 183 11748
7710 4 7847 0 117 1 11749
7710 4 7846 0 128 40 11750
7710 10 7846 0 138 36 11751
7710 17 7845 0 13 75 11752
7710 4 7847 0 63 134 11753
7710 12 7846 0 162 78 11754
7711 60 10000 1 150 43 11755
7725 12 7860 0 138 36 11756
7725 16 7860 0 142 143 11757
7725 5 7860 0 128 40 11758
7725 21 7859 0 29 60 11759
7725 6 7862 0 15 4 11760
7725 10 7862 0 173 171 11761
7725 4 7860 0 109 56 11762
7725 21 7861 0 185 66 11763
7725 12 7861 0 113 13 11764
7725 38 7861 0 198 85 11765
7725 6 7859 0 78 150 11766
7725 26 7860 0 7 35 11767
7725 24 7861 0 123 1 11768
7725 3 7861 0 55 108 11769
7725 40 7861 0 155 79 11770
7725 34 7861 0 72 194 11771
7725 9 7863 0 179 186 11772
7725 3 7863 0 141 56 11773
7725 20 7860 0 102 36 11774
7725 22 7861 0 18 115 11775
7725 4 7859 0 146 119 11776
7725 5 7862 0 128 23 11777
7725 22 7861 0 125 90 11778
7725 3 7862 0 122 58 11779
7730 63 10000 1 2 3 11780
7731 45 10000 1 40 59 11781
7740 6 7877 0 66 134 11782
7740 5 7876 0 15 4 11783
7740 6 7877 0 95 77 11784
7740 26 7875 0 105 42 11785
7740 43 7877 0 15 186 11786
7740 6 7876 0 92 2 11787
7740 23 7876 0 120 146 11788
7740 9 7875 0 94 1 11789
7740 22 7877 0 13 75 11790
7740 23 7877 0 118 4 11791
7740 6 7875 0 128 55 11792
7740 24 7876 0 63 86 11793
7740 7 7875 0 101 26 11794
7740 10 7876 0 162 78 11795
7740 12 7876 0 103 22 11796
7740 4 7875 0 110 114 11797
7740 7 7876 0 108 58 11798
7740 28 7879 0 198 85 11799
7740 20 7877 0 29 60 11800
7740 6 7877 0 100 167 11801
7755 4 7892 0 63 134 11802
7755 12 7890 0 142 143 11803
7755 45 7890 0 188 80 11804
7755 8 7891 0 103 22 11805
7755 6 7890 0 117 1 11806
7755 12 7893 0 109 36 11807
7755 46 10000 1 146 119 11808
7755 16 7889 0 182 79 11809
7755 6 7891 0 128 40 11810
7755 6 7890 0 55 108 11811
7755 5 7889 0 92 2 11812
7755 9 7891 0 101 26 11813
7755 5 7890 0 110 114 11814
7755 12 7890 0 173 171 11815
7755 11 7890 0 108 31 11816
7755 18 7892 0 185 66 11817
7755 7 7892 0 156 90 11818
7755 38 7890 0 155 79 11819
7755 3 7889 0 161 34 11820
7755 7 7889 0 108 58 11821
7755 4 7892 0 40 59 11822
7755 4 7890 0 15 4 11823
7755 12 7893 0 18 115 11824
7755 4 7893 0 128 23 11825
7755 11 7891 0 138 36 11826
7770 3 7905 0 40 59 11827
7770 22 7906 0 194 169 11828
7770 4 7906 0 78 150 11829
7770 21 7903 0 109 36 11830
7770 10 7906 0 108 31 11831
7770 16 7908 0 63 86 11832
7770 42 7908 0 164 40 11833
7770 23 7907 0 102 36 11834
7770 6 7905 0 117 1 11835
7770 14 7906 0 93 51 11836
7770 10 7905 0 101 26 11837
7770 5 7908 0 122 58 11838
7770 3 7907 0 178 113 11839
7770 29 7908 0 105 42 11840
7770 3 7907 0 128 23 11841
7770 4 7906 0 150 43 11842
7770 5 7907 0 66 169 11843
7770 29 7906 0 188 80 11844
7770 6 7907 0 138 36 11845
7770 3 7908 0 40 105 11846
7770 25 7907 0 137 49 11847
7770 11 7910 0 113 13 11848
7770 5 7907 0 128 40 11849
7770 37 7905 0 198 85 11850
7770 3 7907 0 141 56 11851
7770 12 7907 0 67 20 11852
7770 6 7905 0 109 56 11853
7785 10 7921 0 103 22 11854
7785 3 7920 0 89 137 11855
7785 25 7920 0 155 79 11856
7785 12 7921 0 148 56 11857
7785 5 7923 0 109 56 11858
7785 4 7919 0 117 1 11859
7785 17 7921 0 20 47 11860
7785 24 7921 0 137 49 11861
7785 27 7923 0 198 85 11862
7785 21 7920 0 29 60 11863
7785 4 7920 0 100 167 11864
7785 4 7921 0 128 23 11865
7785 24 7922 0 125 90 11866
7785 5 7920 0 178 113 11867
7785 37 7922 0 2 3 11868
7785 5 7922 0 128 40 11869
7785 5 7922 0 128 55 11870
7785 6 7920 0 122 58 11871
7785 22 7920 0 13 75 11872
7785 9 7922 0 103 1 11873
7785 14 7922 0 118 4 11874
7785 12 7923 0 37 7 11875
7789 162 10000 1 122 58 11876
7800 45 7935 0 2 3 11877
7800 25 7937 0 37 7 11878
7800 21 7936 0 13 75 11879
7800 3 7935 0 40 59 11880
7800 5 7937 0 61 4 11881
7800 6 7936 0 110 114 11882
7800 12 7939 0 113 13 11883
7800 11 7938 0 162 78 11884
7800 140 10000 1 155 122 11885
7800 6 7939 0 63 134 11886
7800 6 7934 0 108 31 11887
7800 22 7936 0 102 36 11888
7800 5 7936 0 40 105 11889
7800 6 7936 0 66 169 11890
7800 16 7935 0 118 4 11891
7800 6 7939 0 127 27 11892
7800 6 7936 0 78 150 11893
7800 25 7938 0 182 79 11894
7800 3 7936 0 146 119 11895
7800 14 7935 0 142 143 11896
7800 17 7936 0 109 36 11897
7800 8 7937 0 133 152 11898
7800 6 7936 0 128 23 11899
7800 5 7935 0 128 40 11900
7800 6 7938 0 94 1 11901
7800 4 7937 0 122 58 11902
7813 50 10000 1 178 113 11903
7815 6 7951 0 128 23 11904
7815 25 7951 0 125 90 11905
7815 18 7949 0 185 66 11906
7815 4 7951 0 66 134 11907
7815 6 7952 0 128 55 11908
7815 17 7951 0 52 37 11909
7815 3 7949 0 141 56 11910
7815 6 7951 0 55 108 11911
7815 17 7951 0 137 49 11912
7815 20 7951 0 120 146 11913
7815 8 7949 0 67 20 11914
7815 7 7952 0 101 26 11915
7815 10 7949 0 179 186 11916
7815 29 7953 0 155 122 11917
7815 43 7950 0 164 40 11918
7815 45 7951 0 105 42 11919
7815 6 7952 0 113 13 11920
7815 12 7951 0 108 31 11921
7815 10 7951 0 146 159 11922
7815 16 7952 0 123 1 11923
7815 16 7951 0 102 36 11924
7815 4 7950 0 128 40 11925
7815 6 7952 0 178 113 11926
7815 3 7953 0 127 27 11927
7816 63 10000 1 20 47 11928
7823 38 10000 1 142 143 11929
7830 7 7967 0 101 26 11930
7830 17 7966 0 125 90 11931
7830 6 7966 0 103 1 11932
7830 11 7965 0 108 31 11933
7830 21 7963 0 99 1 11934
7830 3 7964 0 40 59 11935
7830 11 7965 0 25 122 11936
7830 17 7968 0 102 36 11937
7830 24 7965 0 29 60 11938
7830 5 7968 0 63 134 11939
7830 6 7966 0 117 1 11940
7830 3 7966 0 128 40 11941
7830 3 7965 0 89 137 11942
7830 44 7965 0 194 113 11943
7830 4 7968 0 109 56 11944
7830 6 7965 0 113 13 11945
7830 15 7968 0 109 36 11946
7830 16 7966 0 102 59 11947
7830 10 7965 0 94 1 11948
7830 5 7965 0 122 58 11949
7830 12 7965 0 67 20 11950
7830 17 7966 0 194 169 11951
7830 4 7964 0 146 119 11952
7830 6 7966 0 161 34 11953
7836 50 10000 1 137 49 11954
7844 41 10000 1 141 56 11955
7845 5 7982 0 55 108 11956
7845 4 7982 0 61 4 11957
7845 5 7983 0 66 169 11958
7845 8 7981 0 133 152 11959
7845 14 7982 0 182 79 11960
7845 30 7981 0 198 85 11961
7845 17 7981 0 52 37 11962
7845 19 7983 0 185 66 11963
7845 23 7979 0 109 36 11964
7845 4 7982 0 63 134 11965
7845 6 7982 0 128 40 11966
7845 24 7979 0 194 169 11967
7845 25 7981 0 37 7 11968
7845 8 7981 0 101 26 11969
7845 6 7982 0 103 22 11970
7845 4 7983 0 146 119 11971
7845 26 7981 0 105 42 11972
7845 10 7982 0 146 159 11973
7845 10 7979 0 148 56 11974
7845 8 7981 0 108 58 11975
7845 5 7981 0 117 1 11976
7845 37 7981 0 194 113 11977
7845 4 7982 0 109 56 11978
7845 5 7982 0 89 137 11979
7845 15 7981 0 29 60 11980
7845 11 7980 0 138 36 11981
7845 4 7980 0 128 23 11982
7845 24 7980 0 10 193 11983
7845 7 7980 0 25 122 11984
7845 5 7980 0 128 55 11985
7845 6 7980 0 78 150 11986
7847 134 10000 1 13 75 11987
7858 60 10000 1 188 80 11988
7860 25 7997 0 137 49 11989
7860 24 7996 0 142 143 11990
7860 16 7995 0 37 7 11991
7860 7 7997 0 101 26 11992
7860 12 7996 0 57 122 11993
7860 5 7997 0 146 119 11994
7860 12 7998 0 18 115 11995
7860 4 7995 0 128 40 11996
7860 20 7997 0 109 36 11997
7860 25 7995 0 118 4 11998
7860 12 7994 0 194 169 11999
7860 6 7997 0 166 118 12000
7860 11 7998 0 103 22 12001
7860 44 7994 0 105 42 12002
7860 40 7996 0 15 186 12003
7860 11 7996 0 138 36 12004
7860 6 7996 0 128 55 12005
7875 3 8011 0 128 40 12006
7875 25 8012 0 194 169 12007
7875 15 8012 0 102 59 12008
7875 3 8012 0 109 56 12009
7875 6 8010 0 101 26 12010
7875 5 8011 0 146 119 12011
7875 5 8010 0 78 150 12012
7875 16 8011 0 10 193 12013
7875 3 8011 0 128 55 12014
7875 39 8010 0 188 80 12015
7875 25 8010 0 194 113 12016
7875 4 8010 0 117 1 12017
7875 7 8009 0 146 159 12018
7875 6 8013 0 103 22 12019
7875 25 8010 0 13 75 12020
7875 20 8010 0 118 4 12021
7875 16 8010 0 109 36 12022
7875 3 8012 0 122 58 12023
7875 16 8012 0 137 49 12024
7875 9 8010 0 67 20 12025
7875 3 8013 0 150 43 12026
7875 24 8012 0 102 36 12027
7881 41 10000 1 72 131 12028
7881 47 10000 1 128 23 12029
7890 3 8026 0 92 2 12030
7890 11 8026 0 67 20 12031
7890 6 8027 0 141 56 12032
7890 3 8028 0 40 59 12033
7890 3 8024 0 117 1 12034
7890 25 8027 0 137 49 12035
7890 8 8026 0 179 186 12036
7890 6 8025 0 78 150 12037
7890 5 8028 0 109 56 12038
7890 16 8025 0 10 193 12039
7890 20 8027 0 123 1 12040
7890 8 8025 0 138 36 12041
7890 32 8025 0 105 42 12042
7890 9 8026 0 148 56 12043
7890 3 8025 0 72 131 12044
7890 5 8026 0 128 55 12045
7890 17 8028 0 93 51 12046
7890 12 8025 0 103 22 12047
7890 13 8026 0 37 7 12048
7890 6 8027 0 66 169 12049
7905 19 8041 0 20 47 12050
7905 21 8041 0 37 7 12051
7905 3 8043 0 89 137 12052
7905 6 8042 0 15 4 12053
7905 3 8041 0 178 113 12054
7905 6 8042 0 40 59 12055
7905 6 8042 0 25 122 12056
7905 4 8042 0 109 56 12057
7905 5 8041 0 100 167 12058
7905 23 8042 0 99 1 12059
7905 6 8042 0 179 186 12060
7905 7 8043 0 101 26 12061
7905 9 8038 0 162 78 12062
7905 4 8037 0 78 150 12063
7905 15 8041 0 13 75 12064
7905 12 8039 0 148 56 12065
7905 6 8043 0 61 4 12066
7905 17 8039 0 142 143 12067
7905 6 8040 0 103 22 12068
7905 7 8042 0 113 13 12069
7905 7 8039 0 108 31 12070
7905 25 8039 0 93 51 12071
7905 6 8041 0 66 169 12072
7905 11 8043 0 173 171 12073
7905 31 8041 0 105 42 12074
7906 64 10000 1 110 114 12075
7907 32 10000 1 162 78 12076
7920 5 8056 0 128 55 12077
7920 6 8057 0 128 23 12078
7920 6 8056 0 178 113 12079
7920 21 8057 0 52 37 12080
7920 18 8056 0 10 193 12081
7920 25 8055 0 137 49 12082
7920 17 8057 0 102 59 12083
7920 8 8055 0 101 26 12084
7920 5 8054 0 110 114 12085
7920 7 8056 0 113 13 12086
7920 8 8056 0 148 56 12087
7920 7 8057 0 179 186 12088
7920 3 8054 0 40 59 12089
7920 24 8055 0 123 1 12090
7920 11 8054 0 25 122 12091
7920 13 8058 0 182 79 12092
7920 25 8055 0 118 4 12093
7920 5 8056 0 72 131 12094
7920 41 8056 0 72 194 12095
7920 6 8056 0 61 4 12096
7920 3 8054 0 109 56 12097
7921 70 10000 1 117 1 12098
7935 19 8071 0 142 143 12099
7935 21 8072 0 102 36 12100
7935 5 8073 0 117 1 12101
7935 21 8068 0 137 49 12102
7935 5 8069 0 61 4 12103
7935 3 8071 0 146 119 12104
7935 3 8072 0 109 56 12105
7935 10 8069 0 113 13 12106
7935 32 8069 0 2 3 12107
7935 6 8068 0 66 169 12108
7935 30 8069 0 105 42 12109
7935 6 8070 0 128 23 12110
7935 7 8072 0 108 31 12111
7935 8 8072 0 103 22 12112
7935 23 8073 0 120 146 12113
7935 6 8070 0 122 58 12114
7935 18 8069 0 13 75 12115
7935 3 8071 0 15 4 12116
7935 11 8072 0 57 122 12117
7935 24 8072 0 37 7 12118
7935 25 8072 0 182 79 12119
7935 5 8073 0 78 150 12120
7935 17 8071 0 29 60 12121
7935 3 8074 0 166 118 12122
7947 86 10000 1 10 193 12123
7950 44 8086 0 24 183 12124
7950 6 8088 0 127 27 12125
7950 3 8085 0 128 23 12126
7950 4 8083 0 128 55 12127
7950 32 8086 0 105 42 12128
7950 13 8085 0 118 4 12129
7950 3 8085 0 122 58 12130
7950 6 8086 0 101 26 12131
7950 11 8085 0 108 31 12132
7950 6 8087 0 109 56 12133
7950 4 8085 0 100 167 12134
7950 20 8087 0 123 1 12135
7950 23 8086 0 63 86 12136
7950 21 8086 0 182 79 12137
7950 7 8084 0 113 13 12138
7950 7 8086 0 108 58 12139
7950 16 8084 0 102 36 12140
7950 3 8083 0 117 1 12141
7950 22 8086 0 37 7 12142
7950 9 8087 0 103 1 12143
7965 12 8101 0 52 37 12144
7965 3 8102 0 89 137 12145
7965 15 8102 0 102 36 12146
7965 6 8100 0 94 1 12147
7965 7 8099 0 101 26 12148
7965 34 8102 0 2 3 12149
7965 12 8103 0 29 60 12150
7965 5 8102 0 122 58 12151
7965 19 8098 0 137 49 12152
7965 7 8100 0 138 36 12153
7965 3 8101 0 109 56 12154
7965 6 8102 0 128 55 12155
7965 4 8101 0 141 56 12156
7965 19 8103 0 123 1 12157
7965 18 8102 0 125 90 12158
7965 7 8102 0 148 56 12159
7965 8 8101 0 113 13 12160
7965 18 8101 0 142 143 12161
7965 43 8102 0 198 85 12162
7965 19 8101 0 118 4 12163
7973 45 10000 1 55 108 12164
7979 76 10000 1 108 58 12165
7980 41 8115 0 155 122 12166
7980 9 8118 0 156 90 12167
7980 42 8115 0 24 183 12168
7980 38 8117 0 155 79 12169
7980 9 8115 0 173 171 12170
7980 7 8116 0 108 58 12171
7980 24 8116 0 142 143 12172
7980 8 8117 0 103 22 12173
7980 3 8117 0 109 56 12174
7980 5 8117 0 110 114 12175
7980 14 8116 0 102 36 12176
7980 5 8116 0 61 4 12177
7980 3 8115 0 100 167 12178
7980 11 8116 0 67 20 12179
7990 78 10000 1 67 20 12180
7995 9 8131 0 138 36 12181
7995 24 8130 0 52 37 12182
7995 5 8131 0 128 40 12183
7995 12 8130 0 94 1 12184
7995 12 8133 0 108 31 12185
7995 17 8132 0 93 51 12186
7995 6 8129 0 101 26 12187
7995 11 8130 0 57 122 12188
7995 15 8132 0 102 59 12189
7995 3 8132 0 110 114 12190
7995 10 8130 0 67 20 12191
7995 12 8132 0 118 4 12192
7995 9 8132 0 156 90 12193
7995 30 8131 0 155 79 12194
7995 16 8131 0 109 36 12195
7995 12 8131 0 148 56 12196
7995 3 8131 0 89 137 12197
7995 10 8131 0 103 22 12198
7995 16 8130 0 137 49 12199
7995 43 8130 0 24 183 12200
7995 4 8132 0 66 134 12201
7995 36 8132 0 105 42 12202
7995 5 8131 0 109 56 12203
7995 5 8132 0 146 119 12204
8010 16 8144 0 118 4 12205
8010 10 8146 0 108 58 12206
8010 3 8146 0 78 150 12207
8010 3 8143 0 110 114 12208
8010 45 8145 0 72 194 12209
8010 6 8146 0 40 105 12210
8010 6 8145 0 133 152 12211
8010 31 8145 0 105 42 12212
8010 3 8146 0 61 4 12213
8010 3 8146 0 128 40 12214
8010 10 8148 0 25 122 12215
8010 14 8147 0 123 1 12216
8010 3 8146 0 63 134 12217
8010 12 8145 0 94 1 12218
8010 4 8146 0 109 56 12219
8010 15 8148 0 125 90 12220
8010 6 8145 0 128 55 12221
8010 7 8143 0 138 36 12222
8010 6 8146 0 57 122 12223
8010 32 8145 0 15 186 12224
8010 5 8146 0 100 167 12225
8010 11 8147 0 101 26 12226
8025 6 8160 0 55 108 12227
8025 3 8161 0 109 56 12228
8025 6 8163 0 128 55 12229
8025 3 8160 0 15 4 12230
8025 9 8162 0 103 22 12231
8025 4 8162 0 72 131 12232
8025 3 8162 0 66 169 12233
8025 25 8160 0 188 80 12234
8025 12 8160 0 138 36 12235
8025 39 8162 0 2 3 12236
8025 20 8161 0 123 1 12237
8025 7 8161 0 95 77 12238
8025 15 8159 0 109 36 12239
8025 12 8161 0 25 122 12240
8025 6 8162 0 103 1 12241
8025 25 8159 0 194 169 12242
8025 4 8162 0 117 1 12243
8025 16 8162 0 102 59 12244
8025 5 8161 0 78 150 12245
8025 24 8161 0 102 36 12246
8025 3 8160 0 150 43 12247
8025 5 8159 0 166 118 12248
8025 7 8161 0 179 186 12249
8025 6 8163 0 128 23 12250
8025 21 8160 0 185 66 12251
8025 33 8160 0 164 40 12252
8025 5 8163 0 127 27 12253
8025 20 8163 0 37 7 12254
8025 13 8165 0 120 146 12255
8040 14 8178 0 102 59 12256
8040 9 8178 0 95 77 12257
8040 32 8175 0 15 186 12258
8040 25 8177 0 102 36 12259
8040 5 8177 0 72 131 12260
8040 20 8176 0 52 37 12261
8040 12 8177 0 182 79 12262
8040 13 8176 0 125 90 12263
8040 30 8177 0 188 80 12264
8040 6 8176 0 117 1 12265
8040 6 8175 0 122 58 12266
8040 14 8176 0 18 115 12267
8040 16 8178 0 137 49 12268
8040 12 8174 0 156 90 12269
8040 3 8175 0 40 59 12270
8040 23 8177 0 99 1 12271
8040 6 8178 0 101 26 12272
8055 3 8190 0 109 56 12273
8055 11 8192 0 25 122 12274
8055 5 8190 0 128 40 12275
8055 3 8190 0 66 169 12276
8055 23 8190 0 182 79 12277
8055 3 8192 0 40 59 12278
8055 16 8191 0 118 4 12279
8055 6 8191 0 148 56 12280
8055 19 8189 0 194 169 12281
8055 11 8191 0 173 171 12282
8055 9 8192 0 95 77 12283
8055 4 8191 0 127 27 12284
8055 22 8189 0 120 146 12285
8055 3 8193 0 122 58 12286
8055 6 8191 0 128 23 12287
8055 12 8190 0 137 49 12288
8055 8 8192 0 156 90 12289
8070 3 8205 0 89 137 12290
8070 9 8206 0 101 26 12291
8070 17 8206 0 137 49 12292
8070 6 8205 0 92 2 12293
8070 4 8206 0 63 134 12294
8070 37 8207 0 155 122 12295
8070 14 8207 0 118 4 12296
8070 3 8207 0 40 105 12297
8070 3 8203 0 127 27 12298
8070 10 8204 0 148 56 12299
8070 6 8204 0 113 13 12300
8070 44 8205 0 24 183 12301
8070 6 8205 0 103 22 12302
8070 12 8206 0 52 37 12303
8070 6 8205 0 166 118 12304
8070 21 8206 0 37 7 12305
8070 7 8206 0 57 122 12306
8070 23 8206 0 182 79 12307
8070 12 8205 0 133 152 12308
8070 34 8206 0 7 35 12309
8070 14 8206 0 29 60 12310
8070 4 8205 0 40 59 12311
8070 5 8205 0 117 1 12312
8070 24 8207 0 123 1 12313
8070 10 8206 0 108 31 12314
8070 11 8207 0 25 122 12315
8085 3 8221 0 72 131 12316
8085 6 8223 0 55 108 12317
8085 20 8220 0 37 7 12318
8085 16 8220 0 123 1 12319
8085 25 8223 0 142 143 12320
8085 5 8222 0 89 137 12321
8085 7 8221 0 108 58 12322
8085 3 8218 0 150 43 12323
8085 6 8223 0 128 55 12324
8085 4 8221 0 15 4 12325
8085 5 8223 0 78 150 12326
8085 11 8221 0 138 36 12327
8085 40 8222 0 105 42 12328
8085 9 8221 0 94 1 12329
8085 12 8222 0 102 36 12330
8085 7 8221 0 108 31 12331
8085 36 8220 0 15 186 12332
8085 12 8223 0 137 49 12333
8085 18 8221 0 102 59 12334
8085 6 8220 0 141 56 12335
8085 10 8222 0 103 1 12336
8085 5 8222 0 161 34 12337
8085 27 8223 0 155 79 12338
8085 6 8223 0 128 40 12339
8087 145 10000 1 57 122 12340
8100 9 8238 0 113 13 12341
8100 40 8237 0 164 40 12342
8100 6 8235 0 94 1 12343
8100 5 8236 0 15 4 12344
8100 12 8236 0 63 86 12345
8100 5 8235 0 100 167 12346
8100 8 8236 0 138 36 12347
8100 45 8237 0 155 122 12348
8100 8 8236 0 179 186 12349
8100 3 8237 0 78 150 12350
8100 4 8236 0 109 56 12351
8100 12 8237 0 101 26 12352
8100 6 8236 0 150 43 12353
8100 6 8236 0 146 119 12354
8100 22 8237 0 118 4 12355
8100 6 8234 0 128 40 12356
8100 13 8234 0 13 75 12357
8100 5 8234 0 127 27 12358
8100 6 8236 0 66 134 12359
8100 25 8234 0 29 60 12360
8100 12 8236 0 108 31 12361
8100 17 8235 0 123 1 12362
8115 4 8250 0 146 119 12363
8115 36 8250 0 24 183 12364
8115 11 8251 0 103 22 12365
8115 10 8250 0 108 31 12366
8115 3 8250 0 40 105 12367
8115 19 8250 0 99 1 12368
8115 3 8250 0 128 55 12369
8115 24 8252 0 137 49 12370
8115 23 8252 0 118 4 12371
8115 25 8251 0 182 79 12372
8115 18 8251 0 29 60 12373
8115 29 8251 0 7 35 12374
8115 3 8252 0 92 2 12375
8115 12 8252 0 123 1 12376
8115 14 8252 0 93 51 12377
8115 6 8250 0 127 27 12378
8115 18 8252 0 102 36 12379
8115 6 8249 0 122 58 12380
8115 5 8252 0 89 137 12381
8115 7 8251 0 156 90 12382
8130 12 8266 0 148 56 12383
8130 7 8266 0 108 31 12384
8130 23 8265 0 20 47 12385
8130 22 8264 0 99 1 12386
8130 3 8266 0 146 119 12387
8130 7 8266 0 67 20 12388
8130 4 8266 0 128 55 12389
8130 12 8266 0 101 26 12390
8130 5 8264 0 128 40 12391
8130 3 8267 0 100 167 12392
8130 16 8266 0 10 193 12393
8130 6 8265 0 63 134 12394
8130 16 8268 0 182 79 12395
8130 4 8265 0 166 118 12396
8130 4 8268 0 89 137 12397
8130 6 8269 0 133 152 12398
8130 20 8265 0 37 7 12399
8130 6 8267 0 128 23 12400
8130 5 8266 0 92 2 12401
8130 18 8266 0 93 51 12402
8130 9 8265 0 146 159 12403
8130 6 8267 0 109 56 12404
8130 4 8265 0 117 1 12405
8130 45 8266 0 164 40 12406
8130 7 8265 0 94 1 12407
8130 5 8265 0 122 58 12408
8130 11 8267 0 173 171 12409
8130 7 8266 0 95 77 12410
8136 52 10000 1 120 146 12411
8140 121 10000 1 117 1 12412
8145 24 8279 0 102 36 12413
8145 19 8280 0 142 143 12414
8145 18 8282 0 93 51 12415
8145 7 8280 0 103 1 12416
8145 23 8282 0 52 37 12417
8145 6 8280 0 66 169 12418
8145 3 8279 0 110 114 12419
8145 12 8282 0 103 22 12420
8145 3 8279 0 122 58 12421
8145 11 8280 0 156 90 12422
8145 10 8280 0 173 171 12423
8145 26 8281 0 105 42 12424
8145 6 8280 0 146 159 12425
8145 9 8282 0 101 26 12426
8145 23 8281 0 18 115 12427
8145 18 8282 0 120 146 12428
8145 8 8283 0 179 186 12429
8145 7 8280 0 138 36 12430
8160 21 8296 0 102 36 12431
8160 41 8297 0 155 122 12432
8160 11 8295 0 133 152 12433
8160 37 8296 0 7 35 12434
8160 8 8296 0 101 26 12435
8160 3 8297 0 78 150 12436
8160 6 8295 0 128 23 12437
8160 5 8297 0 127 27 12438
8160 5 8297 0 109 56 12439
8160 3 8296 0 72 131 12440
8160 21 8297 0 123 1 12441
8160 22 8297 0 137 49 12442
8160 19 8297 0 120 146 12443
8160 5 8294 0 122 58 12444
8160 31 8298 0 105 42 12445
8160 3 8295 0 128 40 12446
8160 37 8297 0 194 113 12447
8160 6 8298 0 128 55 12448
8160 3 8296 0 100 167 12449
8160 6 8294 0 161 34 12450
8160 25 8298 0 198 85 12451
8160 23 8296 0 118 4 12452
8160 25 8297 0 182 79 12453
8160 7 8296 0 103 1 12454
8172 73 10000 1 15 4 12455
8175 10 8309 0 113 13 12456
8175 5 8313 0 117 1 12457
8175 5 8308 0 109 56 12458
8175 3 8309 0 66 134 12459
8175 3 8311 0 92 2 12460
8175 20 8312 0 125 90 12461
8175 6 8312 0 150 43 12462
8175 44 8311 0 105 42 12463
8175 5 8312 0 78 150 12464
8175 7 8311 0 138 36 12465
8175 31 8312 0 155 122 12466
8175 14 8311 0 18 115 12467
8175 11 8308 0 103 22 12468
8175 6 8311 0 128 55 12469
8175 14 8310 0 63 86 12470
8175 19 8311 0 118 4 12471
8175 8 8310 0 108 31 12472
8175 4 8310 0 89 137 12473
8175 14 8312 0 109 36 12474
8175 37 8311 0 2 3 12475
8175 3 8309 0 127 27 12476
8175 21 8311 0 102 36 12477
8175 20 8309 0 123 1 12478
8190 39 8322 0 164 40 12479
8190 6 8326 0 25 122 12480
8190 6 8326 0 117 1 12481
8190 6 8324 0 94 1 12482
8190 10 8328 0 103 22 12483
8190 37 8326 0 15 186 12484
8190 6 8326 0 122 58 12485
8190 11 8328 0 101 26 12486
8190 11 8326 0 138 36 12487
8190 5 8327 0 109 56 12488
8190 3 8325 0 128 55 12489
8190 3 8325 0 15 4 12490
8190 7 8327 0 156 90 12491
8190 3 8323 0 110 114 12492
8190 6 8326 0 128 40 12493
8190 15 8328 0 93 51 12494
8190 19 8326 0 142 143 12495
8190 6 8325 0 127 27 12496
8190 22 8325 0 123 1 12497
8190 5 8328 0 146 119 12498
8190 12 8328 0 108 58 12499
8190 3 8324 0 100 167 12500
8190 29 8326 0 2 3 12501
8196 54 10000 1 63 134 12502
8205 8 8341 0 94 1 12503
8205 5 8342 0 15 4 12504
8205 10 8342 0 67 20 12505
8205 5 8341 0 92 2 12506
8205 7 8342 0 108 31 12507
8205 19 8340 0 102 59 12508
8205 18 8342 0 182 79 12509
8205 3 8341 0 128 23 12510
8205 7 8339 0 103 1 12511
8205 5 8340 0 161 34 12512
8205 15 8344 0 109 36 12513
8205 36 8341 0 72 194 12514
8205 5 8342 0 127 27 12515
8205 3 8341 0 40 59 12516
8205 5 8341 0 141 56 12517
8205 9 8342 0 173 171 12518
8205 19 8341 0 137 49 12519
8205 12 8341 0 13 75 12520
8205 10 8341 0 113 13 12521
8205 15 8342 0 120 146 12522
8205 5 8342 0 128 55 12523
8205 6 8340 0 166 118 12524
8220 17 8355 0 120 146 12525
8220 6 8356 0 127 27 12526
8220 6 8356 0 128 23 12527
8220 32 8358 0 7 35 12528
8220 5 8358 0 146 119 12529
8220 32 8356 0 155 79 12530
8220 29 8355 0 155 122 12531
8220 6 8356 0 101 26 12532
8220 5 8357 0 122 58 12533
8220 19 8354 0 102 36 12534
8220 13 8357 0 109 36 12535
8220 35 8356 0 105 42 12536
8220 7 8355 0 138 36 12537
8220 6 8356 0 179 186 12538
8220 22 8357 0 99 1 12539
8220 36 8355 0 194 113 12540
8220 42 8355 0 15 186 12541
8220 6 8356 0 95 77 12542
8220 12 8356 0 25 122 12543
8220 4 8355 0 128 40 12544
8220 20 8356 0 102 59 12545
8220 4 8357 0 141 56 12546
8220 5 8354 0 92 2 12547
8224 150 10000 1 173 171 12548
8228 60 10000 1 113 13 12549
8235 4 8373 0 66 134 12550
8235 10 8373 0 101 26 12551
8235 4 8372 0 128 55 12552
8235 4 8373 0 128 40 12553
8235 19 8372 0 185 66 12554
8235 6 8371 0 179 186 12555
8235 6 8372 0 67 20 12556
8235 5 8371 0 78 150 12557
8235 10 8369 0 138 36 12558
8235 21 8372 0 52 37 12559
8235 4 8370 0 161 34 12560
8235 6 8371 0 94 1 12561
8235 11 8369 0 103 22 12562
8235 4 8373 0 146 119 12563
8235 10 8371 0 108 31 12564
8235 12 8373 0 108 58 12565
8235 5 8370 0 117 1 12566
8235 6 8369 0 127 27 12567
8235 8 8370 0 113 13 12568
8235 22 8371 0 120 146 12569
8235 11 8371 0 133 152 12570
8235 25 8371 0 37 7 12571
8235 11 8369 0 162 78 12572
8235 3 8371 0 100 167 12573
8235 36 8370 0 72 194 12574
8245 57 10000 1 93 51 12575
8250 19 8385 0 137 49 12576
8250 4 8386 0 110 114 12577
8250 9 8386 0 94 1 12578
8250 4 8387 0 161 34 12579
8250 21 8387 0 93 51 12580
8250 11 8385 0 103 22 12581
8250 4 8388 0 117 1 12582
8250 24 8387 0 102 36 12583
8250 39 8384 0 188 80 12584
8250 6 8386 0 127 27 12585
8250 4 8389 0 78 150 12586
8250 6 8386 0 128 23 12587
8250 12 8386 0 138 36 12588
8250 9 8385 0 113 13 12589
8250 19 8385 0 18 115 12590
8250 6 8387 0 178 113 12591
8250 6 8386 0 122 58 12592
8250 19 8385 0 123 1 12593
8250 5 8386 0 15 4 12594
8250 30 8385 0 7 35 12595
8250 3 8387 0 40 59 12596
8250 7 8387 0 57 122 12597
8250 5 8386 0 150 43 12598
8250 6 8386 0 128 55 12599
8265 8 8402 0 173 171 12600
8265 6 8398 0 179 186 12601
8265 16 8398 0 123 1 12602
8265 4 8401 0 40 105 12603
8265 8 8402 0 108 58 12604
8265 15 8401 0 137 49 12605
8265 21 8401 0 52 37 12606
8265 18 8400 0 118 4 12607
8265 11 8402 0 133 152 12608
8265 11 8401 0 162 78 12609
8265 10 8402 0 25 122 12610
8265 4 8401 0 128 55 12611
8265 6 8400 0 127 27 12612
8265 5 8402 0 150 43 12613
8265 14 8401 0 63 86 12614
8265 11 8400 0 103 22 12615
8265 5 8399 0 66 169 12616
8265 5 8402 0 109 56 12617
8265 6 8401 0 108 31 12618
8265 5 8400 0 72 131 12619
8265 6 8399 0 89 137 12620
8265 3 8400 0 128 40 12621
8265 28 8402 0 155 122 12622
8265 24 8404 0 102 36 12623
8265 5 8400 0 117 1 12624
8265 22 8402 0 109 36 12625
8265 10 8403 0 113 13 12626
8265 28 8400 0 15 186 12627
8265 4 8403 0 40 59 12628
8265 11 8399 0 67 20 12629
8278 61 10000 1 78 150 12630
8280 24 8417 0 125 90 12631
8280 6 8418 0 15 4 12632
8280 4 8415 0 122 58 12633
8280 7 8416 0 67 20 12634
8280 16 8417 0 93 51 12635
8280 13 8414 0 109 36 12636
8280 5 8416 0 117 1 12637
8280 10 8416 0 113 13 12638
8280 7 8418 0 162 78 12639
8280 6 8416 0 72 131 12640
8280 4 8415 0 127 27 12641
8280 3 8415 0 166 118 12642
8280 22 8415 0 123 1 12643
8280 20 8415 0 137 49 12644
8280 11 8415 0 173 171 12645
8280 29 8415 0 7 35 12646
8280 42 8416 0 105 42 12647
8280 3 8417 0 128 55 12648
8280 27 8416 0 24 183 12649
8280 31 8413 0 15 186 12650
8280 12 8417 0 148 56 12651
8280 25 8417 0 185 66 12652
8280 6 8413 0 63 134 12653
8280 9 8415 0 138 36 12654
8280 3 8417 0 109 56 12655
8280 19 8416 0 29 60 12656
8295 22 8431 0 109 36 12657
8295 12 8431 0 93 51 12658
8295 25 8431 0 118 4 12659
8295 16 8431 0 102 59 12660
8295 12 8432 0 103 1 12661
8295 3 8431 0 89 137 12662
8295 9 8434 0 173 171 12663
8295 6 8431 0 128 55 12664
8295 7 8431 0 95 77 12665
8295 7 8431 0 108 31 12666
8295 3 8431 0 128 40 12667
8295 24 8430 0 63 86 12668
8295 5 8432 0 128 23 12669
8295 10 8432 0 101 26 12670
8295 7 8431 0 113 13 12671
8295 11 8430 0 133 152 12672
8295 41 8432 0 164 40 12673
8295 3 8431 0 55 108 12674
8295 9 8434 0 57 122 12675
8295 16 8431 0 142 143 12676
8295 29 8433 0 155 79 12677
8310 41 8446 0 72 194 12678
8310 3 8446 0 166 118 12679
8310 4 8445 0 72 131 12680
8310 21 8444 0 125 90 12681
8310 31 8447 0 188 80 12682
8310 13 8446 0 120 146 12683
8310 4 8447 0 150 43 12684
8310 6 8446 0 108 31 12685
8310 13 8446 0 142 143 12686
8310 12 8447 0 101 26 12687
8310 22 8444 0 18 115 12688
8310 6 8446 0 138 36 12689
8310 28 8446 0 24 183 12690
8310 5 8448 0 61 4 12691
8310 12 8447 0 148 56 12692
8310 7 8446 0 103 22 12693
8310 25 8445 0 109 36 12694
8310 9 8446 0 173 171 12695
8310 17 8445 0 93 51 12696
8310 42 8448 0 198 85 12697
8310 6 8447 0 109 56 12698
8310 7 8447 0 95 77 12699
8325 6 8463 0 178 113 12700
8325 15 8462 0 102 59 12701
8325 22 8462 0 120 146 12702
8325 4 8462 0 128 55 12703
8325 5 8460 0 110 114 12704
8325 9 8461 0 103 22 12705
8325 12 8462 0 108 31 12706
8325 5 8462 0 66 169 12707
8325 8 8460 0 103 1 12708
8325 4 8462 0 61 4 12709
8325 43 8461 0 2 3 12710
8325 12 8459 0 93 51 12711
8325 25 8461 0 24 183 12712
8325 42 8460 0 188 80 12713
8325 14 8460 0 125 90 12714
8325 45 8463 0 72 194 12715
8325 22 8461 0 137 49 12716
8340 23 8477 0 29 60 12717
8340 17 8477 0 102 36 12718
8340 6 8474 0 78 150 12719
8340 8 8476 0 101 26 12720
8340 6 8476 0 138 36 12721
8340 11 8477 0 67 20 12722
8340 3 8476 0 146 119 12723
8340 3 8475 0 166 118 12724
8340 33 8476 0 198 85 12725
8340 6 8479 0 15 4 12726
8340 7 8476 0 57 122 12727
8340 4 8477 0 128 23 12728
8340 12 8475 0 120 146 12729
8340 12 8476 0 94 1 12730
8340 32 8476 0 188 80 12731
8340 10 8476 0 95 77 12732
8340 6 8475 0 92 2 12733
8340 5 8478 0 109 56 12734
8340 6 8474 0 127 27 12735
8340 6 8476 0 89 137 12736
8340 5 8473 0 178 113 12737
8340 17 8477 0 109 36 12738
8340 22 8477 0 52 37 12739
8340 3 8477 0 72 131 12740
8340 3 8478 0 100 167 12741
8340 10 8479 0 103 22 12742
8340 7 8475 0 108 31 12743
8340 7 8475 0 146 159 12744
8349 35 10000 1 52 37 12745
8355 5 8491 0 166 118 12746
8355 13 8490 0 137 49 12747
8355 26 8492 0 24 183 12748
8355 22 8493 0 13 75 12749
8355 16 8496 0 99 1 12750
8355 4 8492 0 128 55 12751
8355 17 8491 0 102 36 12752
8355 24 8489 0 123 1 12753
8355 9 8492 0 95 77 12754
8355 11 8489 0 103 22 12755
8355 4 8491 0 78 150 12756
8355 25 8493 0 142 143 12757
8355 6 8489 0 128 40 12758
8355 27 8491 0 198 85 12759
8355 20 8492 0 102 59 12760
8355 4 8491 0 72 131 12761
8355 3 8491 0 127 27 12762
8355 3 8490 0 109 56 12763
8355 4 8491 0 150 43 12764
8355 8 8487 0 108 31 12765
8355 14 8492 0 63 86 12766
8355 6 8490 0 103 1 12767
8355 8 8490 0 138 36 12768
8355 14 8489 0 29 60 12769
8355 41 8491 0 7 35 12770
8370 29 8505 0 164 40 12771
8370 20 8505 0 18 115 12772
8370 6 8508 0 128 40 12773
8370 27 8509 0 72 194 12774
8370 25 8506 0 93 51 12775
8370 24 8507 0 109 36 12776
8370 12 8507 0 29 60 12777
8370 4 8506 0 72 131 12778
8370 15 8507 0 102 36 12779
8370 41 8508 0 155 122 12780
8370 12 8505 0 123 1 12781
8370 5 8505 0 122 58 12782
8370 11 8507 0 108 31 12783
8370 3 8505 0 61 4 12784
8370 6 8506 0 63 134 12785
8370 5 8507 0 146 119 12786
8370 35 8506 0 2 3 12787
8370 6 8508 0 179 186 12788
8370 4 8509 0 161 34 12789
8370 7 8507 0 138 36 12790
8370 8 8507 0 108 58 12791
8385 11 8521 0 108 31 12792
8385 3 8522 0 40 105 12793
8385 3 8521 0 128 55 12794
8385 30 8518 0 198 85 12795
8385 16 8520 0 185 66 12796
8385 44 8522 0 105 42 12797
8385 6 8521 0 66 134 12798
8385 6 8521 0 72 131 12799
8385 6 8520 0 127 27 12800
8385 6 8522 0 103 22 12801
8385 8 8520 0 113 13 12802
8385 5 8519 0 109 56 12803
8385 20 8520 0 125 90 12804
8385 6 8521 0 156 90 12805
8385 5 8521 0 128 23 12806
8385 25 8520 0 99 1 12807
8385 5 8520 0 55 108 12808
8385 9 8520 0 101 26 12809
8385 18 8521 0 29 60 12810
8385 23 8521 0 18 115 12811
8385 33 8523 0 24 183 12812
8385 6 8521 0 25 122 12813
8385 33 8521 0 15 186 12814
8385 3 8523 0 78 150 12815
8385 9 8522 0 103 1 12816
8385 12 8520 0 109 36 12817
8385 17 8520 0 13 75 12818
8400 3 8538 0 127 27 12819
8400 11 8535 0 138 36 12820
8400 25 8537 0 72 194 12821
8400 3 8536 0 40 59 12822
8400 16 8534 0 182 79 12823
8400 6 8535 0 117 1 12824
8400 16 8536 0 102 36 12825
8400 6 8535 0 61 4 12826
8400 8 8537 0 108 31 12827
8400 29 8534 0 2 3 12828
8400 3 8535 0 141 56 12829
8400 15 8537 0 118 4 12830
8400 6 8535 0 40 105 12831
8400 8 8535 0 113 13 12832
8400 41 8535 0 155 79 12833
8400 4 8535 0 128 40 12834
8400 43 8536 0 105 42 12835
8400 15 8535 0 109 36 12836
8400 8 8535 0 25 122 12837
8400 6 8537 0 92 2 12838
8400 5 8536 0 55 108 12839
8400 24 8536 0 185 66 12840
8400 5 8538 0 128 55 12841
8408 49 10000 1 109 56 12842
8410 191 10000 1 29 60 12843
8415 3 8550 0 100 167 12844
8415 10 8551 0 173 171 12845
8415 18 8551 0 29 60 12846
8415 4 8552 0 15 4 12847
8415 10 8552 0 101 26 12848
8415 15 8552 0 99 1 12849
8415 3 8550 0 128 23 12850
8415 10 8550 0 146 159 12851
8415 5 8552 0 55 108 12852
8415 34 8550 0 198 85 12853
8415 10 8552 0 133 152 12854
8415 9 8552 0 179 186 12855
8415 17 8551 0 18 115 12856
8415 20 8551 0 37 7 12857
8415 19 8553 0 185 66 12858
8415 19 8554 0 109 36 12859
8415 6 8550 0 138 36 12860
8415 6 8548 0 128 40 12861
8415 6 8551 0 66 169 12862
8415 6 8553 0 61 4 12863
8415 15 8550 0 137 49 12864
8430 12 8568 0 118 4 12865
8430 7 8566 0 108 58 12866
8430 22 8567 0 13 75 12867
8430 4 8568 0 161 34 12868
8430 9 8566 0 101 26 12869
8430 5 8567 0 122 58 12870
8430 11 8566 0 156 90 12871
8430 18 8564 0 63 86 12872
8430 5 8566 0 110 114 12873
8430 4 8566 0 109 56 12874
8430 38 8566 0 155 79 12875
8430 41 8566 0 188 80 12876
8430 6 8568 0 127 27 12877
8430 3 8565 0 150 43 12878
8430 35 8567 0 194 113 12879
8430 5 8563 0 117 1 12880
8430 5 8564 0 66 134 12881
8430 4 8564 0 128 40 12882
8430 21 8564 0 102 59 12883
8430 8 8566 0 103 1 12884
8430 8 8565 0 162 78 12885
8430 4 8566 0 61 4 12886
8430 16 8568 0 123 1 12887
8430 5 8565 0 128 55 12888
8430 12 8563 0 102 36 12889
8434 78 10000 1 103 22 12890
8439 70 10000 1 100 167 12891
8445 3 8582 0 128 40 12892
8445 5 8580 0 15 4 12893
8445 19 8581 0 125 90 12894
8445 3 8580 0 127 27 12895
8445 18 8579 0 137 49 12896
8445 12 8584 0 103 22 12897
8445 9 8581 0 133 152 12898
8445 4 8581 0 109 56 12899
8445 6 8582 0 101 26 12900
8445 3 8581 0 178 113 12901
8445 33 8581 0 194 113 12902
8445 3 8582 0 161 34 12903
8445 4 8580 0 128 23 12904
8445 19 8581 0 99 1 12905
8445 6 8584 0 122 58 12906
8445 6 8580 0 179 186 12907
8445 23 8583 0 118 4 12908
8445 4 8581 0 146 119 12909
8445 22 8581 0 109 36 12910
8445 119 10000 1 18 115 12911
8445 8 8580 0 108 58 12912
8445 15 8581 0 13 75 12913
8445 18 8581 0 123 1 12914
8446 38 10000 1 25 122 12915
8460 25 8597 0 155 122 12916
8460 8 8596 0 146 159 12917
8460 4 8596 0 161 34 12918
8460 35 8596 0 15 186 12919
8460 19 8595 0 29 60 12920
8460 8 8595 0 67 20 12921
8460 26 8595 0 198 85 12922
8460 5 8597 0 166 118 12923
8460 6 8595 0 95 77 12924
8460 21 8595 0 142 143 12925
8460 12 8596 0 113 13 12926
8460 16 8597 0 118 4 12927
8460 4 8596 0 109 56 12928
8460 18 8595 0 109 36 12929
8460 45 8595 0 164 40 12930
8460 4 8598 0 141 56 12931
8460 3 8596 0 117 1 12932
8460 6 8596 0 66 169 12933
8460 14 8594 0 123 1 12934
8460 5 8594 0 15 4 12935
8460 4 8597 0 122 58 12936
8460 11 8595 0 138 36 12937
8460 23 8597 0 52 37 12938
8460 40 8597 0 24 183 12939
8467 70 10000 1 128 40 12940
8475 4 8608 0 110 114 12941
8475 22 8612 0 185 66 12942
8475 25 8612 0 15 186 12943
8475 29 8611 0 2 3 12944
8475 20 8612 0 194 169 12945
8475 5 8611 0 109 56 12946
8475 19 8613 0 142 143 12947
8475 25 8613 0 18 115 12948
8475 7 8610 0 103 1 12949
8475 12 8611 0 173 171 12950
8475 10 8614 0 179 186 12951
8475 12 8612 0 108 31 12952
8475 21 8609 0 102 36 12953
8475 9 8609 0 113 13 12954
8475 21 8611 0 52 37 12955
8475 3 8611 0 127 27 12956
8475 6 8609 0 128 40 12957
8475 3 8611 0 40 59 12958
8475 4 8611 0 117 1 12959
8475 24 8612 0 102 59 12960
8475 25 8610 0 123 1 12961
8475 12 8611 0 95 77 12962
8475 7 8610 0 138 36 12963
8475 11 8612 0 103 22 12964
8475 4 8613 0 122 58 12965
8475 21 8611 0 109 36 12966
8475 4 8609 0 128 23 12967
8485 181 10000 1 109 36 12968
8486 65 10000 1 155 79 12969
8490 16 8625 0 102 36 12970
8490 10 8623 0 108 31 12971
8490 27 8627 0 155 122 12972
8490 29 8624 0 164 40 12973
8490 3 8626 0 66 169 12974
8490 6 8626 0 101 26 12975
8490 9 8626 0 146 159 12976
8490 8 8627 0 148 56 12977
8490 21 8626 0 137 49 12978
8490 3 8625 0 40 59 12979
8490 4 8625 0 117 1 12980
8490 3 8626 0 127 27 12981
8490 8 8627 0 113 13 12982
8490 5 8626 0 128 40 12983
8490 6 8628 0 128 23 12984
8490 3 8625 0 128 55 12985
8490 5 8625 0 66 134 12986
8490 39 8626 0 72 194 12987
8490 18 8625 0 18 115 12988
8490 15 8625 0 125 90 12989
8490 33 8626 0 194 113 12990
8490 10 8628 0 103 22 12991
8490 18 8627 0 93 51 12992
8505 31 8641 0 188 80 12993
8505 6 8641 0 63 134 12994
8505 19 8641 0 123 1 12995
8505 13 8642 0 185 66 12996
8505 36 8641 0 155 79 12997
8505 8 8639 0 173 171 12998
8505 11 8641 0 108 58 12999
8505 5 8642 0 150 43 13000
8505 43 8641 0 105 42 13001
8505 3 8642 0 128 40 13002
8505 4 8640 0 128 55 13003
8505 45 8641 0 155 122 13004
8505 16 8640 0 109 36 13005
8505 6 8643 0 94 1 13006
8505 8 8640 0 162 78 13007
8505 9 8640 0 95 77 13008
8505 9 8642 0 156 90 13009
8505 6 8638 0 113 13 13010
8505 6 8641 0 138 36 13011
8505 3 8644 0 122 58 13012
8505 5 8640 0 110 114 13013
8505 3 8641 0 100 167 13014
8511 37 10000 1 101 26 13015
8519 56 10000 1 61 4 13016
8520 12 8656 0 133 152 13017
8520 6 8656 0 161 34 13018
8520 6 8657 0 110 114 13019
8520 20 8657 0 137 49 13020
8520 5 8658 0 92 2 13021
8520 7 8657 0 138 36 13022
8520 10 8659 0 103 1 13023
8520 9 8656 0 67 20 13024
8520 17 8656 0 13 75 13025
8520 22 8656 0 123 1 13026
8520 11 8654 0 156 90 13027
8520 19 8656 0 109 36 13028
8520 17 8656 0 63 86 13029
8520 4 8657 0 40 59 13030
8520 13 8656 0 120 146 13031
8520 4 8656 0 109 56 13032
8520 30 8658 0 155 122 13033
8520 11 8656 0 101 26 13034
8520 12 8657 0 173 171 13035
8520 7 8658 0 113 13 13036
8533 105 10000 1 37 7 13037
8535 4 8670 0 40 105 13038
8535 7 8671 0 25 122 13039
8535 38 8670 0 7 35 13040
8535 4 8670 0 128 23 13041
8535 3 8670 0 128 40 13042
8535 34 8672 0 105 42 13043
8535 12 8672 0 102 36 13044
8535 3 8671 0 117 1 13045
8535 37 8672 0 15 186 13046
8535 7 8670 0 138 36 13047
8535 5 8673 0 122 58 13048
8535 6 8672 0 113 13 13049
8535 4 8672 0 128 55 13050
8535 11 8671 0 156 90 13051
8535 25 8671 0 198 85 13052
8535 26 8672 0 24 183 13053
8535 18 8670 0 137 49 13054
8535 18 8669 0 109 36 13055
8535 22 8671 0 182 79 13056
8535 6 8671 0 66 134 13057
8535 15 8670 0 37 7 13058
8535 36 8671 0 155 122 13059
8535 7 8672 0 108 31 13060
8535 12 8672 0 103 22 13061
8535 19 8672 0 125 90 13062
8535 4 8669 0 109 56 13063
8550 6 8686 0 138 36 13064
8550 25 8685 0 102 36 13065
8550 6 8687 0 63 134 13066
8550 20 8685 0 120 146 13067
8550 10 8685 0 156 90 13068
8550 21 8686 0 109 36 13069
8550 11 8685 0 162 78 13070
8550 10 8685 0 95 77 13071
8550 3 8686 0 78 150 13072
8550 12 8685 0 57 122 13073
8550 7 8687 0 103 22 13074
8550 22 8685 0 118 4 13075
8550 14 8689 0 93 51 13076
8550 6 8688 0 128 40 13077
8550 44 8687 0 188 80 13078
8550 32 8688 0 105 42 13079
8550 6 8684 0 127 27 13080
8550 19 8687 0 123 1 13081
8550 11 8686 0 101 26 13082
8550 4 8686 0 128 55 13083
8550 41 8685 0 164 40 13084
8550 6 8685 0 25 122 13085
8565 12 8700 0 67 20 13086
8565 4 8700 0 63 134 13087
8565 14 8699 0 93 51 13088
8565 9 8701 0 103 22 13089
8565 3 8700 0 128 40 13090
8565 30 8701 0 2 3 13091
8565 4 8699 0 122 58 13092
8565 4 8700 0 128 23 13093
8565 17 8700 0 137 49 13094
8565 7 8701 0 173 171 13095
8565 9 8701 0 113 13 13096
8565 5 8702 0 110 114 13097
8565 6 8700 0 109 56 13098
8565 12 8701 0 123 1 13099
8565 6 8699 0 128 55 13100
8565 8 8703 0 25 122 13101
8565 10 8703 0 138 36 13102
8565 30 8701 0 194 113 13103
8565 30 8701 0 164 40 13104
8568 35 10000 1 138 36 13105
8580 5 8716 0 61 4 13106
8580 4 8717 0 161 34 13107
8580 23 8716 0 37 7 13108
8580 3 8717 0 178 113 13109
8580 10 8715 0 138 36 13110
8580 7 8716 0 94 1 13111
8580 9 8716 0 101 26 13112
8580 4 8716 0 146 119 13113
8580 20 8716 0 109 36 13114
8580 6 8715 0 67 20 13115
8580 23 8715 0 99 1 13116
8580 3 8717 0 122 58 13117
8580 24 8717 0 137 49 13118
8580 24 8716 0 102 59 13119
8580 39 8717 0 105 42 13120
8580 12 8717 0 52 37 13121
8580 11 8718 0 57 122 13122
8580 11 8717 0 108 58 13123
8580 5 8718 0 78 150 13124
8580 14 8716 0 102 36 13125
8595 3 8730 0 128 55 13126
8595 27 8731 0 24 183 13127
8595 16 8732 0 18 115 13128
8595 5 8732 0 178 113 13129
8595 8 8730 0 138 36 13130
8595 21 8731 0 109 36 13131
8595 5 8731 0 122 58 13132
8595 11 8731 0 108 31 13133
8595 12 8732 0 118 4 13134
8595 3 8730 0 127 27 13135
8595 6 8730 0 63 134 13136
8595 3 8731 0 146 119 13137
8595 4 8732 0 150 43 13138
8595 5 8733 0 128 40 13139
8595 12 8729 0 94 1 13140
8595 7 8729 0 156 90 13141
8595 25 8730 0 142 143 13142
8595 39 8733 0 155 122 13143
8596 43 10000 1 102 59 13144
8605 33 10000 1 146 159 13145
8610 45 8745 0 72 194 13146
8610 13 8746 0 93 51 13147
8610 5 8745 0 89 137 13148
8610 21 8743 0 120 146 13149
8610 3 8745 0 128 40 13150
8610 12 8748 0 108 31 13151
8610 6 8747 0 150 43 13152
8610 18 8745 0 52 37 13153
8610 5 8746 0 128 23 13154
8610 5 8748 0 122 58 13155
8610 3 8746 0 66 134 13156
8610 15 8746 0 123 1 13157
8610 15 8746 0 182 79 13158
8610 6 8745 0 141 56 13159
8610 5 8747 0 78 150 13160
8610 7 8745 0 103 22 13161
8610 3 8747 0 117 1 13162
8610 4 8748 0 15 4 13163
8610 3 8747 0 40 105 13164
8613 50 10000 1 66 169 13165
8625 16 8758 0 142 143 13166
8625 7 8760 0 113 13 13167
8625 6 8762 0 146 119 13168
8625 15 8759 0 194 169 13169
8625 6 8757 0 109 56 13170
8625 4 8760 0 128 23 13171
8625 8 8761 0 57 122 13172
8625 6 8762 0 127 27 13173
8625 38 8762 0 105 42 13174
8625 3 8760 0 117 1 13175
8625 13 8760 0 102 59 13176
8625 9 8760 0 108 31 13177
8625 12 8759 0 125 90 13178
8625 12 8761 0 185 66 13179
8625 10 8760 0 108 58 13180
8625 20 8761 0 137 49 13181
8625 21 8761 0 63 86 13182
8625 16 8763 0 123 1 13183
8640 11 8777 0 146 159 13184
8640 13 8775 0 102 36 13185
8640 11 8776 0 103 1 13186
8640 11 8776 0 103 22 13187
8640 11 8775 0 101 26 13188
8640 6 8776 0 128 55 13189
8640 4 8776 0 128 23 13190
8640 3 8776 0 78 150 13191
8640 26 8776 0 194 113 13192
8640 5 8777 0 122 58 13193
8640 3 8776 0 109 56 13194
8640 15 8778 0 109 36 13195
8640 25 8774 0 125 90 13196
8640 24 8777 0 93 51 13197
8640 16 8778 0 118 4 13198
8640 15 8776 0 137 49 13199
8640 13 8776 0 120 146 13200
8640 5 8775 0 117 1 13201
8640 6 8778 0 128 40 13202
8640 12 8776 0 156 90 13203
8640 22 8774 0 13 75 13204
8640 6 8774 0 138 36 13205
8640 6 8775 0 127 27 13206
8640 6 8775 0 113 13 13207
8655 3 8790 0 72 131 13208
8655 6 8791 0 15 4 13209
8655 19 8790 0 125 90 13210
8655 19 8792 0 52 37 13211
8655 12 8791 0 113 13 13212
8655 6 8792 0 141 56 13213
8655 3 8790 0 109 56 13214
8655 6 8791 0 138 36 13215
8655 28 8791 0 15 186 13216
8655 27 8792 0 105 42 13217
8655 23 8792 0 93 51 13218
8655 4 8793 0 128 55 13219
8655 4 8791 0 40 105 13220
8655 39 8792 0 188 80 13221
8655 29 8790 0 155 122 13222
8655 6 8789 0 94 1 13223
8655 22 8792 0 10 193 13224
8670 6 8805 0 127 27 13225
8670 10 8805 0 162 78 13226
8670 21 8806 0 109 36 13227
8670 25 8806 0 105 42 13228
8670 6 8806 0 178 113 13229
8670 6 8803 0 108 31 13230
8670 3 8808 0 128 55 13231
8670 17 8805 0 102 36 13232
8670 15 8806 0 10 193 13233
8670 15 8806 0 52 37 13234
8670 13 8806 0 182 79 13235
8670 4 8809 0 122 58 13236
8670 6 8807 0 55 108 13237
8670 7 8806 0 156 90 13238
8670 24 8806 0 194 169 13239
8681 128 10000 1 194 169 13240
8685 9 8822 0 101 26 13241
8685 6 8822 0 128 55 13242
8685 19 8821 0 10 193 13243
8685 3 8822 0 110 114 13244
8685 29 8821 0 105 42 13245
8685 7 8822 0 179 186 13246
8685 6 8818 0 66 134 13247
8685 18 8821 0 102 36 13248
8685 13 8820 0 37 7 13249
8685 20 8823 0 109 36 13250
8685 7 8822 0 113 13 13251
8685 6 8822 0 122 58 13252
8685 4 8822 0 66 169 13253
8685 8 8820 0 67 20 13254
8685 13 8822 0 52 37 13255
8685 4 8822 0 128 40 13256
8685 4 8822 0 127 27 13257
8685 17 8820 0 142 143 13258
8685 23 8822 0 120 146 13259
8685 6 8819 0 95 77 13260
8685 10 8822 0 108 58 13261
8685 10 8820 0 162 78 13262
8685 18 8820 0 137 49 13263
8685 12 8821 0 93 51 13264
8691 71 10000 1 198 85 13265
8700 18 8836 0 102 36 13266
8700 9 8836 0 113 13 13267
8700 9 8836 0 103 22 13268
8700 11 8837 0 94 1 13269
8700 5 8835 0 178 113 13270
8700 5 8836 0 117 1 13271
8700 3 8836 0 40 59 13272
8700 28 8835 0 155 79 13273
8700 18 8835 0 120 146 13274
8700 9 8837 0 138 36 13275
8700 6 8837 0 57 122 13276
8700 4 8837 0 128 40 13277
8700 9 8834 0 146 159 13278
8700 40 8837 0 155 122 13279
8700 6 8835 0 108 31 13280
8700 17 8836 0 123 1 13281
8700 12 8835 0 109 36 13282
8700 20 8834 0 125 90 13283
8700 3 8838 0 127 27 13284
8700 6 8836 0 67 20 13285
8700 12 8837 0 118 4 13286
8700 6 8837 0 122 58 13287
8700 18 8837 0 10 193 13288
8715 23 8851 0 142 143 13289
8715 5 8853 0 78 150 13290
8715 4 8848 0 110 114 13291
8715 13 8850 0 99 1 13292
8715 3 8852 0 128 23 13293
8715 3 8851 0 72 131 13294
8715 3 8850 0 141 56 13295
8715 18 8848 0 118 4 13296
8715 27 8851 0 24 183 13297
8715 7 8852 0 95 77 13298
8715 3 8850 0 117 1 13299
8715 11 8850 0 113 13 13300
8715 4 8852 0 166 118 13301
8717 44 10000 1 182 79 13302
8728 70 10000 1 40 105 13303
8730 7 8865 0 103 1 13304
8730 25 8864 0 137 49 13305
8730 41 8868 0 105 42 13306
8730 6 8865 0 94 1 13307
8730 3 8867 0 128 40 13308
8730 6 8866 0 179 186 13309
8730 5 8867 0 40 59 13310
8730 3 8863 0 127 27 13311
8730 18 8866 0 18 115 13312
8730 8 8866 0 138 36 13313
8730 3 8866 0 122 58 13314
8730 25 8862 0 155 122 13315
8730 24 8864 0 102 36 13316
8730 6 8866 0 128 55 13317
8730 15 8865 0 194 169 13318
8730 11 8864 0 113 13 13319
8730 40 8866 0 7 35 13320
8730 16 8866 0 123 1 13321
8741 66 10000 1 103 1 13322
8745 6 8879 0 101 26 13323
8745 4 8880 0 15 4 13324
8745 11 8882 0 156 90 13325
8745 9 8880 0 25 122 13326
8745 4 8880 0 122 58 13327
8745 25 8880 0 18 115 13328
8745 13 8880 0 102 36 13329
8745 6 8881 0 166 118 13330
8745 4 8882 0 66 169 13331
8745 6 8880 0 146 119 13332
8745 11 8881 0 113 13 13333
8745 24 8881 0 123 1 13334
8745 9 8882 0 67 20 13335
8745 3 8881 0 117 1 13336
8745 3 8882 0 128 23 13337
8745 22 8882 0 99 1 13338
8745 13 8881 0 118 4 13339
8745 9 8880 0 108 31 13340
8745 16 8881 0 10 193 13341
8745 20 8880 0 102 59 13342
8745 39 8882 0 188 80 13343
8745 37 8881 0 2 3 13344
8745 12 8881 0 138 36 13345
8745 6 8880 0 150 43 13346
8745 5 8881 0 161 34 13347
8745 42 8880 0 105 42 13348
8751 55 10000 1 194 113 13349
8760 12 8896 0 101 26 13350
8760 5 8896 0 117 1 13351
8760 12 8896 0 99 1 13352
8760 3 8897 0 78 150 13353
8760 6 8893 0 141 56 13354
8760 8 8896 0 108 31 13355
8760 19 8895 0 137 49 13356
8760 4 8895 0 66 169 13357
8760 17 8893 0 123 1 13358
8760 16 8895 0 52 37 13359
8760 9 8897 0 162 78 13360
8760 19 8896 0 185 66 13361
8760 19 8895 0 109 36 13362
8760 14 8896 0 10 193 13363
8760 21 8895 0 63 86 13364
8760 3 8896 0 128 55 13365
8760 8 8897 0 103 22 13366
8760 12 8896 0 103 1 13367
8760 4 8894 0 128 40 13368
8760 5 8898 0 127 27 13369
8775 5 8911 0 66 169 13370
8775 4 8910 0 15 4 13371
8775 10 8911 0 146 159 13372
8775 6 8912 0 92 2 13373
8775 6 8911 0 179 186 13374
8775 33 8910 0 198 85 13375
8775 15 8910 0 142 143 13376
8775 12 8909 0 29 60 13377
8775 20 8911 0 102 36 13378
8775 5 8912 0 127 27 13379
8775 4 8911 0 128 40 13380
8775 5 8911 0 109 56 13381
8775 13 8912 0 182 79 13382
8775 6 8910 0 178 113 13383
8775 9 8912 0 101 26 13384
8775 16 8910 0 123 1 13385
8775 21 8911 0 109 36 13386
8775 7 8911 0 113 13 13387
8775 6 8912 0 40 105 13388
8775 33 8911 0 105 42 13389
8775 5 8913 0 63 134 13390
8775 16 8909 0 185 66 13391
8775 8 8909 0 25 122 13392
8790 24 8927 0 102 59 13393
8790 6 8926 0 178 113 13394
8790 22 8928 0 18 115 13395
8790 3 8928 0 128 23 13396
8790 7 8925 0 103 22 13397
8790 19 8927 0 93 51 13398
8790 6 8927 0 94 1 13399
8790 31 8928 0 188 80 13400
8790 9 8924 0 113 13 13401
8790 6 8927 0 146 119 13402
8790 18 8926 0 123 1 13403
8790 5 8926 0 89 137 13404
8790 26 8927 0 7 35 13405
8790 9 8928 0 25 122 13406
8790 5 8926 0 109 56 13407
8790 4 8926 0 128 55 13408
8790 13 8928 0 118 4 13409
8790 34 8925 0 198 85 13410
8790 33 8927 0 24 183 13411
8790 15 8926 0 29 60 13412
8790 27 8925 0 105 42 13413
8790 14 8927 0 109 36 13414
8790 5 8926 0 117 1 13415
8797 56 10000 1 123 1 13416
8802 148 10000 1 188 80 13417
8805 4 8943 0 128 55 13418
8805 49 10000 1 102 36 13419
8805 6 8940 0 178 113 13420
8805 14 8940 0 118 4 13421
8805 6 8942 0 108 31 13422
8805 6 8939 0 109 56 13423
8805 7 8942 0 25 122 13424
8805 15 8943 0 102 59 13425
8805 6 8939 0 128 23 13426
8805 16 8940 0 13 75 13427
8805 3 8943 0 128 40 13428
8805 5 8938 0 166 118 13429
8805 44 8942 0 194 113 13430
8805 41 8939 0 72 194 13431
8805 24 8943 0 52 37 13432
8805 12 8941 0 162 78 13433
8805 9 8940 0 101 26 13434
8805 16 8940 0 123 1 13435
8805 11 8943 0 138 36 13436
8805 6 8941 0 103 1 13437
8805 6 8940 0 122 58 13438
8805 24 8941 0 63 86 13439
8805 7 8939 0 95 77 13440
8805 10 8943 0 113 13 13441
8805 6 8941 0 150 43 13442
8805 20 8941 0 137 49 13443
8805 9 8941 0 103 22 13444
8805 45 8941 0 7 35 13445
8805 21 8942 0 120 146 13446
8820 3 8955 0 72 131 13447
8820 8 8954 0 113 13 13448
8820 14 8955 0 182 79 13449
8820 21 8956 0 123 1 13450
8820 12 8956 0 103 22 13451
8820 4 8958 0 178 113 13452
8820 6 8958 0 128 55 13453
8820 20 8957 0 109 36 13454
8820 6 8955 0 146 119 13455
8820 35 8955 0 2 3 13456
8820 5 8956 0 127 27 13457
8820 14 8954 0 99 1 13458
8820 3 8956 0 66 134 13459
8820 8 8956 0 173 171 13460
8820 19 8956 0 120 146 13461
8820 13 8955 0 102 36 13462
8820 12 8954 0 103 1 13463
8820 6 8956 0 55 108 13464
8820 24 8953 0 18 115 13465
8820 3 8955 0 109 56 13466
8820 43 8958 0 188 80 13467
8820 6 8957 0 128 40 13468
8820 3 8956 0 122 58 13469
8835 4 8971 0 128 40 13470
8835 21 8970 0 125 90 13471
8835 3 8970 0 72 131 13472
8835 6 8969 0 89 137 13473
8835 9 8974 0 162 78 13474
8835 9 8971 0 179 186 13475
8835 19 8970 0 37 7 13476
8835 11 8971 0 113 13 13477
8835 10 8972 0 67 20 13478
8835 11 8969 0 95 77 13479
8835 24 8970 0 185 66 13480
8835 3 8972 0 128 23 13481
8835 20 8969 0 52 37 13482
8835 24 8970 0 118 4 13483
8835 7 8972 0 138 36 13484
8835 10 8972 0 101 26 13485
8835 10 8970 0 108 58 13486
8835 3 8972 0 128 55 13487
8835 6 8972 0 103 1 13488
8835 38 8974 0 2 3 13489
8835 4 8969 0 117 1 13490
8835 4 8970 0 63 134 13491
8835 7 8972 0 25 122 13492
8839 40 10000 1 178 113 13493
8850 15 8985 0 102 59 13494
8850 45 8985 0 24 183 13495
8850 3 8988 0 150 43 13496
8850 4 8985 0 61 4 13497
8850 4 8986 0 117 1 13498
8850 25 8983 0 185 66 13499
8850 5 8987 0 127 27 13500
8850 4 8986 0 89 137 13501
8850 9 8983 0 103 1 13502
8850 18 8986 0 137 49 13503
8850 8 8985 0 108 31 13504
8850 8 8986 0 101 26 13505
8850 19 8989 0 194 169 13506
8850 6 8988 0 57 122 13507
8850 6 8985 0 63 134 13508
8862 53 10000 1 148 56 13509
8865 16 9001 0 102 36 13510
8865 7 8999 0 146 159 13511
8865 4 9001 0 40 105 13512
8865 25 9002 0 120 146 13513
8865 6 9003 0 101 26 13514
8865 3 9003 0 127 27 13515
8865 6 9002 0 156 90 13516
8865 21 9002 0 99 1 13517
8865 3 9001 0 72 131 13518
8865 42 9000 0 194 113 13519
8865 17 9000 0 29 60 13520
8865 22 8997 0 125 90 13521
8865 5 8997 0 66 134 13522
8865 16 9001 0 142 143 13523
8865 6 9000 0 109 56 13524
8865 6 9001 0 57 122 13525
8865 16 9001 0 118 4 13526
8875 31 10000 1 141 56 13527
8880 7 9016 0 156 90 13528
8880 5 9017 0 109 56 13529
8880 5 9016 0 122 58 13530
8880 7 9016 0 148 56 13531
8880 11 9015 0 173 171 13532
8880 6 9015 0 161 34 13533
8880 6 9015 0 138 36 13534
8880 31 9016 0 155 122 13535
8880 9 9016 0 57 122 13536
8880 13 9016 0 18 115 13537
8880 6 9017 0 146 119 13538
8880 3 9014 0 150 43 13539
8880 4 9017 0 128 23 13540
8880 13 9014 0 13 75 13541
8880 3 9016 0 178 113 13542
8880 14 9015 0 182 79 13543
8880 29 9017 0 194 113 13544
8880 31 9017 0 7 35 13545
8880 10 9016 0 179 186 13546
8880 13 9018 0 137 49 13547
8880 9 9017 0 108 58 13548
8884 50 10000 1 72 194 13549
8887 74 10000 1 133 152 13550
8887 61 10000 1 40 59 13551
8895 5 9031 0 89 137 13552
8895 10 9032 0 113 13 13553
8895 9 9031 0 94 1 13554
8895 9 9032 0 156 90 13555
8895 7 9031 0 108 31 13556
8895 4 9031 0 178 113 13557
8895 6 9029 0 128 55 13558
8895 4 9031 0 166 118 13559
8895 3 9031 0 128 23 13560
8895 14 9032 0 109 36 13561
8895 44 9030 0 7 35 13562
8895 10 9031 0 101 26 13563
8895 21 9031 0 102 59 13564
8895 31 9033 0 155 122 13565
8895 14 9032 0 93 51 13566
8895 6 9030 0 146 159 13567
8895 17 9031 0 102 36 13568
8895 23 9029 0 10 193 13569
8895 5 9031 0 109 56 13570
8895 7 9031 0 138 36 13571
8895 6 9031 0 141 56 13572
8895 4 9032 0 127 27 13573
8895 3 9033 0 128 40 13574
8895 11 9032 0 57 122 13575
8895 39 9030 0 105 42 13576
8895 18 9030 0 18 115 13577
8895 3 9031 0 146 119 13578
8895 6 9032 0 148 56 13579
8895 32 9032 0 155 79 13580
8895 3 9035 0 117 1 13581
8910 33 9044 0 194 113 13582
8910 6 9046 0 150 43 13583
8910 12 9047 0 156 90 13584
8910 19 9049 0 182 79 13585
8910 43 9046 0 188 80 13586
8910 9 9046 0 138 36 13587
8910 19 9045 0 125 90 13588
8910 43 9046 0 2 3 13589
8910 7 9045 0 108 31 13590
8910 43 9045 0 24 183 13591
8910 4 9046 0 117 1 13592
8910 18 9045 0 137 49 13593
8910 16 9048 0 13 75 13594
8910 9 9045 0 25 122 13595
8910 23 9047 0 123 1 13596
8910 8 9044 0 113 13 13597
8910 17 9046 0 194 169 13598
8910 3 9043 0 109 56 13599
8910 7 9046 0 67 20 13600
8910 21 9047 0 20 47 13601
8910 6 9046 0 127 27 13602
8910 17 9044 0 29 60 13603
8910 3 9045 0 72 131 13604
8910 24 9045 0 109 36 13605
8910 11 9045 0 162 78 13606
8910 6 9046 0 128 40 13607
8917 48 10000 1 37 7 13608
8925 19 9061 0 194 169 13609
8925 23 9061 0 13 75 13610
8925 24 9061 0 109 36 13611
8925 12 9062 0 138 36 13612
8925 6 9063 0 122 58 13613
8925 34 9061 0 24 183 13614
8925 21 9060 0 125 90 13615
8925 17 9061 0 123 1 13616
8925 8 9061 0 95 77 13617
8925 8 9061 0 113 13 13618
8925 4 9061 0 117 1 13619
8925 20 9061 0 102 59 13620
8925 11 9063 0 173 171 13621
8925 4 9062 0 178 113 13622
8925 4 9062 0 141 56 13623
8925 9 9060 0 101 26 13624
8925 4 9061 0 128 55 13625
8925 6 9060 0 150 43 13626
8925 12 9062 0 37 7 13627
8929 62 10000 1 128 55 13628
8940 5 9074 0 128 55 13629
8940 4 9075 0 72 131 13630
8940 12 9075 0 137 49 13631
8940 20 9076 0 118 4 13632
8940 5 9075 0 146 119 13633
8940 3 9075 0 66 169 13634
8940 25 9074 0 72 194 13635
8940 3 9076 0 128 40 13636
8940 12 9075 0 123 1 13637
8940 6 9078 0 113 13 13638
8940 5 9075 0 63 134 13639
8940 21 9079 0 109 36 13640
8940 6 9077 0 55 108 13641
8940 8 9078 0 162 78 13642
8940 15 9075 0 142 143 13643
8940 5 9075 0 150 43 13644
8940 42 9077 0 155 122 13645
8940 4 9074 0 40 105 13646
8940 9 9076 0 156 90 13647
8940 10 9075 0 103 22 13648
8940 5 9078 0 122 58 13649
8940 38 9077 0 105 42 13650
8955 23 9091 0 99 1 13651
8955 3 9092 0 141 56 13652
8955 3 9090 0 178 113 13653
8955 8 9092 0 113 13 13654
8955 35 9091 0 24 183 13655
8955 22 9091 0 102 36 13656
8955 12 9091 0 108 31 13657
8955 19 9090 0 123 1 13658
8955 24 9094 0 63 86 13659
8955 8 9088 0 103 22 13660
8955 3 9090 0 66 134 13661
8955 24 9089 0 194 169 13662
8955 12 9092 0 182 79 13663
8955 12 9093 0 94 1 13664
8955 13 9092 0 185 66 13665
8955 6 9089 0 138 36 13666
8955 25 9092 0 105 42 13667
8955 6 9092 0 78 150 13668
8955 18 9091 0 102 59 13669
8955 33 9090 0 2 3 13670
8955 12 9088 0 148 56 13671
8955 6 9092 0 63 134 13672
8955 35 9094 0 188 80 13673
8955 4 9091 0 128 55 13674
8955 10 9086 0 25 122 13675
8955 23 9091 0 137 49 13676
8970 5 9104 0 100 167 13677
8970 6 9106 0 109 56 13678
8970 5 9105 0 78 150 13679
8970 10 9106 0 113 13 13680
8970 8 9106 0 133 152 13681
8970 17 9103 0 182 79 13682
8970 45 9105 0 155 79 13683
8970 9 9108 0 156 90 13684
8970 22 9105 0 102 36 13685
8970 20 9103 0 123 1 13686
8970 20 9106 0 185 66 13687
8970 22 9107 0 102 59 13688
8970 12 9105 0 146 159 13689
8970 9 9107 0 57 122 13690
8970 8 9107 0 173 171 13691
8970 9 9103 0 138 36 13692
8970 28 9105 0 105 42 13693
8970 32 9107 0 72 194 13694
8970 3 9107 0 127 27 13695
8970 5 9106 0 128 23 13696
8970 6 9105 0 117 1 13697
8970 16 9107 0 20 47 13698
8970 4 9106 0 89 137 13699
8970 10 9106 0 94 1 13700
8985 3 9123 0 127 27 13701
8985 21 9123 0 125 90 13702
8985 4 9122 0 128 40 13703
8985 4 9120 0 40 59 13704
8985 10 9121 0 101 26 13705
8985 17 9120 0 123 1 13706
8985 5 9121 0 109 56 13707
8985 17 9121 0 109 36 13708
8985 24 9120 0 93 51 13709
8985 7 9121 0 108 58 13710
8985 13 9125 0 137 49 13711
8985 4 9121 0 63 134 13712
8985 35 9122 0 24 183 13713
8985 21 9121 0 102 36 13714
8985 6 9118 0 146 119 13715
8985 8 9119 0 108 31 13716
8985 4 9122 0 66 134 13717
8985 6 9121 0 128 55 13718
9000 6 9135 0 94 1 13719
9000 11 9135 0 148 56 13720
9000 4 9138 0 128 23 13721
9000 3 9134 0 40 105 13722
9000 10 9136 0 103 1 13723
9000 25 9138 0 194 113 13724
9000 6 9137 0 67 20 13725
9000 21 9136 0 137 49 13726
9000 15 9137 0 99 1 13727
9000 6 9137 0 127 27 13728
9000 13 9137 0 37 7 13729
9000 6 9138 0 178 113 13730
9000 13 9136 0 118 4 13731
9000 3 9136 0 150 43 13732
9000 39 9137 0 105 42 13733
9000 8 9136 0 173 171 13734
9000 42 9135 0 155 79 13735
9000 12 9137 0 109 36 13736
9000 6 9138 0 92 2 13737
9000 15 9138 0 102 36 13738
9000 4 9136 0 100 167 13739
9000 12 9136 0 133 152 13740
9000 9 9136 0 113 13 13741
9001 73 10000 1 99 1 13742
9015 25 9150 0 109 36 13743
9015 3 9153 0 127 27 13744
9015 7 9150 0 101 26 13745
9015 4 9151 0 117 1 13746
9015 22 9150 0 123 1 13747
9015 14 9151 0 20 47 13748
9015 8 9151 0 138 36 13749
9015 6 9153 0 150 43 13750
9015 18 9150 0 102 36 13751
9015 12 9150 0 173 171 13752
9015 37 9151 0 164 40 13753
9015 14 9151 0 120 146 13754
9015 11 9153 0 108 31 13755
9015 5 9151 0 122 58 13756
9015 4 9152 0 15 4 13757
9015 9 9150 0 67 20 13758
9015 5 9151 0 63 134 13759
9015 25 9152 0 137 49 13760
9015 30 9151 0 2 3 13761
9015 10 9154 0 103 22 13762
9015 12 9152 0 93 51 13763
9027 44 10000 1 94 1 13764
9030 9 9170 0 101 26 13765
9030 29 9168 0 2 3 13766
9030 20 9166 0 142 143 13767
9030 15 9165 0 194 169 13768
9030 27 9168 0 105 42 13769
9030 4 9167 0 141 56 13770
9030 6 9165 0 117 1 13771
9030 9 9165 0 67 20 13772
9030 8 9165 0 103 1 13773
9030 15 9167 0 20 47 13774
9030 6 9166 0 103 22 13775
9030 21 9166 0 29 60 13776
9030 10 9168 0 113 13 13777
9030 5 9165 0 150 43 13778
9030 18 9165 0 120 146 13779
9030 18 9167 0 123 1 13780
9030 17 9168 0 102 36 13781
9030 25 9166 0 164 40 13782
9030 7 9165 0 138 36 13783
9030 4 9169 0 128 55 13784
9030 8 9166 0 133 152 13785
9030 17 9167 0 10 193 13786
9030 12 9165 0 156 90 13787
9030 34 9167 0 198 85 13788
9045 44 9181 0 194 113 13789
9045 3 9184 0 109 56 13790
9045 6 9182 0 117 1 13791
9045 13 9182 0 185 66 13792
9045 5 9181 0 146 119 13793
9045 21 9180 0 120 146 13794
9045 4 9180 0 150 43 13795
9045 9 9181 0 94 1 13796
9045 6 9181 0 138 36 13797
9045 9 9180 0 108 58 13798
9045 5 9181 0 61 4 13799
9045 3 9181 0 128 40 13800
9045 18 9180 0 142 143 13801
9045 14 9178 0 118 4 13802
9045 41 9183 0 7 35 13803
9045 15 9181 0 137 49 13804
9045 16 9183 0 93 51 13805
9045 7 9180 0 101 26 13806
9045 8 9180 0 113 13 13807
9045 22 9182 0 109 36 13808
9052 30 10000 1 125 90 13809
9052 47 10000 1 63 86 13810
9060 44 9195 0 7 35 13811
9060 24 9196 0 118 4 13812
9060 26 9195 0 194 113 13813
9060 8 9196 0 103 1 13814
9060 5 9196 0 128 55 13815
9060 5 9198 0 61 4 13816
9060 6 9194 0 133 152 13817
9060 6 9196 0 146 119 13818
9060 6 9197 0 89 137 13819
9060 12 9195 0 120 146 13820
9060 3 9194 0 109 56 13821
9060 38 9196 0 188 80 13822
9060 17 9195 0 123 1 13823
9060 25 9196 0 20 47 13824
9060 17 9196 0 29 60 13825
9060 10 9196 0 113 13 13826
9060 6 9196 0 179 186 13827
9060 6 9196 0 161 34 13828
9060 29 9196 0 105 42 13829
9060 6 9194 0 63 134 13830
9060 9 9198 0 101 26 13831
9060 7 9196 0 138 36 13832
9060 6 9197 0 128 40 13833
9066 42 10000 1 13 75 13834
9075 3 9210 0 40 105 13835
9075 5 9212 0 128 55 13836
9075 5 9211 0 92 2 13837
9075 45 9211 0 188 80 13838
9075 26 9210 0 198 85 13839
9075 8 9210 0 103 22 13840
9075 19 9209 0 185 66 13841
9075 36 9212 0 155 79 13842
9075 3 9211 0 117 1 13843
9075 14 9212 0 18 115 13844
9075 17 9211 0 123 1 13845
9075 3 9212 0 128 23 13846
9075 24 9213 0 118 4 13847
9075 4 9211 0 122 58 13848
9075 10 9211 0 156 90 13849
9075 10 9209 0 101 26 13850
9075 6 9212 0 128 40 13851
9075 5 9211 0 161 34 13852
9075 26 9211 0 194 113 13853
9075 12 9211 0 179 186 13854
9090 11 9227 0 25 122 13855
9090 6 9226 0 113 13 13856
9090 21 9226 0 182 79 13857
9090 33 9225 0 164 40 13858
9090 3 9225 0 117 1 13859
9090 25 9225 0 142 143 13860
9090 23 9227 0 185 66 13861
9090 23 9228 0 102 36 13862
9090 20 9226 0 194 169 13863
9090 7 9227 0 156 90 13864
9090 25 9225 0 20 47 13865
9090 3 9226 0 166 118 13866
9090 10 9227 0 103 22 13867
9090 11 9224 0 108 31 13868
9090 6 9225 0 128 55 13869
9090 42 9226 0 155 122 13870
9090 28 9226 0 24 183 13871
9090 5 9227 0 109 56 13872
9090 3 9226 0 146 119 13873
9090 3 9224 0 55 108 13874
9090 11 9225 0 94 1 13875
9090 28 9227 0 155 79 13876
9090 4 9226 0 66 134 13877
9090 9 9227 0 108 58 13878
9098 57 10000 1 89 137 13879
9105 39 9242 0 105 42 13880
9105 8 9242 0 162 78 13881
9105 6 9242 0 108 58 13882
9105 12 9241 0 25 122 13883
9105 64 10000 1 95 77 13884
9105 22 9244 0 123 1 13885
9105 6 9242 0 122 58 13886
9105 5 9242 0 72 131 13887
9105 12 9242 0 103 1 13888
9105 3 9241 0 109 56 13889
9105 5 9242 0 63 134 13890
9105 3 9240 0 66 134 13891
9105 5 9241 0 61 4 13892
9105 4 9242 0 141 56 13893
9105 43 9241 0 15 186 13894
9105 23 9243 0 52 37 13895
9105 3 9239 0 117 1 13896
9105 4 9241 0 128 55 13897
9105 16 9241 0 13 75 13898
9105 3 9240 0 128 23 13899
9105 23 9241 0 18 115 13900
9105 10 9240 0 113 13 13901
9105 32 10000 1 146 119 13902
9120 25 9256 0 102 36 13903
9120 6 9257 0 40 105 13904
9120 16 9258 0 185 66 13905
9120 11 9256 0 103 1 13906
9120 5 9256 0 78 150 13907
9120 8 9258 0 25 122 13908
9120 26 9257 0 7 35 13909
9120 9 9256 0 138 36 13910
9120 11 9257 0 101 26 13911
9120 40 9256 0 24 183 13912
9120 10 9257 0 156 90 13913
9120 3 9253 0 66 134 13914
9120 6 9256 0 128 55 13915
9120 21 9256 0 118 4 13916
9120 6 9257 0 40 59 13917
9120 3 9256 0 89 137 13918
9120 8 9257 0 162 78 13919
9120 31 9257 0 105 42 13920
9120 20 9255 0 142 143 13921
9128 151 10000 1 150 43 13922
9131 46 10000 1 66 134 13923
9132 80 10000 1 122 58 13924
9135 6 9271 0 25 122 13925
9135 11 9270 0 101 26 13926
9135 34 9271 0 188 80 13927
9135 4 9272 0 122 58 13928
9135 44 9270 0 15 186 13929
9135 8 9272 0 57 122 13930
9135 3 9274 0 40 59 13931
9135 3 9271 0 127 27 13932
9135 5 9271 0 66 169 13933
9135 6 9272 0 128 23 13934
9135 3 9272 0 161 34 13935
9135 6 9270 0 92 2 13936
9135 5 9273 0 100 167 13937
9135 6 9269 0 113 13 13938
9135 6 9272 0 109 56 13939
9135 4 9272 0 141 56 13940
9135 6 9270 0 66 134 13941
9135 6 9272 0 117 1 13942
9135 21 9270 0 10 193 13943
9135 28 9271 0 2 3 13944
9135 6 9272 0 108 31 13945
9135 25 9273 0 37 7 13946
9135 3 9273 0 78 150 13947
9147 31 10000 1 128 23 13948
9150 8 9287 0 67 20 13949
9150 3 9285 0 141 56 13950
9150 33 9286 0 188 80 13951
9150 6 9285 0 117 1 13952
9150 11 9286 0 113 13 13953
9150 4 9288 0 109 56 13954
9150 45 9286 0 24 183 13955
9150 4 9286 0 66 169 13956
9150 6 9286 0 128 55 13957
9150 16 9284 0 194 169 13958
9150 43 9286 0 15 186 13959
9150 24 9286 0 137 49 13960
9150 21 9286 0 18 115 13961
9150 18 9285 0 52 37 13962
9150 7 9287 0 94 1 13963
9150 17 9285 0 118 4 13964
9150 25 9286 0 63 86 13965
9150 10 9284 0 108 58 13966
9150 4 9286 0 122 58 13967
9150 6 9285 0 162 78 13968
9150 9 9287 0 108 31 13969
9150 19 9286 0 125 90 13970
9150 13 9286 0 102 36 13971
9150 9 9285 0 103 22 13972
9165 21 9299 0 102 59 13973
9165 11 9300 0 101 26 13974
9165 33 9301 0 155 122 13975
9165 4 9300 0 122 58 13976
9165 10 9301 0 94 1 13977
9165 19 9299 0 120 146 13978
9165 3 9298 0 109 56 13979
9165 38 9301 0 15 186 13980
9165 4 9303 0 72 131 13981
9165 6 9300 0 57 122 13982
9165 12 9303 0 103 22 13983
9165 4 9300 0 128 40 13984
9165 25 9303 0 125 90 13985
9165 8 9301 0 173 171 13986
9165 5 9301 0 66 169 13987
9165 41 9301 0 72 194 13988
9165 22 9302 0 137 49 13989
9165 6 9302 0 78 150 13990
9165 9 9300 0 113 13 13991
9165 5 9300 0 117 1 13992
9165 22 9300 0 182 79 13993
9179 70 10000 1 156 90 13994
9180 22 9315 0 118 4 13995
9180 12 9313 0 103 22 13996
9180 8 9316 0 138 36 13997
9180 6 9315 0 117 1 13998
9180 4 9314 0 72 131 13999
9180 24 9315 0 137 49 14000
9180 17 9320 0 102 36 14001
9180 21 9315 0 10 193 14002
9180 3 9316 0 128 40 14003
9180 22 9315 0 102 59 14004
9180 27 9316 0 105 42 14005
9180 7 9315 0 103 1 14006
9180 13 9317 0 142 143 14007
9180 3 9317 0 109 56 14008
9180 3 9316 0 40 105 14009
9180 43 9317 0 72 194 14010
9180 13 9314 0 120 146 14011
9180 38 9316 0 2 3 14012
9180 6 9316 0 128 23 14013
9180 7 9317 0 57 122 14014
9180 6 9316 0 100 167 14015
9180 17 9316 0 93 51 14016
9195 12 9330 0 133 152 14017
9195 4 9331 0 109 56 14018
9195 20 9333 0 29 60 14019
9195 17 9331 0 63 86 14020
9195 12 9330 0 25 122 14021
9195 6 9331 0 161 34 14022
9195 5 9331 0 178 113 14023
9195 25 9331 0 142 143 14024
9195 43 9332 0 105 42 14025
9195 24 9331 0 102 36 14026
9195 10 9329 0 108 58 14027
9195 7 9330 0 146 159 14028
9195 15 9332 0 137 49 14029
9195 6 9332 0 128 40 14030
9195 25 9331 0 99 1 14031
9195 11 9330 0 113 13 14032
9195 5 9329 0 128 23 14033
9195 9 9331 0 138 36 14034
9195 21 9330 0 118 4 14035
9195 27 9331 0 2 3 14036
9195 4 9332 0 127 27 14037
9195 15 9333 0 123 1 14038
9195 4 9331 0 117 1 14039
9201 49 10000 1 10 193 14040
9205 54 10000 1 18 115 14041
9210 16 9345 0 93 51 14042
9210 9 9346 0 103 22 14043
9210 18 9348 0 185 66 14044
9210 12 9345 0 138 36 14045
9210 12 9346 0 113 13 14046
9210 6 9345 0 103 1 14047
9210 4 9345 0 109 56 14048
9210 38 9346 0 7 35 14049
9210 16 9345 0 125 90 14050
9210 14 9346 0 109 36 14051
9210 6 9345 0 108 31 14052
9210 13 9346 0 29 60 14053
9210 44 9347 0 155 122 14054
9210 15 9344 0 18 115 14055
9210 8 9348 0 101 26 14056
9210 21 9346 0 118 4 14057
9210 45 9346 0 155 79 14058
9210 6 9348 0 128 23 14059
9210 11 9347 0 179 186 14060
9210 23 9348 0 194 169 14061
9210 6 9346 0 94 1 14062
9210 3 9345 0 61 4 14063
9210 3 9345 0 141 56 14064
9210 5 9345 0 92 2 14065
9225 7 9362 0 57 122 14066
9225 4 9360 0 109 56 14067
9225 12 9361 0 146 159 14068
9225 3 9362 0 117 1 14069
9225 14 9360 0 142 143 14070
9225 24 9361 0 37 7 14071
9225 6 9361 0 161 34 14072
9225 3 9360 0 40 105 14073
9225 5 9363 0 141 56 14074
9225 12 9363 0 148 56 14075
9225 15 9359 0 99 1 14076
9225 3 9362 0 15 4 14077
9225 20 9361 0 102 36 14078
9225 7 9361 0 138 36 14079
9225 6 9359 0 146 119 14080
9225 39 9362 0 155 79 14081
9225 13 9362 0 125 90 14082
9225 37 9363 0 105 42 14083
9225 25 9360 0 13 75 14084
9225 10 9363 0 113 13 14085
9225 22 9361 0 123 1 14086
9239 52 10000 1 57 122 14087
9240 3 9375 0 127 27 14088
9240 7 9377 0 25 122 14089
9240 9 9373 0 148 56 14090
9240 8 9375 0 108 31 14091
9240 4 9375 0 40 59 14092
9240 5 9379 0 128 23 14093
9240 6 9373 0 103 22 14094
9240 4 9377 0 178 113 14095
9240 5 9375 0 128 40 14096
9240 22 9375 0 123 1 14097
9240 3 9378 0 128 55 14098
9240 23 9375 0 125 90 14099
9240 3 9377 0 63 134 14100
9240 34 9375 0 164 40 14101
9240 23 9376 0 137 49 14102
9240 33 9377 0 194 113 14103
9240 10 9377 0 95 77 14104
9240 42 9377 0 105 42 14105
9240 45 9377 0 24 183 14106
9240 17 9376 0 185 66 14107
9240 4 9379 0 166 118 14108
9240 15 9379 0 52 37 14109
9250 79 10000 1 179 186 14110
9251 200 10000 1 89 137 14111
9255 3 9387 0 128 40 14112
9255 17 9390 0 125 90 14113
9255 8 9393 0 108 31 14114
9255 4 9392 0 109 56 14115
9255 11 9392 0 148 56 14116
9255 24 9392 0 29 60 14117
9255 6 9393 0 117 1 14118
9255 30 9390 0 164 40 14119
9255 38 9391 0 7 35 14120
9255 5 9393 0 66 134 14121
9255 6 9391 0 127 27 14122
9255 4 9388 0 178 113 14123
9255 17 9392 0 137 49 14124
9255 12 9390 0 138 36 14125
9255 7 9392 0 103 22 14126
9255 11 9391 0 25 122 14127
9255 25 9391 0 185 66 14128
9255 5 9390 0 166 118 14129
9255 22 9389 0 20 47 14130
9255 9 9390 0 113 13 14131
9255 5 9392 0 128 23 14132
9269 64 10000 1 127 27 14133
9270 4 9404 0 146 119 14134
9270 9 9404 0 57 122 14135
9270 21 9405 0 125 90 14136
9270 6 9407 0 92 2 14137
9270 20 9406 0 109 36 14138
9270 12 9407 0 138 36 14139
9270 4 9405 0 128 55 14140
9270 14 9405 0 13 75 14141
9270 9 9406 0 113 13 14142
9270 3 9405 0 55 108 14143
9270 3 9406 0 128 40 14144
9270 36 9407 0 188 80 14145
9270 25 9406 0 142 143 14146
9270 13 9405 0 194 169 14147
9270 8 9405 0 173 171 14148
9270 3 9405 0 109 56 14149
9272 74 10000 1 118 4 14150
9285 28 9422 0 188 80 14151
9285 10 9421 0 101 26 14152
9285 6 9419 0 122 58 14153
9285 20 9421 0 52 37 14154
9285 6 9420 0 128 55 14155
9285 9 9423 0 113 13 14156
9285 33 9423 0 105 42 14157
9285 4 9421 0 161 34 14158
9285 12 9420 0 67 20 14159
9285 12 9421 0 123 1 14160
9285 7 9419 0 138 36 14161
9285 4 9422 0 150 43 14162
9285 45 9423 0 155 122 14163
9285 3 9422 0 110 114 14164
9285 5 9421 0 117 1 14165
9285 35 9422 0 7 35 14166
9285 17 9420 0 194 169 14167
9285 32 9422 0 15 186 14168
9285 12 9420 0 25 122 14169
9285 38 9422 0 198 85 14170
9285 10 9421 0 108 31 14171
9285 16 9422 0 10 193 14172
9286 58 10000 1 185 66 14173
9290 48 10000 1 166 118 14174
9300 23 9434 0 10 193 14175
9300 34 9437 0 198 85 14176
9300 12 9437 0 142 143 14177
9300 20 9434 0 109 36 14178
9300 3 9435 0 128 55 14179
9300 10 9437 0 173 171 14180
9300 11 9437 0 138 36 14181
9300 28 9435 0 194 113 14182
9300 5 9435 0 141 56 14183
9300 22 9434 0 118 4 14184
9300 6 9435 0 128 23 14185
9300 18 9436 0 123 1 14186
9300 18 9437 0 194 169 14187
9300 5 9436 0 117 1 14188
9300 34 9438 0 72 194 14189
9300 6 9434 0 127 27 14190
9300 7 9436 0 108 31 14191
9300 6 9437 0 128 40 14192
9300 40 9437 0 155 79 14193
9300 4 9438 0 161 34 14194
9300 9 9438 0 25 122 14195
9300 15 9436 0 102 59 14196
9300 31 9434 0 24 183 14197
9300 8 9436 0 113 13 14198
9300 4 9436 0 122 58 14199
9300 3 9436 0 66 134 14200
9300 15 9436 0 20 47 14201
9310 189 10000 1 101 26 14202
9315 3 9453 0 117 1 14203
9315 25 9451 0 102 36 14204
9315 6 9451 0 15 4 14205
9315 5 9451 0 128 55 14206
9315 11 9453 0 101 26 14207
9315 21 9451 0 118 4 14208
9315 3 9451 0 72 131 14209
9315 5 9452 0 40 59 14210
9315 7 9451 0 103 22 14211
9315 7 9452 0 57 122 14212
9315 9 9452 0 138 36 14213
9315 13 9452 0 10 193 14214
9315 13 9452 0 52 37 14215
9315 4 9451 0 128 23 14216
9315 8 9453 0 113 13 14217
9315 13 9451 0 20 47 14218
9315 25 9452 0 123 1 14219
9315 3 9452 0 66 169 14220
9315 10 9449 0 95 77 14221
9315 9 9451 0 179 186 14222
9315 19 9451 0 137 49 14223
9330 10 9466 0 108 31 14224
9330 13 9466 0 102 36 14225
9330 12 9466 0 67 20 14226
9330 20 9466 0 182 79 14227
9330 3 9468 0 109 56 14228
9330 25 9466 0 105 42 14229
9330 11 9466 0 101 26 14230
9330 10 9466 0 113 13 14231
9330 4 9466 0 61 4 14232
9330 42 9465 0 7 35 14233
9330 8 9467 0 156 90 14234
9330 6 9463 0 122 58 14235
9330 25 9467 0 155 122 14236
9330 14 9466 0 123 1 14237
9330 43 9465 0 198 85 14238
9330 6 9465 0 108 58 14239
9330 15 9466 0 109 36 14240
9330 6 9468 0 78 150 14241
9330 21 9467 0 10 193 14242
9330 4 9467 0 72 131 14243
9330 10 9466 0 148 56 14244
9330 18 9466 0 185 66 14245
9330 4 9469 0 66 169 14246
9330 22 9465 0 102 59 14247
9345 14 9481 0 29 60 14248
9345 3 9480 0 128 23 14249
9345 25 9481 0 194 169 14250
9345 41 9480 0 105 42 14251
9345 11 9479 0 25 122 14252
9345 20 9482 0 20 47 14253
9345 11 9481 0 113 13 14254
9345 6 9481 0 161 34 14255
9345 3 9481 0 128 40 14256
9345 42 9481 0 155 79 14257
9345 12 9481 0 67 20 14258
9345 10 9480 0 108 31 14259
9345 14 9480 0 109 36 14260
9345 7 9481 0 138 36 14261
9345 5 9483 0 61 4 14262
9345 10 9482 0 148 56 14263
9345 16 9479 0 10 193 14264
9345 3 9481 0 55 108 14265
9345 16 9481 0 52 37 14266
9345 6 9480 0 128 55 14267
9345 5 9481 0 109 56 14268
9360 5 9496 0 109 56 14269
9360 18 9495 0 37 7 14270
9360 6 9494 0 108 31 14271
9360 3 9495 0 40 105 14272
9360 39 9496 0 155 79 14273
9360 6 9497 0 122 58 14274
9360 9 9497 0 162 78 14275
9360 5 9497 0 78 150 14276
9360 41 9497 0 164 40 14277
9360 11 9496 0 138 36 14278
9360 7 9495 0 25 122 14279
9360 39 9497 0 24 183 14280
9360 10 9496 0 103 22 14281
9360 6 9496 0 67 20 14282
9360 20 9495 0 137 49 14283
9360 17 9498 0 93 51 14284
9360 12 9496 0 18 115 14285
9360 22 9496 0 102 36 14286
9360 5 9498 0 89 137 14287
9360 36 9496 0 198 85 14288
9360 6 9496 0 127 27 14289
9360 4 9495 0 146 119 14290
9360 8 9495 0 113 13 14291
9373 157 10000 1 24 183 14292
9375 25 9511 0 118 4 14293
9375 25 9512 0 194 169 14294
9375 4 9511 0 128 40 14295
9375 20 9512 0 185 66 14296
9375 8 9511 0 179 186 14297
9375 15 9509 0 63 86 14298
9375 25 9512 0 194 113 14299
9375 11 9512 0 108 31 14300
9375 25 9511 0 7 35 14301
9375 12 9511 0 10 193 14302
9375 16 9512 0 109 36 14303
9375 18 9511 0 102 36 14304
9375 11 9510 0 94 1 14305
9375 15 9511 0 18 115 14306
9375 3 9511 0 61 4 14307
9375 18 9511 0 142 143 14308
9375 27 9512 0 105 42 14309
9375 10 9509 0 113 13 14310
9375 35 9511 0 24 183 14311
9375 5 9510 0 141 56 14312
9375 5 9511 0 40 105 14313
9375 12 9512 0 173 171 14314
9375 4 9510 0 122 58 14315
9375 17 9511 0 13 75 14316
9375 4 9511 0 55 108 14317
9375 6 9511 0 103 22 14318
9378 85 10000 1 194 113 14319
9379 111 10000 1 103 22 14320
9390 4 9528 0 166 118 14321
9390 16 9525 0 109 36 14322
9390 3 9525 0 161 34 14323
9390 11 9527 0 103 1 14324
9390 13 9527 0 123 1 14325
9390 42 9528 0 72 194 14326
9390 4 9526 0 146 119 14327
9390 44 9525 0 188 80 14328
9390 28 9526 0 105 42 14329
9390 4 9524 0 100 167 14330
9390 3 9527 0 128 55 14331
9390 8 9526 0 113 13 14332
9390 5 9527 0 128 40 14333
9390 14 9528 0 185 66 14334
9390 6 9527 0 127 27 14335
9390 7 9526 0 101 26 14336
9390 3 9526 0 128 23 14337
9390 18 9526 0 18 115 14338
9390 4 9527 0 109 56 14339
9390 23 9526 0 137 49 14340
9390 11 9529 0 138 36 14341
9390 6 9525 0 108 31 14342
9390 10 9528 0 95 77 14343
9390 24 9524 0 118 4 14344
9390 25 9525 0 142 143 14345
9398 156 10000 1 55 108 14346
9405 25 9542 0 142 143 14347
9405 20 9542 0 37 7 14348
9405 10 9539 0 108 31 14349
9405 20 9541 0 123 1 14350
9405 4 9542 0 110 114 14351
9405 20 9539 0 10 193 14352
9405 12 9543 0 101 26 14353
9405 44 9542 0 24 183 14354
9405 5 9542 0 128 23 14355
9405 26 9543 0 105 42 14356
9405 3 9540 0 146 119 14357
9405 6 9542 0 117 1 14358
9405 12 9541 0 103 22 14359
9405 28 9541 0 2 3 14360
9405 3 9542 0 128 55 14361
9405 3 9544 0 55 108 14362
9405 7 9542 0 138 36 14363
9405 23 9542 0 120 146 14364
9405 31 9541 0 7 35 14365
9405 23 9542 0 194 169 14366
9405 5 9542 0 72 131 14367
9405 6 9541 0 127 27 14368
9411 79 10000 1 164 40 14369
9420 10 9555 0 101 26 14370
9420 3 9556 0 100 167 14371
9420 12 9557 0 10 193 14372
9420 4 9558 0 78 150 14373
9420 25 9555 0 109 36 14374
9420 4 9557 0 161 34 14375
9420 5 9554 0 122 58 14376
9420 30 9558 0 164 40 14377
9420 9 9554 0 25 122 14378
9420 12 9557 0 108 31 14379
9420 5 9556 0 110 114 14380
9420 17 9557 0 20 47 14381
9420 21 9556 0 18 115 14382
9420 6 9555 0 95 77 14383
9420 20 9555 0 99 1 14384
9420 3 9557 0 117 1 14385
9420 6 9556 0 72 131 14386
9420 6 9556 0 113 13 14387
9420 25 9555 0 93 51 14388
9420 3 9553 0 109 56 14389
9420 13 9556 0 137 49 14390
9420 7 9556 0 94 1 14391
9422 117 10000 1 15 186 14392
9424 42 10000 1 137 49 14393
9435 5 9569 0 117 1 14394
9435 5 9569 0 128 23 14395
9435 31 9571 0 24 183 14396
9435 5 9572 0 89 137 14397
9435 22 9572 0 118 4 14398
9435 14 9570 0 120 146 14399
9435 41 9573 0 105 42 14400
9435 5 9571 0 109 56 14401
9435 21 9571 0 102 36 14402
9435 10 9574 0 138 36 14403
9435 12 9572 0 108 58 14404
9435 18 9572 0 185 66 14405
9435 6 9569 0 178 113 14406
9435 6 9569 0 108 31 14407
9435 10 9572 0 113 13 14408
9435 12 9572 0 20 47 14409
9435 17 9573 0 109 36 14410
9435 4 9569 0 122 58 14411
9450 8 9585 0 162 78 14412
9450 18 9586 0 20 47 14413
9450 7 9587 0 25 122 14414
9450 4 9588 0 63 134 14415
9450 6 9586 0 101 26 14416
9450 5 9586 0 178 113 14417
9450 3 9586 0 66 169 14418
9450 6 9586 0 138 36 14419
9450 12 9587 0 95 77 14420
9450 13 9586 0 137 49 14421
9450 6 9586 0 15 4 14422
9450 6 9587 0 133 152 14423
9450 4 9586 0 117 1 14424
9450 34 9586 0 194 113 14425
9450 3 9587 0 128 23 14426
9450 16 9585 0 109 36 14427
9450 6 9587 0 55 108 14428
9450 5 9584 0 141 56 14429
9450 3 9586 0 127 27 14430
9450 3 9586 0 72 131 14431
9465 10 9602 0 103 22 14432
9465 11 9599 0 94 1 14433
9465 8 9601 0 113 13 14434
9465 3 9601 0 40 105 14435
9465 15 9602 0 137 49 14436
9465 7 9599 0 148 56 14437
9465 6 9602 0 95 77 14438
9465 12 9601 0 138 36 14439
9465 6 9599 0 162 78 14440
9465 42 10000 1 109 36 14441
9465 6 9601 0 150 43 14442
9465 25 9601 0 142 143 14443
9465 14 9600 0 109 36 14444
9465 5 9601 0 109 56 14445
9465 19 9601 0 63 86 14446
9465 22 9603 0 123 1 14447
9465 19 9602 0 182 79 14448
9465 7 9600 0 108 31 14449
9465 6 9600 0 117 1 14450
9465 3 9600 0 110 114 14451
9465 6 9602 0 122 58 14452
9465 31 9603 0 105 42 14453
9465 14 9598 0 102 36 14454
9465 4 9602 0 178 113 14455
9465 4 9602 0 100 167 14456
9465 3 9602 0 66 134 14457
9465 3 9600 0 128 40 14458
9465 10 9602 0 101 26 14459
9465 8 9601 0 103 1 14460
9480 19 9617 0 109 36 14461
9480 9 9614 0 148 56 14462
9480 11 9617 0 138 36 14463
9480 7 9616 0 101 26 14464
9480 6 9617 0 146 119 14465
9480 29 9614 0 155 122 14466
9480 6 9615 0 25 122 14467
9480 3 9616 0 178 113 14468
9480 4 9618 0 109 56 14469
9480 3 9617 0 61 4 14470
9480 21 9617 0 118 4 14471
9480 6 9618 0 103 22 14472
9480 6 9616 0 117 1 14473
9480 41 9617 0 24 183 14474
9480 45 9615 0 194 113 14475
9480 31 9615 0 7 35 14476
9480 11 9618 0 108 31 14477
9480 12 9618 0 113 13 14478
9480 6 9616 0 128 40 14479
9480 17 9617 0 29 60 14480
9480 20 9615 0 102 59 14481
9480 9 9618 0 173 171 14482
9480 6 9616 0 127 27 14483
9480 3 9617 0 66 169 14484
9480 12 9616 0 123 1 14485
9482 59 10000 1 29 60 14486
9495 16 9630 0 123 1 14487
9495 3 9631 0 127 27 14488
9495 9 9631 0 108 31 14489
9495 5 9631 0 128 23 14490
9495 35 9631 0 2 3 14491
9495 8 9633 0 146 159 14492
9495 7 9630 0 103 22 14493
9495 14 9631 0 118 4 14494
9495 16 9631 0 10 193 14495
9495 4 9630 0 141 56 14496
9495 4 9632 0 161 34 14497
9495 40 9631 0 164 40 14498
9495 27 9632 0 105 42 14499
9495 18 9630 0 99 1 14500
9495 10 9631 0 25 122 14501
9495 44 9630 0 15 186 14502
9495 9 9632 0 138 36 14503
9495 22 9631 0 109 36 14504
9495 9 9631 0 148 56 14505
9495 11 9630 0 101 26 14506
9495 5 9632 0 61 4 14507
9495 6 9632 0 66 134 14508
9495 9 9631 0 57 122 14509
9495 6 9632 0 109 56 14510
9495 5 9629 0 122 58 14511
9495 4 9630 0 128 55 14512
9510 41 9646 0 164 40 14513
9510 27 9644 0 24 183 14514
9510 9 9645 0 67 20 14515
9510 11 9645 0 103 22 14516
9510 30 9645 0 188 80 14517
9510 6 9647 0 113 13 14518
9510 4 9646 0 128 40 14519
9510 14 9646 0 102 59 14520
9510 12 9647 0 10 193 14521
9510 17 9644 0 20 47 14522
9510 17 9646 0 123 1 14523
9510 4 9649 0 92 2 14524
9510 7 9648 0 133 152 14525
9510 4 9644 0 109 56 14526
9510 4 9645 0 66 169 14527
9510 6 9647 0 127 27 14528
9510 34 9649 0 105 42 14529
9510 11 9646 0 138 36 14530
9510 8 9646 0 173 171 14531
9510 6 9645 0 166 118 14532
9510 5 9647 0 128 23 14533
9510 4 9648 0 117 1 14534
9510 17 9647 0 194 169 14535
9510 35 9647 0 2 3 14536
9510 12 9646 0 29 60 14537
9510 25 9649 0 15 186 14538
9525 11 9662 0 146 159 14539
9525 5 9659 0 63 134 14540
9525 8 9660 0 101 26 14541
9525 8 9662 0 57 122 14542
9525 3 9662 0 128 55 14543
9525 20 9662 0 137 49 14544
9525 17 9661 0 102 36 14545
9525 12 9661 0 138 36 14546
9525 12 9661 0 113 13 14547
9525 6 9662 0 72 131 14548
9525 4 9661 0 92 2 14549
9525 4 9662 0 128 23 14550
9525 14 9664 0 10 193 14551
9525 26 9661 0 194 113 14552
9525 34 9662 0 198 85 14553
9525 17 9662 0 142 143 14554
9525 36 9663 0 105 42 14555
9525 4 9662 0 55 108 14556
9525 19 9660 0 123 1 14557
9525 5 9661 0 127 27 14558
9525 6 9659 0 109 56 14559
9540 6 9675 0 15 4 14560
9540 51 10000 1 93 51 14561
9540 22 9675 0 93 51 14562
9540 35 9674 0 198 85 14563
9540 5 9675 0 128 40 14564
9540 24 9680 0 118 4 14565
9540 6 9676 0 133 152 14566
9540 6 9678 0 103 22 14567
9540 5 9676 0 122 58 14568
9540 3 9674 0 40 105 14569
9540 21 9675 0 102 36 14570
9540 3 9674 0 110 114 14571
9540 32 9675 0 105 42 14572
9540 4 9677 0 109 56 14573
9540 10 9676 0 138 36 14574
9540 13 9674 0 109 36 14575
9540 12 9676 0 101 26 14576
9540 11 9676 0 148 56 14577
9540 12 9677 0 103 1 14578
9540 9 9675 0 25 122 14579
9540 11 9676 0 108 31 14580
9540 10 9679 0 113 13 14581
9540 37 9678 0 155 79 14582
9540 22 9675 0 29 60 14583
9540 4 9678 0 117 1 14584
9540 11 9676 0 179 186 14585
9540 20 9677 0 123 1 14586
9540 6 9676 0 128 23 14587
9540 21 9676 0 137 49 14588
9540 3 9676 0 141 56 14589
9540 29 9674 0 7 35 14590
9544 68 10000 1 161 34 14591
9544 34 10000 1 15 4 14592
9549 50 10000 1 150 43 14593
9555 5 9692 0 15 4 14594
9555 9 9689 0 148 56 14595
9555 20 9691 0 137 49 14596
9555 4 9692 0 128 55 14597
9555 14 9689 0 93 51 14598
9555 12 9690 0 103 1 14599
9555 25 9690 0 155 79 14600
9555 22 9690 0 123 1 14601
9555 6 9690 0 101 26 14602
9555 25 9691 0 120 146 14603
9555 4 9688 0 109 56 14604
9555 5 9690 0 89 137 14605
9555 18 9692 0 102 36 14606
9555 3 9691 0 117 1 14607
9555 12 9693 0 108 31 14608
9555 4 9692 0 161 34 14609
9555 35 9692 0 194 113 14610
9555 10 9690 0 67 20 14611
9555 11 9691 0 57 122 14612
9555 6 9693 0 61 4 14613
9555 40 9689 0 188 80 14614
9555 4 9691 0 128 40 14615
9555 3 9691 0 40 105 14616
9570 3 9707 0 78 150 14617
9570 3 9707 0 127 27 14618
9570 3 9706 0 128 23 14619
9570 14 9706 0 109 36 14620
9570 33 9705 0 105 42 14621
9570 5 9707 0 128 40 14622
9570 4 9704 0 122 58 14623
9570 14 9709 0 123 1 14624
9570 41 9706 0 194 113 14625
9570 3 9706 0 40 105 14626
9570 29 9704 0 155 122 14627
9570 12 9706 0 10 193 14628
9570 18 9707 0 194 169 14629
9570 9 9704 0 67 20 14630
9570 6 9706 0 146 159 14631
9570 29 9706 0 15 186 14632
9570 5 9706 0 117 1 14633
9570 6 9708 0 128 55 14634
9570 12 9708 0 137 49 14635
9570 13 9707 0 102 36 14636
9570 24 9706 0 99 1 14637
9570 23 9707 0 182 79 14638
9585 14 9722 0 118 4 14639
9585 43 9721 0 105 42 14640
9585 6 9720 0 57 122 14641
9585 10 9722 0 108 31 14642
9585 25 9722 0 182 79 14643
9585 6 9722 0 128 40 14644
9585 23 9719 0 194 169 14645
9585 3 9721 0 122 58 14646
9585 6 9720 0 40 105 14647
9585 3 9722 0 117 1 14648
9585 36 9722 0 155 122 14649
9585 45 9721 0 198 85 14650
9585 5 9720 0 128 23 14651
9585 42 9719 0 155 79 14652
9585 18 9722 0 99 1 14653
9585 22 9721 0 93 51 14654
9585 16 9722 0 185 66 14655
9585 6 9723 0 162 78 14656
9585 3 9721 0 150 43 14657
9585 5 9721 0 128 55 14658
9585 22 9723 0 52 37 14659
9585 9 9721 0 138 36 14660
9585 6 9721 0 66 169 14661
9585 37 9721 0 24 183 14662
9585 4 9723 0 110 114 14663
9585 33 9719 0 194 113 14664
9600 3 9736 0 166 118 14665
9600 5 9735 0 122 58 14666
9600 8 9735 0 179 186 14667
9600 10 9736 0 103 22 14668
9600 11 9734 0 94 1 14669
9600 34 9736 0 105 42 14670
9600 3 9736 0 40 105 14671
9600 3 9736 0 63 134 14672
9600 3 9739 0 109 56 14673
9600 19 9737 0 137 49 14674
9600 6 9735 0 156 90 14675
9600 5 9734 0 128 55 14676
9600 8 9736 0 148 56 14677
9600 4 9734 0 128 23 14678
9600 9 9735 0 108 31 14679
9600 3 9733 0 127 27 14680
9600 21 9739 0 123 1 14681
9600 38 9734 0 198 85 14682
9600 11 9734 0 103 1 14683
9600 4 9736 0 92 2 14684
9600 21 9733 0 194 169 14685
9600 6 9738 0 113 13 14686
9600 5 9736 0 150 43 14687
9615 3 9751 0 78 150 14688
9615 12 9752 0 118 4 14689
9615 24 9750 0 125 90 14690
9615 7 9751 0 25 122 14691
9615 8 9750 0 162 78 14692
9615 10 9749 0 148 56 14693
9615 33 9752 0 7 35 14694
9615 6 9753 0 63 134 14695
9615 6 9751 0 146 159 14696
9615 24 9751 0 63 86 14697
9615 6 9753 0 109 56 14698
9615 8 9751 0 179 186 14699
9615 43 9750 0 105 42 14700
9615 12 9751 0 101 26 14701
9615 30 9749 0 15 186 14702
9615 6 9750 0 92 2 14703
9615 45 9751 0 72 194 14704
9615 18 9751 0 123 1 14705
9630 28 9762 0 24 183 14706
9630 21 9766 0 120 146 14707
9630 12 9765 0 63 86 14708
9630 12 9767 0 93 51 14709
9630 3 9765 0 40 59 14710
9630 4 9766 0 72 131 14711
9630 16 9764 0 123 1 14712
9630 5 9767 0 128 23 14713
9630 21 9765 0 109 36 14714
9630 22 9768 0 137 49 14715
9630 29 9766 0 155 79 14716
9630 39 9768 0 2 3 14717
9630 22 9766 0 125 90 14718
9630 3 9767 0 122 58 14719
9630 19 9766 0 102 36 14720
9630 3 9766 0 128 55 14721
9630 8 9765 0 138 36 14722
9630 6 9768 0 127 27 14723
9630 11 9765 0 108 31 14724
9645 11 9781 0 57 122 14725
9645 3 9781 0 127 27 14726
9645 7 9781 0 103 22 14727
9645 26 9781 0 155 79 14728
9645 5 9781 0 92 2 14729
9645 23 9779 0 63 86 14730
9645 4 9782 0 55 108 14731
9645 4 9784 0 166 118 14732
9645 31 9782 0 105 42 14733
9645 6 9781 0 108 31 14734
9645 4 9781 0 117 1 14735
9645 44 9782 0 2 3 14736
9645 7 9782 0 113 13 14737
9645 6 9781 0 78 150 14738
9645 20 9781 0 118 4 14739
9645 11 9780 0 146 159 14740
9645 20 9780 0 93 51 14741
9660 26 9794 0 72 194 14742
9660 12 9796 0 138 36 14743
9660 3 9796 0 127 27 14744
9660 24 9798 0 93 51 14745
9660 10 9793 0 113 13 14746
9660 3 9795 0 128 23 14747
9660 8 9796 0 101 26 14748
9660 11 9797 0 162 78 14749
9660 4 9797 0 15 4 14750
9660 9 9798 0 67 20 14751
9660 3 9795 0 122 58 14752
9660 11 9798 0 179 186 14753
9660 35 9795 0 155 122 14754
9660 18 9797 0 120 146 14755
9660 6 9795 0 89 137 14756
9660 16 9795 0 63 86 14757
9660 17 9794 0 20 47 14758
9660 16 9796 0 123 1 14759
9660 29 9796 0 24 183 14760
9660 10 9795 0 173 171 14761
9660 6 9797 0 40 59 14762
9660 8 9796 0 148 56 14763
9663 41 10000 1 25 122 14764
9675 6 9811 0 146 119 14765
9675 7 9811 0 138 36 14766
9675 38 9813 0 2 3 14767
9675 10 9813 0 101 26 14768
9675 14 9812 0 182 79 14769
9675 5 9808 0 61 4 14770
9675 4 9809 0 55 108 14771
9675 5 9810 0 128 55 14772
9675 13 9811 0 37 7 14773
9675 4 9810 0 128 40 14774
9675 4 9811 0 78 150 14775
9675 23 9809 0 118 4 14776
9675 5 9809 0 166 118 14777
9675 34 9811 0 24 183 14778
9675 34 9809 0 198 85 14779
9675 3 9811 0 15 4 14780
9675 23 9812 0 109 36 14781
9675 22 9810 0 29 60 14782
9675 6 9809 0 128 23 14783
9675 24 9810 0 99 1 14784
9675 17 9811 0 10 193 14785
9690 37 9825 0 105 42 14786
9690 8 9826 0 67 20 14787
9690 19 9826 0 29 60 14788
9690 18 9826 0 118 4 14789
9690 5 9825 0 110 114 14790
9690 8 9826 0 94 1 14791
9690 5 9825 0 128 40 14792
9690 4 9827 0 55 108 14793
9690 3 9824 0 40 105 14794
9690 21 9826 0 63 86 14795
9690 3 9827 0 128 55 14796
9690 11 9826 0 108 31 14797
9690 5 9825 0 146 119 14798
9690 22 9824 0 123 1 14799
9690 6 9825 0 156 90 14800
9690 20 9826 0 137 49 14801
9690 7 9826 0 138 36 14802
9690 12 9828 0 148 56 14803
9690 12 9827 0 101 26 14804
9695 71 10000 1 173 171 14805
9705 7 9841 0 113 13 14806
9705 18 9841 0 93 51 14807
9705 7 9842 0 103 1 14808
9705 19 9842 0 185 66 14809
9705 6 9840 0 122 58 14810
9705 32 9840 0 24 183 14811
9705 4 9841 0 117 1 14812
9705 9 9840 0 103 22 14813
9705 37 9841 0 72 194 14814
9705 18 9839 0 10 193 14815
9705 20 9840 0 123 1 14816
9705 12 9840 0 162 78 14817
9705 39 9839 0 164 40 14818
9705 25 9840 0 137 49 14819
9705 6 9839 0 40 105 14820
9705 3 9841 0 150 43 14821
9705 25 9841 0 63 86 14822
9710 61 10000 1 92 2 14823
9720 3 9857 0 127 27 14824
9720 28 9857 0 24 183 14825
9720 10 9857 0 148 56 14826
9720 16 9854 0 109 36 14827
9720 7 9856 0 25 122 14828
9720 3 9856 0 128 23 14829
9720 6 9855 0 117 1 14830
9720 11 9857 0 138 36 14831
9720 10 9857 0 101 26 14832
9720 5 9855 0 78 150 14833
9720 25 9853 0 123 1 14834
9720 10 9856 0 95 77 14835
9720 4 9858 0 128 40 14836
9720 10 9856 0 113 13 14837
9720 13 9856 0 102 36 14838
9720 6 9858 0 179 186 14839
9720 13 9855 0 137 49 14840
9720 10 9854 0 103 22 14841
9720 6 9858 0 55 108 14842
9720 12 9854 0 142 143 14843
9720 6 9856 0 57 122 14844
9722 68 10000 1 113 13 14845
9735 25 9871 0 109 36 14846
9735 27 9872 0 72 194 14847
9735 10 9870 0 146 159 14848
9735 9 9871 0 148 56 14849
9735 22 9868 0 120 146 14850
9735 11 9874 0 133 152 14851
9735 5 9870 0 127 27 14852
9735 39 9870 0 24 183 14853
9735 20 9872 0 29 60 14854
9735 6 9870 0 108 58 14855
9735 11 9870 0 113 13 14856
9735 3 9870 0 166 118 14857
9735 6 9869 0 103 1 14858
9735 5 9872 0 40 59 14859
9735 12 9871 0 123 1 14860
9735 14 9869 0 185 66 14861
9735 16 9871 0 102 36 14862
9735 12 9871 0 101 26 14863
9735 12 9870 0 25 122 14864
9735 11 9871 0 57 122 14865
9735 6 9873 0 178 113 14866
9735 18 9868 0 118 4 14867
9735 43 9870 0 7 35 14868
9735 16 9872 0 142 143 14869
9735 4 9869 0 109 56 14870
9735 6 9871 0 128 23 14871
9735 4 9872 0 122 58 14872
9735 4 9871 0 63 134 14873
9735 12 9870 0 20 47 14874
9750 4 9886 0 178 113 14875
9750 3 9884 0 66 169 14876
9750 18 9888 0 142 143 14877
9750 8 9887 0 133 152 14878
9750 3 9886 0 122 58 14879
9750 4 9888 0 109 56 14880
9750 18 9885 0 123 1 14881
9750 16 9887 0 120 146 14882
9750 41 9887 0 105 42 14883
9750 3 9886 0 128 40 14884
9750 39 9883 0 155 79 14885
9750 5 9886 0 128 55 14886
9750 45 9885 0 15 186 14887
9750 8 9889 0 101 26 14888
9750 4 9885 0 128 23 14889
9750 20 9886 0 20 47 14890
9750 16 9887 0 99 1 14891
9750 21 9887 0 18 115 14892
9750 34 9886 0 72 194 14893
9750 7 9886 0 148 56 14894
9750 11 9885 0 103 22 14895
9750 9 9886 0 173 171 14896
9750 6 9887 0 166 118 14897
9754 49 10000 1 108 58 14898
9765 8 9900 0 173 171 14899
9765 9 9901 0 67 20 14900
9765 24 9900 0 182 79 14901
9765 9 9902 0 156 90 14902
9765 41 9904 0 72 194 14903
9765 23 9900 0 37 7 14904
9765 3 9902 0 122 58 14905
9765 34 9901 0 155 122 14906
9765 24 9901 0 123 1 14907
9765 6 9902 0 178 113 14908
9765 8 9902 0 113 13 14909
9765 4 9900 0 128 40 14910
9765 3 9903 0 117 1 14911
9765 3 9899 0 127 27 14912
9765 14 9903 0 99 1 14913
9765 3 9902 0 40 59 14914
9765 12 9901 0 133 152 14915
9765 24 9902 0 109 36 14916
9765 6 9902 0 100 167 14917
9765 14 9902 0 10 193 14918
9780 5 9915 0 100 167 14919
9780 23 9917 0 137 49 14920
9780 13 9919 0 102 59 14921
9780 9 9916 0 103 22 14922
9780 10 9916 0 146 159 14923
9780 6 9915 0 55 108 14924
9780 6 9916 0 128 40 14925
9780 6 9915 0 141 56 14926
9780 40 9916 0 7 35 14927
9780 9 9915 0 162 78 14928
9780 19 9915 0 118 4 14929
9780 14 9916 0 185 66 14930
9780 12 9917 0 173 171 14931
9780 6 9916 0 128 23 14932
9780 25 9917 0 20 47 14933
9780 4 9916 0 109 56 14934
9784 33 10000 1 61 4 14935
9784 36 10000 1 128 40 14936
9793 95 10000 1 113 13 14937
9795 11 9930 0 108 31 14938
9795 10 9930 0 113 13 14939
9795 24 9933 0 52 37 14940
9795 12 9929 0 102 36 14941
9795 5 9930 0 40 59 14942
9795 11 9929 0 25 122 14943
9795 19 9929 0 194 169 14944
9795 12 9930 0 57 122 14945
9795 43 9932 0 164 40 14946
9795 4 9932 0 127 27 14947
9795 5 9929 0 128 40 14948
9795 22 9932 0 137 49 14949
9795 12 9931 0 133 152 14950
9795 6 9931 0 178 113 14951
9795 6 9930 0 128 23 14952
9795 6 9929 0 138 36 14953
9795 18 9931 0 18 115 14954
9795 12 9931 0 125 90 14955
9795 6 9932 0 103 22 14956
9810 17 9946 0 99 1 14957
9810 19 9945 0 118 4 14958
9810 35 9946 0 24 183 14959
9810 11 9945 0 108 31 14960
9810 19 9948 0 109 36 14961
9810 6 9947 0 15 4 14962
9810 6 9948 0 148 56 14963
9810 9 9945 0 113 13 14964
9810 19 9947 0 123 1 14965
9810 8 9946 0 25 122 14966
9810 37 9947 0 15 186 14967
9810 10 9945 0 138 36 14968
9810 20 9947 0 13 75 14969
9810 8 9945 0 57 122 14970
9810 9 9947 0 103 1 14971
9810 5 9947 0 40 105 14972
9810 5 9946 0 141 56 14973
9825 6 9962 0 148 56 14974
9825 11 9962 0 146 159 14975
9825 4 9962 0 127 27 14976
9825 4 9963 0 166 118 14977
9825 15 9962 0 120 146 14978
9825 5 9962 0 150 43 14979
9825 44 9961 0 24 183 14980
9825 43 9961 0 72 194 14981
9825 12 9962 0 113 13 14982
9825 6 9961 0 103 22 14983
9825 12 9961 0 138 36 14984
9825 8 9960 0 101 26 14985
9825 6 9964 0 61 4 14986
9825 24 9962 0 18 115 14987
9825 6 9960 0 109 56 14988
9825 9 9960 0 25 122 14989
9825 6 9962 0 66 134 14990
9825 38 9963 0 7 35 14991
9825 4 9961 0 141 56 14992
9825 19 9960 0 125 90 14993
9825 8 9961 0 108 31 14994
9825 15 9963 0 118 4 14995
9825 36 9961 0 155 122 14996
9825 13 9959 0 123 1 14997
9825 6 9962 0 103 1 14998
9825 6 9962 0 128 40 14999
9825 12 9958 0 109 36 15000
9825 7 9960 0 95 77 15001
9827 60 10000 1 103 22 15002
9836 33 10000 1 78 150 15003
9838 66 10000 1 2 3 15004
9840 4 9975 0 128 23 15005
9840 21 9975 0 18 115 15006
9840 6 9975 0 161 34 15007
9840 44 9977 0 188 80 15008
9840 12 9976 0 120 146 15009
9840 9 9976 0 138 36 15010
9840 29 9974 0 7 35 15011
9840 12 9977 0 101 26 15012
9840 22 9976 0 102 36 15013
9840 6 9977 0 67 20 15014
9840 5 9978 0 100 167 15015
9840 15 9977 0 123 1 15016
9840 10 9975 0 108 58 15017
9840 23 9978 0 109 36 15018
9840 5 9976 0 127 27 15019
9840 41 9977 0 155 79 15020
9840 22 9976 0 99 1 15021
9840 5 9974 0 117 1 15022
9840 4 9976 0 109 56 15023
9840 6 9976 0 108 31 15024
9840 11 9978 0 113 13 15025
9840 12 9979 0 93 51 15026
9840 12 9975 0 57 122 15027
9840 6 9976 0 141 56 15028
9840 37 9976 0 72 194 15029
9840 5 9976 0 78 150 15030
9855 9 9990 0 95 77 15031
9855 41 9989 0 72 194 15032
9855 25 9993 0 164 40 15033
9855 35 9989 0 15 186 15034
9855 3 9991 0 127 27 15035
9855 3 9991 0 122 58 15036
9855 44 9991 0 24 183 15037
9855 11 9990 0 103 22 15038
9855 12 9990 0 173 171 15039
9855 11 9992 0 148 56 15040
9855 3 9989 0 40 105 15041
9855 22 9992 0 118 4 15042
9855 5 9991 0 109 56 15043
9855 12 9990 0 113 13 15044
9855 3 9989 0 61 4 15045
9855 9 9992 0 103 1 15046
9855 5 9991 0 66 169 15047
9855 20 9990 0 137 49 15048
9855 6 9992 0 89 137 15049
9855 4 9992 0 117 1 15050
9855 16 9990 0 123 1 15051
9855 19 9992 0 109 36 15052
9855 22 9991 0 63 86 15053
9855 9 9992 0 156 90 15054
9855 5 9991 0 128 55 15055
9855 21 9991 0 102 36 15056
9855 5 9992 0 166 118 15057
9855 5 9990 0 178 113 15058
9855 20 9988 0 37 7 15059
9856 44 10000 1 20 47 15060
9863 78 10000 1 155 122 15061
9888 63 10000 1 108 31 15062
