25
75 160
191 37
147 156
120 120
32 90
32 20
12 92
174 67
121 29
142 131
5 12
194 145
167 188
43 1
37 199
37 124
61 123
105 2
87 5
59 105
123 80
28 10
59 195
74 47
92 19
0 6 135 0 194 169 1
0 14 137 0 110 24 2
0 12 136 0 124 33 3
0 24 136 0 131 45 4
0 7 137 0 63 113 5
0 4 136 0 72 194 6
0 16 136 0 37 7 7
0 5 136 0 99 9 8
0 39 137 0 106 10 9
0 6 136 0 125 90 10
0 14 137 0 120 146 11
0 12 138 0 132 13 12
0 4 137 0 72 131 13
0 20 135 0 22 41 14
0 20 136 0 121 49 15
0 13 136 0 155 122 16
0 8 135 0 188 80 17
0 6 136 0 2 3 18
0 40 135 0 127 27 19
0 4 136 0 101 26 20
0 11 135 0 182 28 21
0 3 134 0 103 22 22
0 4 138 0 155 52 23
0 5 137 0 40 105 24
0 4 136 0 178 113 25
0 12 137 0 138 36 26
4 74 2990 1 156 90 27
15 11 152 0 161 34 28
15 13 153 0 109 56 29
15 3 152 0 98 36 30
15 6 152 0 40 59 31
15 3 152 0 94 1 32
15 25 152 0 24 195 33
15 32 149 0 143 170 34
15 6 150 0 146 22 35
15 12 151 0 122 11 36
15 11 152 0 182 28 37
15 13 151 0 22 41 38
15 25 152 0 113 48 39
15 3 152 0 117 40 40
15 24 150 0 96 13 41
15 33 150 0 106 10 42
15 6 151 0 149 33 43
15 8 152 0 63 113 44
15 12 148 0 128 40 45
15 32 152 0 164 40 46
15 3 151 0 103 22 47
15 42 154 0 127 27 48
15 11 150 0 140 22 49
21 63 3006 1 57 122 50
30 4 165 0 146 22 51
30 12 165 0 120 146 52
30 11 165 0 6 88 53
30 35 165 0 164 40 54
30 40 166 0 127 27 55
30 15 167 0 122 11 56
30 6 165 0 15 4 57
30 3 167 0 103 22 58
30 21 165 0 109 56 59
30 35 166 0 106 10 60
30 23 165 0 57 122 61
30 19 165 0 131 45 62
30 18 167 0 124 33 63
30 16 165 0 110 24 64
30 21 167 0 179 186 65
30 6 165 0 125 90 66
30 45 167 0 93 51 67
30 13 165 0 96 13 68
30 24 168 0 13 75 69
30 6 164 0 99 9 70
30 4 167 0 98 36 71
32 69 3017 1 13 75 72
45 11 181 0 63 113 73
45 14 182 0 132 13 74
45 25 178 0 96 13 75
45 6 179 0 99 9 76
45 6 183 0 72 194 77
45 33 181 0 66 134 78
45 30 178 0 127 27 79
45 9 183 0 128 40 80
45 22 181 0 124 33 81
45 9 182 0 140 22 82
45 25 179 0 128 55 83
45 5 179 0 155 52 84
45 32 180 0 102 140 85
45 31 180 0 18 115 86
45 14 179 0 122 11 87
45 4 180 0 101 26 88
45 21 181 0 120 146 89
45 4 182 0 72 131 90
45 39 181 0 164 40 91
45 21 179 0 156 90 92
45 5 183 0 98 36 93
45 5 180 0 2 3 94
45 5 181 0 117 40 95
45 22 181 0 15 186 96
45 15 181 0 121 49 97
60 13 195 0 131 45 98
60 14 193 0 128 55 99
60 6 193 0 146 22 100
60 6 195 0 103 22 101
60 21 198 0 156 90 102
60 20 197 0 110 24 103
60 20 193 0 132 13 104
60 12 195 0 140 22 105
60 22 197 0 55 108 106
60 6 195 0 155 52 107
60 3 198 0 94 1 108
60 11 194 0 128 40 109
60 7 194 0 122 58 110
60 17 194 0 124 33 111
60 8 196 0 40 59 112
60 32 197 0 143 170 113
60 24 194 0 166 118 114
60 11 196 0 149 33 115
60 27 197 0 66 134 116
60 25 197 0 122 11 117
60 3 196 0 101 26 118
60 12 196 0 198 85 119
60 5 198 0 72 194 120
60 26 194 0 127 27 121
60 36 197 0 106 10 122
60 23 196 0 15 186 123
60 4 195 0 99 9 124
62 63 3048 1 66 169 125
75 3 209 0 101 26 126
75 27 212 0 127 27 127
75 7 211 0 148 56 128
75 4 211 0 98 36 129
75 16 209 0 113 48 130
75 3 212 0 40 105 131
75 11 211 0 138 36 132
75 23 213 0 110 24 133
75 15 211 0 131 45 134
75 11 213 0 128 40 135
75 25 210 0 66 134 136
75 13 211 0 146 159 137
75 6 209 0 117 40 138
75 24 212 0 15 186 139
75 22 213 0 22 41 140
75 16 212 0 155 79 141
75 15 212 0 109 56 142
75 3 212 0 146 22 143
75 17 211 0 124 33 144
75 16 212 0 37 7 145
75 12 211 0 188 80 146
79 147 3066 1 10 193 147
90 6 228 0 122 58 148
90 6 225 0 149 33 149
90 5 226 0 78 150 150
90 4 226 0 117 40 151
90 4 224 0 72 131 152
90 14 226 0 110 24 153
90 3 226 0 7 180 154
90 25 228 0 24 195 155
90 25 226 0 96 13 156
90 25 227 0 13 75 157
90 41 228 0 10 193 158
90 24 225 0 37 7 159
90 30 226 0 102 140 160
90 9 229 0 128 40 161
90 10 226 0 140 22 162
90 17 226 0 146 119 163
90 17 227 0 122 11 164
90 6 226 0 178 113 165
90 10 228 0 182 28 166
90 17 226 0 156 90 167
90 37 226 0 106 10 168
90 4 227 0 146 22 169
90 39 227 0 29 60 170
90 4 228 0 15 4 171
90 4 227 0 72 194 172
90 19 225 0 120 146 173
90 4 225 0 2 3 174
90 6 225 0 101 26 175
90 8 226 0 138 36 176
90 24 225 0 166 118 177
90 15 225 0 124 33 178
90 26 227 0 127 27 179
90 8 226 0 86 23 180
105 14 241 0 131 45 181
105 40 239 0 24 183 182
105 5 240 0 142 143 183
105 6 242 0 146 22 184
105 4 240 0 155 52 185
105 20 240 0 128 55 186
105 24 245 0 146 159 187
105 6 241 0 78 150 188
105 29 239 0 18 115 189
105 16 243 0 109 56 190
105 7 240 0 128 40 191
105 20 240 0 110 24 192
105 12 241 0 63 113 193
105 19 240 0 121 49 194
105 4 241 0 99 9 195
105 7 241 0 188 80 196
105 23 241 0 166 118 197
105 5 241 0 103 22 198
105 18 241 0 96 13 199
105 4 242 0 125 90 200
105 6 240 0 7 180 201
105 15 241 0 132 13 202
105 5 242 0 101 26 203
105 6 240 0 138 36 204
105 30 240 0 95 77 205
120 6 255 0 72 194 206
120 15 253 0 166 118 207
120 8 254 0 138 36 208
120 6 256 0 6 88 209
120 44 256 0 127 27 210
120 21 254 0 121 49 211
120 8 258 0 128 40 212
120 17 258 0 109 56 213
120 18 255 0 109 1 214
120 4 255 0 98 36 215
120 25 255 0 96 13 216
120 6 255 0 99 9 217
120 4 257 0 103 22 218
120 20 256 0 132 13 219
120 37 257 0 105 143 220
120 11 254 0 182 28 221
122 78 3109 1 6 88 222
135 8 271 0 128 40 223
135 5 270 0 103 22 224
135 12 272 0 24 195 225
135 8 271 0 138 36 226
135 21 272 0 113 48 227
135 20 270 0 156 90 228
135 23 270 0 132 13 229
135 4 268 0 117 40 230
135 22 269 0 110 24 231
135 45 271 0 95 77 232
135 3 272 0 72 131 233
135 5 270 0 99 9 234
135 25 271 0 127 27 235
135 8 270 0 122 58 236
135 18 272 0 122 11 237
135 6 274 0 146 22 238
135 10 271 0 182 28 239
135 3 272 0 178 113 240
135 14 270 0 22 41 241
135 11 268 0 188 80 242
135 9 269 0 63 113 243
135 3 271 0 101 26 244
148 200 3134 1 155 79 245
150 6 283 0 128 40 246
150 43 289 0 102 140 247
150 5 285 0 99 9 248
150 6 286 0 98 36 249
150 6 287 0 142 143 250
150 10 286 0 122 58 251
150 21 286 0 110 24 252
150 38 284 0 127 27 253
150 6 286 0 155 52 254
150 12 286 0 55 108 255
150 6 285 0 63 113 256
150 22 285 0 121 49 257
150 16 285 0 128 55 258
150 7 288 0 140 22 259
150 7 284 0 194 169 260
150 18 286 0 113 48 261
150 23 284 0 122 11 262
150 19 285 0 179 186 263
150 42 285 0 106 10 264
150 4 285 0 15 4 265
150 17 287 0 131 45 266
150 7 286 0 138 36 267
150 18 289 0 155 122 268
155 188 3141 1 121 49 269
161 39 3148 1 109 1 270
164 75 3148 1 96 13 271
165 16 302 0 132 13 272
165 21 300 0 155 122 273
165 40 304 0 66 169 274
165 6 300 0 140 22 275
165 13 302 0 110 24 276
165 5 300 0 142 143 277
165 12 301 0 13 75 278
165 10 301 0 138 36 279
165 9 301 0 182 28 280
165 9 302 0 149 33 281
165 31 299 0 93 51 282
165 41 299 0 106 10 283
165 24 299 0 109 56 284
165 3 301 0 98 36 285
165 4 301 0 101 26 286
165 6 302 0 128 40 287
165 14 302 0 22 41 288
165 24 299 0 124 33 289
165 32 300 0 127 27 290
165 20 303 0 146 119 291
165 14 301 0 120 146 292
165 6 299 0 2 3 293
165 6 300 0 40 105 294
172 103 3157 1 98 36 295
180 39 317 0 29 60 296
180 7 317 0 161 34 297
180 3 315 0 125 90 298
180 3 316 0 98 36 299
180 12 316 0 6 88 300
180 19 317 0 131 45 301
180 10 316 0 138 36 302
180 11 317 0 40 59 303
180 4 317 0 153 145 304
180 19 316 0 121 49 305
180 3 316 0 146 22 306
180 35 314 0 127 27 307
180 36 315 0 106 10 308
180 25 317 0 113 48 309
180 31 317 0 66 169 310
180 5 315 0 117 40 311
180 27 317 0 102 140 312
180 9 313 0 128 40 313
180 6 316 0 67 20 314
180 12 316 0 37 7 315
180 21 315 0 128 55 316
180 33 317 0 18 115 317
180 10 314 0 148 56 318
180 5 316 0 155 52 319
180 12 318 0 140 22 320
195 8 333 0 194 169 321
195 19 331 0 110 24 322
195 20 330 0 132 13 323
195 4 330 0 101 26 324
195 12 332 0 121 49 325
195 12 331 0 128 55 326
195 8 330 0 140 22 327
195 44 331 0 66 169 328
195 18 333 0 15 186 329
195 22 331 0 37 7 330
195 3 330 0 94 1 331
195 13 329 0 146 159 332
195 23 332 0 109 56 333
195 8 331 0 122 58 334
195 24 331 0 109 1 335
195 4 331 0 103 22 336
195 19 331 0 198 85 337
195 6 332 0 149 33 338
195 6 331 0 138 36 339
195 45 330 0 24 183 340
195 6 330 0 7 180 341
195 4 331 0 146 22 342
198 163 3185 1 178 113 343
210 8 347 0 128 40 344
210 9 346 0 63 113 345
210 5 347 0 98 36 346
210 29 345 0 164 40 347
210 12 346 0 122 11 348
210 5 345 0 117 40 349
210 6 346 0 125 90 350
210 10 346 0 138 36 351
210 3 345 0 101 26 352
210 25 347 0 131 45 353
210 17 345 0 57 122 354
210 24 347 0 109 56 355
210 23 346 0 13 75 356
210 16 346 0 113 48 357
210 19 345 0 132 13 358
210 38 344 0 128 96 359
210 24 349 0 55 108 360
210 31 348 0 106 10 361
210 3 346 0 72 194 362
210 18 347 0 109 1 363
210 23 344 0 96 13 364
210 16 344 0 198 85 365
210 18 346 0 155 79 366
225 3 363 0 117 40 367
225 10 363 0 6 88 368
225 37 360 0 102 140 369
225 36 361 0 93 51 370
225 6 361 0 161 34 371
225 6 360 0 103 22 372
225 30 362 0 127 27 373
225 17 360 0 156 90 374
225 25 360 0 155 79 375
225 11 362 0 128 40 376
225 31 363 0 29 60 377
225 43 361 0 66 169 378
225 13 361 0 13 75 379
225 12 361 0 121 49 380
225 7 360 0 63 113 381
225 25 363 0 24 183 382
225 5 361 0 72 194 383
225 25 362 0 132 13 384
225 43 361 0 128 96 385
225 19 361 0 124 33 386
225 4 362 0 125 90 387
225 6 361 0 146 22 388
225 6 359 0 140 22 389
232 32 3220 1 101 26 390
240 6 376 0 101 26 391
240 36 375 0 127 27 392
240 23 378 0 132 13 393
240 24 376 0 37 7 394
240 19 375 0 96 13 395
240 5 375 0 103 22 396
240 21 376 0 124 33 397
240 14 374 0 128 55 398
240 9 376 0 128 40 399
240 25 376 0 156 90 400
240 5 375 0 94 1 401
240 15 377 0 110 24 402
240 13 375 0 109 56 403
240 21 374 0 166 118 404
240 3 377 0 99 9 405
240 8 374 0 149 33 406
240 10 373 0 138 36 407
240 23 376 0 131 45 408
244 52 3229 1 128 55 409
248 60 3234 1 122 58 410
255 3 394 0 125 90 411
255 25 390 0 132 13 412
255 12 390 0 140 22 413
255 38 389 0 106 10 414
255 5 392 0 153 145 415
255 4 388 0 146 22 416
255 5 391 0 99 9 417
255 5 392 0 117 40 418
255 24 390 0 179 186 419
255 18 390 0 122 11 420
255 23 392 0 146 119 421
255 5 392 0 15 4 422
255 6 391 0 94 1 423
255 6 390 0 178 113 424
255 5 391 0 78 150 425
255 16 391 0 156 90 426
255 25 390 0 128 55 427
255 32 391 0 127 27 428
255 43 393 0 29 60 429
255 18 392 0 96 13 430
255 10 392 0 182 28 431
255 22 392 0 113 48 432
255 22 393 0 124 33 433
255 25 390 0 110 24 434
255 22 390 0 121 49 435
270 18 404 0 128 55 436
270 9 407 0 138 36 437
270 8 407 0 188 80 438
270 11 407 0 185 66 439
270 14 406 0 110 24 440
270 6 407 0 178 113 441
270 17 406 0 132 13 442
270 24 407 0 121 49 443
270 8 406 0 40 59 444
270 34 408 0 106 10 445
270 6 405 0 194 169 446
270 15 406 0 146 119 447
270 6 406 0 146 22 448
270 15 406 0 120 146 449
270 5 406 0 15 4 450
270 22 407 0 109 56 451
270 14 406 0 55 108 452
270 3 407 0 101 26 453
270 11 407 0 63 134 454
270 41 406 0 66 134 455
270 13 405 0 96 13 456
270 13 406 0 156 90 457
270 6 406 0 161 34 458
270 25 408 0 93 9 459
270 12 407 0 122 58 460
270 19 407 0 22 41 461
270 5 407 0 117 40 462
270 12 407 0 86 23 463
270 12 405 0 140 22 464
270 44 405 0 143 170 465
270 24 405 0 198 85 466
270 22 408 0 155 79 467
270 6 406 0 153 145 468
276 70 3263 1 40 59 469
285 25 418 0 198 85 470
285 6 421 0 67 20 471
285 23 421 0 96 13 472
285 7 423 0 149 33 473
285 15 419 0 24 195 474
285 25 420 0 120 146 475
285 25 424 0 143 170 476
285 22 419 0 132 13 477
285 6 420 0 101 26 478
285 36 421 0 24 183 479
285 3 421 0 117 40 480
285 31 423 0 106 10 481
285 12 420 0 86 23 482
285 17 420 0 131 45 483
285 3 419 0 98 36 484
285 23 423 0 15 186 485
285 42 422 0 128 96 486
285 8 420 0 128 40 487
285 9 420 0 185 66 488
285 14 422 0 122 11 489
285 13 419 0 113 48 490
285 14 421 0 55 108 491
285 4 420 0 99 9 492
285 13 422 0 110 24 493
285 9 419 0 63 113 494
285 3 421 0 40 105 495
300 22 436 0 55 108 496
300 5 436 0 146 22 497
300 5 435 0 98 36 498
300 3 435 0 125 90 499
300 16 435 0 109 56 500
300 3 436 0 153 145 501
300 11 435 0 128 40 502
300 24 435 0 109 1 503
300 6 436 0 67 20 504
300 11 435 0 138 36 505
300 5 436 0 117 40 506
300 31 437 0 66 169 507
300 23 438 0 110 24 508
300 23 436 0 124 33 509
300 24 438 0 13 75 510
300 14 435 0 132 13 511
300 23 437 0 166 118 512
300 7 436 0 149 33 513
300 44 438 0 10 193 514
300 4 437 0 2 3 515
300 43 435 0 18 115 516
300 24 433 0 155 79 517
300 21 438 0 57 122 518
300 18 438 0 155 122 519
300 19 438 0 131 45 520
300 8 434 0 6 88 521
300 7 437 0 140 22 522
304 78 3289 1 122 11 523
308 37 3292 1 99 9 524
315 3 450 0 101 26 525
315 44 451 0 128 96 526
315 6 452 0 15 4 527
315 7 449 0 138 36 528
315 6 451 0 155 52 529
315 10 451 0 149 33 530
315 6 452 0 128 40 531
315 43 450 0 66 134 532
315 20 453 0 13 75 533
315 5 450 0 99 9 534
315 3 452 0 103 22 535
315 3 452 0 173 171 536
315 12 453 0 132 13 537
315 4 451 0 72 131 538
315 10 450 0 194 169 539
315 5 451 0 142 143 540
315 16 448 0 57 122 541
315 39 449 0 127 27 542
315 6 451 0 98 36 543
315 6 450 0 117 40 544
315 15 451 0 121 49 545
330 24 465 0 13 75 546
330 6 466 0 101 26 547
330 20 468 0 113 48 548
330 6 466 0 178 113 549
330 9 466 0 161 34 550
330 3 467 0 155 52 551
330 15 466 0 121 49 552
330 10 466 0 140 22 553
330 36 469 0 66 134 554
330 5 466 0 98 36 555
330 4 467 0 146 22 556
330 14 465 0 96 13 557
330 24 467 0 109 56 558
330 37 465 0 127 27 559
330 44 466 0 24 183 560
330 23 467 0 132 13 561
330 3 468 0 142 143 562
330 6 465 0 182 28 563
330 14 465 0 131 45 564
330 20 464 0 55 108 565
330 12 466 0 166 118 566
330 26 466 0 106 10 567
345 10 484 0 194 169 568
345 6 481 0 146 22 569
345 13 482 0 93 9 570
345 20 482 0 113 48 571
345 24 481 0 122 11 572
345 3 480 0 103 22 573
345 41 479 0 127 27 574
345 10 483 0 185 66 575
345 29 481 0 143 170 576
345 4 482 0 72 131 577
345 20 480 0 132 13 578
345 5 481 0 173 171 579
345 39 480 0 24 183 580
345 13 481 0 55 108 581
345 4 480 0 78 150 582
345 6 479 0 117 40 583
345 11 481 0 182 28 584
345 40 481 0 18 115 585
345 43 481 0 29 60 586
345 6 483 0 63 134 587
345 5 481 0 101 26 588
345 14 481 0 128 55 589
345 23 479 0 120 146 590
345 19 481 0 110 24 591
345 8 479 0 40 59 592
360 24 495 0 37 7 593
360 16 496 0 120 146 594
360 6 497 0 142 143 595
360 6 493 0 122 58 596
360 17 495 0 132 13 597
360 28 497 0 102 140 598
360 9 496 0 148 56 599
360 12 495 0 138 36 600
360 24 497 0 124 33 601
360 31 495 0 66 134 602
360 43 498 0 127 27 603
360 6 495 0 149 33 604
360 19 496 0 166 118 605
360 4 497 0 103 22 606
360 3 495 0 101 26 607
360 13 496 0 155 79 608
360 14 496 0 122 11 609
360 16 497 0 131 45 610
375 22 512 0 146 119 611
375 34 511 0 93 51 612
375 3 511 0 117 40 613
375 31 512 0 128 96 614
375 18 510 0 110 24 615
375 8 509 0 122 58 616
375 6 511 0 72 131 617
375 8 512 0 149 33 618
375 20 509 0 122 11 619
375 13 510 0 93 9 620
375 7 510 0 128 40 621
375 28 511 0 106 10 622
375 28 512 0 102 140 623
375 16 511 0 124 33 624
375 6 513 0 101 26 625
375 18 510 0 120 146 626
375 18 510 0 155 79 627
375 18 513 0 113 48 628
375 6 512 0 153 145 629
375 24 512 0 96 13 630
375 15 509 0 24 195 631
375 16 512 0 109 1 632
375 4 512 0 125 90 633
375 10 511 0 161 34 634
375 12 514 0 140 22 635
375 9 512 0 182 28 636
375 7 512 0 138 36 637
375 15 510 0 146 159 638
378 64 3365 1 110 24 639
390 14 528 0 109 1 640
390 12 525 0 13 75 641
390 35 529 0 29 60 642
390 5 527 0 99 9 643
390 38 528 0 18 115 644
390 15 526 0 122 11 645
390 11 524 0 188 80 646
390 16 526 0 121 49 647
390 21 528 0 124 33 648
390 5 527 0 101 26 649
390 20 528 0 131 45 650
390 30 524 0 143 170 651
390 35 527 0 127 27 652
390 19 527 0 24 195 653
390 13 527 0 198 85 654
390 4 527 0 178 113 655
390 6 527 0 182 28 656
390 14 527 0 110 24 657
390 43 528 0 105 143 658
390 6 528 0 155 52 659
390 9 526 0 149 33 660
390 7 526 0 122 58 661
392 63 3379 1 15 4 662
392 147 3378 1 40 59 663
397 74 3383 1 72 194 664
404 140 3391 1 117 40 665
405 37 541 0 164 40 666
405 9 542 0 86 23 667
405 5 540 0 2 3 668
405 3 539 0 98 36 669
405 7 539 0 40 59 670
405 3 540 0 72 131 671
405 16 542 0 110 24 672
405 21 542 0 55 108 673
405 20 541 0 198 85 674
405 6 541 0 99 9 675
405 37 540 0 10 193 676
405 29 539 0 18 115 677
405 5 541 0 155 52 678
405 10 540 0 122 58 679
405 6 542 0 149 33 680
405 32 543 0 95 77 681
405 4 543 0 7 180 682
405 14 540 0 128 55 683
405 20 539 0 122 11 684
405 23 541 0 146 119 685
405 11 541 0 140 22 686
405 6 541 0 128 40 687
405 6 542 0 101 26 688
405 13 541 0 109 56 689
405 5 543 0 146 22 690
411 139 3397 1 146 22 691
420 43 555 0 105 143 692
420 18 556 0 37 7 693
420 5 557 0 98 36 694
420 7 558 0 138 36 695
420 28 555 0 127 27 696
420 45 557 0 66 169 697
420 14 554 0 128 55 698
420 13 557 0 110 24 699
420 10 556 0 122 58 700
420 6 556 0 7 180 701
420 23 555 0 93 9 702
420 32 557 0 106 10 703
420 10 556 0 188 80 704
420 15 556 0 120 146 705
420 9 554 0 194 169 706
420 19 555 0 113 48 707
420 9 555 0 63 134 708
420 10 558 0 140 22 709
420 23 555 0 155 122 710
420 7 557 0 128 40 711
420 25 555 0 57 122 712
420 4 555 0 155 52 713
420 33 556 0 164 40 714
420 4 559 0 101 26 715
420 42 556 0 128 96 716
420 6 554 0 146 22 717
420 17 557 0 109 56 718
435 18 573 0 121 49 719
435 7 573 0 138 36 720
435 3 572 0 117 40 721
435 6 570 0 148 56 722
435 24 571 0 120 146 723
435 42 572 0 95 77 724
435 32 569 0 106 10 725
435 6 572 0 185 66 726
435 24 569 0 113 48 727
435 17 571 0 109 1 728
435 5 570 0 98 36 729
435 37 571 0 164 40 730
435 19 571 0 57 122 731
435 25 569 0 124 33 732
435 23 569 0 131 45 733
435 20 572 0 109 56 734
435 23 569 0 146 119 735
435 4 569 0 78 150 736
435 7 573 0 194 169 737
435 14 572 0 132 13 738
435 37 572 0 93 51 739
435 3 571 0 155 52 740
435 22 570 0 96 13 741
435 5 569 0 103 22 742
435 8 570 0 149 33 743
435 3 572 0 146 22 744
439 87 3424 1 66 169 745
450 16 587 0 120 146 746
450 5 585 0 2 3 747
450 30 584 0 106 10 748
450 12 588 0 109 56 749
450 5 585 0 146 22 750
450 25 587 0 179 186 751
450 3 585 0 67 20 752
450 4 586 0 101 26 753
450 4 585 0 99 9 754
450 16 586 0 124 33 755
450 5 586 0 125 90 756
450 15 585 0 57 122 757
450 44 585 0 127 27 758
450 13 586 0 146 159 759
450 31 589 0 66 169 760
450 7 586 0 182 28 761
450 17 587 0 93 9 762
450 39 586 0 105 143 763
450 12 585 0 132 13 764
450 21 586 0 113 48 765
450 24 586 0 156 90 766
450 12 588 0 110 24 767
450 4 583 0 98 36 768
453 185 3440 1 86 23 769
458 59 3446 1 179 186 770
465 23 600 0 120 146 771
465 18 601 0 110 24 772
465 22 603 0 121 49 773
465 25 600 0 124 33 774
465 12 600 0 86 23 775
465 22 601 0 109 1 776
465 4 602 0 67 20 777
465 27 601 0 24 183 778
465 6 602 0 148 56 779
465 6 601 0 72 131 780
465 8 599 0 149 33 781
465 4 600 0 101 26 782
465 23 601 0 179 186 783
465 12 601 0 140 22 784
465 3 602 0 98 36 785
465 15 603 0 122 11 786
465 6 600 0 103 22 787
465 19 600 0 24 195 788
465 6 602 0 99 9 789
465 14 601 0 93 9 790
465 3 601 0 15 4 791
473 35 3460 1 40 105 792
480 12 619 0 140 22 793
480 22 615 0 122 11 794
480 5 616 0 98 36 795
480 16 615 0 109 56 796
480 18 617 0 110 24 797
480 27 617 0 24 183 798
480 45 616 0 127 27 799
480 4 616 0 153 145 800
480 14 617 0 93 9 801
480 6 618 0 101 26 802
480 13 617 0 198 85 803
480 25 616 0 95 77 804
480 18 616 0 146 159 805
480 9 616 0 194 169 806
480 22 616 0 131 45 807
480 4 615 0 15 4 808
480 8 615 0 128 40 809
480 17 616 0 113 48 810
480 12 615 0 96 13 811
480 17 618 0 179 186 812
480 7 615 0 40 59 813
480 14 618 0 37 7 814
485 78 3471 1 125 90 815
487 78 3472 1 37 7 816
491 35 3476 1 132 13 817
495 24 628 0 113 48 818
495 13 630 0 13 75 819
495 4 629 0 78 150 820
495 38 631 0 29 60 821
495 8 631 0 182 28 822
495 6 632 0 103 22 823
495 24 631 0 120 146 824
495 6 631 0 117 40 825
495 6 630 0 99 9 826
495 5 630 0 15 4 827
495 12 631 0 194 169 828
495 6 630 0 138 36 829
495 32 631 0 128 96 830
495 9 629 0 140 22 831
495 6 632 0 155 52 832
495 23 631 0 55 108 833
495 3 627 0 98 36 834
495 32 631 0 127 27 835
495 17 632 0 128 55 836
495 10 631 0 86 23 837
495 24 631 0 131 45 838
495 21 630 0 110 24 839
495 5 633 0 101 26 840
495 35 632 0 106 10 841
495 12 633 0 63 134 842
495 6 630 0 63 113 843
495 14 630 0 109 56 844
510 23 645 0 156 90 845
510 5 645 0 99 9 846
510 17 646 0 128 55 847
510 19 644 0 198 85 848
510 9 647 0 128 40 849
510 23 645 0 132 13 850
510 14 647 0 110 24 851
510 34 647 0 105 143 852
510 6 647 0 67 20 853
510 12 644 0 109 56 854
510 9 646 0 138 36 855
510 25 646 0 131 45 856
510 12 646 0 86 23 857
510 6 648 0 140 22 858
510 6 648 0 101 26 859
510 36 645 0 10 193 860
510 45 646 0 29 60 861
510 3 645 0 15 4 862
510 25 646 0 15 186 863
510 15 647 0 166 118 864
510 12 649 0 146 159 865
510 14 646 0 155 122 866
510 4 646 0 155 52 867
525 23 660 0 131 45 868
525 17 661 0 96 13 869
525 21 661 0 110 24 870
525 11 659 0 182 28 871
525 21 661 0 120 146 872
525 45 660 0 143 170 873
525 9 664 0 188 80 874
525 14 659 0 109 56 875
525 6 660 0 101 26 876
525 24 661 0 121 49 877
525 9 661 0 86 23 878
525 8 661 0 138 36 879
525 6 660 0 98 36 880
525 12 662 0 40 59 881
525 23 660 0 132 13 882
525 5 662 0 7 180 883
525 6 663 0 142 143 884
525 25 661 0 95 77 885
525 21 659 0 166 118 886
525 14 660 0 22 41 887
525 11 661 0 6 88 888
525 21 660 0 55 108 889
525 23 662 0 198 85 890
525 4 661 0 146 22 891
525 17 659 0 179 186 892
528 45 3514 1 72 131 893
529 73 3515 1 95 77 894
540 18 676 0 55 108 895
540 10 677 0 122 58 896
540 12 679 0 185 66 897
540 28 677 0 66 134 898
540 3 676 0 72 131 899
540 13 677 0 132 13 900
540 20 676 0 110 24 901
540 24 676 0 124 33 902
540 12 675 0 128 55 903
540 38 675 0 128 96 904
540 18 675 0 13 75 905
540 5 676 0 72 194 906
540 42 675 0 10 193 907
540 24 675 0 96 13 908
540 12 676 0 113 48 909
540 4 677 0 146 22 910
540 6 675 0 140 22 911
540 9 679 0 128 40 912
540 7 676 0 6 88 913
540 5 676 0 99 9 914
540 6 674 0 103 22 915
555 21 690 0 131 45 916
555 12 690 0 182 28 917
555 17 694 0 155 122 918
555 8 693 0 185 66 919
555 3 691 0 72 194 920
555 6 691 0 161 34 921
555 16 693 0 198 85 922
555 44 694 0 127 27 923
555 14 690 0 120 146 924
555 25 692 0 106 10 925
555 6 692 0 146 22 926
555 8 690 0 6 88 927
555 43 692 0 102 140 928
555 5 691 0 72 131 929
555 42 690 0 95 77 930
555 23 692 0 146 159 931
555 5 692 0 142 143 932
555 4 692 0 2 3 933
555 12 689 0 15 186 934
555 14 692 0 155 79 935
555 10 691 0 140 22 936
555 5 689 0 98 36 937
555 3 691 0 173 171 938
570 22 708 0 96 13 939
570 12 706 0 93 9 940
570 9 707 0 148 56 941
570 34 706 0 29 60 942
570 45 706 0 127 27 943
570 6 703 0 140 22 944
570 35 705 0 93 51 945
570 15 707 0 128 55 946
570 34 707 0 10 193 947
570 13 706 0 132 13 948
570 19 706 0 166 118 949
570 18 706 0 24 195 950
570 7 705 0 128 40 951
570 34 707 0 128 96 952
570 12 706 0 161 34 953
570 4 704 0 117 40 954
570 6 704 0 2 3 955
570 16 708 0 122 11 956
570 9 707 0 149 33 957
570 13 706 0 110 24 958
570 37 706 0 18 115 959
570 8 704 0 182 28 960
570 4 703 0 173 171 961
570 17 705 0 156 90 962
570 15 706 0 109 56 963
570 19 706 0 146 119 964
584 146 3568 1 106 10 965
585 37 722 0 143 170 966
585 25 722 0 66 169 967
585 9 719 0 122 58 968
585 3 722 0 2 3 969
585 4 719 0 94 1 970
585 4 722 0 103 22 971
585 12 721 0 188 80 972
585 11 721 0 6 88 973
585 4 720 0 99 9 974
585 41 720 0 93 51 975
585 3 719 0 178 113 976
585 7 721 0 182 28 977
585 22 720 0 128 55 978
585 12 721 0 149 33 979
585 4 721 0 155 52 980
585 20 719 0 155 122 981
585 7 721 0 40 59 982
585 16 720 0 96 13 983
585 20 722 0 122 11 984
585 6 720 0 117 40 985
585 33 721 0 29 60 986
585 16 723 0 132 13 987
585 28 722 0 164 40 988
585 12 722 0 121 49 989
585 15 721 0 131 45 990
585 22 719 0 109 1 991
585 5 722 0 146 22 992
585 5 722 0 125 90 993
585 39 722 0 127 27 994
585 23 721 0 155 79 995
594 58 3579 1 164 40 996
596 117 3584 1 155 52 997
600 20 736 0 15 186 998
600 5 737 0 2 3 999
600 14 735 0 113 48 1000
600 32 739 0 164 40 1001
600 16 734 0 156 90 1002
600 23 734 0 166 118 1003
600 3 733 0 103 22 1004
600 9 735 0 122 58 1005
600 8 735 0 148 56 1006
600 24 736 0 131 45 1007
600 11 737 0 128 40 1008
600 6 736 0 101 26 1009
600 15 737 0 57 122 1010
600 14 734 0 128 55 1011
600 19 737 0 132 13 1012
600 18 738 0 109 56 1013
600 3 735 0 67 20 1014
600 41 738 0 106 10 1015
600 38 736 0 127 27 1016
600 4 737 0 94 1 1017
600 3 736 0 117 40 1018
600 4 737 0 178 113 1019
615 4 753 0 178 113 1020
615 9 752 0 148 56 1021
615 44 750 0 127 27 1022
615 13 752 0 132 13 1023
615 5 751 0 146 22 1024
615 3 751 0 173 171 1025
615 15 750 0 179 186 1026
615 5 749 0 15 4 1027
615 7 753 0 138 36 1028
615 23 752 0 131 45 1029
615 13 752 0 110 24 1030
615 19 750 0 113 48 1031
615 4 749 0 2 3 1032
615 3 751 0 103 22 1033
615 3 751 0 117 40 1034
615 3 750 0 7 180 1035
615 5 751 0 94 1 1036
615 4 751 0 101 26 1037
615 6 750 0 72 131 1038
615 18 752 0 57 122 1039
615 32 754 0 66 169 1040
615 4 753 0 142 143 1041
615 26 751 0 128 96 1042
617 196 3602 1 194 169 1043
630 28 765 0 66 169 1044
630 33 768 0 102 140 1045
630 13 767 0 15 186 1046
630 17 768 0 37 7 1047
630 4 765 0 72 131 1048
630 15 766 0 128 55 1049
630 29 768 0 105 143 1050
630 6 765 0 99 9 1051
630 9 765 0 63 134 1052
630 15 766 0 132 13 1053
630 23 766 0 122 11 1054
630 14 767 0 146 119 1055
630 19 767 0 96 13 1056
630 8 766 0 140 22 1057
630 25 767 0 24 183 1058
630 20 767 0 179 186 1059
630 3 766 0 146 22 1060
630 7 765 0 40 59 1061
630 20 766 0 113 48 1062
630 21 766 0 155 79 1063
630 4 766 0 98 36 1064
630 18 767 0 146 159 1065
630 6 764 0 78 150 1066
630 20 767 0 109 56 1067
630 35 764 0 143 170 1068
630 3 766 0 101 26 1069
630 19 766 0 24 195 1070
630 31 765 0 127 27 1071
630 15 765 0 124 33 1072
630 4 766 0 117 40 1073
630 3 764 0 15 4 1074
645 13 782 0 55 108 1075
645 25 780 0 110 24 1076
645 18 783 0 198 85 1077
645 7 781 0 149 33 1078
645 31 782 0 127 27 1079
645 30 780 0 143 170 1080
645 37 781 0 24 183 1081
645 18 781 0 15 186 1082
645 10 781 0 182 28 1083
645 42 780 0 105 143 1084
645 38 780 0 95 77 1085
645 15 782 0 113 48 1086
645 13 784 0 13 75 1087
645 30 780 0 106 10 1088
645 27 781 0 102 140 1089
645 14 782 0 22 41 1090
645 12 780 0 109 56 1091
645 12 779 0 6 88 1092
645 24 781 0 121 49 1093
645 12 780 0 155 122 1094
645 6 780 0 117 40 1095
645 3 781 0 2 3 1096
660 23 796 0 128 55 1097
660 3 797 0 7 180 1098
660 7 796 0 140 22 1099
660 33 798 0 106 10 1100
660 12 795 0 149 33 1101
660 6 795 0 72 131 1102
660 13 797 0 122 11 1103
660 11 796 0 63 134 1104
660 8 797 0 194 169 1105
660 12 798 0 131 45 1106
660 36 797 0 18 115 1107
660 6 796 0 103 22 1108
660 23 799 0 15 186 1109
660 34 795 0 24 183 1110
660 18 797 0 109 56 1111
660 4 796 0 99 9 1112
660 11 796 0 138 36 1113
660 23 796 0 179 186 1114
660 22 797 0 155 122 1115
660 6 794 0 98 36 1116
665 73 3651 1 148 56 1117
675 25 811 0 131 45 1118
675 12 810 0 132 13 1119
675 6 811 0 72 194 1120
675 22 810 0 93 9 1121
675 9 811 0 122 58 1122
675 23 813 0 122 11 1123
675 17 811 0 198 85 1124
675 6 812 0 125 90 1125
675 27 810 0 10 193 1126
675 8 810 0 128 40 1127
675 6 808 0 103 22 1128
675 4 810 0 101 26 1129
675 23 810 0 110 24 1130
675 6 811 0 99 9 1131
675 21 812 0 121 49 1132
675 5 809 0 2 3 1133
675 26 813 0 143 170 1134
675 39 812 0 93 51 1135
675 17 809 0 96 13 1136
675 40 811 0 106 10 1137
676 98 3662 1 72 131 1138
690 15 824 0 155 79 1139
690 3 825 0 101 26 1140
690 3 828 0 98 36 1141
690 5 826 0 99 9 1142
690 5 830 0 125 90 1143
690 6 823 0 128 40 1144
690 29 823 0 24 183 1145
690 3 828 0 155 52 1146
690 25 826 0 198 85 1147
690 5 825 0 103 22 1148
690 13 827 0 96 13 1149
690 3 827 0 2 3 1150
690 12 827 0 121 49 1151
690 15 824 0 22 41 1152
690 39 826 0 95 77 1153
690 10 824 0 140 22 1154
690 14 826 0 124 33 1155
690 3 826 0 72 131 1156
690 25 826 0 113 48 1157
690 4 827 0 94 1 1158
705 4 841 0 101 26 1159
705 5 841 0 103 22 1160
705 8 841 0 140 22 1161
705 25 840 0 110 24 1162
705 21 840 0 124 33 1163
705 9 840 0 138 36 1164
705 11 843 0 63 134 1165
705 36 842 0 29 60 1166
705 5 841 0 99 9 1167
705 3 841 0 40 105 1168
705 11 839 0 6 88 1169
705 5 841 0 98 36 1170
705 6 839 0 173 171 1171
705 12 842 0 24 195 1172
705 40 841 0 106 10 1173
705 12 841 0 113 48 1174
705 15 840 0 121 49 1175
705 8 840 0 128 40 1176
705 15 840 0 132 13 1177
705 11 842 0 161 34 1178
705 4 840 0 155 52 1179
708 47 3694 1 98 36 1180
709 45 3696 1 102 140 1181
719 79 3706 1 198 85 1182
720 38 856 0 127 27 1183
720 9 854 0 6 88 1184
720 43 856 0 66 169 1185
720 24 856 0 93 9 1186
720 28 857 0 29 60 1187
720 12 857 0 63 134 1188
720 44 855 0 93 51 1189
720 9 855 0 149 33 1190
720 3 857 0 98 36 1191
720 43 859 0 128 96 1192
720 24 856 0 15 186 1193
720 10 856 0 194 169 1194
720 25 856 0 164 40 1195
720 6 856 0 155 52 1196
720 27 856 0 106 10 1197
720 23 855 0 124 33 1198
720 10 855 0 148 56 1199
720 5 857 0 7 180 1200
720 45 858 0 143 170 1201
720 18 855 0 24 195 1202
720 8 855 0 140 22 1203
720 10 856 0 182 28 1204
720 6 855 0 94 1 1205
735 11 872 0 140 22 1206
735 18 869 0 57 122 1207
735 24 872 0 96 13 1208
735 4 870 0 125 90 1209
735 6 872 0 98 36 1210
735 17 873 0 155 122 1211
735 5 868 0 153 145 1212
735 6 871 0 99 9 1213
735 3 871 0 94 1 1214
735 40 872 0 66 169 1215
735 40 872 0 95 77 1216
735 9 871 0 63 113 1217
735 42 869 0 66 134 1218
735 41 872 0 106 10 1219
735 6 869 0 155 52 1220
735 6 871 0 117 40 1221
735 11 870 0 122 58 1222
735 21 870 0 131 45 1223
735 3 871 0 101 26 1224
735 20 871 0 15 186 1225
735 8 870 0 149 33 1226
735 32 872 0 143 170 1227
735 5 871 0 78 150 1228
735 24 872 0 120 146 1229
735 18 871 0 109 56 1230
750 22 884 0 13 75 1231
750 7 884 0 140 22 1232
750 44 884 0 106 10 1233
750 4 887 0 40 105 1234
750 29 887 0 164 40 1235
750 32 885 0 128 96 1236
750 25 887 0 22 41 1237
750 14 886 0 124 33 1238
750 40 887 0 10 193 1239
750 5 886 0 155 52 1240
750 3 887 0 117 40 1241
750 12 886 0 138 36 1242
750 4 885 0 99 9 1243
750 5 887 0 101 26 1244
750 13 886 0 120 146 1245
750 24 886 0 131 45 1246
750 17 887 0 146 159 1247
750 11 888 0 122 58 1248
750 21 885 0 128 55 1249
750 7 886 0 86 23 1250
750 22 884 0 15 186 1251
750 10 888 0 149 33 1252
750 36 886 0 105 143 1253
750 5 886 0 103 22 1254
750 7 887 0 182 28 1255
750 25 887 0 122 11 1256
750 13 887 0 132 13 1257
765 45 903 0 93 51 1258
765 18 901 0 198 85 1259
765 6 900 0 40 59 1260
765 3 901 0 146 22 1261
765 3 900 0 101 26 1262
765 37 901 0 106 10 1263
765 9 899 0 122 58 1264
765 17 902 0 132 13 1265
765 24 901 0 156 90 1266
765 3 902 0 142 143 1267
765 19 902 0 155 122 1268
765 5 901 0 103 22 1269
765 12 901 0 128 40 1270
765 4 901 0 2 3 1271
765 25 897 0 24 195 1272
765 25 900 0 143 170 1273
773 99 3758 1 113 48 1274
780 9 916 0 40 59 1275
780 25 916 0 132 13 1276
780 10 915 0 138 36 1277
780 15 917 0 156 90 1278
780 12 915 0 182 28 1279
780 18 918 0 109 1 1280
780 8 915 0 86 23 1281
780 17 916 0 131 45 1282
780 22 916 0 13 75 1283
780 24 916 0 179 186 1284
780 32 915 0 164 40 1285
780 45 918 0 10 193 1286
780 9 915 0 122 58 1287
780 20 917 0 55 108 1288
780 24 918 0 120 146 1289
780 6 918 0 99 9 1290
780 4 916 0 98 36 1291
780 3 917 0 2 3 1292
780 4 917 0 146 22 1293
780 15 916 0 113 48 1294
780 11 916 0 128 40 1295
780 12 916 0 124 33 1296
780 6 915 0 40 105 1297
780 18 914 0 146 159 1298
780 8 918 0 140 22 1299
795 37 931 0 127 27 1300
795 3 934 0 2 3 1301
795 24 931 0 122 11 1302
795 12 928 0 155 122 1303
795 21 930 0 113 48 1304
795 31 930 0 128 96 1305
795 40 929 0 66 134 1306
795 10 932 0 122 58 1307
795 4 934 0 99 9 1308
795 6 932 0 94 1 1309
795 35 933 0 93 51 1310
795 22 930 0 24 195 1311
795 19 931 0 132 13 1312
795 16 932 0 146 159 1313
795 6 931 0 101 26 1314
795 5 933 0 146 22 1315
795 19 930 0 146 119 1316
795 4 933 0 117 40 1317
795 9 928 0 149 33 1318
795 24 931 0 13 75 1319
795 6 932 0 173 171 1320
795 8 931 0 148 56 1321
795 16 930 0 110 24 1322
795 5 932 0 98 36 1323
795 12 930 0 37 7 1324
795 21 931 0 131 45 1325
798 57 3785 1 117 40 1326
810 4 946 0 40 105 1327
810 24 946 0 15 186 1328
810 19 944 0 128 55 1329
810 44 947 0 127 27 1330
810 22 946 0 132 13 1331
810 3 946 0 142 143 1332
810 34 945 0 66 169 1333
810 5 947 0 98 36 1334
810 6 946 0 178 113 1335
810 6 946 0 117 40 1336
810 7 947 0 148 56 1337
810 6 945 0 146 22 1338
810 16 948 0 120 146 1339
810 18 944 0 121 49 1340
810 17 946 0 179 186 1341
810 20 947 0 198 85 1342
810 13 947 0 109 56 1343
810 11 947 0 138 36 1344
810 19 946 0 113 48 1345
810 9 946 0 161 34 1346
810 8 946 0 63 113 1347
810 5 945 0 67 20 1348
810 9 945 0 128 40 1349
810 12 948 0 57 122 1350
810 7 946 0 140 22 1351
825 38 960 0 18 115 1352
825 15 962 0 113 48 1353
825 12 962 0 128 55 1354
825 44 960 0 29 60 1355
825 4 960 0 94 1 1356
825 11 964 0 128 40 1357
825 6 962 0 185 66 1358
825 21 962 0 24 195 1359
825 42 961 0 102 140 1360
825 8 961 0 138 36 1361
825 8 961 0 63 134 1362
825 14 963 0 198 85 1363
825 17 961 0 131 45 1364
825 15 963 0 156 90 1365
825 13 963 0 22 41 1366
825 28 962 0 127 27 1367
825 20 959 0 132 13 1368
825 24 963 0 146 159 1369
825 38 963 0 105 143 1370
825 5 960 0 67 20 1371
825 19 959 0 121 49 1372
836 47 3823 1 93 9 1373
840 12 976 0 155 79 1374
840 11 975 0 149 33 1375
840 19 976 0 122 11 1376
840 8 977 0 122 58 1377
840 6 975 0 101 26 1378
840 5 976 0 155 52 1379
840 18 975 0 146 119 1380
840 43 976 0 106 10 1381
840 4 975 0 173 171 1382
840 9 976 0 140 22 1383
840 14 976 0 121 49 1384
840 6 975 0 128 40 1385
840 14 975 0 96 13 1386
840 6 974 0 99 9 1387
840 23 977 0 109 1 1388
840 32 977 0 143 170 1389
840 6 976 0 40 105 1390
840 15 978 0 109 56 1391
840 43 977 0 127 27 1392
840 6 974 0 185 66 1393
840 21 975 0 124 33 1394
840 34 975 0 102 140 1395
840 6 976 0 142 143 1396
840 8 975 0 148 56 1397
840 3 976 0 2 3 1398
840 5 975 0 117 40 1399
841 76 3829 1 94 1 1400
842 73 3829 1 128 96 1401
855 16 990 0 179 186 1402
855 15 991 0 155 79 1403
855 5 991 0 99 9 1404
855 21 992 0 131 45 1405
855 6 992 0 15 4 1406
855 6 990 0 98 36 1407
855 9 990 0 63 113 1408
855 25 991 0 109 56 1409
855 3 989 0 103 22 1410
855 7 989 0 149 33 1411
855 25 991 0 132 13 1412
855 4 991 0 153 145 1413
855 38 990 0 95 77 1414
855 45 991 0 164 40 1415
855 4 991 0 117 40 1416
855 6 991 0 101 26 1417
855 7 991 0 122 58 1418
855 24 990 0 128 55 1419
855 18 993 0 113 48 1420
855 3 989 0 40 105 1421
855 38 991 0 106 10 1422
855 24 992 0 22 41 1423
855 14 992 0 124 33 1424
855 44 992 0 10 193 1425
858 40 3842 1 93 51 1426
870 22 1007 0 22 41 1427
870 18 1006 0 155 79 1428
870 15 1005 0 57 122 1429
870 11 1009 0 140 22 1430
870 10 1005 0 188 80 1431
870 23 1005 0 109 56 1432
870 4 1006 0 99 9 1433
870 21 1007 0 132 13 1434
870 3 1007 0 101 26 1435
870 8 1006 0 161 34 1436
870 23 1007 0 131 45 1437
870 36 1005 0 106 10 1438
870 7 1006 0 40 59 1439
870 4 1006 0 142 143 1440
870 4 1007 0 117 40 1441
870 12 1005 0 138 36 1442
870 18 1007 0 121 49 1443
870 14 1007 0 109 1 1444
870 29 1006 0 18 115 1445
870 20 1006 0 124 33 1446
870 41 1005 0 66 169 1447
870 18 1007 0 198 85 1448
870 9 1006 0 194 169 1449
885 34 1022 0 24 183 1450
885 16 1020 0 120 146 1451
885 6 1023 0 146 22 1452
885 33 1020 0 127 27 1453
885 4 1021 0 173 171 1454
885 24 1022 0 146 119 1455
885 20 1022 0 110 24 1456
885 4 1021 0 72 131 1457
885 25 1020 0 146 159 1458
885 6 1021 0 6 88 1459
885 3 1020 0 15 4 1460
885 5 1021 0 178 113 1461
885 12 1020 0 148 56 1462
885 8 1020 0 138 36 1463
885 4 1021 0 99 9 1464
885 19 1021 0 121 49 1465
885 18 1021 0 24 195 1466
885 22 1019 0 109 56 1467
900 4 1036 0 117 40 1468
900 9 1035 0 188 80 1469
900 39 1035 0 106 10 1470
900 18 1035 0 121 49 1471
900 21 1036 0 146 119 1472
900 3 1038 0 155 52 1473
900 35 1035 0 66 169 1474
900 7 1035 0 122 58 1475
900 25 1035 0 110 24 1476
900 21 1036 0 155 79 1477
900 21 1037 0 13 75 1478
900 13 1036 0 93 9 1479
900 30 1034 0 93 51 1480
900 5 1036 0 101 26 1481
900 12 1036 0 149 33 1482
900 15 1036 0 132 13 1483
900 15 1038 0 128 55 1484
900 21 1035 0 109 56 1485
900 24 1036 0 179 186 1486
900 3 1038 0 173 171 1487
900 3 1036 0 103 22 1488
900 5 1039 0 99 9 1489
900 45 1035 0 95 77 1490
900 14 1033 0 120 146 1491
901 117 3886 1 2 3 1492
913 73 3900 1 66 134 1493
915 8 1050 0 140 22 1494
915 6 1052 0 99 9 1495
915 38 1052 0 24 183 1496
915 42 1052 0 106 10 1497
915 25 1050 0 110 24 1498
915 44 1051 0 127 27 1499
915 8 1050 0 86 23 1500
915 8 1050 0 138 36 1501
915 5 1050 0 142 143 1502
915 14 1051 0 93 9 1503
915 16 1052 0 122 11 1504
915 17 1052 0 179 186 1505
915 12 1052 0 113 48 1506
915 14 1050 0 124 33 1507
915 16 1050 0 109 56 1508
915 3 1051 0 153 145 1509
915 10 1054 0 149 33 1510
915 6 1051 0 103 22 1511
915 7 1050 0 188 80 1512
915 16 1051 0 132 13 1513
926 112 3913 1 122 11 1514
928 154 3912 1 198 85 1515
930 12 1066 0 149 33 1516
930 20 1068 0 121 49 1517
930 22 1065 0 128 55 1518
930 25 1066 0 166 118 1519
930 6 1068 0 98 36 1520
930 32 1066 0 127 27 1521
930 5 1066 0 173 171 1522
930 22 1067 0 96 13 1523
930 8 1067 0 140 22 1524
930 4 1065 0 155 52 1525
930 32 1066 0 106 10 1526
930 18 1065 0 122 11 1527
930 3 1066 0 40 105 1528
930 12 1065 0 182 28 1529
930 20 1066 0 113 48 1530
930 19 1065 0 109 1 1531
930 6 1066 0 146 22 1532
930 6 1064 0 99 9 1533
939 96 3925 1 103 22 1534
945 20 1081 0 57 122 1535
945 5 1081 0 101 26 1536
945 30 1080 0 29 60 1537
945 12 1080 0 6 88 1538
945 35 1079 0 95 77 1539
945 4 1080 0 99 9 1540
945 12 1082 0 122 58 1541
945 17 1081 0 131 45 1542
945 19 1082 0 121 49 1543
945 6 1079 0 40 59 1544
945 27 1082 0 24 183 1545
945 35 1082 0 106 10 1546
945 9 1082 0 140 22 1547
945 8 1081 0 86 23 1548
945 5 1080 0 103 22 1549
945 6 1083 0 67 20 1550
945 6 1080 0 128 40 1551
945 29 1081 0 93 51 1552
945 30 1078 0 105 143 1553
945 4 1081 0 2 3 1554
945 40 1079 0 18 115 1555
945 7 1083 0 194 169 1556
945 13 1082 0 179 186 1557
945 24 1081 0 128 55 1558
953 68 3939 1 18 115 1559
954 61 3940 1 113 48 1560
956 168 3943 1 166 118 1561
960 19 1095 0 121 49 1562
960 31 1095 0 102 140 1563
960 39 1096 0 128 96 1564
960 5 1096 0 178 113 1565
960 5 1094 0 117 40 1566
960 13 1096 0 179 186 1567
960 3 1096 0 78 150 1568
960 24 1096 0 15 186 1569
960 33 1097 0 95 77 1570
960 23 1097 0 13 75 1571
960 5 1095 0 103 22 1572
960 34 1095 0 127 27 1573
960 12 1097 0 122 58 1574
960 5 1093 0 72 131 1575
960 24 1096 0 55 108 1576
960 21 1098 0 124 33 1577
960 4 1098 0 94 1 1578
960 10 1097 0 140 22 1579
960 6 1096 0 40 59 1580
960 6 1096 0 72 194 1581
960 4 1094 0 101 26 1582
960 21 1095 0 128 55 1583
968 156 3952 1 153 145 1584
975 16 1111 0 96 13 1585
975 31 1112 0 24 183 1586
975 45 1111 0 106 10 1587
975 3 1111 0 178 113 1588
975 23 1111 0 15 186 1589
975 10 1110 0 148 56 1590
975 6 1111 0 40 59 1591
975 4 1110 0 98 36 1592
975 13 1110 0 156 90 1593
975 20 1110 0 109 1 1594
975 21 1109 0 122 11 1595
975 9 1112 0 140 22 1596
975 22 1112 0 124 33 1597
975 21 1113 0 93 9 1598
975 43 1109 0 127 27 1599
975 38 1112 0 18 115 1600
975 4 1109 0 2 3 1601
975 24 1111 0 22 41 1602
975 3 1111 0 101 26 1603
975 4 1111 0 72 194 1604
975 21 1112 0 121 49 1605
975 28 1112 0 66 134 1606
975 6 1112 0 99 9 1607
985 66 3972 1 182 28 1608
990 27 1125 0 106 10 1609
990 12 1124 0 113 48 1610
990 5 1126 0 94 1 1611
990 15 1124 0 131 45 1612
990 34 1129 0 127 27 1613
990 3 1127 0 101 26 1614
990 17 1127 0 122 11 1615
990 3 1126 0 117 40 1616
990 3 1126 0 146 22 1617
990 40 1124 0 29 60 1618
990 13 1124 0 15 186 1619
990 4 1127 0 99 9 1620
990 15 1126 0 146 159 1621
990 3 1128 0 155 52 1622
990 6 1126 0 140 22 1623
990 12 1126 0 96 13 1624
990 12 1125 0 40 59 1625
990 8 1126 0 128 40 1626
990 45 1127 0 102 140 1627
990 6 1126 0 98 36 1628
990 3 1126 0 125 90 1629
1001 54 3989 1 146 119 1630
1003 37 3988 1 155 79 1631
1005 15 1141 0 132 13 1632
1005 9 1141 0 149 33 1633
1005 8 1140 0 182 28 1634
1005 7 1141 0 40 59 1635
1005 16 1142 0 96 13 1636
1005 23 1142 0 146 119 1637
1005 9 1142 0 122 58 1638
1005 12 1141 0 131 45 1639
1005 5 1142 0 173 171 1640
1005 20 1139 0 55 108 1641
1005 18 1141 0 109 1 1642
1005 24 1140 0 22 41 1643
1005 6 1141 0 15 4 1644
1005 27 1143 0 143 170 1645
1005 10 1142 0 86 23 1646
1005 5 1142 0 117 40 1647
1005 15 1142 0 109 56 1648
1005 11 1142 0 128 40 1649
1005 26 1142 0 93 51 1650
1005 4 1141 0 78 150 1651
1005 27 1139 0 128 96 1652
1005 3 1140 0 99 9 1653
1005 39 1142 0 106 10 1654
1019 64 4006 1 140 22 1655
1020 28 1159 0 18 115 1656
1020 16 1157 0 198 85 1657
1020 24 1156 0 96 13 1658
1020 32 1156 0 102 140 1659
1020 13 1155 0 131 45 1660
1020 6 1157 0 99 9 1661
1020 15 1155 0 166 118 1662
1020 15 1156 0 122 11 1663
1020 25 1157 0 120 146 1664
1020 9 1158 0 128 40 1665
1020 6 1158 0 185 66 1666
1020 17 1156 0 146 159 1667
1020 6 1160 0 98 36 1668
1020 6 1157 0 117 40 1669
1020 21 1157 0 124 33 1670
1020 6 1158 0 146 22 1671
1020 29 1154 0 164 40 1672
1020 42 1158 0 66 169 1673
1020 22 1154 0 15 186 1674
1020 40 1158 0 106 10 1675
1020 40 1157 0 95 77 1676
1020 25 1158 0 113 48 1677
1020 4 1154 0 72 131 1678
1020 6 1156 0 149 33 1679
1020 16 1155 0 128 55 1680
1020 23 1154 0 132 13 1681
1020 10 1156 0 140 22 1682
1020 12 1156 0 146 119 1683
1020 12 1155 0 122 58 1684
1020 23 1157 0 13 75 1685
1035 25 1171 0 120 146 1686
1035 5 1169 0 101 26 1687
1035 3 1172 0 2 3 1688
1035 23 1172 0 179 186 1689
1035 5 1169 0 155 52 1690
1035 6 1171 0 173 171 1691
1035 35 1170 0 24 183 1692
1035 8 1172 0 122 58 1693
1035 5 1171 0 142 143 1694
1035 30 1172 0 95 77 1695
1035 24 1172 0 96 13 1696
1035 4 1170 0 103 22 1697
1035 10 1170 0 128 40 1698
1035 16 1171 0 110 24 1699
1035 11 1171 0 161 34 1700
1035 22 1170 0 132 13 1701
1035 33 1172 0 66 134 1702
1035 6 1171 0 146 22 1703
1035 7 1172 0 185 66 1704
1035 14 1171 0 155 122 1705
1035 12 1168 0 15 186 1706
1035 19 1173 0 131 45 1707
1035 18 1171 0 24 195 1708
1035 45 1171 0 106 10 1709
1037 41 4024 1 105 143 1710
1037 189 4022 1 6 88 1711
1050 32 1184 0 105 143 1712
1050 9 1187 0 149 33 1713
1050 16 1186 0 179 186 1714
1050 37 1186 0 10 193 1715
1050 5 1185 0 67 20 1716
1050 12 1185 0 121 49 1717
1050 21 1185 0 120 146 1718
1050 19 1186 0 128 55 1719
1050 3 1189 0 173 171 1720
1050 18 1185 0 110 24 1721
1050 4 1187 0 103 22 1722
1050 7 1186 0 128 40 1723
1050 19 1185 0 146 119 1724
1050 21 1187 0 96 13 1725
1050 7 1187 0 122 58 1726
1050 5 1187 0 125 90 1727
1050 11 1187 0 86 23 1728
1050 4 1188 0 117 40 1729
1050 11 1187 0 185 66 1730
1050 35 1186 0 95 77 1731
1050 12 1188 0 148 56 1732
1050 6 1185 0 98 36 1733
1050 23 1184 0 109 56 1734
1050 3 1186 0 178 113 1735
1053 60 4038 1 86 23 1736
1065 24 1201 0 156 90 1737
1065 4 1203 0 142 143 1738
1065 3 1202 0 125 90 1739
1065 7 1202 0 128 40 1740
1065 15 1200 0 113 48 1741
1065 6 1203 0 194 169 1742
1065 5 1199 0 99 9 1743
1065 29 1200 0 127 27 1744
1065 8 1201 0 140 22 1745
1065 4 1201 0 67 20 1746
1065 24 1201 0 110 24 1747
1065 4 1201 0 40 105 1748
1065 20 1199 0 132 13 1749
1065 25 1201 0 146 159 1750
1065 9 1201 0 122 58 1751
1065 4 1201 0 98 36 1752
1065 12 1199 0 148 56 1753
1065 16 1202 0 128 55 1754
1065 3 1201 0 146 22 1755
1080 19 1215 0 110 24 1756
1080 49 4066 1 124 33 1757
1080 31 1216 0 66 134 1758
1080 4 1216 0 101 26 1759
1080 5 1217 0 146 22 1760
1080 18 1216 0 121 49 1761
1080 12 1214 0 149 33 1762
1080 24 1214 0 131 45 1763
1080 7 1215 0 63 134 1764
1080 22 1217 0 179 186 1765
1080 13 1215 0 15 186 1766
1080 3 1217 0 72 194 1767
1080 12 1215 0 140 22 1768
1080 12 1216 0 185 66 1769
1080 15 1215 0 122 11 1770
1080 7 1217 0 194 169 1771
1080 25 1217 0 18 115 1772
1080 13 1217 0 109 56 1773
1080 23 1215 0 124 33 1774
1080 44 1216 0 106 10 1775
1080 36 1216 0 24 183 1776
1080 6 1216 0 117 40 1777
1080 5 1216 0 15 4 1778
1080 21 1215 0 113 48 1779
1080 7 1219 0 182 28 1780
1080 39 1215 0 93 51 1781
1080 11 1217 0 128 40 1782
1080 37 1215 0 105 143 1783
1080 5 1214 0 103 22 1784
1083 54 4070 1 103 22 1785
1093 79 4079 1 185 66 1786
1095 38 1231 0 18 115 1787
1095 16 1230 0 57 122 1788
1095 44 1230 0 93 51 1789
1095 6 1230 0 99 9 1790
1095 5 1233 0 101 26 1791
1095 12 1230 0 132 13 1792
1095 8 1232 0 122 58 1793
1095 10 1231 0 148 56 1794
1095 35 1231 0 105 143 1795
1095 12 1229 0 22 41 1796
1095 3 1231 0 155 52 1797
1095 7 1233 0 140 22 1798
1095 6 1229 0 40 59 1799
1095 17 1232 0 146 159 1800
1095 9 1232 0 138 36 1801
1095 8 1230 0 161 34 1802
1095 22 1231 0 93 9 1803
1095 13 1231 0 146 119 1804
1095 23 1232 0 131 45 1805
1095 25 1231 0 110 24 1806
1106 37 4091 1 131 45 1807
1110 3 1246 0 78 150 1808
1110 7 1248 0 128 40 1809
1110 6 1248 0 146 22 1810
1110 8 1247 0 86 23 1811
1110 22 1247 0 109 1 1812
1110 18 1245 0 122 11 1813
1110 17 1246 0 93 9 1814
1110 10 1245 0 140 22 1815
1110 30 1246 0 66 169 1816
1110 8 1246 0 161 34 1817
1110 6 1245 0 173 171 1818
1110 33 1246 0 127 27 1819
1110 21 1247 0 166 118 1820
1110 20 1249 0 124 33 1821
1110 11 1247 0 122 58 1822
1110 13 1245 0 110 24 1823
1110 22 1246 0 146 119 1824
1110 18 1246 0 132 13 1825
1110 3 1247 0 72 131 1826
1110 12 1245 0 185 66 1827
1110 5 1246 0 40 105 1828
1110 6 1245 0 117 40 1829
1110 4 1247 0 15 4 1830
1110 3 1247 0 67 20 1831
1110 12 1245 0 148 56 1832
1110 12 1244 0 40 59 1833
1110 33 1248 0 106 10 1834
1110 16 1248 0 113 48 1835
1110 12 1247 0 120 146 1836
1125 4 1263 0 72 194 1837
1125 6 1263 0 122 58 1838
1125 35 1262 0 93 51 1839
1125 17 1261 0 96 13 1840
1125 6 1265 0 117 40 1841
1125 23 1262 0 132 13 1842
1125 40 1261 0 66 169 1843
1125 3 1262 0 146 22 1844
1125 11 1260 0 63 113 1845
1125 24 1262 0 109 56 1846
1125 35 1262 0 18 115 1847
1125 11 1261 0 128 40 1848
1125 29 1261 0 66 134 1849
1125 30 1263 0 128 96 1850
1125 24 1262 0 37 7 1851
1125 24 1259 0 179 186 1852
1125 21 1261 0 15 186 1853
1125 15 1261 0 166 118 1854
1125 38 1261 0 164 40 1855
1125 6 1261 0 138 36 1856
1125 3 1259 0 103 22 1857
1125 23 1262 0 122 11 1858
1125 19 1262 0 120 146 1859
1125 14 1258 0 55 108 1860
1125 15 1260 0 146 119 1861
1125 3 1259 0 178 113 1862
1125 21 1262 0 131 45 1863
1125 7 1262 0 149 33 1864
1140 14 1276 0 122 11 1865
1140 22 1276 0 132 13 1866
1140 15 1273 0 113 48 1867
1140 10 1276 0 63 134 1868
1140 9 1277 0 138 36 1869
1140 33 1281 0 102 140 1870
1140 20 1276 0 166 118 1871
1140 6 1276 0 103 22 1872
1140 19 1277 0 124 33 1873
1140 44 1277 0 106 10 1874
1140 17 1275 0 37 7 1875
1140 12 1276 0 109 56 1876
1140 15 1276 0 110 24 1877
1140 9 1276 0 194 169 1878
1140 6 1276 0 153 145 1879
1140 35 1276 0 128 96 1880
1140 19 1277 0 198 85 1881
1140 12 1276 0 128 40 1882
1140 11 1274 0 140 22 1883
1140 25 1276 0 121 49 1884
1140 26 1274 0 10 193 1885
1140 18 1275 0 22 41 1886
1140 11 1276 0 122 58 1887
1150 44 4135 1 22 41 1888
1155 4 1293 0 178 113 1889
1155 19 1290 0 124 33 1890
1155 19 1291 0 131 45 1891
1155 32 1291 0 66 134 1892
1155 6 1292 0 142 143 1893
1155 6 1293 0 153 145 1894
1155 3 1292 0 101 26 1895
1155 5 1292 0 103 22 1896
1155 7 1292 0 138 36 1897
1155 20 1292 0 166 118 1898
1155 15 1290 0 128 55 1899
1155 6 1291 0 146 22 1900
1155 20 1293 0 146 159 1901
1155 17 1292 0 122 11 1902
1155 11 1293 0 161 34 1903
1155 11 1290 0 122 58 1904
1155 6 1292 0 117 40 1905
1155 14 1291 0 96 13 1906
1155 6 1291 0 72 194 1907
1155 23 1292 0 113 48 1908
1156 71 4143 1 78 150 1909
1157 73 4142 1 173 171 1910
1158 57 4144 1 153 145 1911
1170 6 1306 0 149 33 1912
1170 5 1309 0 98 36 1913
1170 5 1306 0 101 26 1914
1170 5 1306 0 117 40 1915
1170 42 1304 0 164 40 1916
1170 16 1304 0 15 186 1917
1170 8 1306 0 122 58 1918
1170 4 1304 0 155 52 1919
1170 13 1304 0 166 118 1920
1170 4 1304 0 72 131 1921
1170 22 1307 0 96 13 1922
1170 10 1305 0 140 22 1923
1170 14 1304 0 198 85 1924
1170 11 1307 0 128 40 1925
1170 18 1306 0 109 56 1926
1170 23 1306 0 122 11 1927
1170 15 1307 0 132 13 1928
1170 6 1304 0 146 22 1929
1170 41 1307 0 128 96 1930
1170 43 1305 0 95 77 1931
1170 3 1306 0 125 90 1932
1170 12 1305 0 63 134 1933
1174 42 4160 1 24 195 1934
1185 14 1321 0 96 13 1935
1185 36 1320 0 10 193 1936
1185 22 1321 0 155 122 1937
1185 3 1320 0 155 52 1938
1185 16 1321 0 120 146 1939
1185 13 1320 0 55 108 1940
1185 11 1318 0 63 134 1941
1185 5 1320 0 125 90 1942
1185 5 1320 0 103 22 1943
1185 8 1321 0 138 36 1944
1185 11 1323 0 182 28 1945
1185 9 1321 0 122 58 1946
1185 41 1319 0 127 27 1947
1185 16 1322 0 109 1 1948
1185 3 1320 0 40 105 1949
1185 5 1318 0 142 143 1950
1185 6 1319 0 128 40 1951
1185 17 1320 0 110 24 1952
1185 37 1322 0 18 115 1953
1185 41 1323 0 66 134 1954
1185 7 1321 0 149 33 1955
1185 5 1323 0 101 26 1956
1185 10 1322 0 6 88 1957
1185 25 1320 0 109 56 1958
1185 4 1321 0 94 1 1959
1185 6 1323 0 98 36 1960
1185 5 1318 0 15 4 1961
1185 6 1323 0 67 20 1962
1185 13 1319 0 124 33 1963
1185 5 1322 0 153 145 1964
1191 33 4175 1 63 134 1965
1200 12 1337 0 124 33 1966
1200 26 1337 0 127 27 1967
1200 25 1334 0 128 96 1968
1200 9 1336 0 140 22 1969
1200 43 1334 0 105 143 1970
1200 31 1337 0 66 169 1971
1200 20 1337 0 57 122 1972
1200 11 1335 0 128 40 1973
1200 18 1337 0 96 13 1974
1200 4 1337 0 15 4 1975
1200 17 1335 0 13 75 1976
1200 11 1335 0 63 134 1977
1200 12 1336 0 131 45 1978
1200 19 1338 0 146 159 1979
1200 7 1337 0 122 58 1980
1200 3 1335 0 67 20 1981
1200 19 1335 0 128 55 1982
1200 22 1336 0 132 13 1983
1200 6 1337 0 72 131 1984
1200 21 1338 0 166 118 1985
1200 5 1335 0 117 40 1986
1200 12 1336 0 113 48 1987
1200 4 1338 0 78 150 1988
1200 18 1336 0 24 195 1989
1200 3 1334 0 142 143 1990
1215 20 1351 0 121 49 1991
1215 5 1350 0 173 171 1992
1215 21 1353 0 156 90 1993
1215 14 1353 0 110 24 1994
1215 6 1353 0 161 34 1995
1215 15 1353 0 96 13 1996
1215 15 1350 0 179 186 1997
1215 16 1349 0 24 195 1998
1215 32 1351 0 106 10 1999
1215 6 1352 0 78 150 2000
1215 5 1352 0 98 36 2001
1215 14 1351 0 198 85 2002
1215 23 1351 0 109 56 2003
1215 5 1352 0 7 180 2004
1215 11 1352 0 40 59 2005
1215 9 1353 0 138 36 2006
1215 11 1351 0 122 58 2007
1215 28 1353 0 127 27 2008
1215 22 1349 0 113 48 2009
1215 9 1350 0 128 40 2010
1215 18 1351 0 146 119 2011
1230 3 1367 0 67 20 2012
1230 14 1366 0 128 55 2013
1230 24 1364 0 121 49 2014
1230 36 1365 0 106 10 2015
1230 26 1367 0 10 193 2016
1230 5 1366 0 101 26 2017
1230 21 1367 0 155 79 2018
1230 21 1367 0 24 195 2019
1230 18 1366 0 110 24 2020
1230 8 1368 0 140 22 2021
1230 9 1369 0 194 169 2022
1230 15 1368 0 146 159 2023
1230 33 1367 0 143 170 2024
1230 19 1368 0 109 56 2025
1230 20 1364 0 96 13 2026
1230 24 1364 0 131 45 2027
1230 34 1366 0 95 77 2028
1230 12 1367 0 149 33 2029
1230 5 1367 0 117 40 2030
1230 22 1369 0 124 33 2031
1230 31 1366 0 93 51 2032
1230 6 1367 0 173 171 2033
1230 4 1369 0 99 9 2034
1230 10 1365 0 138 36 2035
1230 19 1365 0 120 146 2036
1233 60 4220 1 55 108 2037
1245 3 1379 0 155 52 2038
1245 3 1380 0 117 40 2039
1245 30 1381 0 105 143 2040
1245 16 1380 0 120 146 2041
1245 3 1381 0 72 131 2042
1245 30 1381 0 164 40 2043
1245 39 1379 0 18 115 2044
1245 6 1379 0 78 150 2045
1245 38 1382 0 127 27 2046
1245 5 1381 0 103 22 2047
1245 4 1381 0 67 20 2048
1245 23 1378 0 96 13 2049
1245 38 4231 1 178 113 2050
1245 11 1381 0 194 169 2051
1245 6 1382 0 140 22 2052
1245 7 1381 0 138 36 2053
1245 36 1382 0 10 193 2054
1245 16 1379 0 128 55 2055
1245 32 1382 0 106 10 2056
1245 3 1382 0 99 9 2057
1245 6 1380 0 146 22 2058
1245 9 1379 0 122 58 2059
1245 32 1381 0 143 170 2060
1245 16 1381 0 121 49 2061
1245 21 1381 0 166 118 2062
1245 25 1383 0 132 13 2063
1245 12 1381 0 122 11 2064
1245 6 1382 0 40 105 2065
1245 13 1379 0 124 33 2066
1260 17 1395 0 113 48 2067
1260 3 1396 0 40 105 2068
1260 15 1397 0 179 186 2069
1260 17 1392 0 57 122 2070
1260 6 1394 0 40 59 2071
1260 6 1396 0 188 80 2072
1260 5 1395 0 117 40 2073
1260 17 1395 0 96 13 2074
1260 3 1396 0 67 20 2075
1260 12 1397 0 120 146 2076
1260 11 1399 0 128 40 2077
1260 17 1395 0 124 33 2078
1260 24 1397 0 109 56 2079
1260 6 1396 0 2 3 2080
1260 18 1396 0 55 108 2081
1260 24 1396 0 128 55 2082
1260 16 1396 0 146 119 2083
1260 6 1395 0 103 22 2084
1260 38 1395 0 164 40 2085
1260 14 1396 0 166 118 2086
1260 42 1394 0 106 10 2087
1260 10 1396 0 140 22 2088
1260 17 1397 0 156 90 2089
1275 35 1411 0 106 10 2090
1275 3 1410 0 78 150 2091
1275 14 1411 0 132 13 2092
1275 5 1412 0 72 131 2093
1275 12 1412 0 13 75 2094
1275 25 1411 0 146 119 2095
1275 21 1408 0 131 45 2096
1275 15 1414 0 93 9 2097
1275 3 1412 0 15 4 2098
1275 18 1411 0 155 79 2099
1275 8 1412 0 128 40 2100
1275 12 1411 0 128 55 2101
1275 3 1410 0 101 26 2102
1275 8 1410 0 86 23 2103
1275 34 1409 0 66 134 2104
1275 34 1412 0 143 170 2105
1275 10 1410 0 63 134 2106
1275 6 1412 0 117 40 2107
1275 37 1411 0 127 27 2108
1275 13 1413 0 110 24 2109
1275 41 1411 0 93 51 2110
1275 21 1411 0 146 159 2111
1275 3 1410 0 99 9 2112
1275 8 1410 0 194 169 2113
1275 4 1410 0 178 113 2114
1275 21 1412 0 179 186 2115
1275 15 1413 0 96 13 2116
1275 8 1410 0 140 22 2117
1275 44 1412 0 29 60 2118
1275 6 1411 0 155 52 2119
1275 31 1412 0 66 169 2120
1275 23 1411 0 113 48 2121
1275 19 1410 0 121 49 2122
1290 15 1427 0 131 45 2123
1290 41 1426 0 127 27 2124
1290 24 1425 0 121 49 2125
1290 3 1425 0 99 9 2126
1290 23 1425 0 124 33 2127
1290 3 1426 0 15 4 2128
1290 11 1429 0 122 58 2129
1290 21 1426 0 132 13 2130
1290 6 1426 0 63 134 2131
1290 35 1427 0 128 96 2132
1290 32 1423 0 164 40 2133
1290 5 1425 0 155 52 2134
1290 29 1425 0 18 115 2135
1290 16 1427 0 57 122 2136
1290 12 1426 0 156 90 2137
1290 4 1426 0 78 150 2138
1290 14 1427 0 113 48 2139
1290 3 1425 0 98 36 2140
1290 24 1426 0 146 119 2141
1290 16 1428 0 122 11 2142
1290 15 1426 0 96 13 2143
1290 12 1427 0 149 33 2144
1305 19 1440 0 57 122 2145
1305 21 1441 0 96 13 2146
1305 11 1438 0 138 36 2147
1305 4 1443 0 146 22 2148
1305 4 1442 0 99 9 2149
1305 10 1439 0 122 58 2150
1305 10 1442 0 140 22 2151
1305 5 1442 0 178 113 2152
1305 15 1440 0 22 41 2153
1305 3 1443 0 142 143 2154
1305 24 1442 0 155 79 2155
1305 7 1440 0 148 56 2156
1305 4 1441 0 117 40 2157
1305 52 4290 1 155 122 2158
1305 23 1441 0 24 195 2159
1305 24 1442 0 113 48 2160
1305 13 1439 0 131 45 2161
1305 7 1439 0 182 28 2162
1305 3 1441 0 98 36 2163
1305 14 1441 0 124 33 2164
1305 16 1443 0 166 118 2165
1305 24 1441 0 155 122 2166
1314 40 4300 1 166 118 2167
1320 17 1457 0 146 159 2168
1320 19 1455 0 120 146 2169
1320 7 1457 0 149 33 2170
1320 5 1458 0 94 1 2171
1320 14 1455 0 110 24 2172
1320 8 1456 0 122 58 2173
1320 3 1455 0 101 26 2174
1320 11 1457 0 138 36 2175
1320 43 1455 0 127 27 2176
1320 5 1457 0 103 22 2177
1320 24 1454 0 131 45 2178
1320 21 1457 0 121 49 2179
1320 4 1457 0 72 131 2180
1320 33 1458 0 106 10 2181
1320 3 1459 0 155 52 2182
1320 10 1456 0 148 56 2183
1320 6 1456 0 188 80 2184
1320 45 1454 0 24 183 2185
1320 3 1457 0 99 9 2186
1320 21 1455 0 155 79 2187
1320 14 1456 0 124 33 2188
1320 11 1458 0 63 134 2189
1320 18 1456 0 128 55 2190
1320 3 1458 0 15 4 2191
1320 25 1456 0 143 170 2192
1320 13 1457 0 132 13 2193
1320 6 1456 0 40 105 2194
1320 6 1455 0 178 113 2195
1320 5 1455 0 146 22 2196
1320 18 1457 0 37 7 2197
1320 38 1455 0 66 134 2198
1320 4 1454 0 117 40 2199
1321 60 4307 1 155 52 2200
1335 18 1469 0 110 24 2201
1335 12 1472 0 122 58 2202
1335 21 1471 0 121 49 2203
1335 5 1471 0 101 26 2204
1335 7 1473 0 40 59 2205
1335 15 1471 0 128 55 2206
1335 26 1470 0 127 27 2207
1335 6 1471 0 138 36 2208
1335 8 1473 0 140 22 2209
1335 5 1472 0 103 22 2210
1335 6 1470 0 67 20 2211
1335 20 1469 0 124 33 2212
1335 42 1470 0 143 170 2213
1335 4 1471 0 178 113 2214
1335 6 1470 0 99 9 2215
1335 19 1470 0 131 45 2216
1335 3 1472 0 15 4 2217
1335 9 1469 0 128 40 2218
1335 25 1471 0 105 143 2219
1335 45 1471 0 95 77 2220
1335 28 1471 0 66 134 2221
1350 20 1486 0 113 48 2222
1350 31 1486 0 143 170 2223
1350 4 1487 0 117 40 2224
1350 6 1487 0 7 180 2225
1350 6 1487 0 140 22 2226
1350 18 1487 0 155 122 2227
1350 5 1485 0 15 4 2228
1350 5 1484 0 101 26 2229
1350 17 1485 0 124 33 2230
1350 16 1486 0 128 55 2231
1350 18 1487 0 93 9 2232
1350 5 1487 0 98 36 2233
1350 7 1486 0 63 113 2234
1350 25 1486 0 121 49 2235
1350 17 1486 0 109 1 2236
1350 42 1486 0 106 10 2237
1350 15 1486 0 179 186 2238
1350 11 1486 0 194 169 2239
1350 44 1487 0 105 143 2240
1350 15 1486 0 131 45 2241
1350 16 1485 0 146 159 2242
1350 30 1486 0 95 77 2243
1350 15 1485 0 15 186 2244
1350 17 1484 0 96 13 2245
1365 24 1502 0 37 7 2246
1365 45 1500 0 127 27 2247
1365 13 1501 0 122 11 2248
1365 45 1499 0 106 10 2249
1365 22 1501 0 166 118 2250
1365 3 1502 0 153 145 2251
1365 13 1501 0 121 49 2252
1365 13 1502 0 109 1 2253
1365 3 1500 0 155 52 2254
1365 5 1501 0 142 143 2255
1365 28 1501 0 102 140 2256
1365 4 1500 0 72 131 2257
1365 35 1501 0 164 40 2258
1365 21 1499 0 109 56 2259
1365 7 1502 0 185 66 2260
1365 14 1503 0 131 45 2261
1365 11 1501 0 149 33 2262
1365 5 1500 0 94 1 2263
1365 34 1500 0 66 134 2264
1365 25 1500 0 132 13 2265
1365 14 1502 0 96 13 2266
1365 25 1502 0 146 159 2267
1365 14 1499 0 113 48 2268
1365 9 1501 0 140 22 2269
1365 4 1500 0 146 22 2270
1365 8 1500 0 6 88 2271
1365 20 1501 0 146 119 2272
1380 5 1513 0 2 3 2273
1380 4 1516 0 101 26 2274
1380 5 1519 0 117 40 2275
1380 24 1515 0 132 13 2276
1380 3 1514 0 146 22 2277
1380 34 1517 0 95 77 2278
1380 6 1515 0 128 40 2279
1380 28 1518 0 93 51 2280
1380 31 1515 0 10 193 2281
1380 5 1516 0 142 143 2282
1380 21 1516 0 110 24 2283
1380 4 1517 0 98 36 2284
1380 13 1516 0 179 186 2285
1380 10 1514 0 40 59 2286
1380 3 1514 0 155 52 2287
1380 17 1518 0 57 122 2288
1380 11 1516 0 140 22 2289
1380 25 1516 0 122 11 2290
1380 8 1513 0 138 36 2291
1380 44 1518 0 127 27 2292
1384 88 4372 1 122 58 2293
1390 39 4377 1 138 36 2294
1393 55 4380 1 142 143 2295
1395 24 1532 0 146 159 2296
1395 11 1531 0 140 22 2297
1395 30 1529 0 128 96 2298
1395 3 1532 0 99 9 2299
1395 15 1529 0 124 33 2300
1395 25 1532 0 13 75 2301
1395 10 1531 0 161 34 2302
1395 9 1532 0 63 113 2303
1395 25 1530 0 155 122 2304
1395 12 1532 0 57 122 2305
1395 6 1533 0 40 59 2306
1395 17 1531 0 24 195 2307
1395 15 1530 0 15 186 2308
1395 20 1532 0 113 48 2309
1395 10 1532 0 185 66 2310
1395 13 1531 0 166 118 2311
1395 32 1531 0 24 183 2312
1395 32 1531 0 164 40 2313
1395 11 1531 0 182 28 2314
1395 6 1529 0 72 194 2315
1395 5 1533 0 101 26 2316
1395 16 1531 0 132 13 2317
1395 6 1532 0 98 36 2318
1395 44 1531 0 143 170 2319
1402 59 4389 1 96 13 2320
1407 126 4391 1 66 134 2321
1410 16 1546 0 22 41 2322
1410 25 1547 0 113 48 2323
1410 13 1547 0 128 55 2324
1410 41 1548 0 29 60 2325
1410 39 1545 0 18 115 2326
1410 4 1547 0 117 40 2327
1410 3 1544 0 103 22 2328
1410 43 1546 0 106 10 2329
1410 23 1547 0 109 56 2330
1410 20 1547 0 131 45 2331
1410 3 1547 0 67 20 2332
1410 12 1546 0 96 13 2333
1410 14 1546 0 57 122 2334
1410 16 1547 0 120 146 2335
1410 7 1547 0 6 88 2336
1425 5 1562 0 117 40 2337
1425 4 1560 0 98 36 2338
1425 25 1562 0 121 49 2339
1425 7 1560 0 140 22 2340
1425 25 1563 0 124 33 2341
1425 3 1559 0 99 9 2342
1425 23 1561 0 109 56 2343
1425 6 1562 0 148 56 2344
1425 25 1560 0 179 186 2345
1425 11 1562 0 6 88 2346
1425 5 1561 0 94 1 2347
1425 5 1562 0 15 4 2348
1425 12 1559 0 138 36 2349
1425 15 1562 0 13 75 2350
1425 18 1562 0 128 55 2351
1425 11 1561 0 86 23 2352
1425 23 1561 0 156 90 2353
1425 16 1561 0 96 13 2354
1429 71 4415 1 15 186 2355
1440 11 1576 0 86 23 2356
1440 23 1577 0 128 55 2357
1440 6 1577 0 122 58 2358
1440 5 1574 0 117 40 2359
1440 3 1575 0 99 9 2360
1440 4 1575 0 125 90 2361
1440 15 1577 0 110 24 2362
1440 31 1575 0 102 140 2363
1440 6 1574 0 78 150 2364
1440 25 1577 0 109 1 2365
1440 27 1576 0 10 193 2366
1440 25 1576 0 113 48 2367
1440 3 1575 0 40 105 2368
1440 12 1576 0 182 28 2369
1440 11 1575 0 149 33 2370
1440 11 1577 0 6 88 2371
1440 9 1577 0 161 34 2372
1440 6 1574 0 94 1 2373
1440 23 1574 0 131 45 2374
1440 19 1574 0 37 7 2375
1440 19 1574 0 121 49 2376
1440 4 1578 0 72 194 2377
1440 41 1576 0 105 143 2378
1446 175 4433 1 55 108 2379
1455 22 1590 0 96 13 2380
1455 12 1591 0 131 45 2381
1455 20 1591 0 156 90 2382
1455 12 1591 0 57 122 2383
1455 20 1590 0 113 48 2384
1455 19 1590 0 128 55 2385
1455 6 1587 0 99 9 2386
1455 9 1591 0 182 28 2387
1455 5 1594 0 7 180 2388
1455 13 1591 0 179 186 2389
1455 10 1591 0 149 33 2390
1455 34 1589 0 127 27 2391
1455 9 1588 0 128 40 2392
1455 28 1591 0 102 140 2393
1455 4 1591 0 178 113 2394
1455 7 1591 0 161 34 2395
1455 21 1591 0 110 24 2396
1455 13 1592 0 155 79 2397
1455 21 1591 0 13 75 2398
1455 4 1590 0 2 3 2399
1455 5 1591 0 117 40 2400
1455 3 1590 0 98 36 2401
1455 22 1593 0 124 33 2402
1455 3 1589 0 40 105 2403
1455 20 1591 0 122 11 2404
1455 21 1591 0 109 56 2405
1455 3 1593 0 101 26 2406
1470 43 1606 0 93 51 2407
1470 23 1604 0 128 55 2408
1470 11 1606 0 188 80 2409
1470 3 1607 0 98 36 2410
1470 4 1606 0 142 143 2411
1470 6 1605 0 128 40 2412
1470 5 1607 0 101 26 2413
1470 8 1607 0 182 28 2414
1470 6 1604 0 178 113 2415
1470 14 1606 0 113 48 2416
1470 9 1607 0 122 58 2417
1470 7 1604 0 40 59 2418
1470 19 1606 0 15 186 2419
1470 5 1608 0 94 1 2420
1470 17 1605 0 131 45 2421
1470 41 1606 0 66 169 2422
1470 30 1606 0 10 193 2423
1470 5 1605 0 117 40 2424
1470 17 1606 0 57 122 2425
1470 12 1605 0 96 13 2426
1470 38 1602 0 164 40 2427
1481 52 4466 1 146 22 2428
1485 19 1624 0 109 56 2429
1485 3 1621 0 142 143 2430
1485 6 1624 0 146 22 2431
1485 43 1622 0 127 27 2432
1485 5 1622 0 99 9 2433
1485 24 1621 0 124 33 2434
1485 16 1619 0 37 7 2435
1485 40 1622 0 102 140 2436
1485 15 1622 0 113 48 2437
1485 29 1618 0 143 170 2438
1485 26 1621 0 18 115 2439
1485 11 1618 0 63 134 2440
1485 12 1621 0 122 58 2441
1485 4 1620 0 101 26 2442
1485 33 1619 0 164 40 2443
1485 18 1618 0 57 122 2444
1485 22 1619 0 131 45 2445
1485 5 1621 0 98 36 2446
1485 7 1618 0 128 40 2447
1485 6 1619 0 149 33 2448
1485 22 1621 0 120 146 2449
1485 3 1621 0 72 194 2450
1486 39 4472 1 122 11 2451
1500 22 1636 0 109 56 2452
1500 3 1638 0 94 1 2453
1500 3 1638 0 146 22 2454
1500 18 1634 0 122 11 2455
1500 32 1637 0 127 27 2456
1500 12 1634 0 124 33 2457
1500 25 1634 0 37 7 2458
1500 15 1636 0 55 108 2459
1500 42 1636 0 29 60 2460
1500 30 1637 0 106 10 2461
1500 12 1637 0 140 22 2462
1500 4 1636 0 103 22 2463
1500 34 1636 0 24 183 2464
1500 5 1634 0 101 26 2465
1500 28 1638 0 66 169 2466
1500 20 1633 0 128 55 2467
1500 18 1637 0 96 13 2468
1500 12 1636 0 149 33 2469
1512 42 4498 1 161 34 2470
1515 19 1648 0 24 195 2471
1515 12 1651 0 124 33 2472
1515 6 1652 0 67 20 2473
1515 8 1651 0 194 169 2474
1515 39 1652 0 102 140 2475
1515 20 1650 0 131 45 2476
1515 6 1650 0 153 145 2477
1515 13 1651 0 109 1 2478
1515 24 1648 0 113 48 2479
1515 6 1651 0 103 22 2480
1515 15 1651 0 128 55 2481
1515 22 1652 0 146 159 2482
1515 37 1653 0 24 183 2483
1515 12 1650 0 140 22 2484
1515 11 1650 0 149 33 2485
1515 45 1651 0 10 193 2486
1515 18 1652 0 22 41 2487
1515 6 1652 0 15 4 2488
1515 10 1651 0 182 28 2489
1521 39 4507 1 121 49 2490
1525 57 4513 1 188 80 2491
1527 44 4513 1 149 33 2492
1530 6 1665 0 140 22 2493
1530 26 1668 0 10 193 2494
1530 12 1667 0 110 24 2495
1530 12 1664 0 15 186 2496
1530 31 1664 0 106 10 2497
1530 7 1664 0 63 134 2498
1530 12 1664 0 122 58 2499
1530 16 1667 0 179 186 2500
1530 25 1667 0 24 195 2501
1530 5 1667 0 99 9 2502
1530 41 1664 0 128 96 2503
1530 19 1665 0 156 90 2504
1530 9 1666 0 128 40 2505
1530 5 1665 0 125 90 2506
1530 18 1666 0 120 146 2507
1530 15 1668 0 131 45 2508
1530 19 1667 0 22 41 2509
1530 22 1666 0 13 75 2510
1530 6 1668 0 101 26 2511
1530 21 1665 0 146 159 2512
1530 15 1664 0 128 55 2513
1530 3 1667 0 98 36 2514
1540 79 4526 1 24 183 2515
1545 6 1682 0 117 40 2516
1545 14 1682 0 57 122 2517
1545 6 1682 0 101 26 2518
1545 12 1680 0 194 169 2519
1545 23 1683 0 128 55 2520
1545 21 1681 0 121 49 2521
1545 18 1681 0 122 11 2522
1545 42 1680 0 18 115 2523
1545 18 1682 0 24 195 2524
1545 6 1682 0 103 22 2525
1545 22 1682 0 146 159 2526
1545 41 1681 0 106 10 2527
1545 16 1680 0 120 146 2528
1545 3 1680 0 72 131 2529
1545 41 1681 0 127 27 2530
1545 22 1682 0 110 24 2531
1545 16 1682 0 109 56 2532
1545 22 1682 0 131 45 2533
1560 44 1698 0 66 134 2534
1560 33 1696 0 106 10 2535
1560 5 1694 0 78 150 2536
1560 18 1696 0 128 55 2537
1560 20 1695 0 122 11 2538
1560 25 1695 0 146 159 2539
1560 22 1695 0 57 122 2540
1560 44 1696 0 102 140 2541
1560 15 1696 0 155 122 2542
1560 5 1697 0 15 4 2543
1560 43 1696 0 95 77 2544
1560 5 1698 0 117 40 2545
1560 17 1696 0 131 45 2546
1560 39 1694 0 127 27 2547
1560 17 1699 0 124 33 2548
1560 11 1695 0 122 58 2549
1560 3 1697 0 72 131 2550
1560 36 1698 0 66 169 2551
1560 12 1694 0 185 66 2552
1560 20 1695 0 55 108 2553
1560 21 1697 0 110 24 2554
1560 15 1696 0 121 49 2555
1560 15 1695 0 146 119 2556
1560 19 1696 0 96 13 2557
1560 22 1697 0 132 13 2558
1575 5 1711 0 117 40 2559
1575 7 1712 0 63 113 2560
1575 21 1712 0 124 33 2561
1575 41 1712 0 18 115 2562
1575 26 1713 0 102 140 2563
1575 21 1710 0 13 75 2564
1575 7 1712 0 122 58 2565
1575 36 1712 0 24 183 2566
1575 6 1711 0 103 22 2567
1575 15 1711 0 156 90 2568
1575 11 1710 0 161 34 2569
1575 23 1709 0 113 48 2570
1575 17 1708 0 131 45 2571
1575 24 1711 0 55 108 2572
1575 13 1709 0 121 49 2573
1575 44 1712 0 106 10 2574
1575 6 1710 0 63 134 2575
1575 8 1712 0 128 40 2576
1575 21 1709 0 93 9 2577
1575 15 1711 0 122 11 2578
1575 3 1710 0 101 26 2579
1575 25 1711 0 24 195 2580
1575 14 1710 0 128 55 2581
1575 20 1711 0 109 1 2582
1575 5 1710 0 67 20 2583
1575 21 1715 0 110 24 2584
1590 24 1724 0 110 24 2585
1590 17 1727 0 122 11 2586
1590 38 1725 0 128 96 2587
1590 17 1727 0 131 45 2588
1590 29 1727 0 105 143 2589
1590 18 1726 0 121 49 2590
1590 38 1728 0 29 60 2591
1590 18 1728 0 146 119 2592
1590 7 1724 0 149 33 2593
1590 12 1727 0 120 146 2594
1590 6 1726 0 142 143 2595
1590 25 1725 0 109 56 2596
1590 6 1726 0 178 113 2597
1590 16 1728 0 124 33 2598
1590 3 1726 0 2 3 2599
1590 4 1725 0 98 36 2600
1590 38 1726 0 106 10 2601
1590 6 1726 0 72 131 2602
1590 32 1726 0 66 169 2603
1590 36 1728 0 18 115 2604
1590 11 1727 0 40 59 2605
1590 24 1725 0 198 85 2606
1590 4 1725 0 117 40 2607
1605 17 1741 0 156 90 2608
1605 3 1743 0 142 143 2609
1605 43 1739 0 127 27 2610
1605 26 1742 0 128 96 2611
1605 24 1739 0 155 79 2612
1605 24 1741 0 113 48 2613
1605 36 1741 0 95 77 2614
1605 6 1740 0 99 9 2615
1605 14 1741 0 131 45 2616
1605 11 1743 0 140 22 2617
1605 14 1740 0 110 24 2618
1605 24 1740 0 128 55 2619
1605 12 1740 0 138 36 2620
1605 19 1740 0 132 13 2621
1605 11 1741 0 188 80 2622
1605 13 1742 0 24 195 2623
1605 9 1741 0 128 40 2624
1605 22 1740 0 124 33 2625
1605 34 1741 0 93 51 2626
1605 20 1740 0 109 56 2627
1605 11 1740 0 63 113 2628
1605 3 1741 0 94 1 2629
1605 19 1742 0 198 85 2630
1605 7 1740 0 86 23 2631
1605 39 1740 0 106 10 2632
1615 61 4601 1 122 58 2633
1620 12 1757 0 128 40 2634
1620 18 1757 0 128 55 2635
1620 14 1754 0 132 13 2636
1620 8 1756 0 138 36 2637
1620 25 1757 0 110 24 2638
1620 5 1756 0 2 3 2639
1620 4 1758 0 125 90 2640
1620 20 1759 0 146 159 2641
1620 20 1757 0 156 90 2642
1620 5 1755 0 178 113 2643
1620 36 1756 0 127 27 2644
1620 10 1757 0 6 88 2645
1620 16 1755 0 120 146 2646
1620 6 1756 0 72 194 2647
1620 13 1754 0 13 75 2648
1620 6 1757 0 117 40 2649
1620 17 1754 0 198 85 2650
1620 17 1756 0 24 195 2651
1620 6 1756 0 103 22 2652
1620 10 1754 0 188 80 2653
1620 12 1756 0 161 34 2654
1620 7 1757 0 149 33 2655
1620 14 1757 0 96 13 2656
1620 39 1756 0 66 169 2657
1620 34 1758 0 10 193 2658
1620 39 1756 0 95 77 2659
1621 48 4607 1 194 169 2660
1629 71 4616 1 7 180 2661
1635 21 1770 0 132 13 2662
1635 4 1772 0 117 40 2663
1635 11 1770 0 188 80 2664
1635 25 1771 0 121 49 2665
1635 13 1773 0 122 11 2666
1635 7 1772 0 63 113 2667
1635 5 1772 0 40 105 2668
1635 19 1773 0 109 56 2669
1635 23 1772 0 179 186 2670
1635 8 1772 0 161 34 2671
1635 6 1772 0 128 40 2672
1635 15 1771 0 131 45 2673
1635 18 1770 0 113 48 2674
1635 28 1772 0 18 115 2675
1635 11 1770 0 149 33 2676
1635 28 1769 0 24 183 2677
1635 36 1772 0 10 193 2678
1635 23 1770 0 156 90 2679
1635 19 1771 0 109 1 2680
1635 15 1771 0 120 146 2681
1635 12 1771 0 140 22 2682
1635 6 1773 0 146 22 2683
1635 17 1772 0 146 159 2684
1637 35 4622 1 29 60 2685
1650 6 1786 0 142 143 2686
1650 3 1786 0 72 131 2687
1650 14 1785 0 13 75 2688
1650 18 1786 0 22 41 2689
1650 5 1784 0 117 40 2690
1650 11 1787 0 138 36 2691
1650 7 1786 0 185 66 2692
1650 41 1785 0 106 10 2693
1650 5 1784 0 153 145 2694
1650 12 1785 0 131 45 2695
1650 23 1787 0 132 13 2696
1650 6 1785 0 161 34 2697
1650 20 1788 0 155 79 2698
1650 14 1787 0 122 11 2699
1650 19 1788 0 57 122 2700
1659 56 4642 1 10 193 2701
1665 25 1802 0 131 45 2702
1665 6 1799 0 173 171 2703
1665 12 1801 0 156 90 2704
1665 18 1799 0 13 75 2705
1665 8 1801 0 138 36 2706
1665 11 1800 0 188 80 2707
1665 9 1801 0 63 113 2708
1665 16 1799 0 109 1 2709
1665 16 1801 0 93 9 2710
1665 24 1805 0 24 195 2711
1665 25 1803 0 122 11 2712
1665 23 1804 0 15 186 2713
1665 7 1802 0 194 169 2714
1665 21 1801 0 37 7 2715
1665 25 1801 0 132 13 2716
1665 12 1802 0 182 28 2717
1665 14 1801 0 96 13 2718
1665 17 1800 0 22 41 2719
1665 20 1802 0 155 79 2720
1665 10 1802 0 148 56 2721
1665 10 1802 0 161 34 2722
1665 18 1803 0 113 48 2723
1665 3 1801 0 103 22 2724
1665 4 1799 0 155 52 2725
1666 42 4652 1 128 40 2726
1680 12 1818 0 149 33 2727
1680 3 1815 0 101 26 2728
1680 14 1816 0 55 108 2729
1680 15 1816 0 166 118 2730
1680 4 1815 0 117 40 2731
1680 36 1818 0 66 134 2732
1680 35 1817 0 95 77 2733
1680 17 1814 0 156 90 2734
1680 33 1817 0 106 10 2735
1680 6 1813 0 67 20 2736
1680 4 1816 0 98 36 2737
1680 22 1816 0 124 33 2738
1680 6 1817 0 99 9 2739
1680 7 1818 0 122 58 2740
1680 33 1817 0 24 183 2741
1680 24 1815 0 155 79 2742
1680 3 1815 0 103 22 2743
1680 19 1816 0 121 49 2744
1680 9 1815 0 128 40 2745
1680 15 1815 0 128 55 2746
1680 14 1816 0 96 13 2747
1680 9 1816 0 40 59 2748
1695 8 1832 0 122 58 2749
1695 28 1832 0 66 169 2750
1695 25 1829 0 96 13 2751
1695 6 1831 0 101 26 2752
1695 31 1829 0 24 183 2753
1695 3 1833 0 142 143 2754
1695 37 1830 0 10 193 2755
1695 25 1832 0 13 75 2756
1695 4 1830 0 153 145 2757
1695 14 1833 0 132 13 2758
1695 6 1833 0 15 4 2759
1695 19 1829 0 113 48 2760
1695 7 1830 0 138 36 2761
1695 8 1831 0 63 113 2762
1695 6 1832 0 128 40 2763
1695 6 1831 0 103 22 2764
1695 24 1831 0 109 1 2765
1695 11 1831 0 63 134 2766
1695 5 1830 0 173 171 2767
1695 25 1831 0 122 11 2768
1695 12 1830 0 146 119 2769
1695 3 1832 0 117 40 2770
1695 13 1830 0 110 24 2771
1695 5 1834 0 67 20 2772
1695 21 1832 0 109 56 2773
1695 25 1832 0 127 27 2774
1695 3 1832 0 125 90 2775
1695 23 1832 0 120 146 2776
1701 109 4687 1 24 183 2777
1710 22 1846 0 110 24 2778
1710 32 1848 0 29 60 2779
1710 22 1846 0 155 79 2780
1710 5 1845 0 142 143 2781
1710 19 1847 0 132 13 2782
1710 5 1843 0 98 36 2783
1710 3 1847 0 67 20 2784
1710 19 1844 0 122 11 2785
1710 6 1846 0 188 80 2786
1710 10 1844 0 161 34 2787
1710 3 1846 0 103 22 2788
1710 7 1845 0 63 134 2789
1710 7 1845 0 122 58 2790
1710 26 1848 0 66 134 2791
1710 10 1845 0 138 36 2792
1710 35 1845 0 95 77 2793
1710 23 1847 0 128 55 2794
1710 13 1848 0 124 33 2795
1710 5 1845 0 7 180 2796
1710 8 1846 0 128 40 2797
1710 5 1848 0 146 22 2798
1710 12 1847 0 140 22 2799
1710 15 1846 0 166 118 2800
1710 14 1845 0 24 195 2801
1710 23 1846 0 113 48 2802
1710 14 1848 0 55 108 2803
1710 20 1847 0 57 122 2804
1710 36 1848 0 106 10 2805
1710 3 1846 0 153 145 2806
1710 3 1845 0 101 26 2807
1714 171 4702 1 105 143 2808
1725 13 1860 0 166 118 2809
1725 3 1860 0 142 143 2810
1725 4 1860 0 72 194 2811
1725 18 1862 0 155 79 2812
1725 5 1863 0 155 52 2813
1725 37 1861 0 127 27 2814
1725 4 1859 0 117 40 2815
1725 41 1860 0 29 60 2816
1725 24 1860 0 131 45 2817
1725 6 1861 0 188 80 2818
1725 4 1858 0 99 9 2819
1725 35 1860 0 164 40 2820
1725 16 1860 0 121 49 2821
1725 12 1861 0 113 48 2822
1725 6 1864 0 103 22 2823
1725 43 1859 0 93 51 2824
1725 13 1861 0 96 13 2825
1725 10 1859 0 40 59 2826
1725 3 1862 0 101 26 2827
1725 25 1860 0 106 10 2828
1725 5 1863 0 7 180 2829
1730 72 4715 1 120 146 2830
1740 20 1877 0 113 48 2831
1740 34 1877 0 93 51 2832
1740 10 1877 0 86 23 2833
1740 21 1875 0 96 13 2834
1740 4 1876 0 67 20 2835
1740 8 1875 0 138 36 2836
1740 9 1877 0 148 56 2837
1740 20 1874 0 124 33 2838
1740 22 1877 0 179 186 2839
1740 40 1875 0 106 10 2840
1740 5 1875 0 103 22 2841
1740 37 1876 0 29 60 2842
1740 20 1875 0 57 122 2843
1740 16 1876 0 155 79 2844
1740 19 1875 0 131 45 2845
1740 21 1876 0 37 7 2846
1740 3 1876 0 101 26 2847
1740 38 1878 0 102 140 2848
1740 11 1878 0 182 28 2849
1740 4 1875 0 78 150 2850
1740 4 1876 0 2 3 2851
1740 3 1877 0 72 131 2852
1740 19 1875 0 128 55 2853
1740 8 1877 0 128 40 2854
1740 28 1877 0 127 27 2855
1740 25 1878 0 10 193 2856
1740 24 1874 0 109 56 2857
1740 4 1875 0 98 36 2858
1740 5 1877 0 117 40 2859
1740 4 1876 0 146 22 2860
1740 12 1875 0 140 22 2861
1740 10 1874 0 122 58 2862
1740 5 1875 0 99 9 2863
1755 41 1888 0 128 96 2864
1755 23 1890 0 96 13 2865
1755 23 1891 0 121 49 2866
1755 16 1892 0 146 119 2867
1755 4 1890 0 125 90 2868
1755 7 1892 0 63 134 2869
1755 17 1890 0 57 122 2870
1755 44 1891 0 66 169 2871
1755 10 1891 0 149 33 2872
1755 6 1891 0 63 113 2873
1755 13 1890 0 122 11 2874
1755 23 1889 0 166 118 2875
1755 3 1890 0 98 36 2876
1755 13 1894 0 109 56 2877
1755 20 1892 0 132 13 2878
1755 13 1891 0 110 24 2879
1755 26 1892 0 95 77 2880
1755 3 1888 0 146 22 2881
1755 40 1892 0 66 134 2882
1755 3 1890 0 101 26 2883
1770 22 1906 0 155 122 2884
1770 12 1905 0 148 56 2885
1770 10 1907 0 161 34 2886
1770 15 1907 0 55 108 2887
1770 11 1905 0 128 40 2888
1770 25 1906 0 128 55 2889
1770 38 1907 0 93 51 2890
1770 8 1909 0 40 59 2891
1770 4 1905 0 117 40 2892
1770 24 1905 0 132 13 2893
1770 6 1907 0 7 180 2894
1770 20 1905 0 124 33 2895
1770 31 1906 0 164 40 2896
1770 5 1906 0 15 4 2897
1770 6 1906 0 188 80 2898
1770 12 1906 0 110 24 2899
1770 23 1906 0 109 56 2900
1770 5 1908 0 94 1 2901
1770 7 1906 0 149 33 2902
1770 4 1907 0 2 3 2903
1770 38 1906 0 127 27 2904
1770 7 1906 0 86 23 2905
1770 26 1907 0 105 143 2906
1770 10 1907 0 6 88 2907
1770 15 1903 0 121 49 2908
1785 3 1922 0 173 171 2909
1785 4 1921 0 94 1 2910
1785 45 1922 0 29 60 2911
1785 22 1923 0 122 11 2912
1785 5 1919 0 146 22 2913
1785 4 1920 0 2 3 2914
1785 14 1918 0 156 90 2915
1785 18 1923 0 37 7 2916
1785 3 1922 0 125 90 2917
1785 25 1922 0 131 45 2918
1785 18 1922 0 121 49 2919
1785 11 1920 0 128 40 2920
1785 6 1922 0 7 180 2921
1785 32 1922 0 24 183 2922
1785 3 1920 0 153 145 2923
1785 20 1923 0 57 122 2924
1785 21 1921 0 96 13 2925
1785 3 1920 0 117 40 2926
1785 16 1920 0 132 13 2927
1785 6 1921 0 140 22 2928
1785 25 1921 0 13 75 2929
1785 7 1920 0 138 36 2930
1785 34 1922 0 66 169 2931
1785 11 1919 0 148 56 2932
1785 12 1921 0 149 33 2933
1795 41 4781 1 98 36 2934
1800 6 1935 0 182 28 2935
1800 24 1937 0 132 13 2936
1800 22 1935 0 121 49 2937
1800 5 1938 0 103 22 2938
1800 6 1935 0 146 22 2939
1800 24 1937 0 113 48 2940
1800 11 1936 0 140 22 2941
1800 21 1935 0 156 90 2942
1800 15 1934 0 155 122 2943
1800 28 1937 0 164 40 2944
1800 5 1936 0 7 180 2945
1800 11 1936 0 138 36 2946
1800 3 1935 0 15 4 2947
1800 10 1935 0 149 33 2948
1800 11 1935 0 185 66 2949
1800 5 1935 0 67 20 2950
1800 21 1934 0 146 159 2951
1800 4 1936 0 142 143 2952
1800 12 1935 0 128 40 2953
1800 35 1937 0 95 77 2954
1800 5 1935 0 155 52 2955
1800 16 1936 0 109 1 2956
1800 39 1936 0 127 27 2957
1800 34 1937 0 66 134 2958
1800 13 1937 0 179 186 2959
1800 5 1936 0 117 40 2960
1800 16 1936 0 110 24 2961
1800 4 1935 0 98 36 2962
1800 5 1938 0 173 171 2963
1800 26 1937 0 29 60 2964
1800 6 1934 0 101 26 2965
1800 24 1939 0 166 118 2966
1800 25 1935 0 109 56 2967
1800 44 1936 0 66 169 2968
1807 60 4794 1 106 10 2969
1811 33 4796 1 63 113 2970
1813 48 4797 1 72 194 2971
1815 20 1951 0 131 45 2972
1815 7 1951 0 149 33 2973
1815 36 1951 0 24 183 2974
1815 16 1954 0 128 55 2975
1815 5 1952 0 103 22 2976
1815 6 1951 0 138 36 2977
1815 5 1953 0 40 105 2978
1815 6 1951 0 117 40 2979
1815 18 1951 0 124 33 2980
1815 5 1951 0 72 131 2981
1815 7 1950 0 188 80 2982
1815 43 1952 0 29 60 2983
1815 28 1952 0 143 170 2984
1815 12 1950 0 128 40 2985
1815 8 1952 0 194 169 2986
1823 35 4807 1 101 26 2987
1827 109 4813 1 96 13 2988
1830 3 1966 0 155 52 2989
1830 13 1966 0 121 49 2990
1830 18 1966 0 57 122 2991
1830 25 1966 0 24 183 2992
1830 15 1967 0 13 75 2993
1830 6 1964 0 2 3 2994
1830 35 1966 0 102 140 2995
1830 25 1965 0 146 159 2996
1830 12 1967 0 128 40 2997
1830 7 1966 0 122 58 2998
1830 13 1967 0 131 45 2999
1830 17 1967 0 109 56 3000
1830 14 1967 0 124 33 3001
1830 6 1966 0 103 22 3002
1830 45 1968 0 66 169 3003
1830 12 1966 0 140 22 3004
1830 22 1965 0 22 41 3005
1830 3 1966 0 125 90 3006
1830 18 1967 0 96 13 3007
1830 26 1967 0 95 77 3008
1830 6 1966 0 178 113 3009
1845 18 1979 0 121 49 3010
1845 9 1981 0 188 80 3011
1845 5 1982 0 146 22 3012
1845 6 1983 0 182 28 3013
1845 3 1978 0 99 9 3014
1845 23 1979 0 120 146 3015
1845 16 1981 0 113 48 3016
1845 4 1980 0 94 1 3017
1845 18 1982 0 57 122 3018
1845 16 1979 0 155 79 3019
1845 10 1982 0 122 58 3020
1845 6 1982 0 103 22 3021
1845 23 1981 0 124 33 3022
1845 27 1983 0 143 170 3023
1845 11 1979 0 128 40 3024
1845 3 1980 0 72 194 3025
1845 16 1981 0 198 85 3026
1845 24 1983 0 146 159 3027
1845 15 1980 0 155 122 3028
1845 5 1982 0 40 105 3029
1845 13 1981 0 13 75 3030
1845 37 1980 0 95 77 3031
1845 25 1981 0 96 13 3032
1845 40 1980 0 127 27 3033
1852 69 4840 1 143 170 3034
1858 94 4843 1 131 45 3035
1859 43 4846 1 93 51 3036
1860 4 1995 0 67 20 3037
1860 14 1995 0 120 146 3038
1860 6 1997 0 101 26 3039
1860 30 1996 0 127 27 3040
1860 5 1995 0 155 52 3041
1860 9 1996 0 122 58 3042
1860 12 1995 0 55 108 3043
1860 6 1996 0 173 171 3044
1860 5 1998 0 117 40 3045
1860 12 1997 0 93 9 3046
1860 12 1996 0 138 36 3047
1860 25 1995 0 121 49 3048
1860 4 1995 0 78 150 3049
1860 12 1997 0 6 88 3050
1860 12 1997 0 122 11 3051
1860 8 1995 0 149 33 3052
1860 4 1996 0 7 180 3053
1860 12 1995 0 128 40 3054
1860 3 1994 0 146 22 3055
1860 34 1995 0 106 10 3056
1860 23 1997 0 113 48 3057
1860 16 1995 0 124 33 3058
1861 51 4847 1 146 159 3059
1875 16 2011 0 121 49 3060
1875 11 2009 0 40 59 3061
1875 20 2011 0 109 56 3062
1875 5 2013 0 7 180 3063
1875 12 2011 0 6 88 3064
1875 25 2010 0 13 75 3065
1875 26 2012 0 105 143 3066
1875 13 2011 0 110 24 3067
1875 4 2012 0 78 150 3068
1875 21 2011 0 132 13 3069
1875 5 2011 0 125 90 3070
1875 16 2012 0 96 13 3071
1875 5 2010 0 117 40 3072
1875 13 2013 0 120 146 3073
1875 10 2012 0 140 22 3074
1875 38 2012 0 66 169 3075
1875 18 2011 0 166 118 3076
1875 20 2010 0 131 45 3077
1875 25 2013 0 57 122 3078
1875 23 2010 0 113 48 3079
1875 11 2010 0 161 34 3080
1875 6 2010 0 146 22 3081
1883 32 4870 1 67 20 3082
1888 62 4874 1 127 27 3083
1890 22 2025 0 121 49 3084
1890 38 2025 0 18 115 3085
1890 38 2026 0 106 10 3086
1890 37 2025 0 66 169 3087
1890 36 2028 0 143 170 3088
1890 20 2027 0 124 33 3089
1890 6 2026 0 153 145 3090
1890 19 2025 0 57 122 3091
1890 11 2027 0 188 80 3092
1890 6 2025 0 101 26 3093
1890 32 2027 0 10 193 3094
1890 11 2026 0 122 58 3095
1890 14 2026 0 109 56 3096
1890 12 2028 0 120 146 3097
1890 23 2024 0 128 55 3098
1890 5 2025 0 103 22 3099
1890 15 2027 0 96 13 3100
1890 18 2025 0 156 90 3101
1890 6 2024 0 99 9 3102
1890 5 2027 0 146 22 3103
1890 5 2028 0 78 150 3104
1890 21 2026 0 113 48 3105
1890 11 2024 0 148 56 3106
1890 7 2027 0 128 40 3107
1890 7 2027 0 149 33 3108
1903 59 4891 1 164 40 3109
1905 5 2043 0 142 143 3110
1905 39 2042 0 102 140 3111
1905 30 2040 0 127 27 3112
1905 13 2042 0 96 13 3113
1905 32 2039 0 24 183 3114
1905 5 2041 0 67 20 3115
1905 5 2041 0 117 40 3116
1905 27 2039 0 18 115 3117
1905 7 2042 0 128 40 3118
1905 23 2040 0 146 159 3119
1905 23 2041 0 128 55 3120
1905 18 2042 0 121 49 3121
1905 14 2042 0 22 41 3122
1905 9 2042 0 138 36 3123
1905 45 2041 0 106 10 3124
1905 13 2042 0 109 1 3125
1905 20 2042 0 155 122 3126
1905 6 2041 0 146 22 3127
1905 4 2042 0 101 26 3128
1905 6 2041 0 99 9 3129
1905 12 2041 0 86 23 3130
1905 12 2040 0 57 122 3131
1905 15 2040 0 24 195 3132
1905 4 2041 0 78 150 3133
1905 12 2042 0 37 7 3134
1905 17 2041 0 131 45 3135
1920 22 2054 0 57 122 3136
1920 8 2055 0 128 40 3137
1920 19 2058 0 96 13 3138
1920 10 2056 0 149 33 3139
1920 3 2056 0 7 180 3140
1920 8 2057 0 140 22 3141
1920 6 2056 0 67 20 3142
1920 13 2056 0 110 24 3143
1920 4 2056 0 101 26 3144
1920 9 2056 0 185 66 3145
1920 11 2055 0 86 23 3146
1920 20 2056 0 128 55 3147
1920 20 2057 0 122 11 3148
1920 10 2056 0 161 34 3149
1920 22 2056 0 13 75 3150
1920 6 2054 0 146 22 3151
1920 6 2054 0 138 36 3152
1920 12 2057 0 155 122 3153
1920 19 2056 0 124 33 3154
1920 43 2054 0 164 40 3155
1920 3 2056 0 40 105 3156
1920 17 2056 0 37 7 3157
1920 35 2058 0 105 143 3158
1920 4 2058 0 117 40 3159
1920 21 2056 0 198 85 3160
1920 25 2057 0 132 13 3161
1920 28 2058 0 127 27 3162
1920 5 2056 0 72 194 3163
1930 157 4918 1 40 105 3164
1934 45 4920 1 57 122 3165
1935 4 2071 0 67 20 3166
1935 10 2071 0 63 134 3167
1935 40 2072 0 127 27 3168
1935 3 2069 0 99 9 3169
1935 22 2072 0 122 11 3170
1935 25 2073 0 96 13 3171
1935 11 2073 0 128 40 3172
1935 20 2071 0 113 48 3173
1935 16 2073 0 198 85 3174
1935 12 2070 0 138 36 3175
1935 6 2071 0 146 22 3176
1935 28 2071 0 106 10 3177
1935 9 2071 0 63 113 3178
1935 38 2071 0 29 60 3179
1935 6 2073 0 7 180 3180
1935 20 2070 0 93 9 3181
1935 6 2072 0 194 169 3182
1935 20 2070 0 109 56 3183
1935 10 2070 0 6 88 3184
1935 25 2070 0 132 13 3185
1950 23 2085 0 57 122 3186
1950 20 2086 0 124 33 3187
1950 27 2086 0 127 27 3188
1950 3 2086 0 15 4 3189
1950 6 2087 0 72 194 3190
1950 6 2085 0 146 22 3191
1950 3 2086 0 103 22 3192
1950 11 2086 0 63 134 3193
1950 20 2084 0 13 75 3194
1950 6 2086 0 149 33 3195
1950 24 2086 0 113 48 3196
1950 20 2086 0 96 13 3197
1950 30 2085 0 10 193 3198
1950 20 2086 0 110 24 3199
1950 3 2087 0 173 171 3200
1950 3 2085 0 125 90 3201
1950 17 2085 0 22 41 3202
1950 7 2086 0 86 23 3203
1950 5 2087 0 178 113 3204
1950 15 2086 0 122 11 3205
1950 42 2085 0 105 143 3206
1965 5 2102 0 142 143 3207
1965 17 2102 0 109 56 3208
1965 8 2102 0 6 88 3209
1965 4 2102 0 101 26 3210
1965 13 2102 0 110 24 3211
1965 28 2100 0 164 40 3212
1965 11 2102 0 122 58 3213
1965 4 2100 0 146 22 3214
1965 24 2099 0 120 146 3215
1965 10 2100 0 185 66 3216
1965 30 2101 0 66 134 3217
1965 6 2103 0 194 169 3218
1965 4 2102 0 2 3 3219
1965 36 2100 0 24 183 3220
1965 25 2100 0 96 13 3221
1965 10 2100 0 148 56 3222
1965 12 2100 0 161 34 3223
1965 39 2101 0 106 10 3224
1965 10 2101 0 140 22 3225
1965 6 2104 0 155 52 3226
1965 11 2102 0 138 36 3227
1966 34 4950 1 2 3 3228
1968 59 4956 1 40 59 3229
1980 29 2116 0 127 27 3230
1980 15 2115 0 96 13 3231
1980 5 2115 0 117 40 3232
1980 40 2115 0 102 140 3233
1980 12 2118 0 122 58 3234
1980 20 2117 0 132 13 3235
1980 3 2115 0 98 36 3236
1980 12 2116 0 15 186 3237
1980 17 2116 0 122 11 3238
1980 24 2116 0 113 48 3239
1980 9 2115 0 161 34 3240
1980 7 2116 0 149 33 3241
1980 26 2116 0 93 51 3242
1980 5 2116 0 178 113 3243
1980 25 2115 0 121 49 3244
1980 11 2116 0 63 134 3245
1980 4 2116 0 7 180 3246
1980 24 2117 0 155 122 3247
1980 5 2115 0 101 26 3248
1980 21 2116 0 124 33 3249
1990 104 4977 1 15 186 3250
1995 6 2130 0 140 22 3251
1995 4 2130 0 173 171 3252
1995 22 2132 0 121 49 3253
1995 26 2131 0 128 96 3254
1995 12 2132 0 194 169 3255
1995 37 2130 0 66 134 3256
1995 14 2130 0 166 118 3257
1995 17 2129 0 128 55 3258
1995 9 2130 0 161 34 3259
1995 19 2133 0 124 33 3260
1995 6 2129 0 101 26 3261
1995 4 2132 0 94 1 3262
1995 19 2131 0 122 11 3263
1995 6 2133 0 78 150 3264
1995 14 2130 0 113 48 3265
1995 15 2129 0 24 195 3266
1995 25 2132 0 37 7 3267
1995 16 2131 0 96 13 3268
1995 6 2131 0 149 33 3269
1995 15 2131 0 131 45 3270
1995 11 2131 0 63 134 3271
1995 12 2133 0 138 36 3272
1995 41 2131 0 127 27 3273
1995 11 2131 0 182 28 3274
2000 41 4983 1 109 56 3275
2010 8 2147 0 63 113 3276
2010 32 2147 0 18 115 3277
2010 3 2145 0 155 52 3278
2010 13 2147 0 113 48 3279
2010 7 2144 0 128 40 3280
2010 17 2146 0 131 45 3281
2010 4 2145 0 99 9 3282
2010 23 2145 0 13 75 3283
2010 23 2148 0 124 33 3284
2010 12 2147 0 149 33 3285
2010 14 2145 0 96 13 3286
2010 37 2145 0 66 169 3287
2010 11 2146 0 138 36 3288
2010 20 2145 0 179 186 3289
2010 5 2145 0 7 180 3290
2010 5 2144 0 103 22 3291
2010 10 2147 0 194 169 3292
2010 10 2145 0 161 34 3293
2010 4 2146 0 2 3 3294
2010 3 2145 0 72 131 3295
2010 34 2147 0 105 143 3296
2010 6 2145 0 98 36 3297
2025 43 2160 0 128 96 3298
2025 11 2160 0 185 66 3299
2025 5 2159 0 101 26 3300
2025 3 2158 0 117 40 3301
2025 8 2160 0 140 22 3302
2025 16 2161 0 131 45 3303
2025 11 2160 0 63 113 3304
2025 28 2161 0 143 170 3305
2025 13 2160 0 122 11 3306
2025 10 2161 0 86 23 3307
2025 14 2160 0 113 48 3308
2025 5 2160 0 99 9 3309
2025 6 2161 0 98 36 3310
2025 15 2162 0 121 49 3311
2025 3 2159 0 78 150 3312
2025 12 2161 0 6 88 3313
2025 27 2160 0 95 77 3314
2025 19 2162 0 120 146 3315
2025 7 2164 0 138 36 3316
2025 28 2162 0 106 10 3317
2025 6 2161 0 103 22 3318
2025 19 2159 0 128 55 3319
2025 6 2161 0 122 58 3320
2025 12 2161 0 128 40 3321
2025 6 2159 0 146 22 3322
2025 7 2160 0 149 33 3323
2025 6 2161 0 67 20 3324
2040 18 2176 0 113 48 3325
2040 4 2177 0 101 26 3326
2040 3 2176 0 146 22 3327
2040 20 2176 0 124 33 3328
2040 25 2177 0 106 10 3329
2040 38 2179 0 143 170 3330
2040 24 2178 0 96 13 3331
2040 26 2177 0 66 134 3332
2040 12 2176 0 132 13 3333
2040 6 2178 0 138 36 3334
2040 21 2177 0 122 11 3335
2040 4 2175 0 78 150 3336
2040 4 2177 0 117 40 3337
2040 3 2175 0 98 36 3338
2040 33 2176 0 95 77 3339
2040 3 2175 0 173 171 3340
2040 12 2175 0 182 28 3341
2040 19 2175 0 37 7 3342
2040 16 2177 0 109 56 3343
2040 9 2176 0 188 80 3344
2040 12 2177 0 179 186 3345
2040 6 2177 0 103 22 3346
2040 21 2175 0 146 119 3347
2040 10 2177 0 148 56 3348
2040 8 2172 0 149 33 3349
2040 10 2175 0 6 88 3350
2054 94 5039 1 95 77 3351
2055 25 2192 0 132 13 3352
2055 4 2191 0 98 36 3353
2055 11 2190 0 122 58 3354
2055 5 2191 0 178 113 3355
2055 14 2192 0 124 33 3356
2055 36 2191 0 143 170 3357
2055 13 2193 0 110 24 3358
2055 11 2191 0 138 36 3359
2055 6 2192 0 63 134 3360
2055 12 2192 0 93 9 3361
2055 21 2194 0 55 108 3362
2055 18 2191 0 122 11 3363
2055 25 2192 0 106 10 3364
2055 17 2189 0 128 55 3365
2055 9 2193 0 63 113 3366
2055 4 2191 0 2 3 3367
2055 6 2191 0 72 194 3368
2055 14 2191 0 109 56 3369
2055 9 2189 0 140 22 3370
2055 21 2191 0 179 186 3371
2055 11 2192 0 149 33 3372
2055 14 2189 0 13 75 3373
2055 31 2192 0 66 169 3374
2055 39 2191 0 127 27 3375
2070 6 2208 0 40 105 3376
2070 11 2206 0 149 33 3377
2070 6 2205 0 146 22 3378
2070 14 2207 0 121 49 3379
2070 20 2206 0 131 45 3380
2070 11 2208 0 140 22 3381
2070 37 2205 0 24 183 3382
2070 11 2206 0 63 113 3383
2070 38 2206 0 106 10 3384
2070 12 2206 0 146 159 3385
2070 23 2206 0 113 48 3386
2070 16 2206 0 96 13 3387
2070 30 2204 0 127 27 3388
2070 31 2207 0 10 193 3389
2070 6 2207 0 98 36 3390
2070 43 2207 0 66 134 3391
2070 31 2208 0 18 115 3392
2070 22 2207 0 128 55 3393
2070 29 2208 0 143 170 3394
2080 65 5065 1 13 75 3395
2085 4 2222 0 178 113 3396
2085 5 2221 0 72 194 3397
2085 17 2224 0 57 122 3398
2085 11 2220 0 122 58 3399
2085 7 2222 0 138 36 3400
2085 13 2222 0 113 48 3401
2085 20 2220 0 96 13 3402
2085 8 2222 0 149 33 3403
2085 4 2221 0 7 180 3404
2085 17 2222 0 122 11 3405
2085 33 2223 0 164 40 3406
2085 19 2224 0 22 41 3407
2085 22 2219 0 110 24 3408
2085 42 2220 0 127 27 3409
2085 40 2221 0 93 51 3410
2085 23 2220 0 120 146 3411
2085 4 2222 0 98 36 3412
2085 21 2222 0 93 9 3413
2085 19 2223 0 121 49 3414
2085 3 2223 0 146 22 3415
2085 13 2220 0 155 79 3416
2085 5 2220 0 142 143 3417
2085 12 2221 0 109 1 3418
2085 5 2222 0 72 131 3419
2085 9 2222 0 63 113 3420
2086 104 5072 1 15 4 3421
2100 38 2236 0 106 10 3422
2100 21 2235 0 128 55 3423
2100 20 2238 0 13 75 3424
2100 6 2236 0 103 22 3425
2100 4 2236 0 94 1 3426
2100 3 2237 0 78 150 3427
2100 14 2237 0 109 1 3428
2100 6 2236 0 194 169 3429
2100 39 2237 0 127 27 3430
2100 15 2237 0 109 56 3431
2100 22 2235 0 55 108 3432
2100 12 2234 0 63 113 3433
2100 17 2237 0 131 45 3434
2100 3 2234 0 117 40 3435
2100 3 2235 0 40 105 3436
2100 17 2235 0 124 33 3437
2100 6 2235 0 98 36 3438
2100 14 2235 0 113 48 3439
2100 14 2235 0 121 49 3440
2115 5 2249 0 78 150 3441
2115 8 2251 0 128 40 3442
2115 39 2248 0 106 10 3443
2115 16 2252 0 93 9 3444
2115 6 2249 0 67 20 3445
2115 8 2250 0 140 22 3446
2115 16 2250 0 156 90 3447
2115 6 2253 0 146 22 3448
2115 19 2250 0 124 33 3449
2115 10 2252 0 40 59 3450
2115 25 2251 0 37 7 3451
2115 36 2251 0 102 140 3452
2115 17 2250 0 110 24 3453
2115 4 2249 0 99 9 3454
2115 25 2253 0 96 13 3455
2115 32 2251 0 127 27 3456
2115 191 5098 1 149 33 3457
2115 12 2251 0 138 36 3458
2115 7 2250 0 86 23 3459
2115 14 2250 0 120 146 3460
2115 7 2250 0 6 88 3461
2115 3 2250 0 153 145 3462
2115 13 2253 0 128 55 3463
2115 21 2251 0 146 159 3464
2129 51 5115 1 128 96 3465
2130 6 2263 0 63 134 3466
2130 33 2266 0 105 143 3467
2130 25 2267 0 155 122 3468
2130 6 2267 0 153 145 3469
2130 3 2265 0 146 22 3470
2130 9 2266 0 194 169 3471
2130 24 2266 0 113 48 3472
2130 8 2266 0 122 58 3473
2130 5 2265 0 40 105 3474
2130 11 2265 0 128 40 3475
2130 17 2265 0 128 55 3476
2130 6 2266 0 103 22 3477
2130 13 2265 0 121 49 3478
2130 6 2268 0 101 26 3479
2130 5 2265 0 72 131 3480
2130 19 2265 0 55 108 3481
2130 26 2267 0 95 77 3482
2130 25 2267 0 109 56 3483
2130 3 2268 0 15 4 3484
2140 31 5127 1 66 169 3485
2141 38 5127 1 182 28 3486
2145 5 2279 0 94 1 3487
2145 4 2283 0 98 36 3488
2145 5 2281 0 99 9 3489
2145 8 2282 0 128 40 3490
2145 16 2283 0 110 24 3491
2145 31 2280 0 143 170 3492
2145 5 2281 0 153 145 3493
2145 19 2281 0 198 85 3494
2145 42 2281 0 18 115 3495
2145 9 2280 0 140 22 3496
2145 5 2281 0 78 150 3497
2145 21 2281 0 55 108 3498
2145 12 2283 0 63 113 3499
2145 7 2281 0 122 58 3500
2145 9 2282 0 138 36 3501
2145 3 2281 0 117 40 3502
2145 20 2280 0 122 11 3503
2145 25 2281 0 109 56 3504
2145 13 2283 0 131 45 3505
2145 9 2285 0 40 59 3506
2145 4 2281 0 40 105 3507
2145 5 2281 0 7 180 3508
2145 17 2280 0 124 33 3509
2145 5 2281 0 67 20 3510
2145 5 2281 0 15 4 3511
2149 53 5135 1 109 1 3512
2160 19 2297 0 109 1 3513
2160 5 2297 0 67 20 3514
2160 5 2297 0 72 194 3515
2160 6 2294 0 78 150 3516
2160 19 2296 0 13 75 3517
2160 25 2297 0 93 51 3518
2160 14 2297 0 24 195 3519
2160 12 2297 0 6 88 3520
2160 16 2296 0 128 55 3521
2160 16 2295 0 122 11 3522
2160 15 2298 0 132 13 3523
2160 4 2296 0 98 36 3524
2160 23 2297 0 124 33 3525
2160 22 2294 0 93 9 3526
2160 6 2296 0 7 180 3527
2160 3 2296 0 146 22 3528
2160 20 2296 0 110 24 3529
2160 30 2297 0 127 27 3530
2160 25 2297 0 128 96 3531
2160 44 2296 0 102 140 3532
2160 12 2297 0 149 33 3533
2160 15 2299 0 121 49 3534
2160 42 2296 0 106 10 3535
2160 22 2296 0 131 45 3536
2160 4 2298 0 101 26 3537
2160 6 2296 0 63 113 3538
2160 16 2296 0 155 79 3539
2175 5 2313 0 103 22 3540
2175 23 2312 0 131 45 3541
2175 5 2311 0 72 131 3542
2175 26 2313 0 105 143 3543
2175 3 2310 0 117 40 3544
2175 8 2311 0 128 40 3545
2175 16 2309 0 113 48 3546
2175 21 2311 0 15 186 3547
2175 10 2308 0 149 33 3548
2175 41 2312 0 102 140 3549
2175 12 2313 0 132 13 3550
2175 29 2309 0 24 183 3551
2175 6 2311 0 78 150 3552
2175 3 2311 0 146 22 3553
2175 3 2310 0 2 3 3554
2176 53 5163 1 6 88 3555
2190 33 2326 0 10 193 3556
2190 33 2325 0 29 60 3557
2190 12 2329 0 96 13 3558
2190 8 2326 0 122 58 3559
2190 17 2328 0 113 48 3560
2190 30 2325 0 106 10 3561
2190 73 5175 1 113 48 3562
2190 8 2324 0 138 36 3563
2190 11 2325 0 161 34 3564
2190 16 2326 0 131 45 3565
2190 20 2324 0 128 55 3566
2190 11 2326 0 128 40 3567
2190 10 2326 0 140 22 3568
2190 4 2326 0 103 22 3569
2190 7 2325 0 6 88 3570
2190 6 2326 0 117 40 3571
2190 10 2327 0 182 28 3572
2190 15 2324 0 13 75 3573
2190 4 2325 0 99 9 3574
2190 20 2326 0 155 122 3575
2190 11 2327 0 63 134 3576
2190 16 2327 0 146 119 3577
2190 13 2327 0 22 41 3578
2205 15 2343 0 131 45 3579
2205 19 2342 0 155 79 3580
2205 25 2343 0 109 1 3581
2205 5 2342 0 178 113 3582
2205 6 2341 0 103 22 3583
2205 35 2341 0 105 143 3584
2205 3 2342 0 173 171 3585
2205 10 2340 0 40 59 3586
2205 16 2340 0 132 13 3587
2205 9 2340 0 140 22 3588
2205 22 2342 0 96 13 3589
2205 19 2341 0 122 11 3590
2205 33 2342 0 127 27 3591
2205 6 2339 0 153 145 3592
2205 14 2341 0 37 7 3593
2205 6 2342 0 7 180 3594
2205 9 2339 0 63 134 3595
2205 15 2339 0 146 119 3596
2205 5 2340 0 98 36 3597
2205 14 2342 0 55 108 3598
2205 12 2341 0 148 56 3599
2205 24 2340 0 179 186 3600
2205 44 2340 0 106 10 3601
2205 16 2340 0 198 85 3602
2205 15 2339 0 120 146 3603
2205 3 2338 0 101 26 3604
2205 6 2341 0 194 169 3605
2220 6 2357 0 125 90 3606
2220 18 2356 0 156 90 3607
2220 8 2356 0 140 22 3608
2220 4 2358 0 103 22 3609
2220 19 2355 0 121 49 3610
2220 12 2354 0 128 40 3611
2220 15 2356 0 146 159 3612
2220 4 2356 0 99 9 3613
2220 25 2353 0 128 55 3614
2220 22 2354 0 166 118 3615
2220 15 2355 0 37 7 3616
2220 33 2356 0 93 51 3617
2220 11 2358 0 86 23 3618
2220 5 2357 0 117 40 3619
2220 4 2355 0 153 145 3620
2220 8 2356 0 6 88 3621
2220 7 2356 0 63 134 3622
2220 11 2354 0 122 58 3623
2220 20 2356 0 109 56 3624
2220 21 2356 0 131 45 3625
2220 28 2356 0 164 40 3626
2220 36 2354 0 143 170 3627
2220 7 2357 0 149 33 3628
2220 16 2356 0 146 119 3629
2235 25 2368 0 128 96 3630
2235 45 2369 0 164 40 3631
2235 12 2370 0 109 56 3632
2235 39 2370 0 29 60 3633
2235 25 2372 0 198 85 3634
2235 17 2371 0 128 55 3635
2235 35 2372 0 18 115 3636
2235 6 2369 0 146 22 3637
2235 6 2370 0 128 40 3638
2235 4 2368 0 98 36 3639
2235 4 2371 0 101 26 3640
2235 5 2370 0 7 180 3641
2235 37 2371 0 143 170 3642
2235 24 2371 0 55 108 3643
2235 16 2371 0 113 48 3644
2235 12 2372 0 96 13 3645
2235 10 2371 0 6 88 3646
2235 4 2371 0 117 40 3647
2248 140 5233 1 164 40 3648
2250 4 2386 0 94 1 3649
2250 14 2385 0 146 159 3650
2250 25 2386 0 106 10 3651
2250 3 2386 0 117 40 3652
2250 18 2386 0 24 195 3653
2250 8 2384 0 128 40 3654
2250 16 2387 0 198 85 3655
2250 23 2385 0 96 13 3656
2250 17 2387 0 113 48 3657
2250 40 2388 0 105 143 3658
2250 28 2386 0 10 193 3659
2250 10 2387 0 138 36 3660
2250 19 2389 0 109 56 3661
2250 22 2387 0 93 9 3662
2250 15 2388 0 121 49 3663
2250 4 2385 0 103 22 3664
2250 36 2388 0 29 60 3665
2250 14 2385 0 22 41 3666
2265 5 2400 0 72 131 3667
2265 5 2401 0 2 3 3668
2265 43 2401 0 128 96 3669
2265 31 2402 0 66 169 3670
2265 14 2401 0 96 13 3671
2265 15 2399 0 155 79 3672
2265 6 2401 0 6 88 3673
2265 12 2400 0 146 119 3674
2265 14 2400 0 155 122 3675
2265 6 2401 0 148 56 3676
2265 37 2401 0 95 77 3677
2265 17 2401 0 131 45 3678
2265 8 2401 0 138 36 3679
2265 10 2398 0 86 23 3680
2265 3 2400 0 178 113 3681
2265 5 2399 0 125 90 3682
2265 12 2400 0 40 59 3683
2265 3 2401 0 173 171 3684
2265 13 2401 0 113 48 3685
2265 3 2400 0 40 105 3686
2265 22 2401 0 121 49 3687
2265 4 2400 0 99 9 3688
2265 17 2401 0 128 55 3689
2265 18 2399 0 110 24 3690
2265 3 2401 0 94 1 3691
2265 32 2401 0 127 27 3692
2265 8 2399 0 161 34 3693
2268 57 5256 1 179 186 3694
2279 109 5265 1 7 180 3695
2280 8 2417 0 122 58 3696
2280 12 2414 0 128 40 3697
2280 3 2415 0 146 22 3698
2280 16 2416 0 24 195 3699
2280 23 2414 0 22 41 3700
2280 13 2415 0 37 7 3701
2280 13 2415 0 131 45 3702
2280 43 2417 0 127 27 3703
2280 4 2417 0 101 26 3704
2280 17 2416 0 132 13 3705
2280 11 2416 0 148 56 3706
2280 12 2417 0 121 49 3707
2280 25 2414 0 122 11 3708
2280 9 2417 0 6 88 3709
2280 5 2414 0 99 9 3710
2280 40 2416 0 164 40 3711
2280 21 2416 0 156 90 3712
2280 12 2416 0 96 13 3713
2280 33 2417 0 128 96 3714
2280 3 2417 0 178 113 3715
2280 11 2418 0 194 169 3716
2280 12 2416 0 124 33 3717
2280 11 2416 0 149 33 3718
2280 12 2417 0 138 36 3719
2280 3 2417 0 40 105 3720
2295 23 2433 0 93 9 3721
2295 5 2432 0 94 1 3722
2295 15 2431 0 113 48 3723
2295 17 2430 0 124 33 3724
2295 16 2431 0 57 122 3725
2295 5 2430 0 99 9 3726
2295 3 2433 0 101 26 3727
2295 12 2433 0 149 33 3728
2295 11 2432 0 63 134 3729
2295 8 2431 0 86 23 3730
2295 3 2430 0 103 22 3731
2295 7 2432 0 140 22 3732
2295 25 2430 0 132 13 3733
2295 5 2431 0 72 194 3734
2295 25 2430 0 18 115 3735
2295 21 2432 0 109 56 3736
2295 25 2432 0 55 108 3737
2295 33 2432 0 164 40 3738
2295 6 2431 0 72 131 3739
2295 14 2431 0 198 85 3740
2305 68 5291 1 37 7 3741
2307 65 5292 1 99 9 3742
2310 40 2446 0 24 183 3743
2310 41 2446 0 10 193 3744
2310 6 2447 0 117 40 3745
2310 13 2444 0 109 56 3746
2310 12 2448 0 128 40 3747
2310 12 2446 0 122 58 3748
2310 20 2447 0 132 13 3749
2310 51 5296 1 155 122 3750
2310 10 2444 0 40 59 3751
2310 14 2447 0 93 9 3752
2310 29 2447 0 127 27 3753
2310 14 2446 0 155 79 3754
2310 6 2447 0 146 22 3755
2310 12 2445 0 182 28 3756
2310 20 2447 0 146 119 3757
2310 40 2446 0 106 10 3758
2310 21 2447 0 113 48 3759
2310 21 2447 0 179 186 3760
2310 45 2447 0 164 40 3761
2310 9 2445 0 149 33 3762
2310 29 2448 0 128 96 3763
2310 21 2447 0 128 55 3764
2319 102 5304 1 142 143 3765
2325 42 2460 0 18 115 3766
2325 10 2461 0 128 40 3767
2325 40 2461 0 106 10 3768
2325 4 2461 0 2 3 3769
2325 6 2462 0 140 22 3770
2325 22 2459 0 124 33 3771
2325 20 2461 0 96 13 3772
2325 12 2460 0 6 88 3773
2325 3 2458 0 103 22 3774
2325 16 2460 0 113 48 3775
2325 6 2460 0 117 40 3776
2325 33 2459 0 10 193 3777
2325 25 2461 0 155 79 3778
2325 18 2461 0 15 186 3779
2325 4 2463 0 99 9 3780
2325 23 2461 0 121 49 3781
2325 42 2462 0 24 183 3782
2325 12 2461 0 110 24 3783
2325 25 2461 0 57 122 3784
2325 6 2460 0 146 22 3785
2325 22 2462 0 128 55 3786
2325 43 2459 0 66 134 3787
2325 7 2460 0 122 58 3788
2325 3 2462 0 98 36 3789
2325 14 2461 0 132 13 3790
2325 9 2462 0 185 66 3791
2339 74 5324 1 15 4 3792
2340 24 2474 0 155 79 3793
2340 7 2475 0 138 36 3794
2340 16 2474 0 124 33 3795
2340 45 2476 0 128 96 3796
2340 10 2475 0 122 58 3797
2340 25 2478 0 24 195 3798
2340 17 2475 0 22 41 3799
2340 13 2478 0 37 7 3800
2340 4 2476 0 72 194 3801
2340 24 2476 0 96 13 3802
2340 14 2475 0 110 24 3803
2340 5 2475 0 173 171 3804
2340 5 2476 0 94 1 3805
2340 35 2476 0 102 140 3806
2340 3 2478 0 99 9 3807
2340 6 2474 0 86 23 3808
2340 6 2478 0 155 52 3809
2340 4 2477 0 40 105 3810
2340 6 2476 0 103 22 3811
2340 5 2476 0 117 40 3812
2340 22 2476 0 113 48 3813
2340 14 2474 0 121 49 3814
2350 133 5337 1 188 80 3815
2355 3 2492 0 142 143 3816
2355 12 2488 0 188 80 3817
2355 24 2491 0 124 33 3818
2355 6 2492 0 103 22 3819
2355 10 2489 0 138 36 3820
2355 25 2492 0 128 55 3821
2355 6 2488 0 149 33 3822
2355 6 2490 0 146 22 3823
2355 45 2491 0 29 60 3824
2355 22 2492 0 37 7 3825
2355 5 2491 0 7 180 3826
2355 4 2492 0 125 90 3827
2355 26 2492 0 18 115 3828
2355 16 2490 0 113 48 3829
2355 21 2491 0 155 79 3830
2355 6 2489 0 182 28 3831
2355 12 2493 0 93 9 3832
2355 5 2493 0 72 194 3833
2355 13 2490 0 24 195 3834
2355 12 2490 0 128 40 3835
2355 4 2490 0 173 171 3836
2355 12 2491 0 122 58 3837
2355 15 2491 0 15 186 3838
2355 6 2491 0 101 26 3839
2362 38 5348 1 128 55 3840
2370 21 2506 0 156 90 3841
2370 25 2504 0 146 159 3842
2370 33 2507 0 18 115 3843
2370 3 2506 0 99 9 3844
2370 3 2506 0 125 90 3845
2370 4 2505 0 117 40 3846
2370 23 2506 0 109 56 3847
2370 20 2504 0 113 48 3848
2370 3 2506 0 153 145 3849
2370 9 2505 0 138 36 3850
2370 6 2508 0 140 22 3851
2370 6 2506 0 194 169 3852
2370 4 2508 0 72 194 3853
2370 41 2506 0 127 27 3854
2370 5 2504 0 7 180 3855
2370 4 2505 0 94 1 3856
2370 14 2506 0 131 45 3857
2370 14 2507 0 110 24 3858
2370 18 2505 0 124 33 3859
2370 14 2505 0 96 13 3860
2370 4 2507 0 146 22 3861
2370 25 2505 0 22 41 3862
2370 23 2506 0 13 75 3863
2370 10 2505 0 128 40 3864
2370 11 2506 0 122 58 3865
2370 3 2506 0 98 36 3866
2370 7 2504 0 63 134 3867
2370 6 2507 0 103 22 3868
2385 6 2520 0 99 9 3869
2385 29 2521 0 164 40 3870
2385 5 2522 0 15 4 3871
2385 20 2520 0 55 108 3872
2385 14 2521 0 113 48 3873
2385 14 2521 0 121 49 3874
2385 10 2522 0 63 134 3875
2385 3 2518 0 178 113 3876
2385 12 2519 0 140 22 3877
2385 6 2520 0 149 33 3878
2385 42 2522 0 127 27 3879
2385 6 2519 0 128 40 3880
2385 20 2520 0 155 79 3881
2385 20 2522 0 24 195 3882
2385 6 2522 0 72 194 3883
2385 25 2523 0 109 56 3884
2385 17 2520 0 15 186 3885
2385 11 2522 0 161 34 3886
2385 6 2520 0 40 105 3887
2385 22 2519 0 93 9 3888
2385 3 2521 0 98 36 3889
2385 3 2523 0 146 22 3890
2385 23 2522 0 128 55 3891
2400 5 2535 0 117 40 3892
2400 13 2537 0 15 186 3893
2400 19 2537 0 132 13 3894
2400 6 2536 0 155 52 3895
2400 15 2536 0 22 41 3896
2400 33 2535 0 66 169 3897
2400 30 2537 0 93 51 3898
2400 21 2532 0 55 108 3899
2400 42 2537 0 10 193 3900
2400 12 2537 0 138 36 3901
2400 13 2536 0 124 33 3902
2400 6 2533 0 7 180 3903
2400 12 2536 0 40 59 3904
2400 3 2535 0 78 150 3905
2400 10 2535 0 188 80 3906
2400 6 2537 0 125 90 3907
2400 20 2538 0 110 24 3908
2400 45 2534 0 106 10 3909
2400 4 2536 0 98 36 3910
2415 12 2552 0 122 11 3911
2415 6 2551 0 173 171 3912
2415 14 2551 0 131 45 3913
2415 23 2552 0 146 159 3914
2415 25 2551 0 109 56 3915
2415 6 2551 0 2 3 3916
2415 6 2552 0 140 22 3917
2415 5 2552 0 178 113 3918
2415 5 2552 0 98 36 3919
2415 24 2550 0 128 55 3920
2415 5 2552 0 103 22 3921
2415 26 2552 0 102 140 3922
2415 42 2551 0 10 193 3923
2415 10 2550 0 188 80 3924
2415 12 2550 0 132 13 3925
2415 5 2551 0 142 143 3926
2415 15 2551 0 15 186 3927
2415 18 2551 0 146 119 3928
2415 11 2550 0 148 56 3929
2415 45 2552 0 24 183 3930
2415 4 2551 0 155 52 3931
2415 9 2552 0 128 40 3932
2415 3 2548 0 146 22 3933
2415 25 2552 0 106 10 3934
2430 27 2566 0 143 170 3935
2430 5 2565 0 67 20 3936
2430 19 2564 0 179 186 3937
2430 20 2566 0 124 33 3938
2430 4 2566 0 101 26 3939
2430 44 2567 0 66 134 3940
2430 24 2565 0 121 49 3941
2430 9 2565 0 149 33 3942
2430 5 2567 0 99 9 3943
2430 6 2565 0 40 105 3944
2430 25 2566 0 66 169 3945
2430 4 2567 0 173 171 3946
2430 24 2566 0 131 45 3947
2430 16 2570 0 109 1 3948
2430 8 2567 0 185 66 3949
2430 9 2566 0 188 80 3950
2430 14 2567 0 13 75 3951
2430 8 2566 0 86 23 3952
2430 18 2568 0 128 55 3953
2430 5 2567 0 155 52 3954
2430 22 2565 0 122 11 3955
2430 7 2566 0 128 40 3956
2430 22 2567 0 110 24 3957
2430 6 2567 0 7 180 3958
2445 34 2581 0 106 10 3959
2445 4 2580 0 98 36 3960
2445 21 2581 0 155 79 3961
2445 8 2581 0 149 33 3962
2445 12 2579 0 194 169 3963
2445 5 2581 0 173 171 3964
2445 17 2582 0 96 13 3965
2445 4 2583 0 15 4 3966
2445 8 2581 0 40 59 3967
2445 12 2579 0 182 28 3968
2445 3 2581 0 40 105 3969
2445 37 2581 0 127 27 3970
2445 11 2583 0 148 56 3971
2445 9 2582 0 188 80 3972
2445 21 2582 0 166 118 3973
2445 19 2581 0 128 55 3974
2445 6 2583 0 138 36 3975
2445 23 2582 0 122 11 3976
2445 39 2580 0 128 96 3977
2445 11 2582 0 122 58 3978
2445 14 2581 0 124 33 3979
2445 25 2580 0 22 41 3980
2445 15 2580 0 198 85 3981
2445 6 2582 0 72 131 3982
2445 25 2580 0 93 51 3983
2445 5 2583 0 146 22 3984
2445 21 2580 0 131 45 3985
2445 11 2580 0 128 40 3986
2445 3 2583 0 125 90 3987
2445 3 2581 0 78 150 3988
2445 27 2580 0 18 115 3989
2460 4 2594 0 125 90 3990
2460 6 2595 0 67 20 3991
2460 17 2597 0 124 33 3992
2460 17 2596 0 120 146 3993
2460 6 2596 0 72 194 3994
2460 14 2594 0 121 49 3995
2460 21 2596 0 155 79 3996
2460 3 2596 0 99 9 3997
2460 6 2596 0 98 36 3998
2460 5 2597 0 146 22 3999
2460 6 2596 0 142 143 4000
2460 21 2595 0 109 56 4001
2460 3 2596 0 101 26 4002
2460 14 2595 0 131 45 4003
2460 12 2596 0 138 36 4004
2460 8 2596 0 6 88 4005
2460 42 2596 0 18 115 4006
2460 9 2595 0 128 40 4007
2460 18 2594 0 96 13 4008
2460 4 2597 0 103 22 4009
2460 38 2597 0 66 169 4010
2460 8 2597 0 140 22 4011
2475 3 2612 0 78 150 4012
2475 19 2612 0 128 55 4013
2475 8 2611 0 6 88 4014
2475 8 2612 0 122 58 4015
2475 35 2610 0 143 170 4016
2475 6 2611 0 140 22 4017
2475 4 2611 0 103 22 4018
2475 4 2611 0 15 4 4019
2475 22 2611 0 132 13 4020
2475 5 2612 0 101 26 4021
2475 25 2612 0 131 45 4022
2475 8 2611 0 194 169 4023
2475 25 2610 0 109 56 4024
2475 44 2611 0 106 10 4025
2475 15 2612 0 15 186 4026
2475 36 2611 0 93 51 4027
2475 24 2611 0 93 9 4028
2475 36 2610 0 127 27 4029
2475 3 2611 0 99 9 4030
2475 22 2612 0 121 49 4031
2475 40 2613 0 66 134 4032
2475 4 2612 0 72 194 4033
2475 3 2612 0 155 52 4034
2475 24 2609 0 22 41 4035
2476 188 5462 1 146 119 4036
2483 31 5468 1 178 113 4037
2490 6 2624 0 103 22 4038
2490 7 2626 0 63 113 4039
2490 4 2625 0 7 180 4040
2490 11 2624 0 128 40 4041
2490 3 2625 0 78 150 4042
2490 29 2624 0 106 10 4043
2490 13 2627 0 93 9 4044
2490 3 2626 0 117 40 4045
2490 44 2628 0 18 115 4046
2490 13 2627 0 109 56 4047
2490 22 2625 0 131 45 4048
2490 37 2626 0 127 27 4049
2490 11 2628 0 40 59 4050
2490 37 2625 0 164 40 4051
2490 6 2627 0 149 33 4052
2490 45 2627 0 10 193 4053
2490 25 2627 0 96 13 4054
2490 5 2628 0 101 26 4055
2490 18 2623 0 132 13 4056
2490 27 2627 0 29 60 4057
2505 4 2641 0 78 150 4058
2505 3 2641 0 98 36 4059
2505 17 2640 0 109 56 4060
2505 20 2640 0 110 24 4061
2505 3 2639 0 72 194 4062
2505 20 2641 0 55 108 4063
2505 5 2641 0 146 22 4064
2505 12 2642 0 122 58 4065
2505 18 2642 0 121 49 4066
2505 43 2642 0 102 140 4067
2505 22 2642 0 132 13 4068
2505 5 2642 0 155 52 4069
2505 4 2638 0 117 40 4070
2505 6 2641 0 101 26 4071
2505 15 2641 0 120 146 4072
2505 24 2642 0 156 90 4073
2505 13 2642 0 122 11 4074
2505 18 2640 0 124 33 4075
2505 24 2642 0 96 13 4076
2505 9 2640 0 185 66 4077
2505 16 2642 0 109 1 4078
2513 55 5498 1 78 150 4079
2520 14 2655 0 122 11 4080
2520 17 2658 0 131 45 4081
2520 21 2658 0 146 159 4082
2520 20 2658 0 13 75 4083
2520 13 2655 0 109 56 4084
2520 3 2655 0 117 40 4085
2520 14 2656 0 132 13 4086
2520 5 2655 0 125 90 4087
2520 5 2655 0 101 26 4088
2520 23 2654 0 113 48 4089
2520 13 2655 0 128 55 4090
2520 3 2657 0 103 22 4091
2520 13 2656 0 179 186 4092
2520 7 2658 0 63 134 4093
2520 12 2656 0 182 28 4094
2535 4 2669 0 99 9 4095
2535 32 2670 0 105 143 4096
2535 8 2670 0 149 33 4097
2535 21 2671 0 96 13 4098
2535 7 2673 0 182 28 4099
2535 22 2670 0 132 13 4100
2535 25 2674 0 128 55 4101
2535 33 2673 0 66 134 4102
2535 12 2670 0 131 45 4103
2535 5 2672 0 146 22 4104
2535 11 2669 0 40 59 4105
2535 8 2671 0 194 169 4106
2535 6 2670 0 67 20 4107
2535 15 2672 0 146 119 4108
2535 11 2672 0 86 23 4109
2535 9 2670 0 128 40 4110
2535 5 2669 0 103 22 4111
2535 19 2671 0 166 118 4112
2535 5 2669 0 178 113 4113
2535 4 2672 0 155 52 4114
2535 24 2673 0 124 33 4115
2535 5 2671 0 101 26 4116
2535 21 2671 0 24 195 4117
2535 24 2673 0 120 146 4118
2550 28 2685 0 102 140 4119
2550 44 2684 0 105 143 4120
2550 6 2685 0 99 9 4121
2550 13 2687 0 155 122 4122
2550 8 2690 0 194 169 4123
2550 17 2686 0 122 11 4124
2550 5 2686 0 67 20 4125
2550 3 2686 0 101 26 4126
2550 13 2687 0 121 49 4127
2550 11 2687 0 86 23 4128
2550 15 2687 0 109 56 4129
2550 16 2685 0 124 33 4130
2550 6 2684 0 103 22 4131
2550 15 2686 0 131 45 4132
2550 5 2685 0 15 4 4133
2550 25 2686 0 96 13 4134
2550 23 2686 0 128 55 4135
2550 7 2687 0 138 36 4136
2550 9 2686 0 140 22 4137
2550 7 2686 0 185 66 4138
2550 22 2686 0 132 13 4139
2550 14 2685 0 110 24 4140
2550 3 2688 0 146 22 4141
2550 41 2685 0 66 134 4142
2550 43 2686 0 66 169 4143
2553 90 5540 1 185 66 4144
2556 73 5540 1 140 22 4145
2565 43 2702 0 106 10 4146
2565 4 2702 0 173 171 4147
2565 23 2702 0 24 195 4148
2565 31 2701 0 127 27 4149
2565 25 2701 0 164 40 4150
2565 3 2701 0 98 36 4151
2565 36 2698 0 66 169 4152
2565 7 2701 0 128 40 4153
2565 20 2702 0 120 146 4154
2565 8 2702 0 122 58 4155
2565 6 2699 0 188 80 4156
2565 3 2701 0 103 22 4157
2565 15 2700 0 131 45 4158
2565 25 2701 0 93 51 4159
2565 9 2702 0 194 169 4160
2565 27 2702 0 128 96 4161
2565 17 2700 0 13 75 4162
2565 15 2702 0 122 11 4163
2565 25 2703 0 55 108 4164
2565 12 2700 0 146 119 4165
2565 3 2701 0 78 150 4166
2565 5 2701 0 40 105 4167
2565 10 2701 0 138 36 4168
2565 6 2701 0 72 131 4169
2580 13 2714 0 109 56 4170
2580 4 2715 0 2 3 4171
2580 5 2717 0 94 1 4172
2580 6 2718 0 7 180 4173
2580 13 2716 0 37 7 4174
2580 14 2716 0 113 48 4175
2580 11 2717 0 128 40 4176
2580 7 2716 0 149 33 4177
2580 41 2715 0 95 77 4178
2580 3 2717 0 117 40 4179
2580 20 2716 0 124 33 4180
2580 4 2717 0 146 22 4181
2580 16 2716 0 22 41 4182
2580 11 2715 0 122 58 4183
2580 12 2717 0 15 186 4184
2580 12 2717 0 156 90 4185
2580 13 2716 0 132 13 4186
2580 7 2718 0 140 22 4187
2580 3 2715 0 98 36 4188
2580 37 2717 0 93 51 4189
2595 42 2733 0 10 193 4190
2595 3 2731 0 125 90 4191
2595 23 2730 0 96 13 4192
2595 42 2732 0 105 143 4193
2595 27 2731 0 164 40 4194
2595 19 2732 0 110 24 4195
2595 7 2730 0 149 33 4196
2595 6 2732 0 103 22 4197
2595 17 2732 0 15 186 4198
2595 18 2731 0 155 122 4199
2595 24 2731 0 122 11 4200
2595 12 2730 0 55 108 4201
2595 15 2731 0 24 195 4202
2595 3 2731 0 98 36 4203
2595 19 2731 0 146 159 4204
2595 9 2731 0 138 36 4205
2595 12 2730 0 155 79 4206
2595 6 2731 0 63 134 4207
2595 12 2732 0 148 56 4208
2595 41 2731 0 29 60 4209
2595 25 2732 0 131 45 4210
2595 6 2730 0 142 143 4211
2595 7 2731 0 40 59 4212
2595 25 2730 0 13 75 4213
2595 30 2732 0 127 27 4214
2595 4 2730 0 99 9 4215
2595 6 2731 0 146 22 4216
2595 5 2733 0 72 194 4217
2600 31 5587 1 146 22 4218
2600 61 5588 1 24 195 4219
2610 11 2746 0 185 66 4220
2610 37 2747 0 18 115 4221
2610 5 2747 0 153 145 4222
2610 7 2744 0 40 59 4223
2610 3 2747 0 103 22 4224
2610 5 2746 0 101 26 4225
2610 43 2746 0 66 134 4226
2610 12 2747 0 132 13 4227
2610 3 2748 0 40 105 4228
2610 19 2745 0 131 45 4229
2610 5 2744 0 15 4 4230
2610 4 2746 0 117 40 4231
2610 37 2746 0 10 193 4232
2610 31 2745 0 127 27 4233
2610 6 2746 0 99 9 4234
2610 25 2747 0 57 122 4235
2610 11 2747 0 138 36 4236
2610 22 2746 0 155 122 4237
2610 12 2747 0 155 79 4238
2610 18 2747 0 128 55 4239
2610 6 2746 0 98 36 4240
2610 22 2747 0 24 195 4241
2610 9 2745 0 182 28 4242
2610 4 2748 0 72 131 4243
2610 25 2747 0 164 40 4244
2625 45 2761 0 95 77 4245
2625 4 2759 0 2 3 4246
2625 29 2762 0 106 10 4247
2625 8 2762 0 122 58 4248
2625 6 2760 0 153 145 4249
2625 24 2760 0 96 13 4250
2625 38 2762 0 102 140 4251
2625 20 2763 0 37 7 4252
2625 36 2760 0 29 60 4253
2625 6 2762 0 101 26 4254
2625 4 2761 0 103 22 4255
2625 40 2762 0 66 169 4256
2625 12 2762 0 113 48 4257
2625 17 2762 0 15 186 4258
2625 20 2761 0 121 49 4259
2625 20 2759 0 93 9 4260
2625 39 2763 0 128 96 4261
2625 12 2761 0 179 186 4262
2625 25 2764 0 10 193 4263
2625 4 2761 0 99 9 4264
2625 6 2761 0 86 23 4265
2630 63 5614 1 86 23 4266
2640 11 2777 0 148 56 4267
2640 12 2776 0 149 33 4268
2640 16 2777 0 146 159 4269
2640 6 2776 0 182 28 4270
2640 25 2775 0 155 122 4271
2640 9 2777 0 63 134 4272
2640 25 2778 0 37 7 4273
2640 15 2774 0 146 119 4274
2640 35 2775 0 95 77 4275
2640 6 2774 0 117 40 4276
2640 14 2777 0 122 11 4277
2640 3 2774 0 99 9 4278
2640 6 2775 0 103 22 4279
2640 21 2775 0 156 90 4280
2640 27 2776 0 127 27 4281
2640 6 2775 0 86 23 4282
2640 5 2778 0 15 4 4283
2640 18 2777 0 131 45 4284
2646 85 5634 1 13 75 4285
2655 13 2790 0 124 33 4286
2655 6 2791 0 103 22 4287
2655 13 2791 0 113 48 4288
2655 31 2791 0 18 115 4289
2655 4 2792 0 72 131 4290
2655 3 2790 0 98 36 4291
2655 20 2792 0 121 49 4292
2655 29 2792 0 128 96 4293
2655 21 2792 0 120 146 4294
2655 3 2790 0 99 9 4295
2655 7 2790 0 86 23 4296
2655 22 2792 0 146 159 4297
2655 6 2792 0 140 22 4298
2655 18 2792 0 131 45 4299
2655 5 2793 0 101 26 4300
2655 6 2792 0 63 134 4301
2655 6 2789 0 117 40 4302
2655 22 2790 0 93 9 4303
2655 3 2792 0 146 22 4304
2655 23 2794 0 37 7 4305
2655 3 2790 0 153 145 4306
2655 15 2792 0 155 122 4307
2655 19 2791 0 96 13 4308
2655 22 2791 0 122 11 4309
2657 42 5644 1 142 143 4310
2659 62 5643 1 40 105 4311
2664 56 5651 1 122 58 4312
2667 200 5653 1 18 115 4313
2670 6 2805 0 98 36 4314
2670 20 2806 0 22 41 4315
2670 10 2805 0 86 23 4316
2670 3 2808 0 146 22 4317
2670 24 2807 0 15 186 4318
2670 6 2805 0 101 26 4319
2670 23 2806 0 156 90 4320
2670 6 2805 0 63 134 4321
2670 8 2804 0 149 33 4322
2670 16 2806 0 110 24 4323
2670 6 2804 0 153 145 4324
2670 16 2807 0 109 56 4325
2670 10 2805 0 138 36 4326
2670 5 2805 0 2 3 4327
2670 17 2805 0 132 13 4328
2670 4 2807 0 99 9 4329
2670 20 2805 0 57 122 4330
2670 31 2807 0 106 10 4331
2681 34 5670 1 153 145 4332
2685 12 2822 0 63 134 4333
2685 31 2823 0 143 170 4334
2685 14 2820 0 121 49 4335
2685 11 2823 0 86 23 4336
2685 25 2822 0 128 55 4337
2685 43 2820 0 106 10 4338
2685 7 2822 0 128 40 4339
2685 18 2820 0 113 48 4340
2685 37 2821 0 95 77 4341
2685 5 2821 0 7 180 4342
2685 24 2820 0 132 13 4343
2685 34 2818 0 10 193 4344
2685 12 2821 0 55 108 4345
2685 6 2822 0 146 22 4346
2685 6 2823 0 194 169 4347
2685 33 2820 0 24 183 4348
2685 5 2821 0 155 52 4349
2685 14 2822 0 15 186 4350
2685 6 2820 0 140 22 4351
2685 19 2821 0 120 146 4352
2685 21 2821 0 198 85 4353
2685 5 2821 0 72 131 4354
2685 45 2823 0 164 40 4355
2685 14 2820 0 96 13 4356
2685 4 2820 0 178 113 4357
2700 4 2836 0 99 9 4358
2700 11 2838 0 149 33 4359
2700 21 2836 0 124 33 4360
2700 35 2836 0 128 96 4361
2700 4 2835 0 117 40 4362
2700 12 2837 0 110 24 4363
2700 6 2836 0 128 40 4364
2700 6 2836 0 94 1 4365
2700 3 2838 0 146 22 4366
2700 6 2836 0 40 59 4367
2700 3 2838 0 103 22 4368
2700 25 2837 0 131 45 4369
2700 24 2835 0 109 56 4370
2700 20 2837 0 109 1 4371
2700 6 2837 0 86 23 4372
2700 7 2837 0 6 88 4373
2700 25 2835 0 121 49 4374
2715 35 2851 0 24 183 4375
2715 9 2852 0 128 40 4376
2715 42 2853 0 66 134 4377
2715 42 2852 0 127 27 4378
2715 14 2850 0 132 13 4379
2715 42 2851 0 95 77 4380
2715 20 2849 0 93 9 4381
2715 12 2850 0 188 80 4382
2715 19 2852 0 121 49 4383
2715 12 2848 0 6 88 4384
2715 10 2852 0 161 34 4385
2715 40 2849 0 18 115 4386
2715 21 2852 0 15 186 4387
2715 25 2852 0 124 33 4388
2715 20 2852 0 96 13 4389
2715 6 2850 0 15 4 4390
2715 3 2851 0 67 20 4391
2715 12 2852 0 140 22 4392
2715 19 2848 0 128 55 4393
2715 20 2850 0 166 118 4394
2715 19 2852 0 113 48 4395
2715 6 2851 0 103 22 4396
2715 15 2851 0 24 195 4397
2715 42 2851 0 106 10 4398
2730 17 2865 0 22 41 4399
2730 4 2867 0 103 22 4400
2730 6 2866 0 2 3 4401
2730 15 2864 0 15 186 4402
2730 5 2864 0 98 36 4403
2730 4 2865 0 40 105 4404
2730 31 2866 0 127 27 4405
2730 17 2864 0 55 108 4406
2730 39 2867 0 24 183 4407
2730 4 2868 0 7 180 4408
2730 12 2866 0 96 13 4409
2730 22 2866 0 121 49 4410
2730 5 2867 0 142 143 4411
2730 16 2867 0 131 45 4412
2730 24 2866 0 122 11 4413
2730 11 2867 0 148 56 4414
2730 19 2865 0 113 48 4415
2730 36 2865 0 95 77 4416
2736 38 5720 1 155 52 4417
2745 19 2882 0 132 13 4418
2745 39 2881 0 93 51 4419
2745 19 2880 0 131 45 4420
2745 19 2879 0 93 9 4421
2745 37 2883 0 24 183 4422
2745 8 2881 0 128 40 4423
2745 8 2881 0 63 113 4424
2745 6 2882 0 40 105 4425
2745 21 2882 0 37 7 4426
2745 11 2880 0 122 58 4427
2745 12 2881 0 109 56 4428
2745 27 2882 0 102 140 4429
2745 21 2881 0 110 24 4430
2745 21 2882 0 121 49 4431
2745 44 2882 0 106 10 4432
2745 10 2879 0 185 66 4433
2745 13 2880 0 120 146 4434
2745 35 2882 0 164 40 4435
2745 3 2881 0 98 36 4436
2745 37 2881 0 18 115 4437
2745 6 2880 0 103 22 4438
2760 16 2897 0 109 1 4439
2760 6 2896 0 122 58 4440
2760 12 2896 0 140 22 4441
2760 12 2897 0 109 56 4442
2760 5 2897 0 99 9 4443
2760 5 2896 0 101 26 4444
2760 35 2896 0 66 134 4445
2760 25 2895 0 10 193 4446
2760 10 2894 0 63 134 4447
2760 18 2895 0 124 33 4448
2760 24 2897 0 113 48 4449
2760 5 2898 0 153 145 4450
2760 18 2896 0 55 108 4451
2760 39 2894 0 105 143 4452
2760 6 2895 0 2 3 4453
2760 5 2894 0 40 105 4454
2760 5 2897 0 15 4 4455
2760 30 2897 0 95 77 4456
2760 15 2895 0 121 49 4457
2760 5 2895 0 173 171 4458
2760 6 2894 0 178 113 4459
2760 26 2898 0 106 10 4460
2760 29 2895 0 127 27 4461
2760 5 2895 0 103 22 4462
2760 24 2897 0 132 13 4463
2760 21 2898 0 96 13 4464
2760 6 2894 0 117 40 4465
2763 158 5750 1 102 140 4466
2775 19 2911 0 179 186 4467
2775 24 2911 0 22 41 4468
2775 20 2912 0 146 119 4469
2775 10 2909 0 140 22 4470
2775 9 2912 0 185 66 4471
2775 6 2910 0 15 4 4472
2775 16 2908 0 15 186 4473
2775 18 2912 0 122 11 4474
2775 6 2912 0 72 131 4475
2775 18 2913 0 156 90 4476
2775 8 2910 0 6 88 4477
2775 16 2912 0 155 122 4478
2775 19 2911 0 146 159 4479
2775 11 2909 0 149 33 4480
2775 4 2912 0 2 3 4481
2775 4 2909 0 101 26 4482
2775 8 2911 0 194 169 4483
2775 33 2911 0 10 193 4484
2775 32 2909 0 95 77 4485
2775 43 2911 0 127 27 4486
2775 16 2910 0 132 13 4487
2784 147 5770 1 93 51 4488
2790 5 2925 0 178 113 4489
2790 11 2925 0 6 88 4490
2790 25 2923 0 109 56 4491
2790 11 2928 0 140 22 4492
2790 12 2928 0 146 159 4493
2790 11 2926 0 122 58 4494
2790 20 2927 0 122 11 4495
2790 19 2926 0 128 55 4496
2790 15 2927 0 22 41 4497
2790 36 2924 0 93 51 4498
2790 3 2926 0 153 145 4499
2790 6 2928 0 125 90 4500
2790 6 2925 0 128 40 4501
2790 18 2927 0 37 7 4502
2790 9 2926 0 138 36 4503
2790 5 2926 0 103 22 4504
2790 24 2927 0 132 13 4505
2790 5 2925 0 117 40 4506
2790 5 2924 0 101 26 4507
2790 35 2925 0 24 183 4508
2790 3 2927 0 99 9 4509
2801 121 5788 1 140 22 4510
2805 12 2942 0 93 9 4511
2805 6 2941 0 7 180 4512
2805 20 2942 0 146 119 4513
2805 20 2943 0 128 55 4514
2805 16 2941 0 110 24 4515
2805 11 2942 0 148 56 4516
2805 24 2941 0 109 56 4517
2805 39 2942 0 106 10 4518
2805 24 2942 0 122 11 4519
2805 43 2941 0 143 170 4520
2805 6 2939 0 98 36 4521
2805 29 2942 0 102 140 4522
2805 6 2943 0 103 22 4523
2805 3 2941 0 101 26 4524
2805 19 2941 0 146 159 4525
2805 45 2941 0 105 143 4526
2805 36 2943 0 18 115 4527
2805 34 2941 0 127 27 4528
2808 102 5794 1 128 96 4529
2820 7 2955 0 182 28 4530
2820 25 2956 0 113 48 4531
2820 3 2955 0 7 180 4532
2820 26 2955 0 127 27 4533
2820 10 2955 0 138 36 4534
2820 23 2956 0 121 49 4535
2820 6 2955 0 101 26 4536
2820 41 2958 0 66 169 4537
2820 5 2955 0 103 22 4538
2820 35 2956 0 102 140 4539
2820 9 2959 0 140 22 4540
2820 24 2954 0 132 13 4541
2820 31 2955 0 24 183 4542
2820 6 2954 0 99 9 4543
2820 43 2958 0 106 10 4544
2820 23 2957 0 96 13 4545
2820 12 2956 0 109 56 4546
2820 3 2956 0 146 22 4547
2820 13 2956 0 110 24 4548
2820 6 2957 0 149 33 4549
2820 20 2956 0 166 118 4550
2820 25 2958 0 128 55 4551
2820 22 2954 0 124 33 4552
2829 77 5816 1 66 134 4553
2835 15 2972 0 198 85 4554
2835 23 2971 0 13 75 4555
2835 21 2972 0 128 55 4556
2835 4 2970 0 103 22 4557
2835 16 2972 0 110 24 4558
2835 16 2971 0 55 108 4559
2835 3 2971 0 98 36 4560
2835 4 2971 0 72 194 4561
2835 19 2971 0 113 48 4562
2835 22 2972 0 121 49 4563
2835 3 2972 0 67 20 4564
2835 18 2970 0 155 122 4565
2835 18 2970 0 22 41 4566
2835 27 2972 0 127 27 4567
2835 12 2972 0 128 40 4568
2835 12 2972 0 109 1 4569
2835 9 2972 0 149 33 4570
2835 18 2973 0 109 56 4571
2835 24 2972 0 122 11 4572
2835 4 2971 0 99 9 4573
2835 11 2973 0 148 56 4574
2835 10 2972 0 140 22 4575
2835 8 2969 0 6 88 4576
2835 24 2970 0 155 79 4577
2835 26 2969 0 106 10 4578
2842 44 5827 1 122 11 4579
2850 9 2986 0 122 58 4580
2850 12 2985 0 148 56 4581
2850 12 2985 0 63 113 4582
2850 36 2987 0 93 51 4583
2850 19 2985 0 120 146 4584
2850 40 2985 0 29 60 4585
2850 3 2987 0 101 26 4586
2850 21 2985 0 124 33 4587
2850 7 2985 0 138 36 4588
2850 21 2986 0 121 49 4589
2850 7 2987 0 128 40 4590
2850 20 2985 0 146 159 4591
2850 16 2987 0 57 122 4592
2850 23 2988 0 37 7 4593
2850 27 2985 0 127 27 4594
2850 4 2985 0 40 105 4595
2850 14 2987 0 109 1 4596
2850 9 2988 0 63 134 4597
2850 16 2987 0 110 24 4598
2850 40 2987 0 106 10 4599
2850 5 2985 0 15 4 4600
2850 35 2985 0 24 183 4601
2850 18 2988 0 24 195 4602
2850 14 2983 0 109 56 4603
2850 24 2989 0 131 45 4604
2854 64 5840 1 93 9 4605
2865 34 5851 1 110 24 4606
2865 4 3001 0 101 26 4607
2865 11 3002 0 63 134 4608
2865 24 3000 0 124 33 4609
2865 14 3000 0 113 48 4610
2865 14 3003 0 121 49 4611
2865 8 3001 0 138 36 4612
2865 35 3001 0 10 193 4613
2865 20 3003 0 122 11 4614
2865 3 3001 0 78 150 4615
2865 9 3001 0 6 88 4616
2865 10 2999 0 128 40 4617
2865 3 3000 0 117 40 4618
2865 35 3000 0 24 183 4619
2865 18 3001 0 146 159 4620
2865 5 3003 0 40 105 4621
2865 23 3001 0 37 7 4622
2865 10 3001 0 148 56 4623
2865 21 3001 0 198 85 4624
2865 19 3001 0 96 13 4625
2865 6 3002 0 63 113 4626
2865 3 3002 0 7 180 4627
2865 7 3000 0 40 59 4628
2865 16 3001 0 132 13 4629
2865 16 3001 0 110 24 4630
2865 19 3001 0 155 79 4631
2865 7 3001 0 122 58 4632
2865 15 2999 0 55 108 4633
2865 15 3004 0 156 90 4634
2880 7 3018 0 122 58 4635
2880 23 3015 0 57 122 4636
2880 14 3015 0 109 56 4637
2880 36 3015 0 128 96 4638
2880 4 3017 0 146 22 4639
2880 3 3015 0 94 1 4640
2880 23 3017 0 110 24 4641
2880 21 3016 0 131 45 4642
2880 11 3015 0 140 22 4643
2880 34 3018 0 127 27 4644
2880 8 3018 0 182 28 4645
2880 15 3016 0 128 55 4646
2880 22 3015 0 179 186 4647
2880 40 3017 0 95 77 4648
2880 14 3018 0 13 75 4649
2880 6 3018 0 138 36 4650
2880 16 3016 0 124 33 4651
2880 38 3018 0 66 169 4652
2880 31 3014 0 143 170 4653
2880 3 3014 0 67 20 4654
2880 24 3017 0 109 1 4655
2880 39 3015 0 105 143 4656
2880 18 3018 0 121 49 4657
2880 31 3017 0 66 134 4658
2880 20 3014 0 37 7 4659
2880 3 3016 0 101 26 4660
2880 9 3017 0 63 134 4661
2880 19 3015 0 96 13 4662
2880 10 3018 0 86 23 4663
2880 3 3016 0 7 180 4664
2895 6 3032 0 99 9 4665
2895 6 3030 0 149 33 4666
2895 7 3031 0 161 34 4667
2895 6 3031 0 78 150 4668
2895 19 3033 0 22 41 4669
2895 3 3030 0 67 20 4670
2895 17 3032 0 198 85 4671
2895 7 3031 0 138 36 4672
2895 32 3029 0 105 143 4673
2895 23 3030 0 15 186 4674
2895 17 3032 0 128 55 4675
2895 41 3032 0 93 51 4676
2895 31 3032 0 106 10 4677
2895 14 3031 0 13 75 4678
2895 14 3032 0 57 122 4679
2895 4 3031 0 94 1 4680
2895 37 3030 0 95 77 4681
2895 14 3033 0 146 119 4682
2895 5 3030 0 117 40 4683
2895 5 3034 0 101 26 4684
2895 23 3031 0 146 159 4685
2895 16 3032 0 113 48 4686
2895 3 3028 0 7 180 4687
2895 31 3032 0 66 134 4688
2895 9 3031 0 140 22 4689
2895 3 3033 0 155 52 4690
2895 23 3030 0 132 13 4691
2895 9 3031 0 185 66 4692
2895 9 3031 0 194 169 4693
2895 12 3029 0 131 45 4694
2895 9 3031 0 40 59 4695
2895 44 3030 0 127 27 4696
2910 44 3044 0 105 143 4697
2910 37 3045 0 164 40 4698
2910 23 3045 0 15 186 4699
2910 12 3048 0 122 58 4700
2910 27 3047 0 106 10 4701
2910 15 3046 0 122 11 4702
2910 19 3046 0 128 55 4703
2910 9 3046 0 6 88 4704
2910 33 3047 0 93 51 4705
2910 12 3046 0 63 134 4706
2910 19 3046 0 124 33 4707
2910 18 3048 0 131 45 4708
2910 29 3045 0 127 27 4709
2910 6 3048 0 103 22 4710
2910 20 3047 0 13 75 4711
2910 29 3043 0 29 60 4712
2910 40 3046 0 18 115 4713
2910 5 3044 0 117 40 4714
2910 17 3046 0 96 13 4715
2910 17 3046 0 109 1 4716
2910 11 3048 0 185 66 4717
2910 5 3048 0 101 26 4718
2910 26 3047 0 95 77 4719
2910 24 3045 0 155 79 4720
2910 4 3045 0 98 36 4721
2910 23 3047 0 146 119 4722
2910 23 3045 0 156 90 4723
2910 9 3046 0 128 40 4724
2913 40 5900 1 103 22 4725
2925 24 3060 0 57 122 4726
2925 13 3059 0 15 186 4727
2925 38 3061 0 127 27 4728
2925 13 3062 0 109 56 4729
2925 29 3060 0 24 183 4730
2925 10 3061 0 138 36 4731
2925 3 3061 0 155 52 4732
2925 24 3061 0 24 195 4733
2925 4 3060 0 178 113 4734
2925 4 3064 0 125 90 4735
2925 25 3060 0 102 140 4736
2925 6 3062 0 182 28 4737
2925 3 3061 0 173 171 4738
2925 4 3062 0 98 36 4739
2925 7 3060 0 140 22 4740
2925 18 3062 0 55 108 4741
2925 29 3061 0 106 10 4742
2925 39 3061 0 128 96 4743
2925 22 3061 0 37 7 4744
2925 3 3060 0 146 22 4745
2925 6 3061 0 101 26 4746
2925 9 3060 0 128 40 4747
2925 20 3062 0 121 49 4748
2925 5 3061 0 117 40 4749
2925 43 3061 0 10 193 4750
2925 8 3060 0 149 33 4751
2925 20 3059 0 109 1 4752
2925 40 3060 0 66 169 4753
2925 17 3060 0 124 33 4754
2925 39 3061 0 18 115 4755
2925 23 3063 0 128 55 4756
2934 49 5921 1 93 51 4757
2940 4 3075 0 125 90 4758
2940 10 3076 0 148 56 4759
2940 10 3076 0 86 23 4760
2940 6 3076 0 146 22 4761
2940 6 3075 0 99 9 4762
2940 8 3078 0 149 33 4763
2940 21 3075 0 155 79 4764
2940 8 3077 0 138 36 4765
2940 10 3076 0 128 40 4766
2940 22 3077 0 96 13 4767
2940 16 3077 0 122 11 4768
2940 21 3075 0 121 49 4769
2940 14 3076 0 155 122 4770
2940 24 3077 0 110 24 4771
2940 8 3076 0 122 58 4772
2940 37 3075 0 10 193 4773
2940 4 3076 0 7 180 4774
2940 3 3077 0 67 20 4775
2940 15 3077 0 128 55 4776
2940 20 3076 0 113 48 4777
2940 4 3075 0 2 3 4778
2955 37 3091 0 127 27 4779
2955 5 3091 0 155 52 4780
2955 9 3089 0 138 36 4781
2955 4 3091 0 153 145 4782
2955 6 3092 0 101 26 4783
2955 3 3091 0 142 143 4784
2955 10 3093 0 128 40 4785
2955 11 3092 0 63 113 4786
2955 37 3090 0 102 140 4787
2955 16 3091 0 155 122 4788
2955 14 3091 0 37 7 4789
2955 25 3093 0 131 45 4790
2955 4 3091 0 103 22 4791
2955 13 3089 0 179 186 4792
2955 25 3092 0 166 118 4793
2955 28 3093 0 66 169 4794
2955 4 3092 0 72 131 4795
2955 34 3091 0 105 143 4796
2955 5 3090 0 7 180 4797
2955 16 3093 0 120 146 4798
2955 4 3090 0 94 1 4799
2955 16 3091 0 124 33 4800
2955 7 3092 0 148 56 4801
2955 25 3088 0 121 49 4802
2955 6 3090 0 98 36 4803
2955 5 3091 0 40 105 4804
2955 19 3094 0 155 79 4805
2955 5 3091 0 99 9 4806
2955 16 3093 0 156 90 4807
2955 21 3092 0 132 13 4808
2955 17 3092 0 110 24 4809
2961 54 5948 1 124 33 4810
2963 67 5948 1 132 13 4811
2970 11 3105 0 63 113 4812
2970 9 3106 0 128 40 4813
2970 23 3108 0 146 159 4814
2970 6 3106 0 140 22 4815
2970 20 3107 0 109 1 4816
2970 13 3106 0 131 45 4817
2970 12 3106 0 148 56 4818
2970 3 3106 0 155 52 4819
2970 12 3105 0 86 23 4820
2970 4 3104 0 117 40 4821
2970 11 3106 0 40 59 4822
2970 35 3106 0 24 183 4823
2970 6 3106 0 173 171 4824
2970 12 3108 0 122 58 4825
2970 12 3104 0 182 28 4826
2970 36 3106 0 66 134 4827
2970 21 3107 0 113 48 4828
2970 17 3107 0 121 49 4829
2970 10 3106 0 149 33 4830
2970 20 3105 0 120 146 4831
2970 20 3107 0 93 9 4832
2970 3 3107 0 101 26 4833
2970 34 3106 0 29 60 4834
2970 5 3106 0 125 90 4835
2970 26 3104 0 127 27 4836
2970 7 3108 0 188 80 4837
2970 13 3103 0 122 11 4838
2970 16 3105 0 96 13 4839
2970 41 3106 0 143 170 4840
2970 22 3107 0 166 118 4841
2970 8 3106 0 138 36 4842
2970 39 3108 0 106 10 4843
2970 28 3105 0 93 51 4844
2970 15 3107 0 124 33 4845
2977 37 5962 1 156 90 4846
2985 23 3121 0 128 55 4847
2985 12 3122 0 109 1 4848
2985 20 3120 0 179 186 4849
2985 6 3119 0 63 113 4850
2985 38 3122 0 105 143 4851
2985 3 3121 0 153 145 4852
2985 18 3119 0 131 45 4853
2985 25 3121 0 113 48 4854
2985 10 3121 0 138 36 4855
2985 6 3119 0 146 22 4856
2985 34 3121 0 143 170 4857
2985 16 3121 0 121 49 4858
2985 7 3121 0 149 33 4859
2985 22 3121 0 120 146 4860
2985 22 3121 0 122 11 4861
2985 19 3122 0 55 108 4862
2985 5 3120 0 98 36 4863
2985 12 3121 0 57 122 4864
2985 45 3119 0 29 60 4865
2985 44 3120 0 127 27 4866
2985 36 3122 0 106 10 4867
2985 5 3120 0 101 26 4868
2985 12 3120 0 110 24 4869
2985 9 3120 0 185 66 4870
2985 4 3122 0 99 9 4871
2985 34 3118 0 18 115 4872
2985 20 3122 0 132 13 4873
2985 10 3122 0 140 22 4874
2988 185 5975 1 179 186 4875
3000 35 3137 0 10 193 4876
3000 4 3134 0 72 131 4877
3000 16 3135 0 55 108 4878
3000 26 3135 0 127 27 4879
3000 18 3134 0 109 56 4880
3000 45 3137 0 24 183 4881
3000 12 3136 0 96 13 4882
3000 23 3136 0 121 49 4883
3000 22 3135 0 132 13 4884
3000 16 3136 0 110 24 4885
3000 12 3135 0 122 11 4886
3000 6 3134 0 67 20 4887
3000 36 3136 0 102 140 4888
3000 11 3136 0 122 58 4889
3000 4 3137 0 103 22 4890
3000 5 3136 0 99 9 4891
3000 7 3135 0 63 113 4892
3000 12 3138 0 185 66 4893
3000 17 3136 0 198 85 4894
3000 15 3134 0 124 33 4895
3000 12 3137 0 128 40 4896
3000 9 3136 0 161 34 4897
3000 24 3137 0 113 48 4898
3000 5 3136 0 40 105 4899
3000 12 3136 0 138 36 4900
3009 64 5994 1 40 59 4901
3015 6 3151 0 98 36 4902
3015 8 3151 0 185 66 4903
3015 9 3149 0 140 22 4904
3015 21 3150 0 96 13 4905
3015 7 3151 0 138 36 4906
3015 13 3153 0 113 48 4907
3015 22 3153 0 121 49 4908
3015 23 3150 0 132 13 4909
3015 21 3152 0 122 11 4910
3015 10 3151 0 149 33 4911
3015 7 3153 0 122 58 4912
3015 24 3152 0 110 24 4913
3015 16 3149 0 179 186 4914
3015 21 3151 0 124 33 4915
3015 4 3150 0 103 22 4916
3015 5 3150 0 2 3 4917
3015 162 6003 1 101 26 4918
3027 71 6012 1 105 143 4919
3030 21 3165 0 22 41 4920
3030 44 3166 0 95 77 4921
3030 5 3166 0 173 171 4922
3030 4 3164 0 78 150 4923
3030 6 3167 0 140 22 4924
3030 5 3164 0 103 22 4925
3030 6 3165 0 40 105 4926
3030 6 3166 0 161 34 4927
3030 18 3167 0 109 56 4928
3030 33 3166 0 102 140 4929
3030 10 3165 0 149 33 4930
3030 5 3166 0 117 40 4931
3030 10 3167 0 122 58 4932
3030 12 3168 0 121 49 4933
3030 19 3165 0 24 195 4934
3030 36 3167 0 24 183 4935
3030 15 3166 0 124 33 4936
3030 6 3165 0 101 26 4937
3030 4 3164 0 155 52 4938
3030 6 3166 0 98 36 4939
3030 42 3169 0 127 27 4940
3030 11 3163 0 138 36 4941
3030 18 3169 0 15 186 4942
3034 68 6022 1 131 45 4943
3044 149 6029 1 143 170 4944
3045 30 3179 0 66 169 4945
3045 39 3181 0 95 77 4946
3045 3 3182 0 103 22 4947
3045 6 3183 0 40 59 4948
3045 23 3179 0 109 56 4949
3045 16 3181 0 124 33 4950
3045 6 3181 0 185 66 4951
3045 23 3182 0 57 122 4952
3045 43 3182 0 106 10 4953
3045 20 3183 0 122 11 4954
3045 4 3180 0 7 180 4955
3045 6 3181 0 101 26 4956
3045 5 3181 0 2 3 4957
3045 6 3180 0 78 150 4958
3045 6 3179 0 149 33 4959
3045 6 3181 0 146 22 4960
3045 6 3180 0 99 9 4961
3045 6 3182 0 153 145 4962
3045 15 3181 0 96 13 4963
3045 23 3181 0 128 55 4964
3045 44 3181 0 102 140 4965
3059 30 6043 1 146 159 4966
3060 15 3196 0 131 45 4967
3060 25 3195 0 146 159 4968
3060 10 3197 0 63 134 4969
3060 27 3194 0 106 10 4970
3060 3 3195 0 99 9 4971
3060 21 3197 0 120 146 4972
3060 13 3196 0 155 79 4973
3060 20 3195 0 146 119 4974
3060 4 3196 0 101 26 4975
3060 12 3197 0 22 41 4976
3060 10 3196 0 128 40 4977
3060 11 3197 0 149 33 4978
3060 7 3199 0 122 58 4979
3060 21 3196 0 124 33 4980
3060 24 3196 0 110 24 4981
3060 3 3195 0 67 20 4982
3060 12 3195 0 24 195 4983
3060 18 3196 0 57 122 4984
3060 20 3196 0 15 186 4985
3060 24 3194 0 121 49 4986
3060 6 3195 0 78 150 4987
3060 25 3195 0 13 75 4988
3060 19 3194 0 128 55 4989
3060 18 3196 0 96 13 4990
3060 4 3198 0 15 4 4991
3060 43 3196 0 102 140 4992
3060 23 3196 0 109 56 4993
3060 18 3195 0 132 13 4994
3060 43 3195 0 105 143 4995
3071 67 6058 1 29 60 4996
3075 10 3211 0 140 22 4997
3075 35 3211 0 105 143 4998
3075 21 3211 0 132 13 4999
3075 25 3209 0 113 48 5000
3075 22 3212 0 55 108 5001
3075 16 3210 0 15 186 5002
3075 9 3210 0 138 36 5003
3075 20 3210 0 109 56 5004
3075 13 3214 0 24 195 5005
3075 17 3212 0 124 33 5006
3075 27 3211 0 127 27 5007
3075 6 3210 0 149 33 5008
3075 11 3210 0 128 40 5009
3075 25 3211 0 109 1 5010
3075 9 3210 0 188 80 5011
3075 6 3212 0 146 22 5012
3075 24 3210 0 110 24 5013
3090 3 3226 0 7 180 5014
3090 3 3226 0 178 113 5015
3090 13 3226 0 113 48 5016
3090 22 3227 0 128 55 5017
3090 6 3226 0 146 22 5018
3090 14 3225 0 13 75 5019
3090 35 3225 0 106 10 5020
3090 10 3224 0 149 33 5021
3090 22 3227 0 124 33 5022
3090 20 3225 0 166 118 5023
3090 11 3227 0 140 22 5024
3090 6 3227 0 101 26 5025
3090 5 3226 0 103 22 5026
3090 9 3226 0 148 56 5027
3090 179 6077 1 93 9 5028
3090 19 3226 0 22 41 5029
3090 17 3226 0 198 85 5030
3090 21 3227 0 96 13 5031
3090 22 3224 0 121 49 5032
3090 3 3227 0 15 4 5033
3090 3 3224 0 173 171 5034
3090 12 3225 0 155 79 5035
3090 6 3226 0 40 105 5036
3090 11 3225 0 6 88 5037
3090 25 3228 0 120 146 5038
3090 18 3224 0 132 13 5039
3090 20 3224 0 109 1 5040
3090 18 3226 0 122 11 5041
3090 4 3226 0 98 36 5042
3090 6 3227 0 117 40 5043
3105 24 3242 0 122 11 5044
3105 3 3241 0 117 40 5045
3105 41 3242 0 106 10 5046
3105 5 3243 0 40 105 5047
3105 21 3242 0 113 48 5048
3105 40 3240 0 127 27 5049
3105 8 3239 0 138 36 5050
3105 3 3241 0 125 90 5051
3105 14 3239 0 124 33 5052
3105 28 3239 0 66 169 5053
3105 4 3243 0 2 3 5054
3105 6 3242 0 122 58 5055
3105 3 3240 0 99 9 5056
3105 4 3242 0 98 36 5057
3105 4 3240 0 15 4 5058
3105 24 3241 0 96 13 5059
3105 17 3242 0 121 49 5060
3105 22 3241 0 22 41 5061
3105 6 3241 0 128 40 5062
3105 12 3241 0 6 88 5063
3105 7 3242 0 140 22 5064
3105 12 3242 0 149 33 5065
3105 11 3240 0 40 59 5066
3105 4 3242 0 142 143 5067
3105 12 3241 0 110 24 5068
3105 43 3239 0 128 96 5069
3105 43 3241 0 29 60 5070
3113 74 6098 1 164 40 5071
3120 25 3257 0 24 195 5072
3120 9 3259 0 128 40 5073
3120 6 3256 0 67 20 5074
3120 3 3256 0 98 36 5075
3120 14 3254 0 109 56 5076
3120 25 3256 0 128 55 5077
3120 24 3256 0 93 9 5078
3120 30 3256 0 95 77 5079
3120 6 3257 0 138 36 5080
3120 43 3258 0 18 115 5081
3120 3 3256 0 99 9 5082
3120 30 3255 0 93 51 5083
3120 36 3256 0 128 96 5084
3120 11 3255 0 194 169 5085
3120 21 3256 0 122 11 5086
3120 5 3257 0 94 1 5087
3120 24 3255 0 155 79 5088
3120 12 3255 0 188 80 5089
3120 16 3256 0 132 13 5090
3120 37 3256 0 106 10 5091
3120 12 3258 0 124 33 5092
3120 6 3256 0 7 180 5093
3120 18 3254 0 110 24 5094
3120 43 3257 0 29 60 5095
3120 6 3254 0 149 33 5096
3120 11 3257 0 185 66 5097
3120 12 3256 0 140 22 5098
3120 25 3255 0 164 40 5099
3120 3 3257 0 155 52 5100
3120 15 3255 0 179 186 5101
3120 30 3256 0 102 140 5102
3120 41 3255 0 105 143 5103
3135 3 3271 0 146 22 5104
3135 5 3270 0 2 3 5105
3135 44 3271 0 93 51 5106
3135 7 3269 0 148 56 5107
3135 37 3269 0 18 115 5108
3135 12 3273 0 86 23 5109
3135 24 3268 0 131 45 5110
3135 12 3271 0 113 48 5111
3135 5 3269 0 40 105 5112
3135 9 3271 0 128 40 5113
3135 17 3272 0 110 24 5114
3135 29 3271 0 106 10 5115
3135 10 3272 0 161 34 5116
3135 15 3270 0 132 13 5117
3135 3 3270 0 117 40 5118
3135 13 3270 0 22 41 5119
3135 13 3271 0 55 108 5120
3135 9 3272 0 138 36 5121
3135 6 3270 0 98 36 5122
3135 3 3272 0 103 22 5123
3135 18 3270 0 128 55 5124
3135 4 3272 0 99 9 5125
3135 41 3272 0 143 170 5126
3135 13 3272 0 109 56 5127
3135 17 3272 0 121 49 5128
3136 75 6122 1 15 186 5129
3150 7 3285 0 149 33 5130
3150 42 3286 0 127 27 5131
3150 10 3286 0 138 36 5132
3150 42 3285 0 106 10 5133
3150 12 3286 0 185 66 5134
3150 25 3286 0 96 13 5135
3150 19 3288 0 132 13 5136
3150 3 3284 0 15 4 5137
3150 5 3286 0 78 150 5138
3150 16 3288 0 55 108 5139
3150 24 3284 0 155 79 5140
3150 19 3284 0 110 24 5141
3150 3 3285 0 101 26 5142
3150 22 3286 0 124 33 5143
3150 19 3285 0 121 49 5144
3150 20 3284 0 146 159 5145
3150 25 3286 0 66 134 5146
3150 9 3285 0 86 23 5147
3150 14 3286 0 156 90 5148
3150 7 3286 0 140 22 5149
3157 31 6144 1 109 1 5150
3165 27 3300 0 10 193 5151
3165 31 3300 0 93 51 5152
3165 11 3303 0 149 33 5153
3165 10 3303 0 128 40 5154
3165 15 3300 0 146 159 5155
3165 16 3301 0 198 85 5156
3165 6 3302 0 63 113 5157
3165 19 3302 0 124 33 5158
3165 21 3300 0 57 122 5159
3165 21 3299 0 121 49 5160
3165 5 3300 0 7 180 5161
3165 6 3300 0 142 143 5162
3165 21 3301 0 96 13 5163
3165 10 3300 0 122 58 5164
3165 23 3302 0 113 48 5165
3165 19 3302 0 15 186 5166
3165 3 3304 0 72 194 5167
3165 6 3304 0 98 36 5168
3165 14 3301 0 132 13 5169
3165 20 3301 0 131 45 5170
3165 6 3301 0 146 22 5171
3165 28 3301 0 18 115 5172
3165 44 3300 0 127 27 5173
3165 36 3298 0 164 40 5174
3165 11 3301 0 63 134 5175
3165 12 3301 0 166 118 5176
3165 4 3298 0 117 40 5177
3165 10 3300 0 140 22 5178
3165 4 3302 0 178 113 5179
3180 20 3316 0 109 56 5180
3180 14 3318 0 156 90 5181
3180 15 3315 0 146 119 5182
3180 28 3316 0 143 170 5183
3180 30 3316 0 66 134 5184
3180 5 3315 0 78 150 5185
3180 6 3316 0 155 52 5186
3180 21 3316 0 15 186 5187
3180 23 3317 0 96 13 5188
3180 9 3316 0 149 33 5189
3180 4 3319 0 103 22 5190
3180 14 3318 0 121 49 5191
3180 13 3318 0 124 33 5192
3180 4 3315 0 101 26 5193
3180 29 3314 0 127 27 5194
3180 11 3316 0 138 36 5195
3180 10 3317 0 63 134 5196
3180 7 3314 0 140 22 5197
3180 22 3318 0 113 48 5198
3180 3 3317 0 40 105 5199
3180 19 3316 0 146 159 5200
3180 22 3316 0 109 1 5201
3180 6 3317 0 148 56 5202
3180 3 3316 0 146 22 5203
3180 16 3316 0 131 45 5204
3183 77 6168 1 155 79 5205
3184 142 6169 1 57 122 5206
3186 31 6171 1 95 77 5207
3186 88 6170 1 161 34 5208
3195 36 3329 0 106 10 5209
3195 17 3332 0 198 85 5210
3195 20 3332 0 132 13 5211
3195 15 3330 0 179 186 5212
3195 7 3329 0 40 59 5213
3195 38 3331 0 127 27 5214
3195 16 3331 0 155 122 5215
3195 3 3333 0 117 40 5216
3195 13 3332 0 124 33 5217
3195 14 3330 0 121 49 5218
3195 8 3330 0 6 88 5219
3195 4 3330 0 103 22 5220
3195 6 3332 0 128 40 5221
3195 17 3330 0 22 41 5222
3195 20 3331 0 146 159 5223
3195 7 3330 0 148 56 5224
3195 11 3332 0 182 28 5225
3195 12 3330 0 113 48 5226
3195 6 3332 0 146 22 5227
3195 15 3329 0 128 55 5228
3195 16 3332 0 155 79 5229
3195 16 3330 0 166 118 5230
3195 3 3331 0 78 150 5231
3195 8 3332 0 122 58 5232
3196 44 6182 1 161 34 5233
3202 65 6187 1 185 66 5234
3208 76 6194 1 173 171 5235
3210 40 3347 0 24 183 5236
3210 6 3346 0 117 40 5237
3210 4 3346 0 98 36 5238
3210 6 3345 0 153 145 5239
3210 10 3345 0 148 56 5240
3210 32 3349 0 106 10 5241
3210 10 3347 0 140 22 5242
3210 28 3347 0 164 40 5243
3210 29 3346 0 95 77 5244
3210 19 3345 0 93 9 5245
3210 11 3346 0 122 58 5246
3210 42 3348 0 143 170 5247
3210 21 3344 0 132 13 5248
3210 19 3345 0 96 13 5249
3210 32 3347 0 66 134 5250
3210 6 3346 0 99 9 5251
3210 3 3345 0 103 22 5252
3210 11 3345 0 182 28 5253
3210 20 3345 0 124 33 5254
3210 6 3344 0 15 4 5255
3210 19 3346 0 155 122 5256
3210 5 3346 0 146 22 5257
3210 22 3345 0 24 195 5258
3210 4 3348 0 101 26 5259
3210 14 3348 0 109 1 5260
3210 6 3343 0 188 80 5261
3211 73 6199 1 63 134 5262
3225 4 3361 0 103 22 5263
3225 15 3359 0 198 85 5264
3225 14 3360 0 110 24 5265
3225 10 3361 0 128 40 5266
3225 28 3360 0 106 10 5267
3225 6 3362 0 178 113 5268
3225 20 3361 0 156 90 5269
3225 42 3360 0 102 140 5270
3225 19 3360 0 179 186 5271
3225 19 3362 0 132 13 5272
3225 12 3362 0 113 48 5273
3225 3 3362 0 72 194 5274
3225 23 3360 0 128 55 5275
3225 3 3361 0 125 90 5276
3225 35 3362 0 18 115 5277
3225 36 3361 0 95 77 5278
3225 20 3362 0 96 13 5279
3225 16 3361 0 93 9 5280
3225 11 3361 0 149 33 5281
3225 3 3360 0 98 36 5282
3225 3 3360 0 7 180 5283
3240 21 3376 0 96 13 5284
3240 35 3375 0 29 60 5285
3240 22 3378 0 131 45 5286
3240 24 3375 0 57 122 5287
3240 20 3378 0 121 49 5288
3240 38 3376 0 24 183 5289
3240 6 3375 0 140 22 5290
3240 20 3375 0 128 55 5291
3240 10 3376 0 40 59 5292
3240 22 3377 0 109 56 5293
3240 10 3375 0 138 36 5294
3240 12 3376 0 128 40 5295
3240 28 3376 0 106 10 5296
3240 6 3374 0 153 145 5297
3240 43 3375 0 128 96 5298
3240 4 3377 0 103 22 5299
3240 4 3376 0 94 1 5300
3240 24 3376 0 155 122 5301
3240 34 3376 0 95 77 5302
3240 6 3376 0 98 36 5303
3240 21 3375 0 146 119 5304
3240 26 3376 0 66 134 5305
3240 4 3376 0 155 52 5306
3240 3 3375 0 78 150 5307
3240 12 3376 0 15 186 5308
3240 13 3376 0 110 24 5309
3240 24 3376 0 198 85 5310
3240 12 3378 0 149 33 5311
3255 25 3392 0 122 11 5312
3255 4 3389 0 125 90 5313
3255 15 3391 0 146 159 5314
3255 21 3393 0 37 7 5315
3255 25 3389 0 179 186 5316
3255 32 6242 1 117 40 5317
3255 19 3392 0 121 49 5318
3255 44 3391 0 106 10 5319
3255 11 3391 0 128 40 5320
3255 21 3392 0 96 13 5321
3255 10 3390 0 6 88 5322
3255 6 3393 0 99 9 5323
3255 5 3390 0 117 40 5324
3255 12 3389 0 140 22 5325
3255 44 3392 0 24 183 5326
3255 13 3394 0 156 90 5327
3255 21 3391 0 109 56 5328
3255 8 3392 0 182 28 5329
3255 3 3392 0 146 22 5330
3255 7 3392 0 86 23 5331
3255 15 3391 0 131 45 5332
3255 20 3390 0 24 195 5333
3255 19 3392 0 93 9 5334
3255 7 3392 0 122 58 5335
3270 16 3406 0 198 85 5336
3270 18 3405 0 128 55 5337
3270 12 3408 0 131 45 5338
3270 18 3404 0 55 108 5339
3270 4 3406 0 99 9 5340
3270 10 3407 0 149 33 5341
3270 12 3406 0 138 36 5342
3270 4 3406 0 98 36 5343
3270 5 3408 0 101 26 5344
3270 14 3404 0 166 118 5345
3270 17 3407 0 37 7 5346
3270 13 3405 0 124 33 5347
3270 4 3405 0 72 194 5348
3270 32 3408 0 18 115 5349
3270 22 3407 0 132 13 5350
3270 23 3407 0 113 48 5351
3270 6 3406 0 103 22 5352
3270 13 3405 0 146 159 5353
3270 9 3407 0 122 58 5354
3272 72 6259 1 143 170 5355
3285 12 3420 0 128 55 5356
3285 13 3423 0 132 13 5357
3285 17 3421 0 122 11 5358
3285 35 3423 0 66 134 5359
3285 9 3420 0 149 33 5360
3285 7 3423 0 128 40 5361
3285 20 3422 0 15 186 5362
3285 6 3418 0 99 9 5363
3285 13 3420 0 179 186 5364
3285 7 3422 0 138 36 5365
3285 5 3421 0 98 36 5366
3285 6 3423 0 101 26 5367
3285 4 3421 0 153 145 5368
3285 3 3418 0 146 22 5369
3285 31 3422 0 95 77 5370
3285 41 3420 0 106 10 5371
3285 25 3421 0 93 51 5372
3285 7 3422 0 161 34 5373
3285 15 3419 0 124 33 5374
3285 22 3422 0 96 13 5375
3288 66 6273 1 194 169 5376
3289 49 6277 1 102 140 5377
3300 41 3437 0 10 193 5378
3300 3 3434 0 155 52 5379
3300 3 3437 0 142 143 5380
3300 18 3437 0 146 119 5381
3300 26 3438 0 164 40 5382
3300 11 3437 0 138 36 5383
3300 19 3436 0 131 45 5384
3300 16 3435 0 96 13 5385
3300 23 3437 0 22 41 5386
3300 3 3436 0 101 26 5387
3300 45 3437 0 18 115 5388
3300 7 3437 0 122 58 5389
3300 4 3438 0 15 4 5390
3300 16 3437 0 155 122 5391
3300 7 3436 0 140 22 5392
3300 42 3435 0 106 10 5393
3300 37 3435 0 127 27 5394
3300 14 3435 0 121 49 5395
3300 11 3436 0 188 80 5396
3300 22 3437 0 179 186 5397
3300 18 3438 0 113 48 5398
3300 26 3437 0 128 96 5399
3300 22 3436 0 109 56 5400
3300 4 3437 0 117 40 5401
3300 24 3435 0 15 186 5402
3300 12 3437 0 128 55 5403
3306 52 6291 1 72 131 5404
3315 12 3452 0 109 56 5405
3315 6 3453 0 146 22 5406
3315 12 3451 0 140 22 5407
3315 12 3450 0 55 108 5408
3315 3 3452 0 99 9 5409
3315 13 3451 0 110 24 5410
3315 17 3453 0 146 159 5411
3315 3 3452 0 98 36 5412
3315 19 3451 0 124 33 5413
3315 44 3451 0 29 60 5414
3315 15 3451 0 96 13 5415
3315 42 3453 0 95 77 5416
3315 19 3449 0 128 55 5417
3315 16 3452 0 24 195 5418
3315 14 3450 0 122 11 5419
3315 13 3454 0 179 186 5420
3315 36 3452 0 102 140 5421
3315 11 3450 0 149 33 5422
3315 12 3450 0 113 48 5423
3315 14 3450 0 37 7 5424
3315 12 3450 0 138 36 5425
3315 39 3450 0 128 96 5426
3317 126 6303 1 94 1 5427
3330 5 3465 0 101 26 5428
3330 4 3466 0 117 40 5429
3330 16 3466 0 155 79 5430
3330 20 3468 0 132 13 5431
3330 14 3466 0 109 56 5432
3330 31 3467 0 18 115 5433
3330 16 3465 0 96 13 5434
3330 15 3464 0 128 55 5435
3330 3 3466 0 146 22 5436
3330 14 3466 0 122 11 5437
3330 24 3466 0 121 49 5438
3330 6 3466 0 103 22 5439
3330 29 3466 0 127 27 5440
3330 3 3468 0 15 4 5441
3330 9 3464 0 6 88 5442
3330 23 3467 0 24 195 5443
3330 23 3464 0 198 85 5444
3330 6 3466 0 149 33 5445
3330 8 3467 0 182 28 5446
3330 4 3465 0 99 9 5447
3330 18 3466 0 156 90 5448
3330 8 3465 0 140 22 5449
3330 42 3463 0 95 77 5450
3345 29 3481 0 143 170 5451
3345 17 3481 0 155 122 5452
3345 12 3480 0 146 119 5453
3345 3 3481 0 146 22 5454
3345 21 3480 0 96 13 5455
3345 20 3482 0 121 49 5456
3345 6 3481 0 142 143 5457
3345 11 3480 0 138 36 5458
3345 12 3480 0 128 40 5459
3345 23 3482 0 131 45 5460
3345 4 3482 0 103 22 5461
3345 19 3481 0 109 1 5462
3345 12 3479 0 86 23 5463
3345 25 3480 0 37 7 5464
3345 19 3482 0 109 56 5465
3345 41 3482 0 128 96 5466
3345 3 3483 0 72 131 5467
3345 4 3480 0 99 9 5468
3345 15 3481 0 15 186 5469
3345 5 3482 0 117 40 5470
3345 15 3483 0 113 48 5471
3345 6 3482 0 178 113 5472
3345 38 3482 0 66 134 5473
3345 20 3480 0 55 108 5474
3345 9 3483 0 40 59 5475
3345 3 3480 0 101 26 5476
3345 22 3480 0 120 146 5477
3345 21 3481 0 124 33 5478
3345 18 3480 0 132 13 5479
3354 74 6338 1 125 90 5480
3355 180 6342 1 148 56 5481
3360 5 3498 0 72 194 5482
3360 21 3496 0 110 24 5483
3360 25 3497 0 102 140 5484
3360 20 3495 0 198 85 5485
3360 6 3497 0 101 26 5486
3360 12 3494 0 113 48 5487
3360 15 3496 0 156 90 5488
3360 12 3497 0 63 134 5489
3360 12 3496 0 140 22 5490
3360 3 3496 0 98 36 5491
3360 32 3494 0 29 60 5492
3360 5 3495 0 153 145 5493
3360 45 3494 0 143 170 5494
3360 23 3495 0 166 118 5495
3360 24 3497 0 109 56 5496
3360 21 3495 0 155 122 5497
3360 21 3497 0 57 122 5498
3360 4 3496 0 117 40 5499
3360 20 3495 0 96 13 5500
3360 40 3496 0 10 193 5501
3360 14 3495 0 15 186 5502
3360 8 3497 0 185 66 5503
3360 23 3498 0 37 7 5504
3360 18 3495 0 121 49 5505
3360 19 3498 0 122 11 5506
3360 6 3495 0 99 9 5507
3375 23 3510 0 109 1 5508
3375 3 3509 0 125 90 5509
3375 11 3511 0 149 33 5510
3375 17 3510 0 15 186 5511
3375 11 3510 0 140 22 5512
3375 12 3511 0 124 33 5513
3375 18 3510 0 93 9 5514
3375 29 3514 0 143 170 5515
3375 15 3511 0 37 7 5516
3375 3 3510 0 78 150 5517
3375 22 3512 0 132 13 5518
3375 8 3507 0 40 59 5519
3375 6 3512 0 15 4 5520
3375 38 3513 0 127 27 5521
3375 42 3510 0 10 193 5522
3375 38 3511 0 106 10 5523
3375 12 3512 0 6 88 5524
3375 25 3511 0 179 186 5525
3383 40 6369 1 22 41 5526
3383 62 6370 1 57 122 5527
3390 34 3527 0 105 143 5528
3390 4 3528 0 7 180 5529
3390 16 3525 0 120 146 5530
3390 24 3526 0 198 85 5531
3390 18 3526 0 109 56 5532
3390 12 3527 0 132 13 5533
3390 6 3525 0 2 3 5534
3390 6 3526 0 122 58 5535
3390 12 3526 0 15 186 5536
3390 6 3526 0 86 23 5537
3390 31 3525 0 93 51 5538
3390 23 3530 0 96 13 5539
3390 12 3527 0 121 49 5540
3390 39 3526 0 106 10 5541
3390 22 3525 0 128 55 5542
3390 44 3525 0 10 193 5543
3390 5 3526 0 98 36 5544
3390 7 3527 0 138 36 5545
3390 9 3526 0 161 34 5546
3390 25 3527 0 124 33 5547
3405 18 3541 0 122 11 5548
3405 10 3541 0 148 56 5549
3405 14 3540 0 110 24 5550
3405 6 3540 0 99 9 5551
3405 8 3543 0 188 80 5552
3405 6 3542 0 103 22 5553
3405 23 3543 0 121 49 5554
3405 3 3542 0 146 22 5555
3405 5 3542 0 94 1 5556
3405 28 3541 0 106 10 5557
3405 12 3544 0 113 48 5558
3405 19 3541 0 96 13 5559
3405 15 3541 0 128 55 5560
3405 21 3542 0 93 9 5561
3405 7 3542 0 63 134 5562
3405 15 3541 0 132 13 5563
3405 5 3542 0 98 36 5564
3405 25 3540 0 131 45 5565
3405 11 3541 0 138 36 5566
3405 6 3541 0 117 40 5567
3420 19 3556 0 146 159 5568
3420 3 3554 0 98 36 5569
3420 20 3555 0 110 24 5570
3420 33 3557 0 18 115 5571
3420 15 3555 0 24 195 5572
3420 7 3557 0 148 56 5573
3420 17 3556 0 15 186 5574
3420 4 3555 0 101 26 5575
3420 7 3555 0 122 58 5576
3420 20 3555 0 93 9 5577
3420 33 3555 0 105 143 5578
3420 44 3557 0 93 51 5579
3420 4 3557 0 99 9 5580
3420 6 3556 0 188 80 5581
3420 4 3555 0 7 180 5582
3420 18 3558 0 109 56 5583
3420 19 3557 0 132 13 5584
3420 9 3555 0 140 22 5585
3420 5 3555 0 146 22 5586
3425 66 6414 1 146 119 5587
3428 48 6414 1 182 28 5588
3435 5 3572 0 142 143 5589
3435 19 3571 0 113 48 5590
3435 43 3572 0 105 143 5591
3435 5 3572 0 67 20 5592
3435 40 3570 0 29 60 5593
3435 11 3570 0 148 56 5594
3435 6 3571 0 99 9 5595
3435 14 3571 0 128 55 5596
3435 20 3570 0 55 108 5597
3435 11 3569 0 40 59 5598
3435 36 3570 0 66 134 5599
3435 8 3572 0 128 40 5600
3435 39 3572 0 127 27 5601
3435 37 3570 0 93 51 5602
3435 16 3573 0 93 9 5603
3435 7 3571 0 185 66 5604
3435 6 3570 0 101 26 5605
3435 30 3571 0 128 96 5606
3435 23 3571 0 109 56 5607
3435 11 3569 0 161 34 5608
3435 4 3572 0 2 3 5609
3435 24 3570 0 124 33 5610
3435 18 3573 0 110 24 5611
3442 136 6429 1 182 28 5612
3448 170 6435 1 110 24 5613
3450 20 3586 0 96 13 5614
3450 12 3584 0 55 108 5615
3450 22 3585 0 128 55 5616
3450 6 3585 0 182 28 5617
3450 7 3586 0 63 113 5618
3450 5 3586 0 7 180 5619
3450 21 3587 0 131 45 5620
3450 44 3585 0 95 77 5621
3450 6 3587 0 86 23 5622
3450 44 3586 0 128 96 5623
3450 5 3589 0 99 9 5624
3450 12 3588 0 121 49 5625
3450 45 3585 0 127 27 5626
3450 7 3583 0 140 22 5627
3450 44 3588 0 93 51 5628
3450 4 3585 0 72 194 5629
3450 24 3586 0 155 122 5630
3450 23 3586 0 113 48 5631
3450 3 3584 0 146 22 5632
3450 41 3586 0 105 143 5633
3450 35 3588 0 29 60 5634
3450 5 3587 0 103 22 5635
3450 11 3585 0 40 59 5636
3450 4 3583 0 155 52 5637
3450 15 3587 0 124 33 5638
3454 193 6440 1 173 171 5639
3458 172 6445 1 132 13 5640
3465 18 3600 0 124 33 5641
3465 9 3600 0 138 36 5642
3465 5 3602 0 72 194 5643
3465 25 3601 0 132 13 5644
3465 38 3601 0 102 140 5645
3465 9 3603 0 63 113 5646
3465 22 3601 0 15 186 5647
3465 5 3601 0 94 1 5648
3465 22 3603 0 109 56 5649
3465 12 3602 0 6 88 5650
3465 19 3601 0 24 195 5651
3465 23 3601 0 109 1 5652
3465 11 3602 0 63 134 5653
3465 14 3601 0 155 79 5654
3465 19 3601 0 96 13 5655
3465 5 3603 0 98 36 5656
3465 6 3602 0 155 52 5657
3480 3 3616 0 117 40 5658
3480 5 3617 0 101 26 5659
3480 6 3616 0 140 22 5660
3480 11 3615 0 149 33 5661
3480 39 3616 0 102 140 5662
3480 3 3616 0 103 22 5663
3480 39 3615 0 105 143 5664
3480 12 3618 0 131 45 5665
3480 41 3614 0 127 27 5666
3480 9 3617 0 63 113 5667
3480 18 3616 0 121 49 5668
3480 45 3615 0 18 115 5669
3480 25 3616 0 124 33 5670
3480 3 3618 0 2 3 5671
3480 15 3615 0 128 55 5672
3480 4 3617 0 173 171 5673
3480 11 3616 0 86 23 5674
3480 15 3617 0 109 56 5675
3480 24 3617 0 132 13 5676
3480 21 3617 0 122 11 5677
3480 4 3617 0 146 22 5678
3480 9 3615 0 122 58 5679
3480 12 3618 0 40 59 5680
3480 3 3614 0 67 20 5681
3480 4 3616 0 178 113 5682
3480 12 3615 0 120 146 5683
3480 6 3615 0 99 9 5684
3480 37 3616 0 66 169 5685
3480 16 3616 0 13 75 5686
3480 4 3617 0 98 36 5687
3480 5 3616 0 125 90 5688
3480 8 3617 0 128 40 5689
3480 18 3616 0 96 13 5690
3485 80 6470 1 155 122 5691
3495 9 3631 0 122 58 5692
3495 25 3631 0 95 77 5693
3495 22 3631 0 109 56 5694
3495 3 3634 0 103 22 5695
3495 12 3632 0 55 108 5696
3495 43 3631 0 29 60 5697
3495 24 3630 0 113 48 5698
3495 42 3632 0 106 10 5699
3495 3 3630 0 72 131 5700
3495 6 3630 0 140 22 5701
3495 11 3630 0 149 33 5702
3495 19 3632 0 155 79 5703
3495 34 3630 0 10 193 5704
3495 13 3631 0 93 9 5705
3495 26 3630 0 127 27 5706
3495 9 3632 0 138 36 5707
3495 15 3631 0 155 122 5708
3495 15 3629 0 121 49 5709
3495 14 3631 0 96 13 5710
3495 20 3631 0 110 24 5711
3495 13 3632 0 124 33 5712
3495 4 3630 0 15 4 5713
3495 8 3631 0 148 56 5714
3495 5 3631 0 94 1 5715
3495 3 3631 0 117 40 5716
3495 15 3634 0 128 55 5717
3495 22 3629 0 131 45 5718
3495 23 3633 0 198 85 5719
3510 4 3648 0 40 105 5720
3510 15 3645 0 22 41 5721
3510 3 3646 0 72 131 5722
3510 8 3646 0 149 33 5723
3510 3 3646 0 117 40 5724
3510 12 3648 0 122 58 5725
3510 26 3646 0 66 134 5726
3510 21 3647 0 96 13 5727
3510 7 3647 0 6 88 5728
3510 41 3646 0 106 10 5729
3510 12 3647 0 198 85 5730
3510 17 3645 0 166 118 5731
3510 44 3644 0 93 51 5732
3510 20 3648 0 122 11 5733
3510 6 3647 0 98 36 5734
3510 33 3646 0 105 143 5735
3510 3 3647 0 155 52 5736
3510 4 3647 0 146 22 5737
3515 68 6502 1 10 193 5738
3525 21 3660 0 166 118 5739
3525 6 3660 0 128 40 5740
3525 12 3660 0 182 28 5741
3525 6 3662 0 117 40 5742
3525 7 3662 0 138 36 5743
3525 17 3661 0 122 11 5744
3525 7 3662 0 86 23 5745
3525 6 3662 0 63 134 5746
3525 15 3660 0 132 13 5747
3525 18 3659 0 57 122 5748
3525 40 3661 0 66 169 5749
3525 15 3661 0 110 24 5750
3525 27 3660 0 93 51 5751
3525 22 3658 0 96 13 5752
3525 21 3661 0 37 7 5753
3525 24 3663 0 146 119 5754
3525 6 3660 0 153 145 5755
3525 6 3661 0 149 33 5756
3525 25 3662 0 15 186 5757
3525 4 3661 0 78 150 5758
3525 9 3659 0 188 80 5759
3525 5 3661 0 146 22 5760
3525 6 3663 0 40 59 5761
3525 39 3661 0 29 60 5762
3525 6 3663 0 67 20 5763
3525 32 3661 0 106 10 5764
3525 4 3661 0 101 26 5765
3525 6 3661 0 99 9 5766
3525 15 3662 0 109 56 5767
3535 74 6520 1 178 113 5768
3540 12 3677 0 140 22 5769
3540 6 3676 0 99 9 5770
3540 13 3677 0 146 119 5771
3540 22 3676 0 131 45 5772
3540 34 3678 0 127 27 5773
3540 25 3675 0 57 122 5774
3540 42 3676 0 106 10 5775
3540 5 3675 0 78 150 5776
3540 23 3678 0 121 49 5777
3540 3 3678 0 72 194 5778
3540 12 3676 0 40 59 5779
3540 3 3676 0 146 22 5780
3540 6 3675 0 7 180 5781
3540 4 3676 0 94 1 5782
3540 17 3674 0 113 48 5783
3540 14 3677 0 122 11 5784
3540 20 3675 0 156 90 5785
3540 21 3675 0 124 33 5786
3540 19 3677 0 13 75 5787
3540 27 3674 0 18 115 5788
3555 25 3691 0 109 56 5789
3555 6 3692 0 72 194 5790
3555 8 3691 0 63 134 5791
3555 8 3691 0 185 66 5792
3555 23 3691 0 128 55 5793
3555 12 3691 0 24 195 5794
3555 9 3692 0 149 33 5795
3555 7 3691 0 63 113 5796
3555 6 3690 0 103 22 5797
3555 3 3691 0 99 9 5798
3555 19 3689 0 179 186 5799
3555 28 3690 0 127 27 5800
3555 16 3690 0 113 48 5801
3555 3 3691 0 67 20 5802
3555 18 3692 0 13 75 5803
3555 16 3689 0 110 24 5804
3555 4 3692 0 7 180 5805
3555 25 3692 0 22 41 5806
3555 43 3693 0 105 143 5807
3555 6 3691 0 142 143 5808
3555 19 3691 0 146 159 5809
3556 84 6541 1 29 60 5810
3557 40 6542 1 148 56 5811
3565 86 6552 1 128 40 5812
3570 16 3708 0 109 56 5813
3570 3 3706 0 117 40 5814
3570 35 3705 0 127 27 5815
3570 14 3706 0 131 45 5816
3570 19 3705 0 155 122 5817
3570 10 3706 0 140 22 5818
3570 20 3705 0 132 13 5819
3570 18 3706 0 128 55 5820
3570 12 3707 0 121 49 5821
3570 18 3707 0 109 1 5822
3570 6 3707 0 173 171 5823
3570 23 3706 0 166 118 5824
3570 5 3708 0 146 22 5825
3570 33 3706 0 29 60 5826
3570 4 3708 0 101 26 5827
3570 10 3705 0 161 34 5828
3573 40 6559 1 96 13 5829
3574 66 6559 1 166 118 5830
3581 74 6569 1 13 75 5831
3585 44 3720 0 105 143 5832
3585 16 3722 0 109 1 5833
3585 28 3722 0 127 27 5834
3585 20 3722 0 146 119 5835
3585 17 3721 0 96 13 5836
3585 13 3722 0 155 122 5837
3585 4 3720 0 173 171 5838
3585 36 3720 0 143 170 5839
3585 6 3723 0 138 36 5840
3585 12 3720 0 24 195 5841
3585 4 3721 0 72 131 5842
3585 12 3718 0 179 186 5843
3585 24 3719 0 93 9 5844
3585 19 3720 0 128 55 5845
3585 9 3722 0 6 88 5846
3585 14 3718 0 155 79 5847
3585 21 3723 0 198 85 5848
3585 6 3721 0 40 59 5849
3585 13 3722 0 124 33 5850
3585 4 3720 0 98 36 5851
3585 8 3722 0 122 58 5852
3585 8 3721 0 128 40 5853
3585 10 3723 0 149 33 5854
3585 4 3722 0 142 143 5855
3585 40 3719 0 106 10 5856
3585 17 3721 0 131 45 5857
3585 21 3720 0 113 48 5858
3585 4 3723 0 117 40 5859
3594 72 6580 1 198 85 5860
3600 21 3735 0 93 9 5861
3600 3 3736 0 101 26 5862
3600 41 3736 0 29 60 5863
3600 3 3735 0 173 171 5864
3600 6 3734 0 72 131 5865
3600 5 3734 0 99 9 5866
3600 19 3736 0 120 146 5867
3600 6 3736 0 72 194 5868
3600 22 3736 0 132 13 5869
3600 26 3736 0 164 40 5870
3600 13 3735 0 15 186 5871
3600 29 3735 0 143 170 5872
3600 17 3736 0 155 122 5873
3600 45 3734 0 106 10 5874
3600 18 3736 0 146 159 5875
3600 8 3736 0 148 56 5876
3600 23 3735 0 13 75 5877
3600 8 3738 0 140 22 5878
3600 15 3736 0 128 55 5879
3600 24 3735 0 156 90 5880
3600 5 3736 0 103 22 5881
3600 7 3736 0 149 33 5882
3600 9 3736 0 128 40 5883
3605 34 6593 1 24 183 5884
3615 32 3750 0 127 27 5885
3615 4 3750 0 72 194 5886
3615 15 3754 0 122 11 5887
3615 20 3752 0 132 13 5888
3615 17 3750 0 128 55 5889
3615 43 3752 0 10 193 5890
3615 39 3749 0 105 143 5891
3615 10 3751 0 140 22 5892
3615 4 3752 0 15 4 5893
3615 44 3752 0 66 134 5894
3615 11 3751 0 40 59 5895
3615 8 3752 0 149 33 5896
3615 4 3753 0 117 40 5897
3615 3 3750 0 103 22 5898
3615 20 3751 0 121 49 5899
3615 20 3752 0 146 119 5900
3615 4 3749 0 142 143 5901
3615 25 3754 0 109 56 5902
3615 36 3754 0 164 40 5903
3615 4 3752 0 153 145 5904
3615 22 3751 0 24 195 5905
3615 4 3752 0 72 131 5906
3615 4 3751 0 101 26 5907
3615 20 3751 0 113 48 5908
3615 6 3750 0 155 52 5909
3615 5 3750 0 99 9 5910
3615 15 3751 0 96 13 5911
3622 134 6609 1 138 36 5912
3625 65 6612 1 55 108 5913
3630 26 3764 0 102 140 5914
3630 3 3765 0 153 145 5915
3630 24 3768 0 121 49 5916
3630 4 3763 0 72 131 5917
3630 12 3764 0 188 80 5918
3630 21 3764 0 156 90 5919
3630 18 3767 0 109 56 5920
3630 42 3767 0 66 169 5921
3630 6 3768 0 128 40 5922
3630 7 3766 0 149 33 5923
3630 15 3767 0 155 79 5924
3630 5 3767 0 98 36 5925
3630 24 3765 0 124 33 5926
3630 6 3766 0 40 59 5927
3630 3 3766 0 117 40 5928
3630 3 3767 0 2 3 5929
3630 19 3768 0 155 122 5930
3630 25 3765 0 13 75 5931
3630 9 3767 0 161 34 5932
3630 6 3767 0 138 36 5933
3630 11 3766 0 63 134 5934
3630 25 3767 0 122 11 5935
3630 4 3765 0 99 9 5936
3630 32 3765 0 29 60 5937
3630 14 3765 0 15 186 5938
3630 8 3765 0 140 22 5939
3630 18 3766 0 113 48 5940
3630 33 3763 0 105 143 5941
3630 20 3766 0 110 24 5942
3645 22 3781 0 57 122 5943
3645 15 3781 0 120 146 5944
3645 21 3780 0 121 49 5945
3645 3 3779 0 173 171 5946
3645 24 3780 0 128 55 5947
3645 12 3781 0 161 34 5948
3645 5 3783 0 101 26 5949
3645 6 3781 0 7 180 5950
3645 12 3781 0 22 41 5951
3645 12 3780 0 55 108 5952
3645 5 3783 0 125 90 5953
3645 9 3782 0 122 58 5954
3645 6 3781 0 63 113 5955
3645 42 3779 0 24 183 5956
3645 30 3783 0 127 27 5957
3645 34 3782 0 29 60 5958
3645 31 3780 0 66 134 5959
3645 27 3779 0 102 140 5960
3645 40 3783 0 143 170 5961
3645 6 3782 0 103 22 5962
3645 15 3780 0 132 13 5963
3645 3 3781 0 72 194 5964
3645 3 3780 0 142 143 5965
3655 66 6643 1 113 48 5966
3660 20 3794 0 113 48 5967
3660 20 3797 0 55 108 5968
3660 6 3794 0 15 4 5969
3660 7 3796 0 182 28 5970
3660 34 3797 0 10 193 5971
3660 5 3796 0 72 194 5972
3660 15 3796 0 198 85 5973
3660 28 3795 0 143 170 5974
3660 5 3796 0 99 9 5975
3660 12 3796 0 155 122 5976
3660 16 3797 0 13 75 5977
3660 5 3795 0 153 145 5978
3660 30 3795 0 102 140 5979
3660 27 3796 0 106 10 5980
3660 36 3799 0 29 60 5981
3660 45 3797 0 18 115 5982
3660 6 3797 0 142 143 5983
3660 19 3796 0 93 9 5984
3660 11 3794 0 40 59 5985
3660 25 3797 0 24 183 5986
3660 14 3795 0 146 159 5987
3660 22 3795 0 96 13 5988
3660 6 3796 0 72 131 5989
3660 19 3795 0 124 33 5990
3660 33 3797 0 66 169 5991
3660 17 3796 0 131 45 5992
3675 23 3811 0 113 48 5993
3675 3 3812 0 178 113 5994
3675 6 3812 0 101 26 5995
3675 24 3810 0 128 55 5996
3675 3 3809 0 40 105 5997
3675 10 3811 0 40 59 5998
3675 6 3809 0 98 36 5999
3675 37 3810 0 127 27 6000
3675 8 3810 0 140 22 6001
3675 7 3810 0 63 134 6002
3675 23 3812 0 132 13 6003
3675 25 3814 0 122 11 6004
3675 6 3811 0 155 52 6005
3675 35 3810 0 93 51 6006
3675 28 3810 0 24 183 6007
3675 6 3810 0 182 28 6008
3675 18 3811 0 179 186 6009
3675 12 3811 0 24 195 6010
3675 5 3811 0 153 145 6011
3675 17 3811 0 131 45 6012
3675 3 3811 0 7 180 6013
3675 5 3811 0 78 150 6014
3675 43 3811 0 106 10 6015
3675 14 3814 0 109 56 6016
3689 54 6676 1 153 145 6017
3690 16 3826 0 124 33 6018
3690 21 3827 0 122 11 6019
3690 11 3827 0 138 36 6020
3690 6 3827 0 72 194 6021
3690 9 3827 0 40 59 6022
3690 24 3825 0 120 146 6023
3690 9 3826 0 161 34 6024
3690 4 3824 0 99 9 6025
3690 27 3826 0 29 60 6026
3690 20 3824 0 166 118 6027
3690 3 3825 0 98 36 6028
3690 18 3825 0 128 55 6029
3690 12 3825 0 146 159 6030
3690 4 3826 0 117 40 6031
3690 44 3824 0 127 27 6032
3690 3 3826 0 103 22 6033
3690 6 3827 0 101 26 6034
3690 10 3822 0 149 33 6035
3690 6 3829 0 122 58 6036
3690 8 3829 0 6 88 6037
3690 16 3824 0 113 48 6038
3698 141 6684 1 67 20 6039
3705 24 3842 0 120 146 6040
3705 21 3842 0 109 56 6041
3705 5 3841 0 99 9 6042
3705 16 3840 0 155 122 6043
3705 23 3841 0 156 90 6044
3705 29 3839 0 106 10 6045
3705 44 3841 0 24 183 6046
3705 17 3841 0 113 48 6047
3705 4 3843 0 15 4 6048
3705 15 3840 0 128 55 6049
3705 18 3841 0 124 33 6050
3705 5 3841 0 72 194 6051
3705 17 3841 0 57 122 6052
3705 22 3838 0 146 119 6053
3705 11 3841 0 148 56 6054
3705 19 3842 0 131 45 6055
3705 5 3842 0 67 20 6056
3705 4 3839 0 40 105 6057
3705 6 3843 0 178 113 6058
3705 6 3841 0 188 80 6059
3705 4 3843 0 103 22 6060
3705 4 3841 0 7 180 6061
3705 6 3841 0 94 1 6062
3712 75 6697 1 94 1 6063
3717 71 6702 1 24 195 6064
3720 8 3858 0 122 58 6065
3720 12 3856 0 149 33 6066
3720 6 3857 0 142 143 6067
3720 42 3857 0 127 27 6068
3720 30 3857 0 105 143 6069
3720 24 3854 0 57 122 6070
3720 37 3857 0 66 169 6071
3720 37 3856 0 66 134 6072
3720 21 3855 0 124 33 6073
3720 7 3856 0 63 113 6074
3720 12 3856 0 140 22 6075
3720 25 3854 0 132 13 6076
3720 24 3857 0 110 24 6077
3720 9 3857 0 161 34 6078
3720 9 3855 0 138 36 6079
3720 8 3855 0 148 56 6080
3720 14 3858 0 13 75 6081
3720 12 3857 0 40 59 6082
3720 6 3859 0 2 3 6083
3720 4 3856 0 173 171 6084
3720 28 3855 0 24 183 6085
3720 6 3856 0 98 36 6086
3734 30 6722 1 128 40 6087
3735 6 3872 0 40 105 6088
3735 12 3869 0 57 122 6089
3735 6 3871 0 142 143 6090
3735 23 3870 0 113 48 6091
3735 5 3870 0 98 36 6092
3735 4 3871 0 173 171 6093
3735 4 3870 0 103 22 6094
3735 7 3871 0 140 22 6095
3735 10 3871 0 138 36 6096
3735 3 3870 0 155 52 6097
3735 6 3872 0 146 22 6098
3735 25 3871 0 110 24 6099
3735 7 3872 0 149 33 6100
3735 5 3871 0 67 20 6101
3735 19 3870 0 55 108 6102
3735 17 3872 0 131 45 6103
3735 12 3870 0 109 56 6104
3735 16 3871 0 122 11 6105
3735 19 3871 0 132 13 6106
3735 7 3872 0 63 113 6107
3735 15 3872 0 15 186 6108
3735 8 3871 0 122 58 6109
3735 22 3871 0 155 122 6110
3735 33 3870 0 127 27 6111
3735 4 3873 0 117 40 6112
3735 23 3871 0 146 159 6113
3744 186 6730 1 98 36 6114
3750 16 3885 0 128 55 6115
3750 23 3887 0 110 24 6116
3750 12 3885 0 109 56 6117
3750 24 3885 0 113 48 6118
3750 3 3886 0 99 9 6119
3750 16 3887 0 131 45 6120
3750 12 3887 0 140 22 6121
3750 9 3885 0 138 36 6122
3750 44 3887 0 95 77 6123
3750 39 3886 0 93 51 6124
3750 6 3887 0 67 20 6125
3750 24 3888 0 24 195 6126
3750 21 3887 0 166 118 6127
3750 25 3887 0 57 122 6128
3750 25 3887 0 122 11 6129
3750 8 3886 0 128 40 6130
3750 24 3885 0 15 186 6131
3750 16 3886 0 155 122 6132
3750 12 3884 0 185 66 6133
3750 6 3887 0 142 143 6134
3750 4 3887 0 98 36 6135
3750 45 3886 0 18 115 6136
3750 21 3886 0 124 33 6137
3750 6 3884 0 146 22 6138
3750 5 3887 0 101 26 6139
3750 13 3886 0 198 85 6140
3750 12 3886 0 93 9 6141
3752 40 6736 1 6 88 6142
3765 11 3900 0 63 134 6143
3765 10 3901 0 63 113 6144
3765 24 3902 0 121 49 6145
3765 14 3900 0 128 55 6146
3765 12 3899 0 128 40 6147
3765 24 3901 0 113 48 6148
3765 14 3902 0 22 41 6149
3765 10 3901 0 138 36 6150
3765 3 3899 0 146 22 6151
3765 25 3900 0 105 143 6152
3765 12 3902 0 166 118 6153
3765 21 3901 0 132 13 6154
3765 6 3902 0 40 59 6155
3765 5 3900 0 103 22 6156
3765 10 3903 0 161 34 6157
3765 37 3902 0 106 10 6158
3765 6 3900 0 78 150 6159
3765 12 3901 0 96 13 6160
3765 15 3901 0 146 119 6161
3765 6 3903 0 142 143 6162
3765 10 3903 0 182 28 6163
3765 5 3902 0 98 36 6164
3765 18 3901 0 124 33 6165
3765 4 3901 0 173 171 6166
3765 16 3901 0 109 56 6167
3765 40 3901 0 127 27 6168
3765 37 3902 0 66 134 6169
3765 6 3901 0 140 22 6170
3775 62 6761 1 138 36 6171
3777 76 6762 1 128 55 6172
3780 6 3915 0 155 52 6173
3780 11 3917 0 122 58 6174
3780 5 3916 0 99 9 6175
3780 21 3916 0 131 45 6176
3780 9 3915 0 138 36 6177
3780 43 3917 0 128 96 6178
3780 6 3917 0 185 66 6179
3780 15 3917 0 124 33 6180
3780 20 3918 0 96 13 6181
3780 20 3914 0 132 13 6182
3780 15 3916 0 121 49 6183
3780 40 3916 0 93 51 6184
3780 19 3916 0 146 159 6185
3780 5 3918 0 72 194 6186
3780 18 3916 0 110 24 6187
3780 24 3916 0 122 11 6188
3780 5 3916 0 7 180 6189
3780 3 3917 0 178 113 6190
3780 6 3916 0 2 3 6191
3780 36 3915 0 24 183 6192
3780 12 3916 0 128 40 6193
3780 6 3917 0 103 22 6194
3780 5 3917 0 98 36 6195
3780 40 3917 0 164 40 6196
3780 12 3913 0 166 118 6197
3780 9 3917 0 63 113 6198
3795 23 3931 0 198 85 6199
3795 17 3934 0 131 45 6200
3795 11 3934 0 86 23 6201
3795 15 3931 0 113 48 6202
3795 18 3931 0 128 55 6203
3795 14 3932 0 110 24 6204
3795 7 3932 0 122 58 6205
3795 21 3931 0 121 49 6206
3795 5 3929 0 173 171 6207
3795 26 3931 0 102 140 6208
3795 6 3932 0 94 1 6209
3795 13 3929 0 109 56 6210
3795 14 3929 0 15 186 6211
3795 15 3931 0 124 33 6212
3795 6 3930 0 15 4 6213
3795 20 3931 0 132 13 6214
3795 4 3930 0 117 40 6215
3795 20 3932 0 155 122 6216
3795 4 3933 0 153 145 6217
3795 15 3933 0 22 41 6218
3795 6 3930 0 140 22 6219
3795 36 3930 0 24 183 6220
3795 28 3932 0 10 193 6221
3795 16 3930 0 37 7 6222
3803 153 6788 1 109 1 6223
3805 58 6790 1 18 115 6224
3810 8 3945 0 148 56 6225
3810 25 3945 0 128 55 6226
3810 3 3945 0 103 22 6227
3810 3 3945 0 99 9 6228
3810 3 3946 0 98 36 6229
3810 5 3947 0 173 171 6230
3810 18 3946 0 122 11 6231
3810 3 3946 0 2 3 6232
3810 6 3945 0 125 90 6233
3810 42 3947 0 106 10 6234
3810 32 3947 0 127 27 6235
3810 4 3946 0 178 113 6236
3810 3 3946 0 117 40 6237
3810 16 3947 0 155 79 6238
3810 32 3946 0 143 170 6239
3810 13 3947 0 13 75 6240
3810 9 3946 0 128 40 6241
3810 7 3945 0 122 58 6242
3810 17 3947 0 124 33 6243
3810 31 3945 0 95 77 6244
3810 22 3946 0 110 24 6245
3810 8 3945 0 161 34 6246
3810 4 3947 0 94 1 6247
3810 20 3945 0 121 49 6248
3825 45 3962 0 29 60 6249
3825 17 3962 0 109 56 6250
3825 4 3961 0 178 113 6251
3825 3 3960 0 146 22 6252
3825 13 3958 0 131 45 6253
3825 5 3961 0 103 22 6254
3825 3 3960 0 153 145 6255
3825 30 3961 0 106 10 6256
3825 4 3961 0 72 131 6257
3825 40 3961 0 164 40 6258
3825 25 3964 0 24 195 6259
3825 6 3962 0 98 36 6260
3825 11 3963 0 63 134 6261
3825 10 3961 0 6 88 6262
3825 12 3961 0 149 33 6263
3825 12 3962 0 146 159 6264
3825 6 3964 0 67 20 6265
3825 5 3961 0 72 194 6266
3825 15 3961 0 122 11 6267
3825 4 3961 0 2 3 6268
3825 3 3964 0 101 26 6269
3825 3 3962 0 78 150 6270
3825 21 3960 0 132 13 6271
3825 11 3961 0 138 36 6272
3825 4 3963 0 117 40 6273
3825 17 3961 0 13 75 6274
3825 8 3961 0 122 58 6275
3837 39 6821 1 72 194 6276
3840 15 3977 0 132 13 6277
3840 34 3975 0 106 10 6278
3840 30 3977 0 66 169 6279
3840 3 3975 0 117 40 6280
3840 11 3976 0 122 58 6281
3840 22 3976 0 128 55 6282
3840 20 3976 0 120 146 6283
3840 5 3975 0 72 194 6284
3840 7 3975 0 161 34 6285
3840 8 3977 0 149 33 6286
3840 4 3975 0 101 26 6287
3840 26 3975 0 10 193 6288
3840 21 3976 0 96 13 6289
3840 3 3975 0 125 90 6290
3840 39 3976 0 95 77 6291
3840 7 3977 0 182 28 6292
3840 8 3974 0 40 59 6293
3840 13 3976 0 113 48 6294
3840 12 3975 0 109 56 6295
3840 23 3976 0 131 45 6296
3840 14 3977 0 121 49 6297
3840 5 3976 0 103 22 6298
3840 8 3977 0 140 22 6299
3855 45 3993 0 128 96 6300
3855 10 3990 0 122 58 6301
3855 3 3990 0 7 180 6302
3855 39 3990 0 66 134 6303
3855 10 3992 0 185 66 6304
3855 25 3992 0 96 13 6305
3855 13 3993 0 122 11 6306
3855 6 3990 0 78 150 6307
3855 5 3991 0 103 22 6308
3855 4 3991 0 125 90 6309
3855 13 3990 0 124 33 6310
3855 6 3990 0 188 80 6311
3855 12 3992 0 140 22 6312
3855 22 3990 0 109 1 6313
3855 9 3989 0 128 40 6314
3855 24 3990 0 155 122 6315
3855 23 3991 0 128 55 6316
3855 9 3991 0 138 36 6317
3855 22 3990 0 109 56 6318
3855 4 3989 0 94 1 6319
3855 20 3987 0 179 186 6320
3855 5 3990 0 173 171 6321
3855 11 3993 0 182 28 6322
3855 5 3994 0 99 9 6323
3855 31 3991 0 24 183 6324
3855 4 3992 0 98 36 6325
3855 6 3992 0 72 131 6326
3855 4 3991 0 142 143 6327
3855 3 3990 0 153 145 6328
3855 23 3991 0 24 195 6329
3870 15 4005 0 24 195 6330
3870 6 4007 0 40 59 6331
3870 6 4006 0 122 58 6332
3870 5 4005 0 146 22 6333
3870 24 4005 0 155 79 6334
3870 3 4008 0 117 40 6335
3870 17 4006 0 113 48 6336
3870 35 4003 0 128 96 6337
3870 37 4007 0 164 40 6338
3870 9 4007 0 6 88 6339
3870 20 4006 0 146 119 6340
3870 3 4006 0 94 1 6341
3870 6 4006 0 98 36 6342
3870 23 4005 0 128 55 6343
3870 12 4006 0 140 22 6344
3870 20 4007 0 155 122 6345
3870 12 4005 0 149 33 6346
3870 5 4006 0 101 26 6347
3870 4 4007 0 2 3 6348
3870 16 4006 0 93 9 6349
3870 16 4007 0 131 45 6350
3870 36 4007 0 10 193 6351
3870 21 4007 0 124 33 6352
3870 43 4008 0 29 60 6353
3870 5 4007 0 153 145 6354
3870 13 4007 0 122 11 6355
3885 5 4020 0 72 194 6356
3885 31 4020 0 143 170 6357
3885 3 4021 0 94 1 6358
3885 10 4021 0 149 33 6359
3885 20 4022 0 131 45 6360
3885 12 4022 0 140 22 6361
3885 18 4021 0 179 186 6362
3885 12 4021 0 24 195 6363
3885 25 4021 0 110 24 6364
3885 5 4021 0 103 22 6365
3885 3 4022 0 99 9 6366
3885 6 4022 0 7 180 6367
3885 4 4019 0 101 26 6368
3885 6 4020 0 63 113 6369
3885 24 4019 0 155 79 6370
3885 4 4021 0 117 40 6371
3885 16 4021 0 13 75 6372
3885 5 4022 0 40 105 6373
3885 20 4021 0 132 13 6374
3885 3 4020 0 72 131 6375
3885 4 4021 0 153 145 6376
3885 5 4021 0 146 22 6377
3885 26 4020 0 106 10 6378
3885 11 4021 0 161 34 6379
3885 41 4021 0 93 51 6380
3885 18 4023 0 15 186 6381
3900 19 4036 0 156 90 6382
3900 4 4036 0 103 22 6383
3900 11 4037 0 138 36 6384
3900 17 4037 0 124 33 6385
3900 25 4035 0 29 60 6386
3900 13 4033 0 155 122 6387
3900 22 4037 0 122 11 6388
3900 12 4034 0 140 22 6389
3900 9 4035 0 182 28 6390
3900 4 4037 0 94 1 6391
3900 6 4035 0 173 171 6392
3900 10 4037 0 194 169 6393
3900 28 4036 0 66 134 6394
3900 5 4034 0 125 90 6395
3900 41 4037 0 102 140 6396
3900 26 4038 0 106 10 6397
3900 23 4036 0 109 56 6398
3900 31 4038 0 143 170 6399
3900 4 4037 0 7 180 6400
3900 9 4034 0 185 66 6401
3900 6 4036 0 117 40 6402
3900 10 4035 0 40 59 6403
3900 6 4035 0 142 143 6404
3900 25 4034 0 57 122 6405
3900 15 4035 0 155 79 6406
3900 35 4035 0 66 169 6407
3900 5 4035 0 101 26 6408
3900 10 4037 0 149 33 6409
3900 12 4036 0 63 113 6410
3900 22 4037 0 146 159 6411
3900 34 4036 0 127 27 6412
3909 118 6895 1 63 113 6413
3915 6 4050 0 140 22 6414
3915 25 4052 0 13 75 6415
3915 14 4049 0 166 118 6416
3915 3 4051 0 103 22 6417
3915 23 4051 0 128 55 6418
3915 4 4050 0 98 36 6419
3915 3 4051 0 173 171 6420
3915 16 4051 0 122 11 6421
3915 24 4054 0 132 13 6422
3915 6 4050 0 148 56 6423
3915 11 4050 0 138 36 6424
3915 5 4051 0 155 52 6425
3915 9 4050 0 6 88 6426
3915 17 4054 0 113 48 6427
3915 21 4052 0 93 9 6428
3915 15 4050 0 96 13 6429
3915 30 4052 0 102 140 6430
3915 4 4050 0 99 9 6431
3918 183 6903 1 22 41 6432
3927 75 6912 1 122 11 6433
3930 9 4064 0 149 33 6434
3930 4 4064 0 72 131 6435
3930 19 4064 0 57 122 6436
3930 16 4065 0 13 75 6437
3930 5 4066 0 99 9 6438
3930 40 4066 0 24 183 6439
3930 20 4066 0 93 9 6440
3930 10 4064 0 128 40 6441
3930 6 4065 0 117 40 6442
3930 5 4066 0 146 22 6443
3930 28 4068 0 127 27 6444
3930 6 4066 0 103 22 6445
3930 9 4065 0 63 113 6446
3930 7 4067 0 140 22 6447
3930 41 4064 0 66 134 6448
3930 27 4064 0 95 77 6449
3930 3 4067 0 178 113 6450
3930 10 4068 0 40 59 6451
3930 3 4065 0 153 145 6452
3930 5 4065 0 2 3 6453
3930 29 4065 0 143 170 6454
3930 6 4068 0 122 58 6455
3936 138 6923 1 78 150 6456
3940 31 6927 1 93 9 6457
3945 9 4079 0 138 36 6458
3945 23 4082 0 109 56 6459
3945 12 4081 0 122 11 6460
3945 45 4082 0 10 193 6461
3945 7 4080 0 122 58 6462
3945 12 4082 0 128 40 6463
3945 43 4079 0 24 183 6464
3945 6 4082 0 149 33 6465
3945 21 4079 0 128 55 6466
3945 12 4079 0 179 186 6467
3945 41 4083 0 66 169 6468
3945 4 4082 0 103 22 6469
3945 27 4081 0 143 170 6470
3945 7 4078 0 182 28 6471
3945 5 4081 0 146 22 6472
3945 6 4081 0 2 3 6473
3945 22 4080 0 156 90 6474
3945 24 4081 0 110 24 6475
3945 14 4079 0 146 159 6476
3945 10 4083 0 161 34 6477
3945 4 4080 0 125 90 6478
3945 12 4080 0 132 13 6479
3945 3 4083 0 117 40 6480
3945 5 4082 0 72 131 6481
3945 8 4082 0 148 56 6482
3959 59 6945 1 15 4 6483
3960 15 4093 0 166 118 6484
3960 35 4096 0 18 115 6485
3960 11 4096 0 128 40 6486
3960 4 4096 0 103 22 6487
3960 6 4096 0 78 150 6488
3960 13 4098 0 121 49 6489
3960 3 4096 0 101 26 6490
3960 8 4097 0 194 169 6491
3960 34 4095 0 66 134 6492
3960 3 4095 0 98 36 6493
3960 18 4094 0 13 75 6494
3960 24 4097 0 124 33 6495
3960 20 4098 0 146 119 6496
3960 20 4094 0 22 41 6497
3960 6 4094 0 149 33 6498
3960 12 4096 0 122 58 6499
3960 17 4097 0 109 1 6500
3960 7 4096 0 140 22 6501
3960 3 4094 0 99 9 6502
3960 11 4094 0 138 36 6503
3960 41 4097 0 106 10 6504
3975 13 4111 0 109 56 6505
3975 3 4113 0 117 40 6506
3975 15 4110 0 122 11 6507
3975 14 4112 0 110 24 6508
3975 16 4110 0 96 13 6509
3975 10 4110 0 63 113 6510
3975 22 4111 0 109 1 6511
3975 8 4111 0 128 40 6512
3975 7 4110 0 149 33 6513
3975 25 4110 0 113 48 6514
3975 20 4110 0 132 13 6515
3975 27 4111 0 128 96 6516
3975 4 4112 0 178 113 6517
3975 22 4111 0 131 45 6518
3975 18 4112 0 146 119 6519
3975 19 4112 0 146 159 6520
3975 12 4113 0 185 66 6521
3975 6 4112 0 155 52 6522
3975 10 4113 0 122 58 6523
3975 10 4112 0 140 22 6524
3975 3 4110 0 98 36 6525
3990 23 4126 0 131 45 6526
3990 7 4125 0 182 28 6527
3990 42 4124 0 102 140 6528
3990 11 4127 0 122 58 6529
3990 5 4127 0 98 36 6530
3990 20 4126 0 113 48 6531
3990 28 4126 0 106 10 6532
3990 6 4125 0 146 22 6533
3990 17 4127 0 124 33 6534
3990 10 4127 0 185 66 6535
3990 5 4127 0 142 143 6536
3990 15 4125 0 121 49 6537
3990 4 4125 0 101 26 6538
3990 17 4126 0 128 55 6539
3990 11 4127 0 140 22 6540
3990 14 4127 0 122 11 6541
3990 4 4126 0 103 22 6542
3990 20 4126 0 37 7 6543
3990 24 4126 0 155 79 6544
3990 25 4126 0 109 56 6545
3990 37 4126 0 164 40 6546
3990 6 4126 0 72 194 6547
4005 6 4141 0 155 52 6548
4005 6 4141 0 103 22 6549
4005 7 4141 0 194 169 6550
4005 5 4139 0 153 145 6551
4005 43 4143 0 24 183 6552
4005 7 4141 0 63 134 6553
4005 13 4140 0 121 49 6554
4005 25 4141 0 113 48 6555
4005 25 4140 0 22 41 6556
4005 22 4141 0 55 108 6557
4005 44 4139 0 18 115 6558
4005 20 4143 0 156 90 6559
4005 11 4141 0 149 33 6560
4005 3 4141 0 99 9 6561
4005 11 4140 0 140 22 6562
4005 4 4139 0 142 143 6563
4005 6 4141 0 15 4 6564
4005 9 4140 0 86 23 6565
4005 20 4143 0 37 7 6566
4005 17 4141 0 124 33 6567
4005 28 4139 0 164 40 6568
4005 4 4141 0 173 171 6569
4005 4 4139 0 117 40 6570
4005 29 4140 0 105 143 6571
4005 18 4140 0 132 13 6572
4005 6 4141 0 161 34 6573
4005 4 4141 0 178 113 6574
4005 16 4141 0 15 186 6575
4005 11 4145 0 122 58 6576
4009 36 6996 1 40 105 6577
4010 43 6995 1 66 169 6578
4020 5 4155 0 40 105 6579
4020 5 4157 0 67 20 6580
4020 10 4156 0 188 80 6581
4020 4 4156 0 155 52 6582
4020 12 4156 0 40 59 6583
4020 12 4157 0 138 36 6584
4020 3 4156 0 103 22 6585
4020 7 4155 0 122 58 6586
4020 25 4156 0 110 24 6587
4020 22 4156 0 198 85 6588
4020 14 4157 0 124 33 6589
4020 12 4157 0 109 56 6590
4020 19 4156 0 131 45 6591
4020 16 4156 0 166 118 6592
4020 19 4158 0 122 11 6593
4020 7 4156 0 63 134 6594
4020 22 4156 0 121 49 6595
4020 12 4157 0 128 40 6596
4020 19 4157 0 113 48 6597
4020 7 4157 0 194 169 6598
4020 29 4156 0 127 27 6599
4035 18 4171 0 146 119 6600
4035 9 4172 0 138 36 6601
4035 3 4170 0 142 143 6602
4035 45 4173 0 95 77 6603
4035 22 4172 0 122 11 6604
4035 37 4169 0 105 143 6605
4035 6 4171 0 99 9 6606
4035 10 4173 0 188 80 6607
4035 8 4171 0 140 22 6608
4035 12 4171 0 185 66 6609
4035 24 4170 0 109 56 6610
4035 18 4172 0 121 49 6611
4035 3 4169 0 125 90 6612
4035 23 4173 0 113 48 6613
4035 3 4172 0 146 22 6614
4035 25 4172 0 131 45 6615
4035 14 4172 0 146 159 6616
4035 3 4173 0 173 171 6617
4039 65 7025 1 40 59 6618
4046 159 7030 1 99 9 6619
4050 21 4186 0 37 7 6620
4050 6 4185 0 101 26 6621
4050 18 4185 0 131 45 6622
4050 12 4187 0 24 195 6623
4050 12 4186 0 194 169 6624
4050 34 4186 0 106 10 6625
4050 24 4185 0 110 24 6626
4050 5 4184 0 117 40 6627
4050 12 4187 0 121 49 6628
4050 19 4186 0 155 122 6629
4050 40 4186 0 10 193 6630
4050 36 4186 0 164 40 6631
4050 3 4186 0 7 180 6632
4050 22 4188 0 124 33 6633
4050 25 4184 0 109 56 6634
4050 4 4185 0 67 20 6635
4050 12 4185 0 96 13 6636
4050 38 4187 0 143 170 6637
4050 6 4186 0 128 40 6638
4050 6 4186 0 142 143 6639
4060 33 7046 1 106 10 6640
4065 24 4201 0 121 49 6641
4065 12 4203 0 128 55 6642
4065 6 4201 0 138 36 6643
4065 12 4202 0 182 28 6644
4065 20 4201 0 124 33 6645
4065 13 4201 0 22 41 6646
4065 9 4201 0 149 33 6647
4065 34 4203 0 127 27 6648
4065 26 4200 0 143 170 6649
4065 4 4201 0 98 36 6650
4065 7 4202 0 140 22 6651
4065 14 4200 0 113 48 6652
4065 23 4200 0 132 13 6653
4065 42 4200 0 10 193 6654
4065 6 4203 0 117 40 6655
4065 24 4200 0 109 56 6656
4065 6 4202 0 67 20 6657
4065 11 4199 0 40 59 6658
4065 6 4202 0 78 150 6659
4065 30 4202 0 164 40 6660
4065 20 4202 0 122 11 6661
4076 158 7062 1 10 193 6662
4080 18 4215 0 13 75 6663
4080 38 4216 0 127 27 6664
4080 7 4215 0 140 22 6665
4080 9 4215 0 6 88 6666
4080 3 4215 0 101 26 6667
4080 12 4215 0 194 169 6668
4080 22 4216 0 124 33 6669
4080 3 4215 0 146 22 6670
4080 6 4218 0 103 22 6671
4080 3 4215 0 99 9 6672
4080 11 4218 0 185 66 6673
4080 4 4217 0 117 40 6674
4080 23 4216 0 132 13 6675
4080 39 4215 0 164 40 6676
4080 4 4214 0 7 180 6677
4080 40 4216 0 24 183 6678
4080 6 4216 0 98 36 6679
4080 18 4217 0 15 186 6680
4080 12 4218 0 161 34 6681
4080 23 4216 0 96 13 6682
4080 44 4218 0 18 115 6683
4080 5 4216 0 67 20 6684
4080 8 4217 0 122 58 6685
4080 12 4215 0 138 36 6686
4080 7 4214 0 149 33 6687
4080 13 4216 0 109 56 6688
4080 22 4216 0 22 41 6689
4080 13 4216 0 131 45 6690
4080 24 4214 0 109 1 6691
4095 20 4231 0 109 56 6692
4095 6 4231 0 122 58 6693
4095 25 4228 0 24 183 6694
4095 22 4229 0 132 13 6695
4095 22 4230 0 166 118 6696
4095 37 4229 0 106 10 6697
4095 22 4231 0 155 79 6698
4095 6 4233 0 98 36 6699
4095 4 4228 0 15 4 6700
4095 10 4231 0 185 66 6701
4095 4 4230 0 117 40 6702
4095 15 4231 0 146 119 6703
4095 6 4232 0 101 26 6704
4095 16 4232 0 131 45 6705
4095 41 4230 0 66 169 6706
4095 4 4231 0 146 22 6707
4095 3 4229 0 94 1 6708
4095 4 4230 0 67 20 6709
4095 6 4230 0 78 150 6710
4095 10 4230 0 149 33 6711
4095 44 4231 0 127 27 6712
4095 22 4231 0 124 33 6713
4095 27 4231 0 143 170 6714
4095 12 4232 0 109 1 6715
4095 16 4231 0 96 13 6716
4095 5 4229 0 153 145 6717
4095 6 4230 0 178 113 6718
4095 5 4231 0 2 3 6719
4095 19 4231 0 15 186 6720
4099 60 7085 1 67 20 6721
4110 10 4246 0 128 40 6722
4110 19 4246 0 15 186 6723
4110 5 4247 0 103 22 6724
4110 15 4245 0 122 11 6725
4110 4 4246 0 101 26 6726
4110 25 4245 0 128 55 6727
4110 20 4246 0 146 119 6728
4110 11 4244 0 122 58 6729
4110 5 4247 0 40 105 6730
4110 11 4246 0 86 23 6731
4110 21 4247 0 22 41 6732
4110 45 4246 0 95 77 6733
4110 6 4244 0 63 113 6734
4110 6 4246 0 125 90 6735
4110 35 4244 0 18 115 6736
4110 4 4248 0 146 22 6737
4110 21 4244 0 109 56 6738
4110 19 4242 0 113 48 6739
4110 4 4248 0 15 4 6740
4110 29 4247 0 128 96 6741
4110 12 4246 0 120 146 6742
4110 3 4246 0 99 9 6743
4110 23 4244 0 131 45 6744
4121 54 7107 1 2 3 6745
4125 6 4262 0 146 22 6746
4125 23 4262 0 109 56 6747
4125 4 4261 0 178 113 6748
4125 12 4261 0 121 49 6749
4125 13 4259 0 110 24 6750
4125 19 4262 0 113 48 6751
4125 5 4261 0 98 36 6752
4125 6 4260 0 117 40 6753
4125 32 4260 0 102 140 6754
4125 4 4260 0 2 3 6755
4125 23 4262 0 15 186 6756
4125 8 4263 0 122 58 6757
4125 26 4261 0 10 193 6758
4125 15 4261 0 122 11 6759
4125 17 4259 0 131 45 6760
4125 17 4258 0 155 79 6761
4125 5 4261 0 99 9 6762
4125 36 4262 0 128 96 6763
4125 10 4260 0 6 88 6764
4125 20 4262 0 179 186 6765
4125 23 4261 0 96 13 6766
4125 16 4262 0 22 41 6767
4125 14 4261 0 13 75 6768
4125 4 4258 0 103 22 6769
4125 15 4260 0 124 33 6770
4125 30 4261 0 93 51 6771
4140 27 4276 0 164 40 6772
4140 11 4275 0 140 22 6773
4140 38 4278 0 105 143 6774
4140 6 4275 0 146 22 6775
4140 7 4277 0 63 113 6776
4140 5 4276 0 101 26 6777
4140 22 4275 0 109 56 6778
4140 12 4278 0 122 58 6779
4140 9 4273 0 148 56 6780
4140 21 4274 0 113 48 6781
4140 12 4276 0 128 40 6782
4140 6 4278 0 117 40 6783
4140 40 4275 0 102 140 6784
4140 29 4276 0 106 10 6785
4140 34 4274 0 127 27 6786
4140 21 4274 0 15 186 6787
4140 12 4277 0 146 119 6788
4140 3 4275 0 99 9 6789
4140 17 4276 0 131 45 6790
4140 3 4276 0 173 171 6791
4140 14 4276 0 96 13 6792
4140 24 4275 0 124 33 6793
4148 55 7133 1 93 51 6794
4155 9 4292 0 128 40 6795
4155 30 4290 0 127 27 6796
4155 18 4291 0 113 48 6797
4155 24 4292 0 109 56 6798
4155 4 4292 0 15 4 6799
4155 13 4293 0 121 49 6800
4155 19 4289 0 110 24 6801
4155 3 4292 0 101 26 6802
4155 3 4291 0 40 105 6803
4155 6 4290 0 86 23 6804
4155 26 4291 0 18 115 6805
4155 32 4290 0 105 143 6806
4155 4 4291 0 142 143 6807
4155 14 4290 0 37 7 6808
4155 40 4291 0 66 134 6809
4155 5 4291 0 117 40 6810
4155 21 4290 0 131 45 6811
4155 12 4291 0 182 28 6812
4155 16 4292 0 156 90 6813
4155 24 4290 0 96 13 6814
4155 6 4289 0 138 36 6815
4155 6 4290 0 188 80 6816
4155 4 4292 0 155 52 6817
4155 18 4292 0 13 75 6818
4170 14 4306 0 109 56 6819
4170 14 4308 0 124 33 6820
4170 10 4305 0 182 28 6821
4170 5 4306 0 72 194 6822
4170 38 4305 0 106 10 6823
4170 3 4307 0 153 145 6824
4170 11 4307 0 138 36 6825
4170 8 4307 0 188 80 6826
4170 25 4305 0 132 13 6827
4170 6 4307 0 103 22 6828
4170 3 4308 0 117 40 6829
4170 29 4307 0 143 170 6830
4170 19 4307 0 179 186 6831
4170 9 4306 0 6 88 6832
4170 15 4305 0 121 49 6833
4170 6 4306 0 99 9 6834
4170 6 4304 0 173 171 6835
4170 8 4307 0 122 58 6836
4170 20 4307 0 22 41 6837
4170 12 4307 0 128 40 6838
4179 89 7165 1 63 134 6839
4185 4 4321 0 99 9 6840
4185 13 4323 0 122 11 6841
4185 24 4321 0 132 13 6842
4185 4 4321 0 173 171 6843
4185 34 4320 0 102 140 6844
4185 16 4322 0 24 195 6845
4185 5 4320 0 153 145 6846
4185 10 4322 0 128 40 6847
4185 4 4321 0 98 36 6848
4185 4 4323 0 40 105 6849
4185 5 4323 0 101 26 6850
4185 14 4319 0 121 49 6851
4185 6 4322 0 122 58 6852
4185 5 4321 0 15 4 6853
4185 18 4321 0 109 56 6854
4185 14 4322 0 13 75 6855
4185 10 4318 0 138 36 6856
4185 4 4322 0 103 22 6857
4185 23 4321 0 146 119 6858
4185 7 4319 0 149 33 6859
4185 18 4318 0 113 48 6860
4185 12 4321 0 140 22 6861
4185 22 4320 0 179 186 6862
4200 21 4336 0 13 75 6863
4200 21 4336 0 121 49 6864
4200 21 4337 0 124 33 6865
4200 22 4336 0 156 90 6866
4200 11 4335 0 140 22 6867
4200 12 4336 0 122 58 6868
4200 15 4335 0 22 41 6869
4200 4 4338 0 155 52 6870
4200 12 4336 0 146 159 6871
4200 26 4339 0 66 169 6872
4200 5 4336 0 40 105 6873
4200 5 4335 0 146 22 6874
4200 21 4337 0 55 108 6875
4200 19 4336 0 166 118 6876
4200 24 4337 0 131 45 6877
4200 44 4336 0 128 96 6878
4200 25 4336 0 120 146 6879
4200 11 4337 0 128 40 6880
4200 15 4338 0 113 48 6881
4200 20 4336 0 155 122 6882
4200 21 4337 0 93 9 6883
4200 37 4336 0 106 10 6884
4200 11 4337 0 138 36 6885
4200 12 4336 0 161 34 6886
4200 39 4335 0 127 27 6887
4215 5 4353 0 94 1 6888
4215 19 4355 0 93 9 6889
4215 25 4351 0 146 119 6890
4215 34 4352 0 66 134 6891
4215 8 4351 0 6 88 6892
4215 8 4352 0 161 34 6893
4215 12 4350 0 63 134 6894
4215 32 4352 0 105 143 6895
4215 3 4351 0 7 180 6896
4215 15 4351 0 96 13 6897
4215 11 4352 0 182 28 6898
4215 42 4351 0 95 77 6899
4215 8 4352 0 138 36 6900
4215 41 4351 0 127 27 6901
4215 31 4351 0 66 169 6902
4215 6 4352 0 117 40 6903
4215 14 4354 0 13 75 6904
4215 5 4352 0 98 36 6905
4215 37 4350 0 18 115 6906
4215 6 4352 0 86 23 6907
4215 34 4351 0 143 170 6908
4215 14 4349 0 131 45 6909
4215 3 4352 0 101 26 6910
4223 40 7208 1 122 58 6911
4226 36 7213 1 7 180 6912
4230 40 4365 0 143 170 6913
4230 35 4367 0 127 27 6914
4230 16 4367 0 93 9 6915
4230 3 4366 0 155 52 6916
4230 21 4366 0 155 122 6917
4230 11 4366 0 63 134 6918
4230 28 4366 0 93 51 6919
4230 27 4364 0 105 143 6920
4230 7 4364 0 63 113 6921
4230 20 4366 0 155 79 6922
4230 26 4365 0 66 134 6923
4230 18 4366 0 110 24 6924
4230 18 4366 0 121 49 6925
4230 3 4367 0 15 4 6926
4230 6 4368 0 128 40 6927
4230 20 4367 0 124 33 6928
4230 21 4366 0 132 13 6929
4230 3 4366 0 72 131 6930
4230 35 4366 0 66 169 6931
4230 39 4365 0 128 96 6932
4230 20 4366 0 96 13 6933
4230 6 4365 0 148 56 6934
4241 75 7227 1 128 96 6935
4243 71 7229 1 149 33 6936
4245 6 4380 0 182 28 6937
4245 12 4382 0 132 13 6938
4245 5 4379 0 99 9 6939
4245 34 4380 0 24 183 6940
4245 11 4379 0 194 169 6941
4245 32 4382 0 127 27 6942
4245 6 4382 0 117 40 6943
4245 18 4381 0 121 49 6944
4245 3 4381 0 146 22 6945
4245 14 4381 0 109 56 6946
4245 6 4380 0 7 180 6947
4245 33 4380 0 106 10 6948
4245 18 4378 0 166 118 6949
4245 20 4382 0 131 45 6950
4245 6 4382 0 67 20 6951
4245 13 4381 0 124 33 6952
4245 25 4378 0 113 48 6953
4245 6 4381 0 140 22 6954
4245 20 4380 0 13 75 6955
4252 74 7239 1 121 49 6956
4259 143 7243 1 109 56 6957
4260 6 4396 0 78 150 6958
4260 16 4396 0 156 90 6959
4260 6 4397 0 146 22 6960
4260 44 4396 0 105 143 6961
4260 3 4398 0 98 36 6962
4260 9 4398 0 149 33 6963
4260 11 4394 0 63 113 6964
4260 15 4397 0 155 79 6965
4260 38 4396 0 143 170 6966
4260 13 4396 0 121 49 6967
4260 25 4397 0 128 55 6968
4260 29 4395 0 66 134 6969
4260 13 4396 0 110 24 6970
4260 10 4395 0 63 134 6971
4260 45 4396 0 106 10 6972
4260 14 4394 0 113 48 6973
4260 5 4397 0 72 131 6974
4260 16 4396 0 122 11 6975
4260 9 4395 0 138 36 6976
4260 4 4393 0 153 145 6977
4260 39 4397 0 127 27 6978
4260 20 4397 0 124 33 6979
4260 13 4398 0 13 75 6980
4260 14 4396 0 109 56 6981
4260 25 4397 0 131 45 6982
4275 45 4412 0 29 60 6983
4275 40 4411 0 10 193 6984
4275 22 4413 0 124 33 6985
4275 6 4411 0 149 33 6986
4275 16 4412 0 121 49 6987
4275 42 4411 0 66 169 6988
4275 14 4410 0 109 56 6989
4275 21 4410 0 155 79 6990
4275 6 4412 0 142 143 6991
4275 37 4409 0 95 77 6992
4275 16 4409 0 179 186 6993
4275 3 4411 0 67 20 6994
4275 7 4412 0 138 36 6995
4275 8 4410 0 182 28 6996
4275 14 4414 0 109 1 6997
4275 20 4410 0 132 13 6998
4275 23 4415 0 155 122 6999
4275 16 4411 0 37 7 7000
4275 5 4411 0 117 40 7001
4275 21 4410 0 166 118 7002
4275 7 4413 0 185 66 7003
4275 6 4412 0 103 22 7004
4275 5 4406 0 98 36 7005
4275 22 4410 0 55 108 7006
4275 8 4411 0 140 22 7007
4275 5 4409 0 101 26 7008
4275 5 4412 0 40 105 7009
4275 21 4410 0 110 24 7010
4290 7 4426 0 194 169 7011
4290 7 4427 0 185 66 7012
4290 22 4427 0 166 118 7013
4290 4 4425 0 72 194 7014
4290 25 4426 0 113 48 7015
4290 21 4428 0 109 56 7016
4290 29 4424 0 66 134 7017
4290 6 4425 0 178 113 7018
4290 9 4424 0 6 88 7019
4290 27 4428 0 18 115 7020
4290 6 4425 0 63 134 7021
4290 4 4427 0 142 143 7022
4290 20 4428 0 37 7 7023
4290 17 4425 0 146 159 7024
4290 19 4423 0 24 195 7025
4290 6 4425 0 101 26 7026
4290 9 4423 0 122 58 7027
4290 4 4425 0 98 36 7028
4290 8 4425 0 128 40 7029
4290 43 4426 0 106 10 7030
4290 9 4427 0 149 33 7031
4290 21 4425 0 132 13 7032
4290 27 4425 0 127 27 7033
4290 11 4426 0 140 22 7034
4290 25 4426 0 131 45 7035
4290 22 4425 0 96 13 7036
4290 23 4424 0 121 49 7037
4297 78 7283 1 101 26 7038
4305 42 4440 0 102 140 7039
4305 21 4442 0 128 55 7040
4305 31 4442 0 66 169 7041
4305 21 4441 0 96 13 7042
4305 15 4441 0 55 108 7043
4305 6 4439 0 146 22 7044
4305 23 4441 0 113 48 7045
4305 43 4440 0 106 10 7046
4305 14 4439 0 109 56 7047
4305 9 4439 0 122 58 7048
4305 10 4442 0 138 36 7049
4305 6 4442 0 7 180 7050
4305 9 4441 0 149 33 7051
4305 41 4440 0 128 96 7052
4305 25 4439 0 121 49 7053
4305 35 4439 0 164 40 7054
4305 3 4440 0 98 36 7055
4305 13 4442 0 155 122 7056
4305 6 4441 0 194 169 7057
4309 75 7295 1 120 146 7058
4311 52 7298 1 146 159 7059
4316 146 7302 1 37 7 7060
4320 41 4456 0 128 96 7061
4320 5 4454 0 117 40 7062
4320 4 4455 0 146 22 7063
4320 6 4456 0 98 36 7064
4320 4 4456 0 101 26 7065
4320 25 4455 0 155 79 7066
4320 8 4456 0 148 56 7067
4320 12 4454 0 93 9 7068
4320 13 4456 0 37 7 7069
4320 20 4452 0 109 56 7070
4320 5 4454 0 103 22 7071
4320 9 4454 0 140 22 7072
4320 22 4456 0 124 33 7073
4320 12 4457 0 138 36 7074
4320 3 4456 0 99 9 7075
4320 42 4456 0 93 51 7076
4320 17 4456 0 128 55 7077
4320 4 4455 0 40 105 7078
4320 22 4453 0 122 11 7079
4320 15 4456 0 13 75 7080
4320 8 4457 0 185 66 7081
4335 5 4469 0 98 36 7082
4335 12 4473 0 156 90 7083
4335 12 4471 0 120 146 7084
4335 10 4472 0 194 169 7085
4335 19 4472 0 124 33 7086
4335 3 4470 0 153 145 7087
4335 19 4469 0 24 195 7088
4335 24 4470 0 122 11 7089
4335 9 4470 0 40 59 7090
4335 12 4472 0 185 66 7091
4335 41 4470 0 128 96 7092
4335 26 4471 0 127 27 7093
4335 23 4471 0 113 48 7094
4335 20 4472 0 166 118 7095
4335 6 4471 0 72 194 7096
4335 16 4470 0 109 56 7097
4335 22 4471 0 132 13 7098
4335 22 4470 0 15 186 7099
4335 22 4472 0 128 55 7100
4335 6 4470 0 138 36 7101
4335 28 4470 0 24 183 7102
4335 7 4471 0 122 58 7103
4335 25 4472 0 146 159 7104
4335 4 4472 0 117 40 7105
4335 18 4472 0 96 13 7106
4335 8 4469 0 148 56 7107
4335 3 4470 0 142 143 7108
4335 11 4473 0 6 88 7109
4339 36 7325 1 37 7 7110
4350 6 4488 0 148 56 7111
4350 44 4486 0 93 51 7112
4350 4 4485 0 78 150 7113
4350 32 4488 0 128 96 7114
4350 26 4487 0 66 169 7115
4350 20 4487 0 146 119 7116
4350 6 4486 0 122 58 7117
4350 3 4487 0 99 9 7118
4350 22 4488 0 109 56 7119
4350 4 4486 0 146 22 7120
4350 22 4487 0 96 13 7121
4350 20 4487 0 57 122 7122
4350 26 4488 0 66 134 7123
4350 40 4488 0 24 183 7124
4350 8 4486 0 63 113 7125
4350 5 4486 0 173 171 7126
4350 19 4486 0 179 186 7127
4350 14 4482 0 113 48 7128
4350 24 4486 0 24 195 7129
4350 25 4485 0 146 159 7130
4350 22 4488 0 124 33 7131
4350 5 4486 0 94 1 7132
4350 3 4487 0 98 36 7133
4350 19 4486 0 121 49 7134
4350 15 4486 0 122 11 7135
4350 6 4485 0 117 40 7136
4365 12 4500 0 86 23 7137
4365 6 4501 0 98 36 7138
4365 5 4502 0 146 22 7139
4365 15 4503 0 55 108 7140
4365 6 4498 0 128 40 7141
4365 45 4502 0 66 134 7142
4365 30 4503 0 18 115 7143
4365 3 4501 0 103 22 7144
4365 5 4502 0 155 52 7145
4365 6 4501 0 7 180 7146
4365 15 4502 0 113 48 7147
4365 6 4501 0 149 33 7148
4365 13 4502 0 96 13 7149
4365 5 4501 0 2 3 7150
4365 44 4500 0 143 170 7151
4365 25 4500 0 146 119 7152
4365 3 4500 0 67 20 7153
4365 15 4502 0 121 49 7154
4365 13 4501 0 132 13 7155
4365 14 4500 0 93 9 7156
4365 41 4500 0 29 60 7157
4365 14 4500 0 124 33 7158
4365 4 4501 0 101 26 7159
4365 24 4501 0 131 45 7160
4365 13 4502 0 110 24 7161
4365 4 4502 0 99 9 7162
4365 5 4502 0 125 90 7163
4366 38 7351 1 179 186 7164
4380 26 4516 0 127 27 7165
4380 7 4515 0 128 40 7166
4380 13 4517 0 110 24 7167
4380 16 4519 0 131 45 7168
4380 6 4516 0 40 105 7169
4380 4 4519 0 146 22 7170
4380 12 4515 0 113 48 7171
4380 30 4515 0 93 51 7172
4380 3 4514 0 99 9 7173
4380 12 4516 0 155 79 7174
4380 29 4514 0 66 134 7175
4380 14 4514 0 132 13 7176
4380 21 4517 0 124 33 7177
4380 5 4514 0 117 40 7178
4380 4 4518 0 72 131 7179
4380 11 4517 0 122 58 7180
4380 11 4517 0 188 80 7181
4380 42 4517 0 164 40 7182
4380 6 4517 0 86 23 7183
4380 4 4515 0 7 180 7184
4380 12 4515 0 156 90 7185
4394 46 7379 1 155 79 7186
4394 76 7380 1 164 40 7187
4395 11 4531 0 185 66 7188
4395 6 4529 0 128 40 7189
4395 21 4530 0 121 49 7190
4395 12 4531 0 140 22 7191
4395 21 4532 0 110 24 7192
4395 24 4530 0 124 33 7193
4395 10 4532 0 6 88 7194
4395 13 4531 0 15 186 7195
4395 11 4532 0 138 36 7196
4395 26 4531 0 24 183 7197
4395 6 4531 0 103 22 7198
4395 11 4530 0 188 80 7199
4395 16 4531 0 55 108 7200
4395 16 4533 0 131 45 7201
4395 18 4532 0 132 13 7202
4395 4 4533 0 15 4 7203
4395 25 4531 0 127 27 7204
4401 67 7389 1 57 122 7205
4406 42 7394 1 78 150 7206
4410 4 4548 0 99 9 7207
4410 11 4545 0 140 22 7208
4410 13 4545 0 113 48 7209
4410 6 4543 0 138 36 7210
4410 8 4547 0 185 66 7211
4410 8 4547 0 194 169 7212
4410 5 4546 0 40 105 7213
4410 18 4549 0 121 49 7214
4410 6 4545 0 15 4 7215
4410 28 4546 0 128 96 7216
4410 6 4548 0 72 131 7217
4410 12 4542 0 109 56 7218
4410 4 4546 0 103 22 7219
4410 6 4547 0 173 171 7220
4410 13 4545 0 55 108 7221
4410 14 4546 0 110 24 7222
4410 8 4546 0 128 40 7223
4410 35 4547 0 10 193 7224
4417 58 7405 1 86 23 7225
4425 17 4559 0 156 90 7226
4425 37 4559 0 95 77 7227
4425 19 4560 0 124 33 7228
4425 5 4558 0 117 40 7229
4425 10 4559 0 40 59 7230
4425 19 4562 0 15 186 7231
4425 6 4561 0 149 33 7232
4425 34 4562 0 18 115 7233
4425 11 4562 0 185 66 7234
4425 15 4562 0 109 1 7235
4425 35 4561 0 128 96 7236
4425 8 4562 0 138 36 7237
4425 6 4560 0 101 26 7238
4425 6 4560 0 161 34 7239
4425 4 4561 0 153 145 7240
4425 32 4562 0 10 193 7241
4425 4 4563 0 146 22 7242
4425 6 4558 0 103 22 7243
4425 16 4559 0 110 24 7244
4425 40 4564 0 106 10 7245
4425 3 4559 0 173 171 7246
4425 13 4559 0 179 186 7247
4425 24 4562 0 96 13 7248
4425 24 4561 0 113 48 7249
4425 25 4562 0 131 45 7250
4425 4 4561 0 67 20 7251
4425 16 4562 0 128 55 7252
4425 12 4562 0 37 7 7253
4425 6 4562 0 194 169 7254
4439 60 7422 1 98 36 7255
4440 6 4574 0 125 90 7256
4440 24 4577 0 13 75 7257
4440 21 4577 0 37 7 7258
4440 10 4577 0 122 58 7259
4440 14 4573 0 155 79 7260
4440 43 4575 0 127 27 7261
4440 25 4576 0 128 55 7262
4440 12 4575 0 110 24 7263
4440 4 4577 0 117 40 7264
4440 5 4576 0 67 20 7265
4440 21 4578 0 124 33 7266
4440 4 4579 0 103 22 7267
4440 25 4577 0 120 146 7268
4440 3 4575 0 72 194 7269
4440 8 4576 0 140 22 7270
4440 3 4577 0 173 171 7271
4440 17 4574 0 113 48 7272
4440 31 4576 0 106 10 7273
4440 11 4577 0 188 80 7274
4440 9 4576 0 194 169 7275
4440 12 4575 0 148 56 7276
4440 17 4573 0 109 56 7277
4440 4 4575 0 146 22 7278
4455 5 4590 0 178 113 7279
4455 13 4591 0 55 108 7280
4455 6 4593 0 153 145 7281
4455 33 4592 0 128 96 7282
4455 12 4591 0 113 48 7283
4455 10 4589 0 128 40 7284
4455 21 4591 0 179 186 7285
4455 26 4591 0 10 193 7286
4455 13 4592 0 124 33 7287
4455 12 4594 0 132 13 7288
4455 14 4592 0 166 118 7289
4455 11 4594 0 149 33 7290
4455 44 4589 0 127 27 7291
4455 9 4591 0 86 23 7292
4455 6 4591 0 140 22 7293
4455 38 4592 0 24 183 7294
4455 8 4590 0 188 80 7295
4455 6 4589 0 99 9 7296
4455 23 4592 0 121 49 7297
4455 8 4589 0 182 28 7298
4455 4 4591 0 173 171 7299
4455 24 4592 0 15 186 7300
4457 104 7444 1 156 90 7301
4470 16 4605 0 96 13 7302
4470 4 4606 0 98 36 7303
4470 25 4606 0 127 27 7304
4470 19 4606 0 131 45 7305
4470 36 4606 0 10 193 7306
4470 6 4608 0 188 80 7307
4470 12 4605 0 122 58 7308
4470 18 4605 0 109 56 7309
4470 4 4605 0 101 26 7310
4470 6 4605 0 40 59 7311
4470 17 4607 0 24 195 7312
4470 3 4605 0 99 9 7313
4470 14 4607 0 124 33 7314
4470 32 4607 0 18 115 7315
4470 15 4605 0 155 122 7316
4470 23 4605 0 109 1 7317
4470 6 4607 0 155 52 7318
4470 17 4604 0 55 108 7319
4470 21 4604 0 110 24 7320
4470 39 4604 0 106 10 7321
4470 36 4607 0 93 51 7322
4485 4 4621 0 173 171 7323
4485 17 4618 0 166 118 7324
4485 6 4618 0 103 22 7325
4485 17 4621 0 121 49 7326
4485 21 4620 0 109 56 7327
4485 25 4620 0 128 96 7328
4485 7 4619 0 138 36 7329
4485 22 4620 0 124 33 7330
4485 21 4621 0 15 186 7331
4485 16 4622 0 55 108 7332
4485 5 4619 0 98 36 7333
4485 4 4624 0 117 40 7334
4485 13 4620 0 131 45 7335
4485 6 4623 0 7 180 7336
4485 3 4621 0 72 131 7337
4485 10 4620 0 140 22 7338
4485 8 4619 0 6 88 7339
4485 5 4620 0 125 90 7340
4485 8 4621 0 148 56 7341
4485 42 4623 0 66 169 7342
4485 32 4622 0 106 10 7343
4485 6 4619 0 99 9 7344
4485 10 4622 0 63 134 7345
4485 4 4621 0 101 26 7346
4492 55 7479 1 188 80 7347
4500 3 4639 0 146 22 7348
4500 10 4637 0 128 40 7349
4500 9 4638 0 161 34 7350
4500 23 4638 0 37 7 7351
4500 27 4635 0 66 134 7352
4500 28 4635 0 127 27 7353
4500 10 4637 0 140 22 7354
4500 13 4636 0 179 186 7355
4500 16 4634 0 146 119 7356
4500 3 4636 0 40 105 7357
4500 20 4635 0 155 79 7358
4500 7 4635 0 122 58 7359
4500 6 4636 0 117 40 7360
4500 8 4634 0 194 169 7361
4500 9 4638 0 188 80 7362
4500 6 4638 0 98 36 7363
4500 31 4637 0 24 183 7364
4500 29 4636 0 143 170 7365
4500 31 4636 0 105 143 7366
4500 31 4637 0 102 140 7367
4500 25 4637 0 128 55 7368
4500 15 4634 0 57 122 7369
4500 5 4634 0 155 52 7370
4500 11 4636 0 185 66 7371
4500 22 4636 0 109 56 7372
4500 28 4635 0 106 10 7373
4500 12 4638 0 138 36 7374
4500 16 4637 0 24 195 7375
4500 7 4636 0 63 134 7376
4500 23 4637 0 110 24 7377
4502 200 7487 1 120 146 7378
4515 12 4651 0 113 48 7379
4515 34 4650 0 106 10 7380
4515 25 4652 0 128 55 7381
4515 4 4650 0 125 90 7382
4515 8 4650 0 86 23 7383
4515 23 4650 0 109 56 7384
4515 16 4649 0 121 49 7385
4515 21 4652 0 132 13 7386
4515 22 4650 0 156 90 7387
4515 6 4652 0 146 22 7388
4515 10 4651 0 185 66 7389
4515 25 4651 0 164 40 7390
4515 3 4650 0 155 52 7391
4515 26 4651 0 66 169 7392
4515 26 4652 0 66 134 7393
4515 3 4652 0 99 9 7394
4515 24 4652 0 55 108 7395
4515 6 4652 0 161 34 7396
4530 3 4664 0 98 36 7397
4530 12 4666 0 128 40 7398
4530 17 4665 0 179 186 7399
4530 18 4667 0 146 119 7400
4530 5 4667 0 142 143 7401
4530 21 4666 0 131 45 7402
4530 12 4665 0 24 195 7403
4530 6 4665 0 94 1 7404
4530 24 4665 0 110 24 7405
4530 4 4665 0 103 22 7406
4530 22 4667 0 15 186 7407
4530 17 4666 0 109 56 7408
4530 7 4666 0 185 66 7409
4530 25 4664 0 121 49 7410
4530 32 4666 0 105 143 7411
4530 45 4668 0 128 96 7412
4530 5 4666 0 101 26 7413
4530 5 4664 0 146 22 7414
4530 18 4666 0 124 33 7415
4530 25 4667 0 156 90 7416
4530 4 4667 0 125 90 7417
4530 3 4665 0 67 20 7418
4530 33 4665 0 66 134 7419
4530 41 4666 0 106 10 7420
4530 3 4664 0 99 9 7421
4530 5 4665 0 173 171 7422
4530 13 4663 0 122 11 7423
4545 19 4682 0 128 55 7424
4545 25 4681 0 110 24 7425
4545 5 4682 0 78 150 7426
4545 33 4682 0 29 60 7427
4545 12 4678 0 120 146 7428
4545 18 4680 0 131 45 7429
4545 17 4682 0 132 13 7430
4545 18 4679 0 109 56 7431
4545 15 4683 0 122 11 7432
4545 10 4680 0 122 58 7433
4545 7 4682 0 188 80 7434
4545 20 4680 0 124 33 7435
4545 24 4681 0 57 122 7436
4545 4 4682 0 103 22 7437
4545 5 4682 0 67 20 7438
4545 6 4680 0 101 26 7439
4545 22 4681 0 96 13 7440
4545 6 4682 0 98 36 7441
4545 14 4680 0 113 48 7442
4545 43 4682 0 106 10 7443
4545 5 4682 0 40 105 7444
4545 4 4682 0 94 1 7445
4560 8 4698 0 122 58 7446
4560 17 4698 0 156 90 7447
4560 24 4696 0 24 195 7448
4560 15 4696 0 55 108 7449
4560 14 4694 0 124 33 7450
4560 37 4695 0 164 40 7451
4560 19 4695 0 121 49 7452
4560 9 4696 0 185 66 7453
4560 22 4696 0 113 48 7454
4560 8 4696 0 148 56 7455
4560 20 4694 0 110 24 7456
4560 3 4695 0 78 150 7457
4560 10 4694 0 149 33 7458
4560 8 4696 0 140 22 7459
4560 4 4694 0 146 22 7460
4560 13 4695 0 179 186 7461
4560 33 4695 0 127 27 7462
4560 19 4696 0 146 159 7463
4560 11 4695 0 188 80 7464
4560 5 4697 0 117 40 7465
4560 3 4697 0 72 131 7466
4560 22 4697 0 128 55 7467
4560 12 4695 0 122 11 7468
4560 32 4696 0 24 183 7469
4560 18 4696 0 131 45 7470
4560 4 4697 0 15 4 7471
4560 6 4697 0 99 9 7472
4571 77 7556 1 63 134 7473
4575 36 4712 0 29 60 7474
4575 10 4711 0 149 33 7475
4575 14 4710 0 109 56 7476
4575 5 4710 0 155 52 7477
4575 10 4712 0 122 58 7478
4575 19 4713 0 15 186 7479
4575 34 4710 0 24 183 7480
4575 20 4711 0 132 13 7481
4575 37 4714 0 95 77 7482
4575 21 4714 0 124 33 7483
4575 25 4710 0 121 49 7484
4575 22 4713 0 156 90 7485
4575 6 4712 0 178 113 7486
4588 130 7574 1 125 90 7487
4590 7 4726 0 86 23 7488
4590 24 4726 0 109 56 7489
4590 5 4725 0 72 194 7490
4590 6 4723 0 188 80 7491
4590 12 4725 0 120 146 7492
4590 18 4725 0 96 13 7493
4590 5 4726 0 67 20 7494
4590 5 4727 0 142 143 7495
4590 3 4726 0 101 26 7496
4590 21 4728 0 113 48 7497
4590 19 4725 0 124 33 7498
4590 22 4728 0 155 79 7499
4590 21 4726 0 132 13 7500
4590 36 4727 0 127 27 7501
4590 6 4726 0 146 22 7502
4590 6 4722 0 99 9 7503
4590 5 4726 0 78 150 7504
4590 14 4727 0 128 55 7505
4590 12 4727 0 161 34 7506
4590 3 4725 0 117 40 7507
4590 21 4727 0 146 119 7508
4590 6 4728 0 63 134 7509
4590 7 4728 0 138 36 7510
4601 190 7590 1 128 55 7511
4605 19 4739 0 110 24 7512
4605 3 4744 0 146 22 7513
4605 6 4742 0 142 143 7514
4605 6 4742 0 149 33 7515
4605 3 4739 0 103 22 7516
4605 15 4740 0 57 122 7517
4605 15 4742 0 113 48 7518
4605 18 4741 0 155 122 7519
4605 19 4743 0 132 13 7520
4605 25 4739 0 131 45 7521
4605 6 4741 0 86 23 7522
4605 43 4741 0 164 40 7523
4605 3 4740 0 72 131 7524
4605 42 4743 0 93 51 7525
4605 5 4742 0 94 1 7526
4605 12 4740 0 122 58 7527
4605 21 4740 0 22 41 7528
4605 40 4740 0 127 27 7529
4605 4 4740 0 2 3 7530
4605 6 4738 0 140 22 7531
4605 6 4743 0 101 26 7532
4605 5 4738 0 99 9 7533
4605 7 4744 0 188 80 7534
4605 5 4741 0 40 105 7535
4608 65 7595 1 132 13 7536
4612 74 7598 1 127 27 7537
4618 132 7604 1 124 33 7538
4620 4 4756 0 2 3 7539
4620 45 4757 0 127 27 7540
4620 20 4756 0 124 33 7541
4620 28 4753 0 93 51 7542
4620 21 4757 0 131 45 7543
4620 32 4758 0 66 169 7544
4620 7 4758 0 128 40 7545
4620 24 4759 0 24 195 7546
4620 9 4756 0 138 36 7547
4620 20 4755 0 132 13 7548
4620 23 4755 0 121 49 7549
4620 22 4756 0 122 11 7550
4620 4 4756 0 117 40 7551
4620 35 4757 0 106 10 7552
4620 7 4756 0 122 58 7553
4620 6 4758 0 67 20 7554
4620 14 4756 0 120 146 7555
4620 6 4755 0 140 22 7556
4620 6 4756 0 99 9 7557
4620 22 4753 0 37 7 7558
4620 3 4756 0 146 22 7559
4620 26 4757 0 95 77 7560
4623 81 7608 1 72 194 7561
4635 5 4771 0 155 52 7562
4635 30 4770 0 102 140 7563
4635 17 4771 0 109 56 7564
4635 3 4770 0 72 131 7565
4635 5 4773 0 98 36 7566
4635 6 4770 0 122 58 7567
4635 21 4770 0 198 85 7568
4635 6 4773 0 117 40 7569
4635 3 4771 0 15 4 7570
4635 8 4771 0 185 66 7571
4635 22 4772 0 155 122 7572
4635 23 4771 0 55 108 7573
4635 29 4772 0 127 27 7574
4635 8 4774 0 128 40 7575
4635 3 4772 0 146 22 7576
4635 18 4771 0 128 55 7577
4635 32 4769 0 66 169 7578
4635 12 4773 0 13 75 7579
4635 8 4772 0 188 80 7580
4635 15 4772 0 110 24 7581
4635 5 4771 0 153 145 7582
4635 20 4771 0 96 13 7583
4635 19 4770 0 124 33 7584
4649 77 7637 1 148 56 7585
4650 6 4786 0 99 9 7586
4650 23 4785 0 128 55 7587
4650 24 4783 0 121 49 7588
4650 4 4789 0 125 90 7589
4650 10 4786 0 148 56 7590
4650 18 4787 0 122 11 7591
4650 3 4786 0 2 3 7592
4650 6 4783 0 6 88 7593
4650 17 4787 0 113 48 7594
4650 3 4786 0 178 113 7595
4650 40 4786 0 95 77 7596
4650 9 4786 0 86 23 7597
4650 8 4784 0 194 169 7598
4650 23 4784 0 110 24 7599
4650 5 4788 0 40 105 7600
4650 19 4785 0 109 56 7601
4650 5 4786 0 117 40 7602
4665 30 4800 0 24 183 7603
4665 17 4803 0 55 108 7604
4665 42 4799 0 106 10 7605
4665 6 4799 0 72 131 7606
4665 4 4801 0 101 26 7607
4665 10 4802 0 63 113 7608
4665 6 4798 0 140 22 7609
4665 16 4801 0 15 186 7610
4665 12 4801 0 128 55 7611
4665 6 4802 0 7 180 7612
4665 3 4799 0 98 36 7613
4665 7 4801 0 122 58 7614
4665 24 4801 0 131 45 7615
4665 18 4798 0 113 48 7616
4665 10 4801 0 185 66 7617
4665 15 4801 0 122 11 7618
4665 6 4799 0 149 33 7619
4665 16 4800 0 24 195 7620
4665 23 4801 0 155 79 7621
4665 29 4801 0 66 134 7622
4665 14 4800 0 121 49 7623
4678 41 7664 1 140 22 7624
4680 25 4815 0 127 27 7625
4680 5 4815 0 40 105 7626
4680 4 4815 0 155 52 7627
4680 19 4814 0 113 48 7628
4680 16 4815 0 24 195 7629
4680 3 4818 0 101 26 7630
4680 4 4817 0 98 36 7631
4680 6 4816 0 117 40 7632
4680 17 4814 0 155 79 7633
4680 24 4815 0 121 49 7634
4680 23 4814 0 122 11 7635
4680 7 4816 0 149 33 7636
4680 8 4814 0 128 40 7637
4680 19 4816 0 131 45 7638
4680 24 4813 0 93 9 7639
4680 17 4814 0 128 55 7640
4680 22 4815 0 15 186 7641
4680 3 4817 0 72 194 7642
4680 18 4816 0 109 56 7643
4680 8 4815 0 86 23 7644
4680 6 4819 0 67 20 7645
4680 45 4818 0 143 170 7646
4693 81 7679 1 155 52 7647
4695 6 4830 0 153 145 7648
4695 9 4833 0 128 40 7649
4695 25 4831 0 113 48 7650
4695 5 4830 0 178 113 7651
4695 9 4830 0 161 34 7652
4695 20 4833 0 122 11 7653
4695 7 4833 0 140 22 7654
4695 6 4832 0 117 40 7655
4695 9 4832 0 188 80 7656
4695 4 4829 0 94 1 7657
4695 5 4831 0 101 26 7658
4695 22 4830 0 198 85 7659
4695 6 4832 0 99 9 7660
4695 4 4832 0 15 4 7661
4695 13 4829 0 96 13 7662
4695 38 4829 0 143 170 7663
4695 19 4832 0 93 9 7664
4695 17 4833 0 131 45 7665
4695 13 4830 0 132 13 7666
4695 11 4832 0 149 33 7667
4695 6 4831 0 103 22 7668
4701 159 7689 1 146 159 7669
4710 14 4847 0 120 146 7670
4710 17 4847 0 156 90 7671
4710 4 4848 0 125 90 7672
4710 5 4846 0 101 26 7673
4710 3 4847 0 103 22 7674
4710 19 4847 0 110 24 7675
4710 5 4846 0 142 143 7676
4710 42 4848 0 164 40 7677
4710 9 4845 0 40 59 7678
4710 4 4847 0 98 36 7679
4710 24 4846 0 122 11 7680
4710 7 4846 0 128 40 7681
4710 13 4845 0 93 9 7682
4710 34 4847 0 105 143 7683
4710 16 4847 0 124 33 7684
4710 28 4844 0 10 193 7685
4710 29 4847 0 66 134 7686
4710 6 4847 0 117 40 7687
4710 3 4846 0 146 22 7688
4710 15 4847 0 109 56 7689
4710 3 4844 0 78 150 7690
4710 38 4846 0 127 27 7691
4710 18 4848 0 131 45 7692
4710 19 4847 0 96 13 7693
4710 22 4847 0 22 41 7694
4710 4 4847 0 99 9 7695
4719 41 7703 1 99 9 7696
4725 5 4862 0 155 52 7697
4725 34 4861 0 127 27 7698
4725 23 4861 0 120 146 7699
4725 3 4862 0 125 90 7700
4725 19 4864 0 57 122 7701
4725 10 4862 0 86 23 7702
4725 41 4860 0 10 193 7703
4725 16 4861 0 110 24 7704
4725 5 4859 0 103 22 7705
4725 24 4859 0 132 13 7706
4725 4 4860 0 40 105 7707
4725 17 4862 0 22 41 7708
4725 3 4860 0 117 40 7709
4725 4 4861 0 15 4 7710
4725 4 4860 0 7 180 7711
4725 13 4861 0 131 45 7712
4725 31 4863 0 18 115 7713
4725 13 4862 0 122 11 7714
4725 8 4861 0 63 134 7715
4725 35 4861 0 128 96 7716
4725 35 4863 0 66 134 7717
4725 20 4862 0 113 48 7718
4725 3 4860 0 153 145 7719
4725 6 4860 0 194 169 7720
4725 19 4862 0 55 108 7721
4740 6 4875 0 103 22 7722
4740 10 4876 0 194 169 7723
4740 18 4875 0 132 13 7724
4740 27 4877 0 10 193 7725
4740 25 4876 0 109 56 7726
4740 4 4875 0 98 36 7727
4740 24 4878 0 96 13 7728
4740 17 4876 0 198 85 7729
4740 3 4874 0 117 40 7730
4740 31 4878 0 93 51 7731
4740 6 4875 0 101 26 7732
4740 12 4875 0 131 45 7733
4740 20 4876 0 146 119 7734
4740 15 4876 0 113 48 7735
4740 12 4876 0 140 22 7736
4740 10 4874 0 63 113 7737
4740 12 4877 0 128 40 7738
4740 12 4876 0 128 55 7739
4740 18 4878 0 110 24 7740
4740 4 4876 0 125 90 7741
4740 15 4876 0 121 49 7742
4740 12 4875 0 86 23 7743
4740 41 4875 0 127 27 7744
4740 15 4877 0 120 146 7745
4740 21 4877 0 124 33 7746
4740 44 4874 0 105 143 7747
4740 6 4876 0 146 22 7748
4740 35 4876 0 24 183 7749
4741 55 7727 1 94 1 7750
4746 52 7733 1 143 170 7751
4746 89 7731 1 24 195 7752
4755 23 4892 0 155 122 7753
4755 3 4892 0 72 194 7754
4755 20 4892 0 55 108 7755
4755 24 4894 0 110 24 7756
4755 13 4892 0 124 33 7757
4755 14 4891 0 146 119 7758
4755 6 4892 0 101 26 7759
4755 29 4891 0 143 170 7760
4755 4 4894 0 142 143 7761
4755 5 4890 0 78 150 7762
4755 21 4891 0 121 49 7763
4755 40 4890 0 127 27 7764
4755 23 4888 0 24 195 7765
4755 4 4892 0 67 20 7766
4755 21 4892 0 122 11 7767
4755 5 4889 0 98 36 7768
4755 3 4890 0 146 22 7769
4755 13 4891 0 120 146 7770
4755 6 4891 0 188 80 7771
4755 44 4893 0 29 60 7772
4755 25 4894 0 102 140 7773
4766 41 7753 1 124 33 7774
4770 12 4906 0 122 58 7775
4770 12 4908 0 138 36 7776
4770 19 4904 0 121 49 7777
4770 23 4909 0 37 7 7778
4770 6 4906 0 98 36 7779
4770 12 4906 0 24 195 7780
4770 5 4905 0 146 22 7781
4770 12 4907 0 194 169 7782
4770 20 4905 0 124 33 7783
4770 16 4905 0 179 186 7784
4770 34 4907 0 128 96 7785
4770 21 4907 0 132 13 7786
4770 4 4906 0 7 180 7787
4770 11 4906 0 148 56 7788
4770 4 4904 0 142 143 7789
4770 19 4907 0 128 55 7790
4774 62 7760 1 156 90 7791
4778 38 7765 1 63 113 7792
4785 5 4919 0 117 40 7793
4785 5 4921 0 146 22 7794
4785 9 4919 0 140 22 7795
4785 23 4923 0 13 75 7796
4785 6 4920 0 188 80 7797
4785 20 4921 0 24 195 7798
4785 18 4922 0 120 146 7799
4785 3 4921 0 7 180 7800
4785 10 4923 0 138 36 7801
4785 6 4921 0 94 1 7802
4785 24 4922 0 156 90 7803
4785 39 4922 0 95 77 7804
4785 24 4921 0 132 13 7805
4785 5 4922 0 98 36 7806
4785 33 4920 0 10 193 7807
4785 44 4922 0 127 27 7808
4785 5 4920 0 67 20 7809
4785 17 4921 0 57 122 7810
4785 15 4918 0 96 13 7811
4785 4 4921 0 99 9 7812
4785 8 4920 0 122 58 7813
4785 5 4919 0 101 26 7814
4785 9 4920 0 182 28 7815
4785 15 4922 0 128 55 7816
4785 7 4920 0 128 40 7817
4785 19 4921 0 131 45 7818
4785 32 4918 0 128 96 7819
4785 12 4920 0 121 49 7820
4785 15 4922 0 113 48 7821
4800 3 4934 0 103 22 7822
4800 25 4934 0 122 11 7823
4800 16 4937 0 15 186 7824
4800 6 4937 0 6 88 7825
4800 44 4936 0 127 27 7826
4800 23 4935 0 132 13 7827
4800 3 4935 0 178 113 7828
4800 19 4936 0 57 122 7829
4800 13 4935 0 113 48 7830
4800 23 4936 0 179 186 7831
4800 11 4937 0 122 58 7832
4800 20 4936 0 124 33 7833
4800 36 4935 0 24 183 7834
4800 6 4936 0 125 90 7835
4800 6 4935 0 153 145 7836
4800 7 4938 0 63 134 7837
4800 16 4934 0 93 9 7838
4800 29 4936 0 106 10 7839
4800 19 4935 0 24 195 7840
4800 14 4936 0 155 79 7841
4800 9 4937 0 140 22 7842
4800 13 4934 0 121 49 7843
4800 4 4934 0 101 26 7844
4800 17 4937 0 96 13 7845
4800 14 4934 0 37 7 7846
4800 19 4935 0 110 24 7847
4800 7 4935 0 40 59 7848
4800 6 4935 0 98 36 7849
4800 5 4935 0 146 22 7850
4800 5 4934 0 67 20 7851
4800 3 4937 0 117 40 7852
4800 25 4936 0 22 41 7853
4815 149 7802 1 127 27 7854
4815 17 4951 0 13 75 7855
4815 27 4950 0 10 193 7856
4815 3 4950 0 178 113 7857
4815 12 4953 0 131 45 7858
4815 10 4950 0 140 22 7859
4815 12 4950 0 113 48 7860
4815 11 4953 0 185 66 7861
4815 4 4951 0 15 4 7862
4815 35 4951 0 93 51 7863
4815 3 4949 0 155 52 7864
4815 12 4954 0 86 23 7865
4815 18 4950 0 109 1 7866
4815 6 4950 0 122 58 7867
4815 4 4952 0 146 22 7868
4815 6 4950 0 149 33 7869
4815 6 4952 0 72 131 7870
4815 23 4950 0 156 90 7871
4815 4 4952 0 103 22 7872
4815 21 4951 0 109 56 7873
4815 4 4950 0 98 36 7874
4815 26 4951 0 106 10 7875
4815 24 4950 0 128 55 7876
4815 14 4949 0 132 13 7877
4815 10 4953 0 63 113 7878
4815 13 4951 0 96 13 7879
4830 13 4966 0 13 75 7880
4830 22 4966 0 110 24 7881
4830 12 4966 0 131 45 7882
4830 32 4965 0 29 60 7883
4830 35 4966 0 24 183 7884
4830 6 4965 0 40 105 7885
4830 15 4964 0 109 1 7886
4830 45 4965 0 106 10 7887
4830 13 4966 0 146 159 7888
4830 6 4965 0 15 4 7889
4830 24 4964 0 57 122 7890
4830 4 4967 0 98 36 7891
4830 9 4967 0 40 59 7892
4830 13 4965 0 198 85 7893
4830 10 4967 0 138 36 7894
4830 10 4966 0 122 58 7895
4830 14 4965 0 121 49 7896
4830 27 4967 0 164 40 7897
4830 37 4966 0 18 115 7898
4830 12 4967 0 124 33 7899
4830 6 4964 0 155 52 7900
4830 10 4965 0 161 34 7901
4830 6 4968 0 128 40 7902
4830 21 4967 0 132 13 7903
4830 25 4965 0 122 11 7904
4830 15 4967 0 128 55 7905
4830 4 4965 0 2 3 7906
4830 9 4965 0 6 88 7907
4843 54 7830 1 173 171 7908
4845 23 4980 0 132 13 7909
4845 16 4980 0 113 48 7910
4845 24 4981 0 15 186 7911
4845 10 4978 0 128 40 7912
4845 17 4981 0 110 24 7913
4845 41 4983 0 127 27 7914
4845 22 4979 0 179 186 7915
4845 5 4982 0 99 9 7916
4845 11 4980 0 149 33 7917
4845 6 4980 0 63 113 7918
4845 5 4981 0 142 143 7919
4845 14 4980 0 96 13 7920
4845 6 4981 0 101 26 7921
4845 11 4983 0 140 22 7922
4845 8 4979 0 122 58 7923
4845 3 4981 0 153 145 7924
4845 6 4983 0 40 105 7925
4845 25 4982 0 93 9 7926
4845 5 4982 0 117 40 7927
4845 25 4983 0 131 45 7928
4845 11 4983 0 138 36 7929
4845 5 4980 0 155 52 7930
4845 23 4980 0 22 41 7931
4845 3 4979 0 173 171 7932
4845 13 4979 0 198 85 7933
4845 5 4981 0 98 36 7934
4845 21 4980 0 109 56 7935
4845 25 4982 0 121 49 7936
4846 40 7833 1 66 134 7937
4854 71 7841 1 109 56 7938
4860 4 4996 0 173 171 7939
4860 29 4996 0 66 134 7940
4860 11 4994 0 140 22 7941
4860 15 4996 0 121 49 7942
4860 7 4996 0 86 23 7943
4860 3 4998 0 98 36 7944
4860 12 4996 0 138 36 7945
4860 5 4995 0 99 9 7946
4860 4 4997 0 125 90 7947
4860 5 4996 0 40 105 7948
4860 3 4996 0 146 22 7949
4860 7 4997 0 188 80 7950
4860 16 4996 0 156 90 7951
4860 4 4996 0 153 145 7952
4860 15 4993 0 13 75 7953
4860 12 4995 0 109 56 7954
4860 13 4996 0 113 48 7955
4860 42 4996 0 127 27 7956
4860 18 4996 0 109 1 7957
4860 3 4996 0 117 40 7958
4860 9 4995 0 185 66 7959
4860 7 4995 0 122 58 7960
4864 33 7850 1 142 143 7961
4875 24 5013 0 96 13 7962
4875 17 5011 0 109 56 7963
4875 30 5011 0 102 140 7964
4875 43 5010 0 105 143 7965
4875 6 5012 0 146 22 7966
4875 13 5012 0 198 85 7967
4875 8 5011 0 128 40 7968
4875 44 5011 0 164 40 7969
4875 25 5013 0 132 13 7970
4875 19 5010 0 120 146 7971
4875 16 5010 0 122 11 7972
4875 23 5013 0 146 159 7973
4875 8 5012 0 149 33 7974
4875 6 5014 0 99 9 7975
4875 12 5012 0 63 113 7976
4875 4 5011 0 15 4 7977
4875 12 5010 0 122 58 7978
4875 5 5011 0 98 36 7979
4875 6 5011 0 194 169 7980
4875 12 5011 0 121 49 7981
4890 20 5027 0 124 33 7982
4890 7 5027 0 161 34 7983
4890 3 5027 0 98 36 7984
4890 24 5026 0 146 119 7985
4890 3 5027 0 7 180 7986
4890 43 5023 0 105 143 7987
4890 5 5024 0 155 52 7988
4890 5 5027 0 103 22 7989
4890 17 5024 0 120 146 7990
4890 6 5027 0 2 3 7991
4890 6 5028 0 72 194 7992
4890 13 5026 0 132 13 7993
4890 13 5025 0 155 79 7994
4890 6 5027 0 15 4 7995
4890 12 5025 0 182 28 7996
4890 12 5026 0 138 36 7997
4890 5 5026 0 142 143 7998
4890 6 5027 0 63 113 7999
4890 32 5029 0 106 10 8000
4890 44 5024 0 66 169 8001
4890 34 5027 0 24 183 8002
4890 4 5026 0 99 9 8003
4890 15 5025 0 109 56 8004
4890 15 5028 0 110 24 8005
4890 12 5026 0 149 33 8006
4890 18 5025 0 13 75 8007
4890 19 5024 0 113 48 8008
4890 38 5025 0 93 51 8009
4901 125 7887 1 121 49 8010
4905 13 5041 0 131 45 8011
4905 20 5043 0 55 108 8012
4905 11 5040 0 63 134 8013
4905 17 5040 0 132 13 8014
4905 16 5042 0 113 48 8015
4905 6 5041 0 40 105 8016
4905 4 5041 0 99 9 8017
4905 37 5040 0 106 10 8018
4905 19 5039 0 93 9 8019
4905 18 5040 0 22 41 8020
4905 3 5040 0 98 36 8021
4905 5 5041 0 153 145 8022
4905 15 5042 0 37 7 8023
4905 7 5043 0 128 40 8024
4905 6 5038 0 40 59 8025
4905 15 5040 0 57 122 8026
4905 6 5041 0 138 36 8027
4905 15 5039 0 122 11 8028
4905 17 5040 0 124 33 8029
4905 7 5041 0 188 80 8030
4905 6 5040 0 146 22 8031
4905 22 5039 0 120 146 8032
4905 30 5041 0 105 143 8033
4905 45 5041 0 127 27 8034
4905 20 5042 0 15 186 8035
4905 21 5041 0 155 79 8036
4905 28 5042 0 18 115 8037
4905 7 5044 0 161 34 8038
4920 11 5057 0 140 22 8039
4920 15 5056 0 124 33 8040
4920 24 5057 0 113 48 8041
4920 15 5056 0 15 186 8042
4920 18 5055 0 132 13 8043
4920 6 5057 0 94 1 8044
4920 23 5056 0 179 186 8045
4920 5 5059 0 72 131 8046
4920 16 5055 0 121 49 8047
4920 11 5054 0 128 40 8048
4920 12 5057 0 109 1 8049
4920 8 5053 0 138 36 8050
4920 22 5055 0 109 56 8051
4920 29 5055 0 143 170 8052
4920 25 5055 0 37 7 8053
4920 4 5057 0 146 22 8054
4920 6 5057 0 2 3 8055
4920 25 5056 0 102 140 8056
4920 4 5054 0 178 113 8057
4920 9 5058 0 161 34 8058
4929 45 7914 1 95 77 8059
4935 3 5071 0 98 36 8060
4935 13 5071 0 24 195 8061
4935 11 5071 0 148 56 8062
4935 19 5071 0 109 1 8063
4935 12 5072 0 138 36 8064
4935 10 5071 0 63 134 8065
4935 37 5071 0 66 169 8066
4935 13 5070 0 13 75 8067
4935 10 5072 0 128 40 8068
4935 19 5073 0 109 56 8069
4935 4 5072 0 101 26 8070
4935 18 5071 0 146 119 8071
4935 34 5072 0 127 27 8072
4935 17 5069 0 179 186 8073
4935 3 5072 0 15 4 8074
4935 13 5073 0 113 48 8075
4935 34 5073 0 106 10 8076
4935 25 5071 0 66 134 8077
4935 9 5071 0 149 33 8078
4935 5 5073 0 146 22 8079
4935 18 5072 0 155 79 8080
4935 4 5072 0 117 40 8081
4935 20 5070 0 124 33 8082
4935 4 5070 0 173 171 8083
4935 6 5070 0 40 105 8084
4935 4 5072 0 99 9 8085
4935 21 5071 0 96 13 8086
4935 5 5071 0 103 22 8087
4945 30 7933 1 109 1 8088
4950 41 5086 0 127 27 8089
4950 23 5088 0 55 108 8090
4950 34 5085 0 66 169 8091
4950 19 5085 0 156 90 8092
4950 31 5087 0 10 193 8093
4950 24 5083 0 155 122 8094
4950 4 5088 0 40 105 8095
4950 3 5089 0 78 150 8096
4950 25 5087 0 96 13 8097
4950 10 5086 0 188 80 8098
4950 6 5086 0 103 22 8099
4950 8 5086 0 185 66 8100
4950 37 5088 0 95 77 8101
4950 24 5086 0 22 41 8102
4950 21 5086 0 37 7 8103
4950 15 5086 0 113 48 8104
4950 4 5088 0 67 20 8105
4950 6 5087 0 122 58 8106
4950 22 5085 0 179 186 8107
4950 8 5085 0 128 40 8108
4950 11 5086 0 149 33 8109
4950 29 5085 0 66 134 8110
4965 41 5101 0 18 115 8111
4965 8 5100 0 161 34 8112
4965 35 5099 0 93 51 8113
4965 3 5100 0 99 9 8114
4965 5 5102 0 98 36 8115
4965 5 5100 0 94 1 8116
4965 43 5099 0 128 96 8117
4965 16 5102 0 132 13 8118
4965 22 5099 0 113 48 8119
4965 8 5101 0 122 58 8120
4965 14 5101 0 15 186 8121
4965 30 5102 0 143 170 8122
4965 6 5102 0 182 28 8123
4965 12 5102 0 140 22 8124
4965 15 5099 0 146 119 8125
4965 13 5100 0 121 49 8126
4965 34 5100 0 29 60 8127
4965 21 5097 0 122 11 8128
4965 6 5103 0 138 36 8129
4965 25 5100 0 109 56 8130
4965 19 5104 0 128 55 8131
4965 20 5101 0 57 122 8132
4965 19 5103 0 110 24 8133
4965 25 5099 0 131 45 8134
4980 4 5118 0 40 105 8135
4980 4 5115 0 117 40 8136
4980 25 5114 0 146 159 8137
4980 29 5114 0 106 10 8138
4980 8 5118 0 122 58 8139
4980 3 5115 0 142 143 8140
4980 35 5116 0 128 96 8141
4980 12 5116 0 110 24 8142
4980 19 5116 0 156 90 8143
4980 7 5114 0 138 36 8144
4980 23 5115 0 24 195 8145
4980 12 5113 0 155 122 8146
4980 16 5115 0 179 186 8147
4980 33 5117 0 66 134 8148
4980 21 5115 0 155 79 8149
4980 21 5118 0 131 45 8150
4980 5 5116 0 103 22 8151
4980 4 5114 0 173 171 8152
4980 13 5117 0 122 11 8153
4980 6 5116 0 72 194 8154
4980 16 5118 0 55 108 8155
4980 12 5115 0 124 33 8156
4980 12 5115 0 15 186 8157
4980 26 5118 0 102 140 8158
4995 6 5131 0 67 20 8159
4995 12 5129 0 122 58 8160
4995 12 5130 0 24 195 8161
4995 12 5131 0 179 186 8162
4995 34 5132 0 128 96 8163
4995 16 5131 0 113 48 8164
4995 14 5132 0 155 79 8165
4995 20 5130 0 198 85 8166
4995 6 5131 0 2 3 8167
4995 4 5131 0 15 4 8168
4995 8 5131 0 185 66 8169
4995 14 5129 0 109 56 8170
4995 4 5130 0 153 145 8171
4995 7 5131 0 138 36 8172
4995 29 5133 0 95 77 8173
4995 6 5129 0 99 9 8174
4995 24 5133 0 132 13 8175
4995 24 5130 0 122 11 8176
4995 9 5131 0 140 22 8177
4995 18 5131 0 128 55 8178
4995 18 5132 0 121 49 8179
4995 19 5131 0 22 41 8180
4995 11 5131 0 188 80 8181
4995 6 5131 0 146 22 8182
5002 138 7988 1 117 40 8183
5004 60 7989 1 146 119 8184
5010 6 5146 0 15 4 8185
5010 14 5145 0 179 186 8186
5010 6 5146 0 99 9 8187
5010 31 5146 0 143 170 8188
5010 18 5148 0 155 122 8189
5010 6 5146 0 117 40 8190
5010 5 5147 0 101 26 8191
5010 29 5145 0 29 60 8192
5010 26 5146 0 128 96 8193
5010 12 5146 0 122 11 8194
5010 18 5146 0 131 45 8195
5010 5 5147 0 98 36 8196
5010 18 5145 0 128 55 8197
5010 23 5144 0 132 13 8198
5010 33 5147 0 127 27 8199
5010 9 5146 0 63 134 8200
5010 12 5146 0 13 75 8201
5025 4 5161 0 153 145 8202
5025 25 5160 0 198 85 8203
5025 12 5158 0 40 59 8204
5025 18 5161 0 131 45 8205
5025 23 5161 0 109 56 8206
5025 13 5159 0 110 24 8207
5025 6 5159 0 146 22 8208
5025 5 5161 0 99 9 8209
5025 6 5162 0 117 40 8210
5025 3 5159 0 103 22 8211
5025 14 5158 0 122 11 8212
5025 33 5163 0 29 60 8213
5025 17 5160 0 132 13 8214
5025 17 5161 0 128 55 8215
5025 6 5161 0 98 36 8216
5025 15 5162 0 24 195 8217
5025 5 5160 0 155 52 8218
5025 5 5161 0 125 90 8219
5025 6 5161 0 2 3 8220
5025 39 5161 0 127 27 8221
5025 30 5162 0 10 193 8222
5025 6 5160 0 149 33 8223
5025 8 5160 0 138 36 8224
5025 16 5159 0 57 122 8225
5033 47 8018 1 22 41 8226
5040 7 5176 0 140 22 8227
5040 19 5175 0 128 55 8228
5040 6 5175 0 101 26 8229
5040 16 5177 0 155 122 8230
5040 25 5175 0 22 41 8231
5040 6 5177 0 149 33 8232
5040 21 5177 0 113 48 8233
5040 6 5176 0 194 169 8234
5040 8 5175 0 161 34 8235
5040 18 5176 0 55 108 8236
5040 10 5175 0 122 58 8237
5040 6 5174 0 99 9 8238
5040 41 5178 0 143 170 8239
5040 14 5176 0 146 119 8240
5040 5 5175 0 98 36 8241
5040 21 5176 0 131 45 8242
5040 26 5177 0 66 169 8243
5040 25 5177 0 127 27 8244
5040 8 5177 0 138 36 8245
5040 40 5177 0 102 140 8246
5055 38 5191 0 93 51 8247
5055 15 5191 0 120 146 8248
5055 32 5192 0 10 193 8249
5055 3 5191 0 7 180 8250
5055 15 5191 0 15 186 8251
5055 19 5193 0 146 159 8252
5055 25 5192 0 29 60 8253
5055 6 5190 0 2 3 8254
5055 11 5191 0 86 23 8255
5055 14 5189 0 131 45 8256
5055 5 5192 0 98 36 8257
5055 5 5190 0 99 9 8258
5055 37 5192 0 18 115 8259
5055 4 5187 0 146 22 8260
5055 5 5192 0 178 113 8261
5055 34 5191 0 143 170 8262
5055 21 5188 0 155 122 8263
5055 26 5192 0 102 140 8264
5055 43 5191 0 127 27 8265
5055 6 5187 0 155 52 8266
5055 12 5192 0 148 56 8267
5055 17 5192 0 109 56 8268
5055 3 5189 0 142 143 8269
5055 18 5192 0 113 48 8270
5055 14 5192 0 166 118 8271
5064 52 8051 1 29 60 8272
5070 4 5207 0 40 105 8273
5070 8 5205 0 185 66 8274
5070 4 5206 0 142 143 8275
5070 6 5207 0 78 150 8276
5070 4 5206 0 146 22 8277
5070 5 5204 0 103 22 8278
5070 12 5208 0 149 33 8279
5070 3 5207 0 99 9 8280
5070 15 5206 0 120 146 8281
5070 13 5207 0 15 186 8282
5070 41 5206 0 164 40 8283
5070 3 5205 0 117 40 8284
5070 15 5207 0 124 33 8285
5070 7 5206 0 140 22 8286
5070 41 5206 0 95 77 8287
5070 13 5207 0 113 48 8288
5070 7 5208 0 188 80 8289
5070 8 5206 0 128 40 8290
5070 21 5206 0 121 49 8291
5070 22 5206 0 128 55 8292
5070 5 5207 0 101 26 8293
5070 7 5206 0 138 36 8294
5076 133 8061 1 198 85 8295
5083 77 8068 1 72 194 8296
5085 5 5223 0 101 26 8297
5085 3 5221 0 2 3 8298
5085 24 5220 0 113 48 8299
5085 18 5220 0 93 9 8300
5085 22 5222 0 198 85 8301
5085 9 5220 0 86 23 8302
5085 14 5223 0 109 56 8303
5085 12 5222 0 138 36 8304
5085 33 5220 0 127 27 8305
5085 35 5223 0 66 169 8306
5085 22 5222 0 131 45 8307
5085 23 5223 0 57 122 8308
5085 21 5222 0 121 49 8309
5085 30 5221 0 164 40 8310
5085 3 5221 0 98 36 8311
5085 4 5221 0 99 9 8312
5085 4 5221 0 146 22 8313
5085 5 5221 0 117 40 8314
5085 18 5219 0 55 108 8315
5085 7 5219 0 140 22 8316
5085 4 5220 0 67 20 8317
5085 15 5222 0 122 11 8318
5085 21 5219 0 179 186 8319
5085 14 5220 0 132 13 8320
5090 40 8076 1 103 22 8321
5090 74 8076 1 146 22 8322
5100 26 5236 0 102 140 8323
5100 5 5234 0 99 9 8324
5100 7 5236 0 140 22 8325
5100 38 5235 0 29 60 8326
5100 5 5238 0 146 22 8327
5100 6 5237 0 178 113 8328
5100 25 5237 0 113 48 8329
5100 22 5237 0 55 108 8330
5100 5 5235 0 155 52 8331
5100 14 5236 0 128 55 8332
5100 18 5237 0 155 122 8333
5100 7 5234 0 128 40 8334
5100 15 5236 0 198 85 8335
5100 5 5236 0 98 36 8336
5100 16 5235 0 131 45 8337
5100 5 5236 0 173 171 8338
5100 22 5236 0 124 33 8339
5100 31 5235 0 66 169 8340
5100 11 5236 0 182 28 8341
5100 6 5236 0 15 4 8342
5100 5 5235 0 7 180 8343
5100 3 5236 0 117 40 8344
5100 6 5239 0 40 105 8345
5100 26 5234 0 10 193 8346
5115 12 5250 0 148 56 8347
5115 11 5250 0 122 58 8348
5115 6 5252 0 103 22 8349
5115 15 5251 0 110 24 8350
5115 20 5251 0 128 55 8351
5115 4 5250 0 72 194 8352
5115 3 5252 0 7 180 8353
5115 5 5251 0 2 3 8354
5115 19 5251 0 122 11 8355
5115 31 5250 0 24 183 8356
5115 4 5250 0 67 20 8357
5115 22 5250 0 113 48 8358
5115 5 5250 0 155 52 8359
5115 18 5253 0 155 122 8360
5115 20 5251 0 96 13 8361
5115 4 5251 0 117 40 8362
5129 126 8115 1 95 77 8363
5130 25 5266 0 106 10 8364
5130 32 5265 0 10 193 8365
5130 5 5266 0 2 3 8366
5130 23 5267 0 146 159 8367
5130 3 5267 0 101 26 8368
5130 25 5267 0 29 60 8369
5130 3 5266 0 98 36 8370
5130 12 5266 0 37 7 8371
5130 24 5266 0 128 55 8372
5130 45 5267 0 95 77 8373
5130 17 5265 0 55 108 8374
5130 10 5265 0 6 88 8375
5130 4 5266 0 173 171 8376
5130 24 5266 0 122 11 8377
5130 9 5266 0 194 169 8378
5130 21 5263 0 132 13 8379
5130 4 5266 0 40 105 8380
5130 15 5266 0 146 119 8381
5130 17 5266 0 121 49 8382
5130 6 5265 0 148 56 8383
5130 11 5265 0 40 59 8384
5145 5 5281 0 101 26 8385
5145 21 5282 0 110 24 8386
5145 12 5281 0 155 79 8387
5145 13 5280 0 57 122 8388
5145 5 5281 0 178 113 8389
5145 33 5280 0 95 77 8390
5145 10 5281 0 63 113 8391
5145 40 5281 0 102 140 8392
5145 17 5283 0 146 159 8393
5145 11 5279 0 6 88 8394
5145 6 5283 0 138 36 8395
5145 25 5278 0 109 56 8396
5145 16 5282 0 96 13 8397
5145 31 5281 0 10 193 8398
5145 31 5281 0 127 27 8399
5145 23 5283 0 128 55 8400
5145 8 5280 0 161 34 8401
5145 20 5280 0 132 13 8402
5145 18 5282 0 113 48 8403
5145 12 5281 0 140 22 8404
5145 3 5281 0 117 40 8405
5145 25 5283 0 66 169 8406
5160 28 5296 0 106 10 8407
5160 11 5294 0 122 58 8408
5160 4 5297 0 103 22 8409
5160 12 5296 0 194 169 8410
5160 6 5295 0 125 90 8411
5160 11 5297 0 138 36 8412
5160 24 5296 0 121 49 8413
5160 5 5296 0 40 105 8414
5160 12 5296 0 132 13 8415
5160 17 5295 0 96 13 8416
5160 5 5296 0 98 36 8417
5160 34 5295 0 10 193 8418
5160 17 5295 0 57 122 8419
5160 5 5297 0 72 194 8420
5160 24 5298 0 110 24 8421
5160 27 5295 0 127 27 8422
5160 27 5296 0 24 183 8423
5160 39 5295 0 66 169 8424
5160 12 5295 0 140 22 8425
5160 3 5297 0 117 40 8426
5160 30 5292 0 18 115 8427
5160 25 5295 0 113 48 8428
5160 9 5295 0 86 23 8429
5160 25 5296 0 66 134 8430
5160 5 5298 0 15 4 8431
5160 33 5296 0 95 77 8432
5160 16 5296 0 156 90 8433
5160 14 5295 0 124 33 8434
5160 24 5298 0 122 11 8435
5160 12 5296 0 6 88 8436
5160 20 5295 0 93 9 8437
5160 11 5296 0 149 33 8438
5173 89 8159 1 72 131 8439
5175 5 5312 0 103 22 8440
5175 8 5311 0 122 58 8441
5175 12 5311 0 148 56 8442
5175 16 5311 0 122 11 8443
5175 12 5313 0 132 13 8444
5175 16 5311 0 113 48 8445
5175 13 5313 0 128 55 8446
5175 18 5312 0 57 122 8447
5175 15 5312 0 131 45 8448
5175 5 5313 0 155 52 8449
5175 18 5312 0 166 118 8450
5175 10 5312 0 40 59 8451
5175 4 5312 0 178 113 8452
5175 14 5312 0 179 186 8453
5175 6 5311 0 146 22 8454
5175 24 5312 0 124 33 8455
5175 40 5310 0 24 183 8456
5190 21 5326 0 124 33 8457
5190 19 5325 0 198 85 8458
5190 9 5326 0 188 80 8459
5190 6 5327 0 138 36 8460
5190 20 5325 0 128 55 8461
5190 6 5325 0 122 58 8462
5190 6 5326 0 103 22 8463
5190 11 5327 0 149 33 8464
5190 20 5326 0 166 118 8465
5190 35 5327 0 127 27 8466
5190 36 5327 0 66 134 8467
5190 6 5327 0 101 26 8468
5190 19 5325 0 155 122 8469
5190 5 5327 0 99 9 8470
5190 10 5326 0 161 34 8471
5190 35 5325 0 143 170 8472
5190 14 5328 0 24 195 8473
5190 29 5326 0 66 169 8474
5190 39 5326 0 24 183 8475
5190 4 5329 0 98 36 8476
5190 21 5327 0 132 13 8477
5190 22 5326 0 121 49 8478
5190 44 5328 0 105 143 8479
5195 46 8183 1 96 13 8480
5205 18 5340 0 113 48 8481
5205 6 5339 0 117 40 8482
5205 6 5340 0 122 58 8483
5205 19 5340 0 146 159 8484
5205 5 5342 0 153 145 8485
5205 7 5340 0 63 134 8486
5205 20 5341 0 93 9 8487
5205 8 5343 0 140 22 8488
5205 3 5341 0 146 22 8489
5205 4 5340 0 99 9 8490
5205 19 5341 0 131 45 8491
5205 16 5340 0 121 49 8492
5205 23 5339 0 96 13 8493
5205 4 5340 0 101 26 8494
5205 5 5341 0 7 180 8495
5205 17 5342 0 120 146 8496
5205 10 5341 0 138 36 8497
5205 18 5343 0 109 56 8498
5205 4 5341 0 40 105 8499
5205 27 5342 0 102 140 8500
5205 28 5341 0 105 143 8501
5205 29 5339 0 106 10 8502
5217 40 8202 1 166 118 8503
5220 10 5355 0 185 66 8504
5220 19 5356 0 109 1 8505
5220 26 5358 0 29 60 8506
5220 25 5356 0 57 122 8507
5220 34 5355 0 10 193 8508
5220 21 5358 0 121 49 8509
5220 4 5355 0 101 26 8510
5220 6 5357 0 146 22 8511
5220 19 5357 0 124 33 8512
5220 17 5356 0 96 13 8513
5220 13 5359 0 122 11 8514
5220 9 5357 0 148 56 8515
5220 6 5356 0 122 58 8516
5220 20 5354 0 109 56 8517
5220 12 5355 0 182 28 8518
5220 4 5358 0 2 3 8519
5220 7 5354 0 140 22 8520
5220 31 5355 0 93 51 8521
5220 18 5356 0 24 195 8522
5220 33 5361 0 24 183 8523
5220 5 5358 0 98 36 8524
5235 13 5372 0 131 45 8525
5235 5 5370 0 98 36 8526
5235 24 5371 0 96 13 8527
5235 3 5372 0 101 26 8528
5235 32 5370 0 102 140 8529
5235 25 5371 0 109 1 8530
5235 21 5371 0 24 195 8531
5235 3 5374 0 99 9 8532
5235 36 5372 0 127 27 8533
5235 15 5370 0 110 24 8534
5235 10 5372 0 122 58 8535
5235 12 5374 0 15 186 8536
5235 13 5370 0 109 56 8537
5235 21 5370 0 124 33 8538
5235 7 5373 0 149 33 8539
5235 14 5372 0 122 11 8540
5235 13 5370 0 166 118 8541
5235 20 5370 0 156 90 8542
5235 12 5370 0 138 36 8543
5235 12 5371 0 185 66 8544
5235 40 5369 0 106 10 8545
5235 8 5371 0 40 59 8546
5235 12 5372 0 55 108 8547
5242 38 8227 1 155 122 8548
5250 5 5387 0 99 9 8549
5250 24 5386 0 122 11 8550
5250 9 5386 0 138 36 8551
5250 9 5386 0 40 59 8552
5250 17 5385 0 13 75 8553
5250 41 5386 0 93 51 8554
5250 15 5385 0 24 195 8555
5250 7 5385 0 63 113 8556
5250 38 5387 0 143 170 8557
5250 4 5385 0 153 145 8558
5250 13 5384 0 198 85 8559
5250 11 5385 0 149 33 8560
5250 25 5387 0 131 45 8561
5250 3 5384 0 142 143 8562
5250 7 5387 0 128 40 8563
5250 25 5387 0 57 122 8564
5250 12 5386 0 155 122 8565
5250 21 5385 0 121 49 8566
5250 21 5386 0 128 55 8567
5250 15 5386 0 109 1 8568
5250 20 5385 0 124 33 8569
5250 25 5388 0 110 24 8570
5250 4 5387 0 15 4 8571
5251 32 8238 1 24 195 8572
5265 5 5401 0 15 4 8573
5265 36 5403 0 127 27 8574
5265 5 5400 0 117 40 8575
5265 25 5402 0 113 48 8576
5265 16 5399 0 96 13 8577
5265 21 5401 0 131 45 8578
5265 14 5400 0 146 159 8579
5265 5 5400 0 98 36 8580
5265 10 5399 0 138 36 8581
5265 4 5401 0 146 22 8582
5265 30 5402 0 66 169 8583
5265 15 5399 0 179 186 8584
5265 19 5398 0 37 7 8585
5265 24 5403 0 110 24 8586
5265 17 5401 0 124 33 8587
5265 9 5401 0 188 80 8588
5265 18 5400 0 13 75 8589
5265 17 5400 0 121 49 8590
5265 10 5401 0 122 58 8591
5265 5 5403 0 173 171 8592
5265 40 5403 0 128 96 8593
5265 5 5400 0 103 22 8594
5275 69 8261 1 2 3 8595
5280 22 5416 0 131 45 8596
5280 20 5417 0 113 48 8597
5280 10 5415 0 140 22 8598
5280 7 5419 0 128 40 8599
5280 10 5416 0 6 88 8600
5280 5 5415 0 153 145 8601
5280 9 5417 0 40 59 8602
5280 9 5415 0 63 113 8603
5280 17 5416 0 109 56 8604
5280 25 5415 0 132 13 8605
5280 23 5417 0 57 122 8606
5280 21 5416 0 124 33 8607
5280 19 5415 0 128 55 8608
5280 17 5413 0 109 1 8609
5280 5 5417 0 101 26 8610
5280 3 5416 0 173 171 8611
5280 31 5416 0 128 96 8612
5280 3 5416 0 103 22 8613
5280 23 5414 0 120 146 8614
5280 4 5414 0 98 36 8615
5280 17 5415 0 110 24 8616
5280 16 5415 0 179 186 8617
5280 10 5414 0 148 56 8618
5280 6 5417 0 72 131 8619
5280 34 5417 0 93 51 8620
5280 6 5416 0 149 33 8621
5280 16 5417 0 96 13 8622
5280 42 5416 0 10 193 8623
5280 38 5419 0 106 10 8624
5295 5 5429 0 101 26 8625
5295 43 5429 0 10 193 8626
5295 38 5431 0 105 143 8627
5295 6 5432 0 94 1 8628
5295 12 5432 0 122 58 8629
5295 24 5432 0 128 55 8630
5295 25 5432 0 95 77 8631
5295 44 5432 0 128 96 8632
5295 24 5431 0 121 49 8633
5295 39 5431 0 18 115 8634
5295 12 5430 0 37 7 8635
5295 6 5432 0 128 40 8636
5295 3 5432 0 40 105 8637
5295 5 5432 0 72 131 8638
5295 24 5431 0 113 48 8639
5295 35 5431 0 106 10 8640
5295 7 5432 0 148 56 8641
5295 11 5431 0 149 33 8642
5295 18 5432 0 131 45 8643
5295 36 5431 0 66 169 8644
5295 10 5429 0 140 22 8645
5295 26 5434 0 29 60 8646
5307 49 8292 1 131 45 8647
5310 4 5445 0 146 22 8648
5310 7 5445 0 140 22 8649
5310 32 5445 0 66 169 8650
5310 19 5447 0 124 33 8651
5310 26 5445 0 127 27 8652
5310 10 5448 0 138 36 8653
5310 15 5444 0 166 118 8654
5310 10 5446 0 161 34 8655
5310 12 5446 0 149 33 8656
5310 6 5445 0 101 26 8657
5310 20 5446 0 146 119 8658
5310 8 5445 0 148 56 8659
5310 3 5449 0 142 143 8660
5310 23 5444 0 113 48 8661
5310 12 5446 0 121 49 8662
5310 4 5448 0 178 113 8663
5310 23 5446 0 155 122 8664
5310 24 5445 0 109 56 8665
5310 8 5446 0 86 23 8666
5310 6 5446 0 117 40 8667
5310 20 5447 0 122 11 8668
5310 30 5447 0 102 140 8669
5325 28 5460 0 95 77 8670
5325 24 5461 0 96 13 8671
5325 10 5461 0 138 36 8672
5325 36 5463 0 106 10 8673
5325 4 5460 0 146 22 8674
5325 4 5463 0 153 145 8675
5325 45 5461 0 128 96 8676
5325 39 5459 0 66 169 8677
5325 5 5460 0 99 9 8678
5325 20 5461 0 179 186 8679
5325 6 5462 0 173 171 8680
5325 6 5461 0 6 88 8681
5325 6 5459 0 188 80 8682
5325 23 5460 0 110 24 8683
5325 22 5461 0 24 195 8684
5325 7 5461 0 40 59 8685
5340 18 5476 0 109 1 8686
5340 6 5476 0 125 90 8687
5340 25 5476 0 155 79 8688
5340 32 5476 0 106 10 8689
5340 11 5476 0 161 34 8690
5340 24 5475 0 132 13 8691
5340 5 5476 0 155 52 8692
5340 6 5477 0 149 33 8693
5340 5 5476 0 146 22 8694
5340 4 5476 0 40 105 8695
5340 6 5475 0 15 4 8696
5340 11 5477 0 128 40 8697
5340 22 5478 0 110 24 8698
5340 5 5475 0 99 9 8699
5340 11 5475 0 188 80 8700
5340 3 5476 0 142 143 8701
5340 26 5475 0 127 27 8702
5340 6 5474 0 98 36 8703
5340 23 5475 0 128 55 8704
5340 24 5476 0 93 9 8705
5340 6 5476 0 122 58 8706
5340 15 5478 0 37 7 8707
5348 77 8334 1 155 52 8708
5353 53 8338 1 102 140 8709
5355 11 5492 0 148 56 8710
5355 4 5490 0 178 113 8711
5355 4 5492 0 67 20 8712
5355 12 5492 0 122 58 8713
5355 10 5493 0 86 23 8714
5355 25 5491 0 131 45 8715
5355 23 5494 0 146 159 8716
5355 6 5493 0 155 52 8717
5355 4 5492 0 40 105 8718
5355 6 5489 0 128 40 8719
5355 9 5493 0 40 59 8720
5355 25 5491 0 124 33 8721
5355 5 5491 0 125 90 8722
5355 9 5491 0 185 66 8723
5355 25 5492 0 128 55 8724
5355 4 5493 0 98 36 8725
5355 8 5490 0 138 36 8726
5355 37 5494 0 95 77 8727
5355 24 5492 0 121 49 8728
5355 25 5490 0 29 60 8729
5355 15 5493 0 166 118 8730
5355 16 5492 0 132 13 8731
5356 51 8342 1 128 96 8732
5360 75 8346 1 15 4 8733
5370 25 5507 0 105 143 8734
5370 21 5505 0 124 33 8735
5370 29 5505 0 24 183 8736
5370 25 5505 0 121 49 8737
5370 8 5506 0 6 88 8738
5370 35 5503 0 66 169 8739
5370 4 5506 0 98 36 8740
5370 11 5506 0 128 40 8741
5370 5 5507 0 142 143 8742
5370 20 5507 0 96 13 8743
5370 6 5507 0 153 145 8744
5370 9 5503 0 185 66 8745
5370 12 5507 0 138 36 8746
5370 21 5507 0 122 11 8747
5370 38 5507 0 93 51 8748
5370 5 5505 0 101 26 8749
5370 6 5505 0 103 22 8750
5370 13 5506 0 132 13 8751
5370 3 5506 0 7 180 8752
5370 38 5506 0 102 140 8753
5370 12 5504 0 86 23 8754
5370 6 5507 0 40 59 8755
5385 22 5519 0 110 24 8756
5385 24 5522 0 121 49 8757
5385 29 5520 0 143 170 8758
5385 10 5520 0 194 169 8759
5385 20 5520 0 109 1 8760
5385 20 5520 0 55 108 8761
5385 4 5518 0 101 26 8762
5385 8 5519 0 188 80 8763
5385 20 5521 0 131 45 8764
5385 4 5522 0 142 143 8765
5385 18 5524 0 96 13 8766
5385 6 5521 0 78 150 8767
5385 6 5521 0 94 1 8768
5385 19 5521 0 132 13 8769
5385 34 8370 1 120 146 8770
5385 44 5521 0 102 140 8771
5385 6 5519 0 149 33 8772
5385 23 5521 0 93 9 8773
5385 5 5521 0 103 22 8774
5385 36 5520 0 128 96 8775
5385 19 5520 0 146 119 8776
5385 25 5520 0 155 122 8777
5385 12 5520 0 128 40 8778
5385 17 5522 0 57 122 8779
5385 15 5523 0 122 11 8780
5385 17 5522 0 124 33 8781
5400 5 5535 0 15 4 8782
5400 12 5534 0 155 122 8783
5400 12 5536 0 140 22 8784
5400 36 5535 0 127 27 8785
5400 25 5535 0 132 13 8786
5400 4 5535 0 155 52 8787
5400 23 5536 0 122 11 8788
5400 15 5537 0 110 24 8789
5400 17 5537 0 24 195 8790
5400 43 5534 0 93 51 8791
5400 6 5536 0 148 56 8792
5400 16 5537 0 120 146 8793
5400 21 5539 0 146 119 8794
5400 43 5535 0 128 96 8795
5400 37 5535 0 24 183 8796
5400 4 5535 0 72 131 8797
5400 4 5535 0 146 22 8798
5400 18 5535 0 198 85 8799
5400 34 5535 0 164 40 8800
5400 3 5536 0 98 36 8801
5400 5 5535 0 101 26 8802
5400 5 5538 0 153 145 8803
5400 16 5535 0 124 33 8804
5400 8 5536 0 63 113 8805
5400 29 5534 0 143 170 8806
5400 11 5536 0 182 28 8807
5400 29 5534 0 18 115 8808
5400 3 5536 0 7 180 8809
5400 8 5537 0 63 134 8810
5415 16 5552 0 156 90 8811
5415 7 5550 0 122 58 8812
5415 19 5551 0 124 33 8813
5415 16 5551 0 128 55 8814
5415 11 5551 0 149 33 8815
5415 23 5552 0 122 11 8816
5415 25 5550 0 93 9 8817
5415 3 5552 0 125 90 8818
5415 9 5551 0 138 36 8819
5415 32 5550 0 18 115 8820
5415 9 5551 0 6 88 8821
5415 25 5553 0 146 159 8822
5415 3 5550 0 72 131 8823
5415 15 5552 0 96 13 8824
5415 38 5549 0 95 77 8825
5415 23 5550 0 121 49 8826
5415 10 5552 0 140 22 8827
5415 17 5551 0 132 13 8828
5415 3 5551 0 173 171 8829
5415 21 5549 0 110 24 8830
5415 3 5552 0 117 40 8831
5415 3 5552 0 40 105 8832
5415 11 5551 0 182 28 8833
5415 23 5551 0 155 122 8834
5415 3 5552 0 155 52 8835
5415 12 5550 0 179 186 8836
5415 8 5552 0 128 40 8837
5430 19 5567 0 110 24 8838
5430 45 5567 0 127 27 8839
5430 8 5565 0 122 58 8840
5430 10 5566 0 140 22 8841
5430 20 5565 0 22 41 8842
5430 5 5565 0 117 40 8843
5430 39 5566 0 106 10 8844
5430 9 5566 0 40 59 8845
5430 22 5565 0 131 45 8846
5430 7 5566 0 148 56 8847
5430 7 5565 0 86 23 8848
5430 19 5564 0 96 13 8849
5430 3 5566 0 98 36 8850
5430 33 5567 0 128 96 8851
5430 11 5567 0 63 113 8852
5430 12 5567 0 182 28 8853
5430 22 5567 0 198 85 8854
5430 3 5566 0 72 194 8855
5430 35 8415 1 93 9 8856
5430 23 5566 0 146 159 8857
5430 6 5565 0 155 52 8858
5430 3 5567 0 7 180 8859
5430 17 5564 0 93 9 8860
5430 24 5565 0 15 186 8861
5445 14 5581 0 113 48 8862
5445 12 5582 0 128 40 8863
5445 4 5583 0 7 180 8864
5445 3 5581 0 146 22 8865
5445 18 5582 0 57 122 8866
5445 5 5580 0 103 22 8867
5445 4 5580 0 155 52 8868
5445 7 5579 0 40 59 8869
5445 19 5578 0 124 33 8870
5445 18 5581 0 15 186 8871
5445 30 5580 0 66 134 8872
5445 7 5582 0 6 88 8873
5445 5 5580 0 178 113 8874
5445 16 5582 0 132 13 8875
5452 186 8439 1 6 88 8876
5460 14 5595 0 155 79 8877
5460 8 5596 0 149 33 8878
5460 7 5595 0 185 66 8879
5460 19 5596 0 113 48 8880
5460 25 5598 0 127 27 8881
5460 3 5594 0 99 9 8882
5460 23 5594 0 57 122 8883
5460 19 5595 0 166 118 8884
5460 5 5597 0 98 36 8885
5460 12 5596 0 122 58 8886
5460 6 5595 0 128 40 8887
5460 43 5596 0 106 10 8888
5460 25 5596 0 128 55 8889
5460 25 5597 0 96 13 8890
5460 16 5597 0 156 90 8891
5460 5 5595 0 155 52 8892
5460 20 5596 0 22 41 8893
5460 14 5596 0 24 195 8894
5460 5 5593 0 40 105 8895
5460 5 5597 0 7 180 8896
5460 5 5597 0 178 113 8897
5460 22 5594 0 121 49 8898
5468 57 8452 1 106 10 8899
5470 52 8458 1 105 143 8900
5472 56 8456 1 67 20 8901
5475 12 5610 0 63 134 8902
5475 13 5612 0 24 195 8903
5475 6 5611 0 125 90 8904
5475 6 5611 0 15 4 8905
5475 22 5612 0 132 13 8906
5475 18 5609 0 110 24 8907
5475 6 5614 0 72 131 8908
5475 6 5610 0 98 36 8909
5475 6 5610 0 99 9 8910
5475 14 5611 0 109 56 8911
5475 7 5610 0 128 40 8912
5475 6 5612 0 138 36 8913
5475 3 5610 0 146 22 8914
5475 22 5611 0 96 13 8915
5475 34 5611 0 95 77 8916
5475 20 5613 0 131 45 8917
5475 24 5611 0 146 119 8918
5475 37 5611 0 18 115 8919
5475 12 5612 0 122 58 8920
5475 33 5610 0 128 96 8921
5475 6 5612 0 78 150 8922
5475 7 5609 0 194 169 8923
5475 11 5612 0 149 33 8924
5475 21 5611 0 122 11 8925
5475 4 5612 0 94 1 8926
5475 45 5610 0 93 51 8927
5475 21 5608 0 57 122 8928
5475 3 5611 0 117 40 8929
5475 35 5610 0 127 27 8930
5475 4 5610 0 40 105 8931
5475 23 5610 0 128 55 8932
5475 21 5609 0 15 186 8933
5475 6 5609 0 101 26 8934
5475 21 5611 0 146 159 8935
5475 32 5610 0 164 40 8936
5475 23 5610 0 113 48 8937
5475 10 5611 0 140 22 8938
5490 34 5627 0 164 40 8939
5490 23 5626 0 22 41 8940
5490 22 5626 0 132 13 8941
5490 10 5626 0 182 28 8942
5490 3 5625 0 101 26 8943
5490 7 5628 0 188 80 8944
5490 6 5626 0 94 1 8945
5490 3 5627 0 117 40 8946
5490 9 5624 0 122 58 8947
5490 12 5624 0 194 169 8948
5490 4 5625 0 146 22 8949
5490 4 5627 0 99 9 8950
5490 39 5624 0 93 51 8951
5490 27 5627 0 66 169 8952
5490 35 5627 0 127 27 8953
5490 4 5626 0 153 145 8954
5490 24 5628 0 124 33 8955
5490 9 5629 0 128 40 8956
5490 24 5628 0 110 24 8957
5495 77 8480 1 185 66 8958
5505 34 5641 0 164 40 8959
5505 31 5640 0 95 77 8960
5505 17 5641 0 122 11 8961
5505 5 5643 0 146 22 8962
5505 9 5642 0 149 33 8963
5505 23 5641 0 109 56 8964
5505 10 5643 0 194 169 8965
5505 44 5640 0 106 10 8966
5505 13 5641 0 110 24 8967
5505 25 5641 0 37 7 8968
5505 18 5642 0 13 75 8969
5505 19 5643 0 93 9 8970
5505 18 5639 0 96 13 8971
5505 6 5641 0 125 90 8972
5505 10 5641 0 138 36 8973
5505 6 5639 0 99 9 8974
5505 18 5640 0 121 49 8975
5505 16 5639 0 131 45 8976
5505 21 5642 0 113 48 8977
5505 33 5642 0 24 183 8978
5505 3 5640 0 40 105 8979
5505 11 5640 0 63 134 8980
5505 8 5642 0 185 66 8981
5520 17 5655 0 146 119 8982
5520 43 5656 0 128 96 8983
5520 24 5657 0 113 48 8984
5520 3 5657 0 15 4 8985
5520 5 5656 0 103 22 8986
5520 6 5655 0 72 194 8987
5520 36 5656 0 102 140 8988
5520 18 5656 0 156 90 8989
5520 7 5655 0 122 58 8990
5520 15 5658 0 131 45 8991
5520 4 5656 0 142 143 8992
5520 28 5656 0 164 40 8993
5520 12 5658 0 96 13 8994
5520 18 5657 0 132 13 8995
5520 35 5657 0 143 170 8996
5520 11 5656 0 128 40 8997
5520 4 5656 0 98 36 8998
5520 17 5656 0 109 56 8999
5520 15 5657 0 110 24 9000
5520 12 5657 0 122 11 9001
5520 6 5653 0 178 113 9002
5520 12 5659 0 149 33 9003
5520 6 5654 0 146 22 9004
5531 35 8516 1 117 40 9005
5535 43 5671 0 127 27 9006
5535 12 5672 0 132 13 9007
5535 5 5670 0 142 143 9008
5535 4 5669 0 117 40 9009
5535 12 5670 0 131 45 9010
5535 5 5671 0 99 9 9011
5535 27 5671 0 164 40 9012
5535 20 5670 0 113 48 9013
5535 30 5671 0 106 10 9014
5535 12 5669 0 161 34 9015
5535 6 5671 0 98 36 9016
5535 44 5672 0 95 77 9017
5535 20 5673 0 124 33 9018
5535 10 5671 0 122 58 9019
5535 9 5670 0 128 40 9020
5535 19 5671 0 109 56 9021
5535 3 5671 0 40 105 9022
5535 11 5670 0 140 22 9023
5550 22 5685 0 96 13 9024
5550 25 5687 0 146 159 9025
5550 7 5687 0 122 58 9026
5550 11 5686 0 188 80 9027
5550 8 5687 0 149 33 9028
5550 19 5685 0 113 48 9029
5550 4 5687 0 173 171 9030
5550 21 5687 0 109 56 9031
5550 13 5686 0 122 11 9032
5550 16 5686 0 128 55 9033
5550 37 5687 0 127 27 9034
5550 10 5686 0 128 40 9035
5550 4 5686 0 99 9 9036
5550 12 5685 0 13 75 9037
5550 27 5686 0 143 170 9038
5550 4 5688 0 101 26 9039
5550 6 5684 0 15 4 9040
5550 15 5686 0 155 79 9041
5550 12 5687 0 109 1 9042
5550 9 5686 0 63 113 9043
5550 6 5685 0 94 1 9044
5550 15 5685 0 120 146 9045
5550 29 5687 0 106 10 9046
5550 4 5687 0 146 22 9047
5550 5 5689 0 103 22 9048
5550 3 5686 0 98 36 9049
5550 20 5686 0 93 9 9050
5550 6 5686 0 2 3 9051
5550 12 5685 0 131 45 9052
5550 18 5684 0 121 49 9053
5550 41 5685 0 95 77 9054
5565 15 5700 0 128 55 9055
5565 8 5701 0 149 33 9056
5565 19 5700 0 198 85 9057
5565 20 5702 0 155 122 9058
5565 3 5702 0 142 143 9059
5565 8 5700 0 140 22 9060
5565 3 5702 0 67 20 9061
5565 33 5700 0 143 170 9062
5565 11 5701 0 185 66 9063
5565 4 5701 0 101 26 9064
5565 11 5700 0 40 59 9065
5565 18 5700 0 121 49 9066
5565 25 5701 0 131 45 9067
5565 20 5702 0 124 33 9068
5565 18 5700 0 109 56 9069
5565 25 5702 0 179 186 9070
5565 21 5700 0 113 48 9071
5565 5 5703 0 103 22 9072
5565 4 5701 0 125 90 9073
5570 37 8553 1 182 28 9074
5580 21 5716 0 113 48 9075
5580 27 5717 0 106 10 9076
5580 11 5715 0 148 56 9077
5580 3 5714 0 101 26 9078
5580 5 5716 0 7 180 9079
5580 14 5716 0 155 122 9080
5580 7 5717 0 149 33 9081
5580 6 5716 0 142 143 9082
5580 3 5716 0 98 36 9083
5580 23 5716 0 109 1 9084
5580 20 5718 0 146 159 9085
5580 8 5715 0 128 40 9086
5580 8 5716 0 63 113 9087
5580 45 5717 0 66 134 9088
5580 5 5717 0 78 150 9089
5580 4 5718 0 125 90 9090
5580 44 5716 0 29 60 9091
5580 17 5717 0 121 49 9092
5580 6 5714 0 122 58 9093
5580 28 5716 0 95 77 9094
5580 12 5717 0 6 88 9095
5580 15 5716 0 146 119 9096
5580 3 5716 0 173 171 9097
5580 9 5717 0 63 134 9098
5580 4 5714 0 99 9 9099
5582 60 8567 1 101 26 9100
5590 37 8578 1 98 36 9101
5591 34 8577 1 66 169 9102
5595 25 5731 0 131 45 9103
5595 15 5733 0 146 119 9104
5595 26 5734 0 66 134 9105
5595 17 5728 0 109 56 9106
5595 13 5729 0 96 13 9107
5595 41 5728 0 10 193 9108
5595 3 5731 0 98 36 9109
5595 4 5731 0 78 150 9110
5595 7 5731 0 185 66 9111
5595 4 5731 0 7 180 9112
5595 20 5732 0 124 33 9113
5595 24 5733 0 128 55 9114
5595 12 5728 0 93 9 9115
5595 20 5728 0 122 11 9116
5595 6 5730 0 101 26 9117
5595 3 5731 0 178 113 9118
5595 18 5728 0 121 49 9119
5595 12 5731 0 113 48 9120
5595 29 5731 0 164 40 9121
5595 19 5733 0 198 85 9122
5595 17 5731 0 55 108 9123
5595 12 5732 0 15 186 9124
5595 6 5731 0 138 36 9125
5595 7 5732 0 63 134 9126
5595 4 5731 0 103 22 9127
5595 27 5733 0 66 169 9128
5595 3 5731 0 146 22 9129
5595 9 5731 0 128 40 9130
5610 3 5747 0 99 9 9131
5610 5 5745 0 173 171 9132
5610 36 5747 0 29 60 9133
5610 5 5746 0 94 1 9134
5610 22 5746 0 146 159 9135
5610 6 5746 0 140 22 9136
5610 5 5743 0 72 194 9137
5610 12 5745 0 86 23 9138
5610 39 5747 0 127 27 9139
5610 16 5747 0 22 41 9140
5610 13 5745 0 122 11 9141
5610 30 5747 0 106 10 9142
5610 6 5748 0 63 113 9143
5610 9 5744 0 128 40 9144
5610 18 5746 0 96 13 9145
5610 17 5746 0 131 45 9146
5625 18 5760 0 198 85 9147
5625 9 5761 0 182 28 9148
5625 8 5761 0 138 36 9149
5625 43 5760 0 29 60 9150
5625 5 5761 0 101 26 9151
5625 12 5761 0 113 48 9152
5625 20 5764 0 146 159 9153
5625 20 5759 0 37 7 9154
5625 13 5763 0 93 9 9155
5625 25 5761 0 122 11 9156
5625 45 5757 0 93 51 9157
5625 6 5761 0 146 22 9158
5625 40 5760 0 10 193 9159
5625 10 5761 0 63 113 9160
5625 3 5762 0 98 36 9161
5625 10 5761 0 128 40 9162
5625 42 5760 0 106 10 9163
5625 6 5760 0 40 105 9164
5625 8 5759 0 86 23 9165
5625 6 5761 0 125 90 9166
5640 25 5776 0 127 27 9167
5640 18 5777 0 15 186 9168
5640 4 5776 0 99 9 9169
5640 25 5777 0 198 85 9170
5640 18 5777 0 37 7 9171
5640 7 5776 0 149 33 9172
5640 21 5776 0 113 48 9173
5640 14 5775 0 96 13 9174
5640 44 5777 0 93 51 9175
5640 5 5776 0 103 22 9176
5640 23 5776 0 109 56 9177
5640 16 5775 0 124 33 9178
5640 44 5776 0 164 40 9179
5640 5 5774 0 117 40 9180
5640 40 5775 0 24 183 9181
5640 7 5775 0 185 66 9182
5640 28 5775 0 106 10 9183
5640 16 5775 0 179 186 9184
5640 5 5778 0 146 22 9185
5640 9 5775 0 40 59 9186
5640 5 5776 0 101 26 9187
5640 5 5777 0 98 36 9188
5651 78 8637 1 40 59 9189
5655 15 5792 0 131 45 9190
5655 13 5792 0 121 49 9191
5655 12 5788 0 138 36 9192
5655 10 5791 0 128 40 9193
5655 26 5791 0 29 60 9194
5655 9 5791 0 122 58 9195
5655 5 5791 0 117 40 9196
5655 12 5791 0 155 122 9197
5655 20 5792 0 37 7 9198
5655 6 5791 0 67 20 9199
5655 36 5792 0 18 115 9200
5655 30 5791 0 93 51 9201
5655 10 5790 0 194 169 9202
5655 4 5791 0 2 3 9203
5655 6 5793 0 94 1 9204
5655 16 5790 0 113 48 9205
5655 4 5790 0 153 145 9206
5655 34 5791 0 24 183 9207
5655 17 5790 0 93 9 9208
5655 39 5792 0 127 27 9209
5655 24 5793 0 96 13 9210
5655 24 5791 0 132 13 9211
5655 12 5790 0 122 11 9212
5655 34 5791 0 164 40 9213
5655 40 5791 0 105 143 9214
5655 41 5790 0 10 193 9215
5655 9 5791 0 149 33 9216
5662 48 8650 1 93 51 9217
5670 19 5804 0 57 122 9218
5670 17 5805 0 198 85 9219
5670 12 5805 0 124 33 9220
5670 11 5804 0 149 33 9221
5670 6 5805 0 63 113 9222
5670 26 5804 0 143 170 9223
5670 36 5806 0 24 183 9224
5670 4 5804 0 78 150 9225
5670 25 5805 0 128 55 9226
5670 10 5806 0 128 40 9227
5670 28 5804 0 106 10 9228
5670 21 5805 0 179 186 9229
5670 19 5804 0 109 56 9230
5670 5 5807 0 101 26 9231
5670 29 5807 0 102 140 9232
5670 3 5805 0 125 90 9233
5670 17 5805 0 37 7 9234
5670 4 5806 0 178 113 9235
5670 4 5806 0 99 9 9236
5670 10 5806 0 185 66 9237
5685 9 5821 0 140 22 9238
5685 34 5821 0 66 169 9239
5685 8 5821 0 161 34 9240
5685 20 5820 0 124 33 9241
5685 6 5821 0 117 40 9242
5685 4 5818 0 98 36 9243
5685 32 5820 0 29 60 9244
5685 20 5823 0 93 9 9245
5685 3 5821 0 101 26 9246
5685 14 5822 0 109 56 9247
5685 6 5821 0 6 88 9248
5685 16 5822 0 37 7 9249
5685 29 5819 0 127 27 9250
5685 12 5825 0 63 113 9251
5685 20 5822 0 113 48 9252
5685 16 5821 0 132 13 9253
5685 35 5818 0 105 143 9254
5685 19 5821 0 96 13 9255
5685 9 5821 0 194 169 9256
5685 4 5821 0 72 131 9257
5699 66 8685 1 153 145 9258
5700 15 5834 0 24 195 9259
5700 4 5837 0 125 90 9260
5700 26 5835 0 102 140 9261
5700 11 5835 0 140 22 9262
5700 14 5836 0 146 119 9263
5700 19 5834 0 109 1 9264
5700 12 5835 0 182 28 9265
5700 20 5835 0 128 55 9266
5700 5 5834 0 153 145 9267
5700 5 5835 0 103 22 9268
5700 5 5836 0 94 1 9269
5700 20 5836 0 96 13 9270
5700 16 5836 0 131 45 9271
5700 20 5836 0 113 48 9272
5700 30 5835 0 66 134 9273
5700 9 5835 0 122 58 9274
5700 25 5837 0 128 96 9275
5700 6 5836 0 98 36 9276
5700 36 5838 0 127 27 9277
5700 19 5837 0 110 24 9278
5700 11 5834 0 138 36 9279
5700 23 5836 0 132 13 9280
5700 35 5837 0 93 51 9281
5700 12 5836 0 86 23 9282
5700 7 5837 0 63 113 9283
5715 8 5850 0 140 22 9284
5715 15 5851 0 131 45 9285
5715 16 5849 0 55 108 9286
5715 10 5852 0 148 56 9287
5715 23 5852 0 24 195 9288
5715 12 5851 0 63 134 9289
5715 18 5851 0 124 33 9290
5715 16 5852 0 96 13 9291
5715 11 5851 0 185 66 9292
5715 17 5852 0 93 9 9293
5715 14 5853 0 156 90 9294
5715 7 5853 0 128 40 9295
5715 32 5851 0 127 27 9296
5715 24 5849 0 110 24 9297
5715 3 5850 0 146 22 9298
5715 42 5854 0 24 183 9299
5715 6 5852 0 117 40 9300
5715 34 5852 0 102 140 9301
5715 8 5853 0 138 36 9302
5730 5 5865 0 117 40 9303
5730 24 5864 0 122 11 9304
5730 15 5866 0 93 9 9305
5730 26 5862 0 164 40 9306
5730 22 5866 0 109 56 9307
5730 10 5868 0 149 33 9308
5730 6 5867 0 142 143 9309
5730 4 5866 0 72 194 9310
5730 8 5868 0 138 36 9311
5730 30 5866 0 128 96 9312
5730 24 5866 0 128 55 9313
5730 15 5867 0 109 1 9314
5730 3 5865 0 2 3 9315
5730 6 5867 0 98 36 9316
5730 9 5865 0 140 22 9317
5730 11 5865 0 194 169 9318
5730 21 5866 0 121 49 9319
5730 18 5866 0 132 13 9320
5730 5 5867 0 103 22 9321
5730 35 5866 0 93 51 9322
5730 14 5866 0 96 13 9323
5730 4 5866 0 101 26 9324
5730 26 5866 0 106 10 9325
5730 10 5867 0 63 134 9326
5730 14 5865 0 24 195 9327
5730 37 5865 0 95 77 9328
5730 7 5864 0 122 58 9329
5730 16 5867 0 124 33 9330
5730 22 5867 0 113 48 9331
5745 41 5881 0 10 193 9332
5745 17 5880 0 113 48 9333
5745 22 5880 0 128 55 9334
5745 6 5880 0 153 145 9335
5745 9 5882 0 6 88 9336
5745 41 5881 0 106 10 9337
5745 5 5881 0 98 36 9338
5745 13 5880 0 179 186 9339
5745 8 5881 0 188 80 9340
5745 15 5882 0 121 49 9341
5745 22 5880 0 131 45 9342
5745 4 5883 0 101 26 9343
5745 14 5884 0 22 41 9344
5745 7 5883 0 122 58 9345
5745 6 5880 0 173 171 9346
5745 20 5881 0 132 13 9347
5745 4 5882 0 103 22 9348
5745 8 5880 0 138 36 9349
5745 33 5881 0 127 27 9350
5745 16 5882 0 37 7 9351
5745 3 5883 0 178 113 9352
5745 37 5883 0 128 96 9353
5745 3 5882 0 15 4 9354
5745 7 5881 0 194 169 9355
5745 20 5881 0 146 119 9356
5745 7 5880 0 86 23 9357
5745 23 5881 0 120 146 9358
5745 10 5881 0 128 40 9359
5760 12 5897 0 188 80 9360
5760 17 5895 0 166 118 9361
5760 25 5897 0 132 13 9362
5760 5 5896 0 173 171 9363
5760 4 5897 0 153 145 9364
5760 18 5896 0 110 24 9365
5760 12 5898 0 155 79 9366
5760 44 5893 0 127 27 9367
5760 14 5895 0 124 33 9368
5760 13 5896 0 146 119 9369
5760 10 5898 0 128 40 9370
5760 5 5895 0 117 40 9371
5760 3 5898 0 103 22 9372
5760 19 5896 0 121 49 9373
5760 23 5894 0 131 45 9374
5760 13 5898 0 96 13 9375
5760 13 5897 0 156 90 9376
5760 17 5897 0 179 186 9377
5760 34 5898 0 106 10 9378
5760 6 5897 0 161 34 9379
5760 21 5897 0 13 75 9380
5760 12 5895 0 149 33 9381
5775 40 5908 0 24 183 9382
5775 6 5910 0 128 40 9383
5775 24 5912 0 109 56 9384
5775 18 5912 0 13 75 9385
5775 4 5912 0 146 22 9386
5775 4 5911 0 15 4 9387
5775 5 5911 0 117 40 9388
5775 18 5911 0 132 13 9389
5775 13 5911 0 124 33 9390
5775 35 5912 0 66 134 9391
5775 45 5912 0 29 60 9392
5775 10 5910 0 122 58 9393
5775 4 5912 0 125 90 9394
5775 10 5911 0 149 33 9395
5775 21 5912 0 128 55 9396
5775 4 5911 0 99 9 9397
5775 5 5909 0 98 36 9398
5775 11 5911 0 86 23 9399
5784 120 8770 1 185 66 9400
5790 3 5926 0 7 180 9401
5790 8 5924 0 161 34 9402
5790 21 5927 0 96 13 9403
5790 23 5928 0 110 24 9404
5790 25 5929 0 122 11 9405
5790 11 5927 0 138 36 9406
5790 4 5926 0 103 22 9407
5790 7 5926 0 149 33 9408
5790 11 5926 0 185 66 9409
5790 25 5927 0 106 10 9410
5790 12 5926 0 140 22 9411
5790 6 5926 0 40 59 9412
5790 3 5928 0 2 3 9413
5790 18 5926 0 120 146 9414
5790 19 5926 0 124 33 9415
5790 22 5928 0 113 48 9416
5790 19 5926 0 121 49 9417
5790 6 5926 0 67 20 9418
5805 17 5940 0 22 41 9419
5805 5 5943 0 146 22 9420
5805 35 5942 0 102 140 9421
5805 8 5941 0 149 33 9422
5805 6 5940 0 86 23 9423
5805 6 5942 0 117 40 9424
5805 6 5941 0 6 88 9425
5805 6 5940 0 103 22 9426
5805 11 5942 0 63 134 9427
5805 24 5941 0 24 195 9428
5805 23 5943 0 121 49 9429
5805 6 5940 0 155 52 9430
5805 37 5943 0 93 51 9431
5805 13 5943 0 131 45 9432
5805 34 5941 0 18 115 9433
5805 28 5941 0 95 77 9434
5805 5 5940 0 72 131 9435
5805 12 5941 0 122 58 9436
5805 19 5941 0 109 1 9437
5805 45 5941 0 164 40 9438
5805 12 5942 0 93 9 9439
5805 5 5943 0 178 113 9440
5805 3 5941 0 7 180 9441
5805 10 5941 0 140 22 9442
5805 10 5940 0 138 36 9443
5805 19 5940 0 179 186 9444
5805 5 5942 0 173 171 9445
5805 24 5940 0 13 75 9446
5813 43 8800 1 198 85 9447
5820 6 5958 0 99 9 9448
5820 8 5957 0 140 22 9449
5820 6 5957 0 2 3 9450
5820 38 5954 0 66 169 9451
5820 4 5957 0 72 131 9452
5820 16 5956 0 96 13 9453
5820 25 5956 0 106 10 9454
5820 12 5958 0 146 159 9455
5820 9 5957 0 122 58 9456
5820 22 5956 0 179 186 9457
5820 5 5956 0 155 52 9458
5820 22 5954 0 37 7 9459
5820 4 5956 0 101 26 9460
5820 41 5958 0 93 51 9461
5820 23 5957 0 121 49 9462
5820 6 5954 0 182 28 9463
5820 6 5955 0 98 36 9464
5820 4 5957 0 117 40 9465
5820 6 5955 0 103 22 9466
5820 25 5957 0 95 77 9467
5820 11 5956 0 149 33 9468
5820 14 5956 0 128 55 9469
5835 4 5972 0 125 90 9470
5835 14 5971 0 121 49 9471
5835 8 5970 0 149 33 9472
5835 8 5971 0 122 58 9473
5835 42 5971 0 95 77 9474
5835 4 5972 0 15 4 9475
5835 13 5971 0 122 11 9476
5835 19 5970 0 132 13 9477
5835 39 5973 0 128 96 9478
5835 19 5971 0 13 75 9479
5835 5 5971 0 7 180 9480
5835 23 5975 0 55 108 9481
5835 5 5972 0 72 131 9482
5835 14 5974 0 166 118 9483
5835 25 5972 0 143 170 9484
5835 12 5971 0 113 48 9485
5835 24 5969 0 96 13 9486
5835 13 5973 0 146 159 9487
5835 9 5970 0 128 40 9488
5835 15 5971 0 156 90 9489
5850 18 5987 0 96 13 9490
5850 27 5984 0 143 170 9491
5850 4 5986 0 101 26 9492
5850 9 5985 0 122 58 9493
5850 14 5987 0 198 85 9494
5850 6 5987 0 140 22 9495
5850 25 5984 0 106 10 9496
5850 10 5988 0 185 66 9497
5850 18 5985 0 93 9 9498
5850 11 5986 0 63 134 9499
5850 6 5987 0 15 4 9500
5850 7 5985 0 194 169 9501
5850 29 5988 0 164 40 9502
5850 11 5985 0 149 33 9503
5850 23 5984 0 109 56 9504
5850 6 5987 0 138 36 9505
5850 14 5984 0 155 122 9506
5850 6 5987 0 98 36 9507
5850 14 5987 0 57 122 9508
5850 10 5986 0 128 40 9509
5861 55 8848 1 110 24 9510
5865 4 6002 0 117 40 9511
5865 17 6002 0 55 108 9512
5865 3 6000 0 103 22 9513
5865 18 6000 0 128 55 9514
5865 5 6002 0 72 194 9515
5865 6 6001 0 101 26 9516
5865 3 6001 0 78 150 9517
5865 27 6000 0 143 170 9518
5865 12 6000 0 96 13 9519
5865 15 6000 0 155 79 9520
5865 7 6002 0 128 40 9521
5865 3 6002 0 72 131 9522
5865 10 6001 0 149 33 9523
5865 23 6000 0 121 49 9524
5865 22 5999 0 109 1 9525
5865 10 6001 0 63 134 9526
5865 19 6000 0 146 159 9527
5865 4 6000 0 178 113 9528
5865 15 5999 0 132 13 9529
5865 7 6001 0 188 80 9530
5865 25 6001 0 128 96 9531
5865 34 6002 0 127 27 9532
5865 44 6001 0 106 10 9533
5865 24 6001 0 122 11 9534
5880 43 6016 0 127 27 9535
5880 25 6016 0 37 7 9536
5880 35 6013 0 105 143 9537
5880 20 6016 0 15 186 9538
5880 19 6016 0 198 85 9539
5880 44 8866 1 128 55 9540
5880 4 6013 0 101 26 9541
5880 5 6016 0 15 4 9542
5880 3 6015 0 72 131 9543
5880 22 6016 0 124 33 9544
5880 14 6018 0 155 79 9545
5880 14 6013 0 113 48 9546
5880 4 6018 0 99 9 9547
5880 6 6016 0 2 3 9548
5880 8 6018 0 140 22 9549
5880 15 6016 0 128 55 9550
5880 23 6017 0 96 13 9551
5880 13 6016 0 55 108 9552
5880 6 6015 0 67 20 9553
5880 3 6016 0 103 22 9554
5880 20 6016 0 179 186 9555
5880 6 6018 0 63 113 9556
5887 79 8874 1 113 48 9557
5895 5 6032 0 67 20 9558
5895 6 6030 0 94 1 9559
5895 4 6031 0 178 113 9560
5895 12 6031 0 57 122 9561
5895 36 6030 0 18 115 9562
5895 34 6031 0 127 27 9563
5895 12 6029 0 96 13 9564
5895 10 6032 0 140 22 9565
5895 6 6032 0 99 9 9566
5895 10 6032 0 128 40 9567
5895 10 6031 0 185 66 9568
5895 34 6029 0 106 10 9569
5895 4 6030 0 7 180 9570
5895 4 6031 0 72 194 9571
5895 37 6031 0 143 170 9572
5895 20 6030 0 132 13 9573
5895 4 6030 0 101 26 9574
5895 6 6031 0 146 22 9575
5895 25 6031 0 122 11 9576
5895 25 6031 0 121 49 9577
5910 12 6045 0 113 48 9578
5910 25 6046 0 132 13 9579
5910 9 6045 0 149 33 9580
5910 18 6047 0 110 24 9581
5910 6 6046 0 117 40 9582
5910 21 6046 0 166 118 9583
5910 5 6046 0 40 105 9584
5910 3 6045 0 72 131 9585
5910 22 6044 0 24 195 9586
5910 21 6045 0 124 33 9587
5910 35 6046 0 29 60 9588
5910 9 6044 0 140 22 9589
5910 10 6047 0 86 23 9590
5910 12 6044 0 128 55 9591
5910 4 6047 0 99 9 9592
5910 10 6048 0 122 58 9593
5910 24 6046 0 96 13 9594
5910 3 6045 0 72 194 9595
5910 4 6046 0 101 26 9596
5910 22 6046 0 156 90 9597
5910 22 6045 0 22 41 9598
5910 19 6047 0 131 45 9599
5910 38 6044 0 93 51 9600
5910 20 6047 0 122 11 9601
5920 128 8906 1 166 118 9602
5925 5 6059 0 99 9 9603
5925 5 6060 0 178 113 9604
5925 45 6058 0 143 170 9605
5925 4 6063 0 117 40 9606
5925 5 6060 0 103 22 9607
5925 41 6061 0 102 140 9608
5925 4 6060 0 101 26 9609
5925 12 6061 0 148 56 9610
5925 5 6058 0 72 131 9611
5925 7 6061 0 122 58 9612
5925 12 6060 0 93 9 9613
5925 14 6060 0 109 56 9614
5925 45 6061 0 106 10 9615
5925 34 6060 0 95 77 9616
5925 15 6060 0 110 24 9617
5925 36 6061 0 93 51 9618
5925 6 6062 0 98 36 9619
5925 21 6060 0 24 195 9620
5925 13 6061 0 121 49 9621
5925 19 6060 0 132 13 9622
5925 16 6060 0 15 186 9623
5925 19 6060 0 166 118 9624
5925 12 6058 0 138 36 9625
5925 18 6060 0 128 55 9626
5925 14 6062 0 96 13 9627
5925 35 6062 0 127 27 9628
5940 10 6080 0 6 88 9629
5940 3 6077 0 117 40 9630
5940 7 6076 0 185 66 9631
5940 39 6075 0 164 40 9632
5940 6 6078 0 15 4 9633
5940 5 6077 0 142 143 9634
5940 39 6076 0 127 27 9635
5940 8 6076 0 149 33 9636
5940 20 6077 0 113 48 9637
5940 20 6077 0 155 122 9638
5940 6 6076 0 153 145 9639
5940 24 6077 0 93 9 9640
5940 24 6076 0 15 186 9641
5940 43 6076 0 106 10 9642
5940 15 6074 0 131 45 9643
5940 13 6077 0 109 56 9644
5940 7 6076 0 140 22 9645
5940 21 6077 0 37 7 9646
5940 5 6076 0 101 26 9647
5940 6 6076 0 40 105 9648
5940 9 6074 0 138 36 9649
5940 6 6077 0 2 3 9650
5940 3 6075 0 103 22 9651
5940 15 6075 0 132 13 9652
5940 28 6075 0 105 143 9653
5940 138 8926 1 15 4 9654
5940 5 6077 0 146 22 9655
5952 32 8938 1 72 131 9656
5955 19 6090 0 166 118 9657
5955 3 6090 0 146 22 9658
5955 18 6092 0 124 33 9659
5955 3 6091 0 40 105 9660
5955 5 6091 0 117 40 9661
5955 8 6091 0 122 58 9662
5955 5 6091 0 2 3 9663
5955 3 6093 0 99 9 9664
5955 17 6092 0 15 186 9665
5955 6 6091 0 103 22 9666
5955 23 6091 0 122 11 9667
5955 9 6091 0 40 59 9668
5955 34 6089 0 105 143 9669
5955 7 6089 0 63 113 9670
5955 12 6089 0 22 41 9671
5955 25 6090 0 109 56 9672
5955 18 6094 0 131 45 9673
5955 32 6090 0 143 170 9674
5955 33 6090 0 29 60 9675
5955 31 6089 0 127 27 9676
5955 12 6092 0 188 80 9677
5956 42 8943 1 178 113 9678
5970 6 6107 0 188 80 9679
5970 20 6105 0 131 45 9680
5970 22 6106 0 122 11 9681
5970 23 6106 0 109 56 9682
5970 12 6105 0 93 9 9683
5970 4 6105 0 98 36 9684
5970 12 6106 0 40 59 9685
5970 3 6108 0 153 145 9686
5970 15 6107 0 15 186 9687
5970 39 6105 0 93 51 9688
5970 8 6106 0 182 28 9689
5970 8 6106 0 149 33 9690
5970 3 6107 0 15 4 9691
5970 16 6106 0 132 13 9692
5970 14 6106 0 146 119 9693
5970 7 6107 0 128 40 9694
5970 15 6107 0 96 13 9695
5970 12 6108 0 140 22 9696
5970 18 6106 0 156 90 9697
5970 19 6107 0 121 49 9698
5970 5 6108 0 40 105 9699
5970 39 6106 0 128 96 9700
5976 54 8962 1 128 40 9701
5985 22 6121 0 146 159 9702
5985 20 6121 0 96 13 9703
5985 24 6121 0 166 118 9704
5985 21 6121 0 122 11 9705
5985 4 6119 0 99 9 9706
5985 6 6119 0 2 3 9707
5985 9 6119 0 138 36 9708
5985 18 6120 0 113 48 9709
5985 24 6119 0 155 79 9710
5985 21 6121 0 198 85 9711
5985 17 6122 0 131 45 9712
5985 21 6122 0 93 9 9713
5985 3 6121 0 155 52 9714
5985 29 6122 0 10 193 9715
5985 6 6121 0 153 145 9716
5985 12 6119 0 110 24 9717
5985 19 6121 0 55 108 9718
5985 12 6125 0 149 33 9719
5985 12 6120 0 128 40 9720
5985 6 6119 0 173 171 9721
5985 27 6120 0 102 140 9722
6000 12 6137 0 121 49 9723
6000 16 6136 0 128 55 9724
6000 27 6136 0 29 60 9725
6000 10 6135 0 194 169 9726
6000 23 6136 0 156 90 9727
6000 21 6137 0 109 56 9728
6000 4 6136 0 146 22 9729
6000 25 6138 0 120 146 9730
6000 21 6136 0 122 11 9731
6000 12 6136 0 128 40 9732
6000 13 6138 0 132 13 9733
6000 35 6136 0 106 10 9734
6000 20 6134 0 131 45 9735
6000 3 6133 0 178 113 9736
6000 18 6137 0 13 75 9737
6000 25 6136 0 124 33 9738
6000 25 6135 0 179 186 9739
6000 4 6137 0 67 20 9740
6000 27 6139 0 102 140 9741
6000 5 6135 0 117 40 9742
6000 7 6133 0 63 113 9743
6000 16 6136 0 110 24 9744
6000 6 6136 0 94 1 9745
6000 34 6138 0 10 193 9746
6000 35 6136 0 105 143 9747
6000 3 6138 0 7 180 9748
6015 7 6151 0 6 88 9749
6015 9 6152 0 63 113 9750
6015 12 6150 0 93 9 9751
6015 38 6149 0 106 10 9752
6015 18 6149 0 13 75 9753
6015 3 6151 0 72 131 9754
6015 36 6153 0 95 77 9755
6015 3 6152 0 173 171 9756
6015 22 6151 0 166 118 9757
6015 10 6154 0 128 40 9758
6015 12 6152 0 149 33 9759
6015 5 6150 0 155 52 9760
6015 29 6153 0 18 115 9761
6015 9 6150 0 161 34 9762
6015 5 6149 0 178 113 9763
6015 41 6149 0 102 140 9764
6015 19 6152 0 96 13 9765
6015 16 6151 0 110 24 9766
6015 6 6150 0 122 58 9767
6015 42 6153 0 10 193 9768
6015 15 6152 0 146 159 9769
6015 8 6153 0 148 56 9770
6015 21 6151 0 124 33 9771
6015 13 6152 0 24 195 9772
6015 3 6151 0 67 20 9773
6017 41 9002 1 161 34 9774
6019 80 9007 1 15 186 9775
6030 4 6166 0 142 143 9776
6030 25 6165 0 164 40 9777
6030 20 6166 0 121 49 9778
6030 7 6166 0 138 36 9779
6030 3 6166 0 98 36 9780
6030 5 6165 0 178 113 9781
6030 21 6166 0 132 13 9782
6030 27 6166 0 102 140 9783
6030 3 6164 0 78 150 9784
6030 4 6167 0 103 22 9785
6030 18 6165 0 55 108 9786
6030 18 6168 0 24 195 9787
6030 16 6165 0 110 24 9788
6030 9 6169 0 149 33 9789
6030 20 6169 0 113 48 9790
6030 20 6167 0 166 118 9791
6030 5 6166 0 40 105 9792
6030 43 6165 0 127 27 9793
6030 25 6166 0 95 77 9794
6030 6 6167 0 101 26 9795
6030 12 6165 0 120 146 9796
6045 16 6181 0 166 118 9797
6045 25 6181 0 198 85 9798
6045 20 6180 0 132 13 9799
6045 44 6181 0 95 77 9800
6045 4 6181 0 101 26 9801
6045 25 6181 0 155 122 9802
6045 5 6182 0 103 22 9803
6045 6 6182 0 98 36 9804
6045 21 6181 0 93 9 9805
6045 44 6183 0 18 115 9806
6045 44 6180 0 102 140 9807
6045 19 6180 0 96 13 9808
6045 14 6179 0 110 24 9809
6045 24 6182 0 124 33 9810
6045 14 6183 0 113 48 9811
6045 6 6182 0 94 1 9812
6045 24 6181 0 155 79 9813
6045 36 6181 0 66 169 9814
6045 5 6182 0 99 9 9815
6045 10 6183 0 63 134 9816
6045 13 6182 0 146 159 9817
6045 11 6181 0 188 80 9818
6045 15 6182 0 128 55 9819
6045 10 6181 0 138 36 9820
6045 12 6182 0 15 186 9821
6045 28 6182 0 127 27 9822
6045 29 6182 0 24 183 9823
6045 31 6181 0 105 143 9824
6051 134 9035 1 179 186 9825
6051 38 9036 1 194 169 9826
6052 65 9037 1 125 90 9827
6060 18 6196 0 146 119 9828
6060 22 6196 0 37 7 9829
6060 20 6196 0 132 13 9830
6060 6 6195 0 63 134 9831
6060 24 6198 0 121 49 9832
6060 3 6196 0 103 22 9833
6060 33 6194 0 105 143 9834
6060 25 6195 0 106 10 9835
6060 3 6195 0 101 26 9836
6060 35 6196 0 127 27 9837
6060 3 6199 0 146 22 9838
6060 8 6197 0 188 80 9839
6060 3 6194 0 178 113 9840
6060 21 6195 0 179 186 9841
6060 7 6194 0 86 23 9842
6060 4 6196 0 153 145 9843
6060 20 6197 0 122 11 9844
6060 25 6196 0 13 75 9845
6060 20 6197 0 15 186 9846
6060 9 6195 0 149 33 9847
6060 8 6196 0 128 40 9848
6060 16 6195 0 24 195 9849
6073 61 9058 1 173 171 9850
6074 67 9060 1 55 108 9851
6075 12 6210 0 148 56 9852
6075 5 6210 0 101 26 9853
6075 12 6212 0 96 13 9854
6075 37 6211 0 143 170 9855
6075 6 6211 0 15 4 9856
6075 36 6210 0 29 60 9857
6075 18 6212 0 146 119 9858
6075 18 6212 0 166 118 9859
6075 6 6211 0 98 36 9860
6075 21 6209 0 13 75 9861
6075 19 6211 0 57 122 9862
6075 16 6212 0 110 24 9863
6075 31 6211 0 127 27 9864
6075 13 6209 0 124 33 9865
6075 18 6209 0 113 48 9866
6075 6 6210 0 40 105 9867
6075 10 6211 0 122 58 9868
6075 20 6210 0 122 11 9869
6075 3 6212 0 153 145 9870
6075 3 6213 0 99 9 9871
6075 41 6211 0 10 193 9872
6075 14 6211 0 37 7 9873
6075 6 6211 0 146 22 9874
6075 32 6211 0 106 10 9875
6075 7 6212 0 40 59 9876
6075 17 6209 0 132 13 9877
6075 24 6210 0 121 49 9878
6075 34 6213 0 93 51 9879
6075 8 6209 0 6 88 9880
6075 6 6212 0 128 40 9881
6075 6 6213 0 138 36 9882
6090 21 6227 0 198 85 9883
6090 21 6226 0 155 122 9884
6090 23 6226 0 110 24 9885
6090 3 6226 0 117 40 9886
6090 14 6227 0 131 45 9887
6090 19 6224 0 132 13 9888
6090 32 6225 0 24 183 9889
6090 40 6225 0 106 10 9890
6090 6 6228 0 194 169 9891
6090 12 6225 0 128 40 9892
6090 15 6227 0 22 41 9893
6090 18 6227 0 109 1 9894
6090 18 6226 0 37 7 9895
6090 28 6225 0 66 134 9896
6090 18 6223 0 24 195 9897
6090 45 6229 0 10 193 9898
6090 10 6224 0 149 33 9899
6090 11 6224 0 63 134 9900
6090 5 6223 0 101 26 9901
6090 45 6230 0 127 27 9902
6090 4 6224 0 72 194 9903
6090 37 6226 0 18 115 9904
6090 4 6227 0 146 22 9905
6090 7 6228 0 122 58 9906
6090 6 6227 0 99 9 9907
6090 14 6227 0 166 118 9908
6096 178 9082 1 15 186 9909
6096 65 9080 1 18 115 9910
6105 17 6243 0 131 45 9911
6105 11 6240 0 140 22 9912
6105 29 6241 0 127 27 9913
6105 5 6240 0 173 171 9914
6105 12 6242 0 6 88 9915
6105 5 6243 0 94 1 9916
6105 17 6242 0 122 11 9917
6105 14 6242 0 128 55 9918
6105 12 6239 0 120 146 9919
6105 7 6240 0 138 36 9920
6105 4 6240 0 101 26 9921
6105 12 6243 0 113 48 9922
6105 19 6240 0 96 13 9923
6105 5 6241 0 2 3 9924
6105 24 6242 0 110 24 9925
6105 4 6244 0 98 36 9926
6105 7 6244 0 182 28 9927
6105 6 6241 0 117 40 9928
6105 25 6238 0 24 195 9929
6120 8 6258 0 149 33 9930
6120 31 6256 0 18 115 9931
6120 8 6258 0 122 58 9932
6120 14 6256 0 93 9 9933
6120 6 6255 0 125 90 9934
6120 25 6257 0 96 13 9935
6120 23 6256 0 179 186 9936
6120 10 6255 0 188 80 9937
6120 20 6254 0 121 49 9938
6120 23 6256 0 155 79 9939
6120 25 6256 0 132 13 9940
6120 16 6254 0 110 24 9941
6120 16 6255 0 122 11 9942
6120 12 6258 0 185 66 9943
6120 14 6256 0 22 41 9944
6120 41 6255 0 127 27 9945
6120 10 6258 0 86 23 9946
6120 43 6257 0 66 134 9947
6120 16 6255 0 124 33 9948
6120 25 6256 0 164 40 9949
6120 6 6256 0 2 3 9950
6120 23 6256 0 57 122 9951
6120 22 6254 0 113 48 9952
6120 12 6258 0 131 45 9953
6120 4 6257 0 153 145 9954
6120 27 6256 0 95 77 9955
6120 23 6258 0 55 108 9956
6120 3 6256 0 173 171 9957
6120 22 6256 0 166 118 9958
6120 27 6258 0 128 96 9959
6120 11 6257 0 128 40 9960
6129 33 9115 1 66 134 9961
6135 6 6273 0 72 194 9962
6135 6 6272 0 98 36 9963
6135 13 6271 0 131 45 9964
6135 5 6269 0 72 131 9965
6135 18 6269 0 113 48 9966
6135 7 6269 0 161 34 9967
6135 7 6272 0 140 22 9968
6135 6 6273 0 142 143 9969
6135 22 6273 0 110 24 9970
6135 9 6273 0 149 33 9971
6135 23 6273 0 128 55 9972
6135 4 6271 0 117 40 9973
6135 12 6271 0 138 36 9974
6135 6 6270 0 101 26 9975
6135 3 6268 0 99 9 9976
6135 7 6271 0 63 134 9977
6135 4 6269 0 78 150 9978
6135 23 6271 0 109 56 9979
6135 5 6274 0 146 22 9980
6135 15 6273 0 93 9 9981
6135 4 6272 0 7 180 9982
6150 34 6287 0 10 193 9983
6150 18 6284 0 13 75 9984
6150 3 6287 0 78 150 9985
6150 5 6284 0 117 40 9986
6150 6 6286 0 63 134 9987
6150 7 6285 0 122 58 9988
6150 6 6287 0 67 20 9989
6150 12 6283 0 110 24 9990
6150 3 6285 0 98 36 9991
6150 18 6286 0 55 108 9992
6150 23 6286 0 122 11 9993
6150 24 6286 0 131 45 9994
6150 37 6284 0 24 183 9995
6150 20 6286 0 93 9 9996
6150 4 6287 0 101 26 9997
6150 6 6287 0 72 131 9998
6150 22 6285 0 113 48 9999
6150 17 6285 0 24 195 10000
6150 25 6287 0 96 13 10001
6150 13 6289 0 179 186 10002
6150 6 6287 0 125 90 10003
6150 24 6287 0 124 33 10004
6150 34 6285 0 66 169 10005
6161 41 9147 1 40 105 10006
6165 26 6299 0 143 170 10007
6165 12 6300 0 198 85 10008
6165 6 6301 0 99 9 10009
6165 39 6302 0 127 27 10010
6165 16 6300 0 121 49 10011
6165 5 6303 0 103 22 10012
6165 8 6301 0 188 80 10013
6165 19 6303 0 22 41 10014
6165 10 6299 0 149 33 10015
6165 40 6300 0 106 10 10016
6165 9 6300 0 122 58 10017
6165 18 6303 0 128 55 10018
6165 35 6301 0 10 193 10019
6180 15 6320 0 131 45 10020
6180 11 6314 0 40 59 10021
6180 4 6315 0 101 26 10022
6180 8 6317 0 140 22 10023
6180 29 6316 0 93 51 10024
6180 5 6314 0 78 150 10025
6180 25 6318 0 132 13 10026
6180 13 6316 0 96 13 10027
6180 9 6316 0 6 88 10028
6180 24 6314 0 93 9 10029
6180 44 6316 0 66 169 10030
6180 12 6319 0 37 7 10031
6180 26 6316 0 127 27 10032
6180 29 6314 0 24 183 10033
6180 19 6315 0 113 48 10034
6180 3 6314 0 72 131 10035
6180 5 6317 0 98 36 10036
6180 35 6316 0 106 10 10037
6180 23 6316 0 128 55 10038
6180 27 6316 0 143 170 10039
6180 6 6317 0 15 4 10040
6195 39 6331 0 127 27 10041
6195 3 6333 0 99 9 10042
6195 18 6329 0 109 1 10043
6195 21 6333 0 146 119 10044
6195 21 6331 0 55 108 10045
6195 3 6333 0 146 22 10046
6195 10 6330 0 185 66 10047
6195 38 6332 0 66 134 10048
6195 6 6331 0 78 150 10049
6195 33 6331 0 24 183 10050
6195 23 6332 0 120 146 10051
6195 15 6333 0 122 11 10052
6195 6 6330 0 72 194 10053
6195 7 6330 0 140 22 10054
6195 22 6333 0 15 186 10055
6195 43 6331 0 106 10 10056
6195 4 6331 0 101 26 10057
6195 17 6331 0 131 45 10058
6195 40 6331 0 143 170 10059
6195 19 6331 0 110 24 10060
6195 6 6329 0 40 105 10061
6210 6 6348 0 155 52 10062
6210 34 6346 0 127 27 10063
6210 25 6346 0 24 195 10064
6210 8 6347 0 140 22 10065
6210 12 6346 0 113 48 10066
6210 36 6348 0 66 169 10067
6210 3 6345 0 67 20 10068
6210 23 6348 0 57 122 10069
6210 18 6347 0 37 7 10070
6210 5 6344 0 146 22 10071
6210 32 6345 0 10 193 10072
6210 23 6345 0 131 45 10073
6210 7 6345 0 148 56 10074
6210 10 6346 0 40 59 10075
6210 24 6347 0 132 13 10076
6210 25 6347 0 146 119 10077
6210 4 6346 0 72 194 10078
6210 5 6346 0 99 9 10079
6210 4 6345 0 15 4 10080
6210 25 6345 0 18 115 10081
6210 18 6347 0 120 146 10082
6210 12 6344 0 110 24 10083
6210 6 6348 0 98 36 10084
6210 10 6346 0 149 33 10085
6210 3 6344 0 178 113 10086
6210 22 6347 0 146 159 10087
6210 25 6346 0 109 1 10088
6210 44 6348 0 143 170 10089
6212 56 9198 1 24 183 10090
6225 15 6361 0 179 186 10091
6225 43 6362 0 106 10 10092
6225 26 6362 0 66 134 10093
6225 8 6362 0 86 23 10094
6225 27 6362 0 127 27 10095
6225 41 6361 0 143 170 10096
6225 5 6364 0 101 26 10097
6225 18 6365 0 132 13 10098
6225 25 6362 0 15 186 10099
6225 18 6362 0 113 48 10100
6225 13 6363 0 109 56 10101
6225 12 6361 0 40 59 10102
6225 4 6360 0 103 22 10103
6225 9 6361 0 122 58 10104
6225 5 6362 0 67 20 10105
6225 10 6361 0 182 28 10106
6225 3 6362 0 146 22 10107
6225 17 6362 0 124 33 10108
6225 12 6361 0 96 13 10109
6225 16 6362 0 128 55 10110
6240 16 6377 0 124 33 10111
6240 4 6376 0 125 90 10112
6240 7 6376 0 40 59 10113
6240 21 6378 0 146 119 10114
6240 17 6377 0 96 13 10115
6240 4 6375 0 72 194 10116
6240 3 6376 0 98 36 10117
6240 12 6375 0 194 169 10118
6240 11 6375 0 122 58 10119
6240 5 6375 0 117 40 10120
6240 35 6376 0 95 77 10121
6240 25 6376 0 102 140 10122
6240 19 6376 0 155 122 10123
6240 36 6375 0 127 27 10124
6240 3 6374 0 72 131 10125
6255 16 6390 0 122 11 10126
6255 10 6388 0 63 134 10127
6255 22 6391 0 15 186 10128
6255 17 6392 0 131 45 10129
6255 28 6389 0 164 40 10130
6255 6 6388 0 178 113 10131
6255 4 6390 0 103 22 10132
6255 20 6392 0 120 146 10133
6255 10 6392 0 140 22 10134
6255 4 6389 0 99 9 10135
6255 25 6391 0 128 96 10136
6255 22 6392 0 110 24 10137
6255 7 6393 0 122 58 10138
6255 32 6391 0 105 143 10139
6255 12 6392 0 194 169 10140
6255 7 6390 0 185 66 10141
6255 16 6392 0 124 33 10142
6255 10 6392 0 149 33 10143
6255 20 6391 0 109 56 10144
6255 4 6391 0 98 36 10145
6255 20 6391 0 179 186 10146
6255 38 6392 0 127 27 10147
6255 37 6390 0 66 134 10148
6255 13 6390 0 156 90 10149
6255 17 6392 0 121 49 10150
6255 19 6392 0 128 55 10151
6255 9 6393 0 40 59 10152
6255 15 6390 0 146 159 10153
6255 14 6389 0 132 13 10154
6260 40 9248 1 94 1 10155
6263 46 9251 1 78 150 10156
6270 11 6407 0 188 80 10157
6270 3 6404 0 98 36 10158
6270 17 6407 0 55 108 10159
6270 11 6406 0 149 33 10160
6270 21 6406 0 132 13 10161
6270 20 6406 0 57 122 10162
6270 30 6405 0 127 27 10163
6270 22 6406 0 110 24 10164
6270 4 6405 0 94 1 10165
6270 7 6406 0 140 22 10166
6270 13 6408 0 131 45 10167
6270 16 6408 0 113 48 10168
6270 43 6405 0 93 51 10169
6270 20 6405 0 24 195 10170
6270 17 6405 0 121 49 10171
6270 23 6407 0 128 55 10172
6270 31 6408 0 95 77 10173
6270 13 6406 0 124 33 10174
6270 12 6405 0 122 58 10175
6270 24 6405 0 109 1 10176
6270 24 6404 0 122 11 10177
6270 14 6407 0 198 85 10178
6270 26 6404 0 164 40 10179
6270 12 6405 0 86 23 10180
6285 36 6421 0 127 27 10181
6285 12 6421 0 182 28 10182
6285 14 6420 0 109 56 10183
6285 20 6422 0 132 13 10184
6285 3 6419 0 72 131 10185
6285 8 6420 0 122 58 10186
6285 14 6422 0 57 122 10187
6285 21 6421 0 96 13 10188
6285 22 6420 0 109 1 10189
6285 15 6421 0 128 55 10190
6285 5 6421 0 94 1 10191
6285 17 6421 0 156 90 10192
6285 6 6420 0 40 59 10193
6285 42 6422 0 10 193 10194
6285 3 6422 0 98 36 10195
6285 19 6423 0 110 24 10196
6285 45 6422 0 164 40 10197
6285 11 6422 0 86 23 10198
6285 10 6421 0 138 36 10199
6285 3 6423 0 178 113 10200
6285 7 6421 0 128 40 10201
6285 6 6421 0 15 4 10202
6285 32 6422 0 95 77 10203
6300 18 6436 0 109 56 10204
6300 17 6435 0 132 13 10205
6300 14 6435 0 121 49 10206
6300 16 6437 0 15 186 10207
6300 18 6435 0 128 55 10208
6300 31 6436 0 66 169 10209
6300 16 6435 0 131 45 10210
6300 4 6433 0 99 9 10211
6300 6 6436 0 146 22 10212
6300 6 6435 0 148 56 10213
6300 23 6437 0 57 122 10214
6300 5 6436 0 153 145 10215
6300 5 6435 0 72 131 10216
6300 3 6436 0 125 90 10217
6300 24 6439 0 179 186 10218
6300 40 6439 0 10 193 10219
6300 11 6435 0 63 113 10220
6300 44 6435 0 143 170 10221
6300 3 6435 0 103 22 10222
6300 12 6437 0 149 33 10223
6300 12 6435 0 55 108 10224
6300 4 6439 0 142 143 10225
6305 34 9290 1 37 7 10226
6315 5 6453 0 117 40 10227
6315 6 6449 0 146 22 10228
6315 20 6449 0 110 24 10229
6315 21 6451 0 113 48 10230
6315 21 6451 0 128 55 10231
6315 25 6449 0 93 51 10232
6315 10 6449 0 161 34 10233
6315 3 6453 0 101 26 10234
6315 8 6451 0 122 58 10235
6315 6 6450 0 125 90 10236
6315 25 6449 0 96 13 10237
6315 23 6450 0 124 33 10238
6315 3 6452 0 103 22 10239
6315 4 6453 0 98 36 10240
6315 4 6449 0 15 4 10241
6315 12 6453 0 120 146 10242
6315 26 6453 0 127 27 10243
6315 32 6449 0 24 183 10244
6315 4 6451 0 99 9 10245
6315 16 6452 0 132 13 10246
6321 51 9306 1 164 40 10247
6322 135 9309 1 131 45 10248
6322 72 9309 1 149 33 10249
6330 23 6466 0 121 49 10250
6330 24 6468 0 198 85 10251
6330 4 6470 0 40 105 10252
6330 10 6466 0 122 58 10253
6330 3 6466 0 99 9 10254
6330 12 6466 0 63 113 10255
6330 9 6466 0 40 59 10256
6330 4 6468 0 98 36 10257
6330 34 6466 0 29 60 10258
6330 3 6465 0 103 22 10259
6330 3 6466 0 146 22 10260
6330 20 6465 0 96 13 10261
6330 4 6466 0 72 194 10262
6330 19 6467 0 15 186 10263
6330 14 6465 0 128 55 10264
6330 3 6466 0 142 143 10265
6330 3 6464 0 178 113 10266
6330 21 6465 0 110 24 10267
6341 156 9327 1 101 26 10268
6345 4 6481 0 99 9 10269
6345 8 6480 0 149 33 10270
6345 5 6484 0 98 36 10271
6345 11 6481 0 122 58 10272
6345 25 6480 0 131 45 10273
6345 12 6481 0 128 55 10274
6345 19 6481 0 155 79 10275
6345 11 6482 0 63 134 10276
6345 21 6479 0 37 7 10277
6345 18 6479 0 109 1 10278
6345 12 6481 0 161 34 10279
6345 25 6481 0 124 33 10280
6345 27 6482 0 128 96 10281
6345 5 6481 0 101 26 10282
6345 5 6483 0 146 22 10283
6345 10 6481 0 128 40 10284
6345 43 6480 0 66 169 10285
6345 36 6481 0 143 170 10286
6345 15 6481 0 96 13 10287
6345 19 6481 0 110 24 10288
6345 44 6481 0 29 60 10289
6345 21 6482 0 109 56 10290
6345 3 6482 0 67 20 10291
6345 4 6483 0 117 40 10292
6345 13 6479 0 24 195 10293
6345 12 6483 0 121 49 10294
6345 3 6480 0 7 180 10295
6345 19 6480 0 122 11 10296
6345 13 6482 0 198 85 10297
6345 11 6480 0 40 59 10298
6360 18 6494 0 146 159 10299
6360 6 6496 0 117 40 10300
6360 5 6498 0 146 22 10301
6360 21 6497 0 128 55 10302
6360 20 6497 0 96 13 10303
6360 14 6497 0 155 122 10304
6360 10 6496 0 86 23 10305
6360 6 6497 0 194 169 10306
6360 7 6498 0 122 58 10307
6360 32 6496 0 128 96 10308
6360 4 6496 0 40 105 10309
6360 17 6498 0 109 1 10310
6360 12 6497 0 161 34 10311
6360 12 6496 0 182 28 10312
6360 25 6497 0 156 90 10313
6360 10 6499 0 188 80 10314
6360 20 6497 0 113 48 10315
6360 9 6496 0 149 33 10316
6360 24 6494 0 124 33 10317
6360 6 6495 0 101 26 10318
6375 4 6514 0 142 143 10319
6375 4 6511 0 98 36 10320
6375 34 6513 0 18 115 10321
6375 9 6511 0 86 23 10322
6375 10 6509 0 128 40 10323
6375 6 6511 0 140 22 10324
6375 3 6510 0 94 1 10325
6375 3 6508 0 146 22 10326
6375 7 6511 0 138 36 10327
6375 25 6512 0 10 193 10328
6375 10 6511 0 63 134 10329
6375 6 6510 0 103 22 10330
6375 17 6512 0 122 11 10331
6375 6 6511 0 72 194 10332
6375 44 6509 0 106 10 10333
6375 7 6511 0 149 33 10334
6375 10 6513 0 122 58 10335
6375 20 6512 0 109 1 10336
6375 26 6513 0 29 60 10337
6375 12 6512 0 148 56 10338
6375 25 6510 0 96 13 10339
6375 6 6511 0 188 80 10340
6375 39 6513 0 66 134 10341
6375 6 6512 0 67 20 10342
6375 23 6511 0 128 55 10343
6390 34 6527 0 93 51 10344
6390 14 6524 0 96 13 10345
6390 5 6527 0 40 105 10346
6390 5 6526 0 146 22 10347
6390 10 6525 0 149 33 10348
6390 14 6524 0 131 45 10349
6390 14 6526 0 155 79 10350
6390 16 6524 0 22 41 10351
6390 6 6527 0 117 40 10352
6390 19 6525 0 146 159 10353
6390 26 6526 0 10 193 10354
6390 14 6526 0 132 13 10355
6390 6 6528 0 178 113 10356
6390 30 6525 0 66 134 10357
6390 12 6525 0 140 22 10358
6390 10 6526 0 6 88 10359
6390 6 6526 0 153 145 10360
6390 40 6527 0 127 27 10361
6390 5 6527 0 99 9 10362
6397 79 9383 1 179 186 10363
6403 75 9389 1 10 193 10364
6405 6 6540 0 72 194 10365
6405 16 6541 0 113 48 10366
6405 23 6541 0 109 1 10367
6405 10 6541 0 149 33 10368
6405 3 6538 0 103 22 10369
6405 5 6542 0 98 36 10370
6405 22 6541 0 120 146 10371
6405 3 6541 0 101 26 10372
6405 18 6538 0 37 7 10373
6405 19 6543 0 155 79 10374
6405 7 6541 0 128 40 10375
6405 8 6541 0 63 134 10376
6405 5 6542 0 99 9 10377
6405 10 6542 0 122 58 10378
6405 43 6539 0 10 193 10379
6405 6 6542 0 148 56 10380
6405 6 6541 0 185 66 10381
6405 5 6541 0 94 1 10382
6405 5 6543 0 146 22 10383
6405 25 6543 0 110 24 10384
6405 9 6539 0 138 36 10385
6405 23 6542 0 109 56 10386
6405 13 6541 0 132 13 10387
6417 79 9403 1 63 113 10388
6420 26 6555 0 106 10 10389
6420 25 6558 0 96 13 10390
6420 3 6555 0 94 1 10391
6420 24 6554 0 113 48 10392
6420 7 6555 0 128 40 10393
6420 25 6554 0 132 13 10394
6420 37 6558 0 24 183 10395
6420 21 6556 0 110 24 10396
6420 25 6555 0 128 96 10397
6420 24 6557 0 179 186 10398
6420 4 6556 0 101 26 10399
6420 3 6555 0 173 171 10400
6420 8 6555 0 138 36 10401
6420 6 6556 0 72 131 10402
6420 12 6557 0 37 7 10403
6420 44 6556 0 10 193 10404
6420 6 6556 0 125 90 10405
6420 4 6555 0 103 22 10406
6420 25 6556 0 127 27 10407
6420 12 6556 0 124 33 10408
6420 13 6558 0 122 11 10409
6420 3 6556 0 99 9 10410
6420 3 6557 0 2 3 10411
6420 23 6554 0 128 55 10412
6420 11 6559 0 182 28 10413
6435 8 6570 0 140 22 10414
6435 24 6572 0 132 13 10415
6435 4 6571 0 2 3 10416
6435 8 6572 0 40 59 10417
6435 5 6570 0 67 20 10418
6435 12 6570 0 109 1 10419
6435 6 6572 0 101 26 10420
6435 8 6571 0 149 33 10421
6435 10 6571 0 182 28 10422
6435 34 6570 0 105 143 10423
6435 32 6571 0 128 96 10424
6435 10 6572 0 86 23 10425
6435 4 6573 0 98 36 10426
6435 11 6571 0 122 58 10427
6435 22 6571 0 93 9 10428
6435 13 6570 0 124 33 10429
6435 20 6572 0 96 13 10430
6435 9 6571 0 63 113 10431
6435 21 6570 0 122 11 10432
6435 3 6573 0 117 40 10433
6435 26 6571 0 29 60 10434
6435 6 6572 0 15 4 10435
6435 41 6569 0 106 10 10436
6450 11 6587 0 148 56 10437
6450 8 6587 0 128 40 10438
6450 3 6586 0 101 26 10439
6450 15 6586 0 109 56 10440
6450 15 6586 0 128 55 10441
6450 40 6585 0 95 77 10442
6450 4 6586 0 146 22 10443
6450 4 6585 0 173 171 10444
6450 16 6587 0 179 186 10445
6450 42 6585 0 66 134 10446
6450 25 6584 0 122 11 10447
6450 6 6586 0 103 22 10448
6450 6 6586 0 63 134 10449
6450 6 6586 0 138 36 10450
6450 5 6585 0 40 105 10451
6450 15 6588 0 24 195 10452
6450 18 6586 0 131 45 10453
6450 12 6585 0 110 24 10454
6450 24 6586 0 15 186 10455
6450 11 6588 0 122 58 10456
6450 17 6587 0 121 49 10457
6450 8 6588 0 140 22 10458
6450 11 6590 0 194 169 10459
6450 14 6586 0 55 108 10460
6450 4 6586 0 155 52 10461
6464 45 9452 1 132 13 10462
6465 15 6602 0 128 55 10463
6465 16 6601 0 120 146 10464
6465 18 6601 0 122 11 10465
6465 7 6601 0 63 134 10466
6465 6 6601 0 149 33 10467
6465 4 6599 0 146 22 10468
6465 8 6600 0 128 40 10469
6465 19 6604 0 96 13 10470
6465 9 6600 0 182 28 10471
6465 11 6601 0 188 80 10472
6465 5 6602 0 98 36 10473
6465 7 6602 0 185 66 10474
6465 5 6601 0 2 3 10475
6465 25 6598 0 164 40 10476
6465 29 6600 0 127 27 10477
6465 10 6600 0 6 88 10478
6465 17 6599 0 113 48 10479
6465 36 6601 0 106 10 10480
6480 18 6616 0 113 48 10481
6480 18 6615 0 121 49 10482
6480 41 6618 0 10 193 10483
6480 14 6615 0 96 13 10484
6480 18 6619 0 37 7 10485
6480 16 6615 0 24 195 10486
6480 36 6617 0 93 51 10487
6480 4 6617 0 178 113 10488
6480 4 6616 0 125 90 10489
6480 11 6615 0 122 58 10490
6480 19 6614 0 131 45 10491
6480 6 6618 0 98 36 10492
6480 25 6614 0 122 11 10493
6480 22 6615 0 128 55 10494
6480 6 6616 0 140 22 10495
6480 11 6616 0 149 33 10496
6480 6 6617 0 99 9 10497
6495 12 6630 0 128 40 10498
6495 3 6630 0 98 36 10499
6495 12 6630 0 109 56 10500
6495 19 6631 0 110 24 10501
6495 3 6629 0 117 40 10502
6495 18 6631 0 132 13 10503
6495 30 6632 0 127 27 10504
6495 17 6632 0 15 186 10505
6495 21 6632 0 113 48 10506
6495 9 6629 0 122 58 10507
6495 8 6635 0 40 59 10508
6495 6 6631 0 140 22 10509
6495 4 6632 0 155 52 10510
6495 16 6629 0 155 122 10511
6495 15 6629 0 55 108 10512
6495 14 6632 0 198 85 10513
6495 5 6632 0 15 4 10514
6495 35 6631 0 95 77 10515
6495 12 6632 0 122 11 10516
6495 19 6633 0 120 146 10517
6495 24 6632 0 128 55 10518
6495 23 6630 0 131 45 10519
6510 8 6648 0 128 40 10520
6510 19 6647 0 109 1 10521
6510 6 6646 0 142 143 10522
6510 15 6644 0 55 108 10523
6510 17 6647 0 113 48 10524
6510 35 6645 0 164 40 10525
6510 4 6645 0 155 52 10526
6510 25 6646 0 22 41 10527
6510 10 6647 0 6 88 10528
6510 8 6646 0 122 58 10529
6510 3 6647 0 99 9 10530
6510 43 6644 0 18 115 10531
6510 6 6647 0 7 180 10532
6510 33 6648 0 102 140 10533
6510 14 6645 0 166 118 10534
6510 5 6646 0 146 22 10535
6510 38 6643 0 95 77 10536
6510 13 6647 0 128 55 10537
6510 4 6646 0 173 171 10538
6510 21 6647 0 110 24 10539
6510 20 6645 0 124 33 10540
6510 23 6645 0 122 11 10541
6510 18 6645 0 109 56 10542
6510 11 6645 0 138 36 10543
6510 3 6647 0 101 26 10544
6510 3 6643 0 103 22 10545
6510 14 6645 0 121 49 10546
6510 12 6645 0 146 119 10547
6510 9 6647 0 148 56 10548
6510 5 6645 0 98 36 10549
6510 40 6645 0 143 170 10550
6525 23 6660 0 131 45 10551
6525 5 6662 0 146 22 10552
6525 5 6660 0 7 180 10553
6525 25 6661 0 93 9 10554
6525 25 6661 0 127 27 10555
6525 14 6660 0 96 13 10556
6525 5 6661 0 101 26 10557
6525 15 6661 0 122 11 10558
6525 24 6661 0 128 55 10559
6525 22 6662 0 198 85 10560
6525 22 6664 0 132 13 10561
6525 8 6660 0 128 40 10562
6525 6 6660 0 103 22 10563
6525 17 6662 0 121 49 10564
6525 10 6660 0 188 80 10565
6525 25 6662 0 124 33 10566
6525 12 6664 0 146 159 10567
6525 21 6661 0 109 56 10568
6525 6 6660 0 15 4 10569
6525 9 6662 0 63 134 10570
6525 18 6662 0 109 1 10571
6525 31 6662 0 18 115 10572
6529 77 9514 1 13 75 10573
6534 141 9522 1 7 180 10574
6540 16 6676 0 113 48 10575
6540 7 6675 0 128 40 10576
6540 25 6677 0 155 79 10577
6540 6 6676 0 122 58 10578
6540 17 6676 0 146 119 10579
6540 29 6676 0 128 96 10580
6540 6 6675 0 138 36 10581
6540 13 6678 0 57 122 10582
6540 17 6676 0 13 75 10583
6540 3 6676 0 153 145 10584
6540 19 6677 0 131 45 10585
6540 15 6678 0 96 13 10586
6540 11 6675 0 149 33 10587
6540 6 6676 0 7 180 10588
6540 44 6674 0 164 40 10589
6540 14 6676 0 24 195 10590
6540 4 6673 0 40 105 10591
6540 14 6678 0 198 85 10592
6540 9 6673 0 188 80 10593
6540 3 6677 0 67 20 10594
6555 24 6691 0 124 33 10595
6555 14 6690 0 109 56 10596
6555 36 6690 0 18 115 10597
6555 25 6690 0 113 48 10598
6555 41 6690 0 106 10 10599
6555 6 6689 0 161 34 10600
6555 18 6691 0 132 13 10601
6555 29 6693 0 102 140 10602
6555 10 6692 0 185 66 10603
6555 4 6691 0 98 36 10604
6555 12 6691 0 149 33 10605
6555 19 6692 0 24 195 10606
6555 3 6691 0 40 105 10607
6555 3 6693 0 99 9 10608
6555 4 6691 0 125 90 10609
6555 6 6693 0 140 22 10610
6555 11 6692 0 40 59 10611
6555 9 6692 0 128 40 10612
6555 25 6692 0 24 183 10613
6556 69 9543 1 155 52 10614
6570 11 6706 0 194 169 10615
6570 19 6705 0 146 159 10616
6570 33 6708 0 127 27 10617
6570 13 6705 0 128 55 10618
6570 4 6705 0 98 36 10619
6570 23 6706 0 15 186 10620
6570 5 6705 0 2 3 10621
6570 6 6705 0 178 113 10622
6570 14 6705 0 120 146 10623
6570 7 6706 0 63 134 10624
6570 19 6705 0 156 90 10625
6570 3 6706 0 142 143 10626
6570 19 6708 0 96 13 10627
6570 4 6706 0 72 131 10628
6570 28 6705 0 24 183 10629
6570 5 6708 0 72 194 10630
6570 9 6705 0 149 33 10631
6570 11 6706 0 128 40 10632
6570 5 6705 0 125 90 10633
6570 15 6706 0 179 186 10634
6570 11 6707 0 138 36 10635
6585 19 6721 0 124 33 10636
6585 18 6723 0 122 11 10637
6585 6 6722 0 72 194 10638
6585 44 6722 0 66 134 10639
6585 6 6721 0 149 33 10640
6585 25 6721 0 166 118 10641
6585 5 6721 0 40 105 10642
6585 5 6723 0 99 9 10643
6585 17 6720 0 128 55 10644
6585 12 6721 0 194 169 10645
6585 10 6721 0 63 113 10646
6585 33 6721 0 10 193 10647
6585 23 6721 0 121 49 10648
6585 19 6723 0 13 75 10649
6585 24 6719 0 93 9 10650
6585 43 6721 0 106 10 10651
6585 21 6721 0 15 186 10652
6585 18 6720 0 146 159 10653
6585 5 6722 0 15 4 10654
6585 5 6721 0 72 131 10655
6585 30 6722 0 24 183 10656
6585 17 6722 0 132 13 10657
6585 39 6722 0 127 27 10658
6585 5 6723 0 101 26 10659
6585 23 6720 0 109 56 10660
6585 6 6722 0 182 28 10661
6585 5 6721 0 78 150 10662
6600 5 6734 0 142 143 10663
6600 22 6736 0 146 159 10664
6600 25 6737 0 113 48 10665
6600 24 6736 0 128 55 10666
6600 4 6735 0 117 40 10667
6600 6 6738 0 146 22 10668
6600 10 6736 0 148 56 10669
6600 21 6735 0 132 13 10670
6600 5 6735 0 125 90 10671
6600 32 6736 0 127 27 10672
6600 12 6735 0 122 58 10673
6600 16 6736 0 55 108 10674
6600 11 6737 0 185 66 10675
6600 3 6736 0 101 26 10676
6600 4 6735 0 78 150 10677
6600 16 6735 0 166 118 10678
6600 38 6734 0 10 193 10679
6600 4 6737 0 2 3 10680
6600 14 6736 0 124 33 10681
6600 5 6735 0 98 36 10682
6600 42 6737 0 128 96 10683
6600 3 6735 0 173 171 10684
6600 25 6734 0 121 49 10685
6600 6 6734 0 140 22 10686
6615 19 6751 0 121 49 10687
6615 25 6750 0 96 13 10688
6615 3 6752 0 15 4 10689
6615 6 6750 0 40 59 10690
6615 4 6749 0 103 22 10691
6615 36 6751 0 66 169 10692
6615 25 6752 0 179 186 10693
6615 6 6749 0 128 40 10694
6615 5 6751 0 117 40 10695
6615 23 6751 0 156 90 10696
6615 4 6750 0 178 113 10697
6615 42 6751 0 95 77 10698
6615 41 6753 0 128 96 10699
6615 20 6751 0 131 45 10700
6615 4 6751 0 173 171 10701
6615 32 6751 0 127 27 10702
6615 8 6751 0 63 134 10703
6615 17 6750 0 122 11 10704
6615 8 6753 0 140 22 10705
6615 10 6754 0 188 80 10706
6615 21 6752 0 113 48 10707
6615 4 6750 0 101 26 10708
6615 11 6750 0 138 36 10709
6618 195 9603 1 103 22 10710
6630 17 6765 0 109 1 10711
6630 9 6765 0 149 33 10712
6630 3 6764 0 103 22 10713
6630 21 6764 0 121 49 10714
6630 24 6765 0 22 41 10715
6630 7 6768 0 40 59 10716
6630 17 6766 0 113 48 10717
6630 14 6765 0 13 75 10718
6630 4 6766 0 101 26 10719
6630 5 6765 0 15 4 10720
6630 8 6765 0 140 22 10721
6630 3 6766 0 98 36 10722
6630 22 6767 0 122 11 10723
6630 6 6764 0 117 40 10724
6630 15 6766 0 179 186 10725
6630 27 6767 0 127 27 10726
6630 14 6767 0 110 24 10727
6630 7 6764 0 138 36 10728
6630 15 6766 0 93 9 10729
6630 18 6764 0 155 79 10730
6630 6 6765 0 72 194 10731
6632 79 9619 1 63 134 10732
6638 47 9625 1 122 11 10733
6645 7 6781 0 128 40 10734
6645 3 6782 0 7 180 10735
6645 4 6781 0 146 22 10736
6645 5 6782 0 125 90 10737
6645 38 6782 0 105 143 10738
6645 5 6780 0 101 26 10739
6645 6 6781 0 94 1 10740
6645 14 6782 0 156 90 10741
6645 12 6781 0 138 36 10742
6645 20 6781 0 110 24 10743
6645 10 6782 0 149 33 10744
6645 5 6781 0 2 3 10745
6645 11 6779 0 122 58 10746
6645 11 6782 0 140 22 10747
6645 26 6781 0 106 10 10748
6645 39 6780 0 164 40 10749
6645 8 6783 0 63 134 10750
6645 40 6779 0 29 60 10751
6645 8 6782 0 182 28 10752
6660 5 6795 0 72 194 10753
6660 44 6794 0 143 170 10754
6660 15 6795 0 109 56 10755
6660 16 6796 0 37 7 10756
6660 10 6796 0 148 56 10757
6660 10 6796 0 63 113 10758
6660 15 6797 0 121 49 10759
6660 24 6796 0 110 24 10760
6660 4 6797 0 72 131 10761
6660 44 6794 0 106 10 10762
6660 35 6796 0 95 77 10763
6660 4 6797 0 153 145 10764
6660 21 6797 0 131 45 10765
6660 35 6794 0 127 27 10766
6660 13 6796 0 122 11 10767
6660 4 6796 0 99 9 10768
6660 27 6797 0 66 169 10769
6660 30 6796 0 66 134 10770
6660 16 6795 0 124 33 10771
6660 19 6796 0 166 118 10772
6660 5 6797 0 101 26 10773
6660 35 6794 0 29 60 10774
6660 9 6798 0 138 36 10775
6672 73 9659 1 86 23 10776
6675 25 6812 0 96 13 10777
6675 10 6812 0 140 22 10778
6675 25 6811 0 109 1 10779
6675 22 6811 0 132 13 10780
6675 24 6812 0 146 119 10781
6675 5 6810 0 103 22 10782
6675 20 6813 0 131 45 10783
6675 3 6811 0 153 145 10784
6675 19 6810 0 55 108 10785
6675 13 6811 0 110 24 10786
6675 6 6810 0 185 66 10787
6675 15 6810 0 122 11 10788
6675 5 6812 0 146 22 10789
6675 10 6811 0 161 34 10790
6675 6 6811 0 2 3 10791
6675 44 6813 0 18 115 10792
6675 3 6811 0 117 40 10793
6675 24 6810 0 121 49 10794
6675 12 6811 0 86 23 10795
6675 30 6813 0 24 183 10796
6675 16 6811 0 156 90 10797
6675 5 6811 0 15 4 10798
6675 5 6812 0 7 180 10799
6675 33 6810 0 106 10 10800
6675 32 6814 0 127 27 10801
6675 26 6813 0 164 40 10802
6675 6 6810 0 101 26 10803
6675 3 6811 0 40 105 10804
6675 10 6812 0 148 56 10805
6690 21 6825 0 124 33 10806
6690 17 6828 0 122 11 10807
6690 16 6826 0 110 24 10808
6690 39 6826 0 164 40 10809
6690 12 6825 0 148 56 10810
6690 23 6826 0 128 55 10811
6690 23 6825 0 109 56 10812
6690 6 6826 0 7 180 10813
6690 17 6827 0 155 79 10814
6690 6 6827 0 15 4 10815
6690 8 6826 0 194 169 10816
6690 23 6825 0 121 49 10817
6690 3 6826 0 72 131 10818
6690 18 6826 0 156 90 10819
6690 25 6827 0 120 146 10820
6690 10 6825 0 138 36 10821
6690 21 6828 0 146 119 10822
6690 3 6829 0 101 26 10823
6690 35 6824 0 106 10 10824
6690 12 6826 0 131 45 10825
6690 12 6828 0 6 88 10826
6690 3 6823 0 99 9 10827
6690 44 6826 0 24 183 10828
6694 60 9681 1 67 20 10829
6705 6 6843 0 2 3 10830
6705 12 6841 0 86 23 10831
6705 13 6841 0 121 49 10832
6705 18 6839 0 15 186 10833
6705 6 6840 0 98 36 10834
6705 9 6840 0 122 58 10835
6705 20 6839 0 146 119 10836
6705 24 6841 0 24 195 10837
6705 21 6840 0 109 1 10838
6705 18 6837 0 37 7 10839
6705 20 6842 0 120 146 10840
6705 25 6841 0 22 41 10841
6705 6 6842 0 103 22 10842
6705 25 6842 0 109 56 10843
6705 22 6840 0 122 11 10844
6705 4 6842 0 72 194 10845
6705 10 6840 0 128 40 10846
6705 3 6840 0 117 40 10847
6716 155 9702 1 113 48 10848
6716 41 9700 1 6 88 10849
6720 16 6860 0 15 186 10850
6720 16 6857 0 55 108 10851
6720 5 6859 0 101 26 10852
6720 17 6855 0 122 11 10853
6720 20 6857 0 113 48 10854
6720 26 6856 0 66 134 10855
6720 12 6854 0 194 169 10856
6720 4 6858 0 117 40 10857
6720 3 6856 0 72 131 10858
6720 19 6856 0 124 33 10859
6720 16 6857 0 110 24 10860
6720 4 6856 0 7 180 10861
6720 24 6855 0 146 119 10862
6720 5 6856 0 98 36 10863
6720 4 6856 0 40 105 10864
6720 21 6858 0 179 186 10865
6720 10 6857 0 148 56 10866
6720 12 6855 0 138 36 10867
6720 13 6856 0 24 195 10868
6720 12 6857 0 131 45 10869
6720 15 6855 0 121 49 10870
6720 5 6854 0 153 145 10871
6720 6 6858 0 155 52 10872
6720 4 6855 0 99 9 10873
6735 4 6873 0 78 150 10874
6735 15 6870 0 124 33 10875
6735 8 6870 0 63 134 10876
6735 15 6871 0 96 13 10877
6735 5 6870 0 98 36 10878
6735 8 6871 0 140 22 10879
6735 4 6872 0 103 22 10880
6735 4 6871 0 101 26 10881
6735 5 6870 0 142 143 10882
6735 25 6870 0 131 45 10883
6735 21 6872 0 113 48 10884
6735 23 6872 0 132 13 10885
6735 16 6868 0 155 122 10886
6735 25 6873 0 93 9 10887
6735 4 6872 0 99 9 10888
6735 32 6871 0 106 10 10889
6735 5 6871 0 146 22 10890
6735 16 6870 0 109 56 10891
6735 22 6870 0 156 90 10892
6750 23 6885 0 13 75 10893
6750 10 6886 0 149 33 10894
6750 27 6886 0 24 183 10895
6750 4 6884 0 101 26 10896
6750 6 6884 0 122 58 10897
6750 15 6886 0 131 45 10898
6750 30 6886 0 10 193 10899
6750 3 6884 0 72 194 10900
6750 16 6887 0 156 90 10901
6750 4 6884 0 125 90 10902
6750 11 6883 0 182 28 10903
6750 11 6887 0 128 40 10904
6750 5 6887 0 146 22 10905
6750 6 6887 0 7 180 10906
6750 24 6885 0 121 49 10907
6750 18 6885 0 124 33 10908
6750 5 6886 0 117 40 10909
6750 25 6885 0 93 9 10910
6765 39 6899 0 143 170 10911
6765 12 6902 0 185 66 10912
6765 25 6901 0 156 90 10913
6765 6 6901 0 98 36 10914
6765 15 6900 0 121 49 10915
6765 19 6901 0 132 13 10916
6765 24 6904 0 120 146 10917
6765 9 6901 0 149 33 10918
6765 19 6900 0 113 48 10919
6765 44 6901 0 128 96 10920
6765 45 6901 0 10 193 10921
6765 6 6897 0 103 22 10922
6765 4 6900 0 72 194 10923
6765 22 6902 0 146 159 10924
6765 3 6902 0 125 90 10925
6765 29 6900 0 18 115 10926
6765 5 6901 0 7 180 10927
6765 4 6899 0 94 1 10928
6765 11 6899 0 148 56 10929
6765 24 6900 0 24 195 10930
6765 9 6902 0 182 28 10931
6765 20 6902 0 110 24 10932
6765 6 6899 0 40 59 10933
6765 4 6900 0 173 171 10934
6765 5 6900 0 117 40 10935
6765 12 6902 0 96 13 10936
6765 4 6902 0 142 143 10937
6765 8 6899 0 86 23 10938
6769 41 9754 1 138 36 10939
6780 5 6915 0 7 180 10940
6780 6 6916 0 2 3 10941
6780 16 6916 0 121 49 10942
6780 5 6917 0 72 194 10943
6780 35 6914 0 127 27 10944
6780 5 6915 0 146 22 10945
6780 11 6916 0 149 33 10946
6780 12 6916 0 198 85 10947
6780 6 6915 0 117 40 10948
6780 4 6914 0 173 171 10949
6780 20 6917 0 122 11 10950
6780 8 6918 0 63 113 10951
6780 6 6916 0 194 169 10952
6780 18 6917 0 96 13 10953
6780 14 6915 0 128 55 10954
6780 12 6917 0 138 36 10955
6780 4 6917 0 72 131 10956
6780 13 6915 0 166 118 10957
6780 32 6914 0 29 60 10958
6780 4 6917 0 99 9 10959
6780 7 6918 0 182 28 10960
6780 34 6917 0 143 170 10961
6780 7 6916 0 140 22 10962
6780 25 6915 0 37 7 10963
6780 50 9766 1 98 36 10964
6780 31 6917 0 10 193 10965
6780 11 6917 0 122 58 10966
6780 4 6916 0 101 26 10967
6780 3 6914 0 103 22 10968
6795 14 6930 0 13 75 10969
6795 36 6931 0 105 143 10970
6795 11 6930 0 188 80 10971
6795 19 6934 0 128 55 10972
6795 4 6931 0 99 9 10973
6795 43 6933 0 66 134 10974
6795 32 6929 0 128 96 10975
6795 20 6932 0 15 186 10976
6795 4 6933 0 103 22 10977
6795 7 6929 0 6 88 10978
6795 18 6930 0 109 56 10979
6795 7 6931 0 149 33 10980
6795 43 6930 0 164 40 10981
6795 12 6931 0 113 48 10982
6795 37 6931 0 93 51 10983
6795 32 6933 0 24 183 10984
6795 12 6930 0 156 90 10985
6795 21 6930 0 131 45 10986
6795 41 6932 0 127 27 10987
6795 7 6931 0 148 56 10988
6795 7 6935 0 140 22 10989
6795 19 6931 0 122 11 10990
6795 17 6931 0 198 85 10991
6795 43 6930 0 29 60 10992
6795 25 6931 0 155 122 10993
6795 8 6929 0 128 40 10994
6795 3 6931 0 40 105 10995
6795 24 6931 0 179 186 10996
6795 18 6932 0 93 9 10997
6795 9 6933 0 138 36 10998
6795 17 6930 0 110 24 10999
6810 12 6946 0 128 40 11000
6810 6 6946 0 98 36 11001
6810 23 6946 0 24 195 11002
6810 23 6945 0 124 33 11003
6810 15 6945 0 96 13 11004
6810 41 6946 0 106 10 11005
6810 8 6946 0 63 134 11006
6810 7 6946 0 185 66 11007
6810 3 6949 0 146 22 11008
6810 25 6949 0 121 49 11009
6810 6 6945 0 142 143 11010
6810 15 6947 0 146 159 11011
6810 3 6946 0 15 4 11012
6810 25 6944 0 128 55 11013
6810 3 6948 0 125 90 11014
6810 5 6944 0 101 26 11015
6810 7 6948 0 138 36 11016
6810 10 6944 0 161 34 11017
6810 21 6946 0 155 122 11018
6810 21 6946 0 131 45 11019
6825 12 6961 0 122 58 11020
6825 23 6961 0 198 85 11021
6825 22 6961 0 146 119 11022
6825 10 6959 0 185 66 11023
6825 37 6961 0 105 143 11024
6825 14 6962 0 156 90 11025
6825 3 6960 0 7 180 11026
6825 5 6960 0 101 26 11027
6825 31 6963 0 127 27 11028
6825 4 6963 0 103 22 11029
6825 14 6959 0 146 159 11030
6825 12 6961 0 122 11 11031
6825 9 6962 0 63 134 11032
6825 24 6961 0 13 75 11033
6825 13 6960 0 132 13 11034
6825 3 6959 0 98 36 11035
6825 15 6960 0 128 55 11036
6825 16 6960 0 131 45 11037
6825 44 6960 0 24 183 11038
6825 24 6963 0 22 41 11039
6825 16 6960 0 121 49 11040
6825 11 6959 0 140 22 11041
6825 5 6959 0 78 150 11042
6825 24 6960 0 179 186 11043
6833 77 9819 1 188 80 11044
6840 41 6978 0 164 40 11045
6840 10 6976 0 63 113 11046
6840 44 6976 0 143 170 11047
6840 6 6977 0 98 36 11048
6840 3 6975 0 99 9 11049
6840 3 6978 0 117 40 11050
6840 21 6975 0 146 119 11051
6840 12 6977 0 113 48 11052
6840 21 6974 0 131 45 11053
6840 34 6976 0 93 51 11054
6840 6 6976 0 125 90 11055
6840 6 6977 0 7 180 11056
6840 33 6975 0 95 77 11057
6840 36 6976 0 127 27 11058
6840 6 6973 0 101 26 11059
6840 12 6977 0 128 40 11060
6840 12 6975 0 140 22 11061
6840 32 6974 0 10 193 11062
6840 21 6975 0 156 90 11063
6840 8 6977 0 122 58 11064
6840 27 6976 0 105 143 11065
6850 34 9835 1 122 58 11066
6855 8 6992 0 149 33 11067
6855 24 6991 0 109 1 11068
6855 25 6991 0 121 49 11069
6855 18 6991 0 132 13 11070
6855 21 6990 0 166 118 11071
6855 25 6990 0 128 55 11072
6855 3 6991 0 101 26 11073
6855 6 6991 0 67 20 11074
6855 12 6993 0 131 45 11075
6855 3 6990 0 142 143 11076
6855 14 6991 0 156 90 11077
6855 29 6991 0 24 183 11078
6855 3 6992 0 117 40 11079
6855 4 6992 0 72 194 11080
6855 39 6991 0 164 40 11081
6855 35 6992 0 10 193 11082
6855 44 6991 0 106 10 11083
6855 42 6991 0 66 134 11084
6855 23 6992 0 124 33 11085
6855 24 6991 0 13 75 11086
6855 7 6993 0 122 58 11087
6855 11 6991 0 6 88 11088
6870 19 7005 0 121 49 11089
6870 4 7008 0 146 22 11090
6870 38 7006 0 105 143 11091
6870 15 7005 0 96 13 11092
6870 23 7006 0 120 146 11093
6870 16 7006 0 122 11 11094
6870 6 7004 0 148 56 11095
6870 36 7003 0 95 77 11096
6870 15 7006 0 93 9 11097
6870 5 7005 0 117 40 11098
6870 16 7007 0 109 1 11099
6870 40 7006 0 93 51 11100
6870 4 7007 0 72 131 11101
6870 18 7006 0 198 85 11102
6870 43 7005 0 128 96 11103
6870 24 7004 0 124 33 11104
6870 9 7006 0 149 33 11105
6870 10 7008 0 161 34 11106
6870 4 7005 0 101 26 11107
6870 7 7006 0 185 66 11108
6870 18 7005 0 22 41 11109
6870 12 7007 0 122 58 11110
6870 12 7004 0 113 48 11111
6870 12 7005 0 140 22 11112
6870 14 7008 0 155 122 11113
6870 38 7007 0 66 134 11114
6873 91 9859 1 132 13 11115
6885 16 7021 0 156 90 11116
6885 3 7021 0 67 20 11117
6885 6 7021 0 101 26 11118
6885 18 7022 0 96 13 11119
6885 21 7022 0 146 119 11120
6885 18 7021 0 124 33 11121
6885 18 7020 0 109 56 11122
6885 12 7021 0 109 1 11123
6885 9 7021 0 194 169 11124
6885 19 7019 0 155 122 11125
6885 6 7021 0 63 113 11126
6885 41 7021 0 95 77 11127
6885 19 7020 0 120 146 11128
6885 9 7023 0 128 40 11129
6885 24 7021 0 121 49 11130
6885 12 7021 0 122 11 11131
6885 6 7023 0 7 180 11132
6885 29 7021 0 105 143 11133
6885 27 7022 0 106 10 11134
6885 6 7022 0 122 58 11135
6885 10 7019 0 140 22 11136
6885 30 7022 0 66 169 11137
6900 5 7038 0 15 4 11138
6900 3 7035 0 103 22 11139
6900 34 7034 0 95 77 11140
6900 18 7036 0 128 55 11141
6900 12 7033 0 140 22 11142
6900 5 7035 0 125 90 11143
6900 8 7035 0 182 28 11144
6900 3 7034 0 2 3 11145
6900 12 7037 0 149 33 11146
6900 12 7036 0 40 59 11147
6900 6 7033 0 128 40 11148
6900 23 7035 0 179 186 11149
6900 12 7036 0 63 134 11150
6900 26 7038 0 29 60 11151
6900 9 7034 0 148 56 11152
6900 26 7036 0 127 27 11153
6900 26 7036 0 105 143 11154
6900 15 7037 0 109 1 11155
6900 5 7035 0 146 22 11156
6915 19 7051 0 121 49 11157
6915 6 7050 0 117 40 11158
6915 7 7053 0 63 134 11159
6915 4 7051 0 98 36 11160
6915 23 7052 0 96 13 11161
6915 24 7052 0 128 55 11162
6915 5 7051 0 103 22 11163
6915 20 7053 0 131 45 11164
6915 34 7053 0 105 143 11165
6915 3 7050 0 146 22 11166
6915 16 7053 0 110 24 11167
6915 15 7051 0 124 33 11168
6915 22 7050 0 122 11 11169
6915 4 7053 0 94 1 11170
6915 9 7049 0 138 36 11171
6915 13 7053 0 198 85 11172
6915 8 7049 0 149 33 11173
6915 4 7054 0 142 143 11174
6915 11 7053 0 128 40 11175
6915 9 7052 0 86 23 11176
6915 17 7050 0 155 122 11177
6915 12 7051 0 122 58 11178
6927 45 9915 1 182 28 11179
6930 4 7066 0 99 9 11180
6930 5 7067 0 67 20 11181
6930 8 7065 0 122 58 11182
6930 5 7066 0 155 52 11183
6930 17 7066 0 132 13 11184
6930 35 7067 0 29 60 11185
6930 21 7066 0 96 13 11186
6930 5 7067 0 101 26 11187
6930 9 7067 0 128 40 11188
6930 10 7064 0 138 36 11189
6930 3 7065 0 40 105 11190
6930 26 7065 0 127 27 11191
6930 29 7066 0 102 140 11192
6930 42 7064 0 105 143 11193
6930 5 7067 0 142 143 11194
6930 12 7067 0 110 24 11195
6930 6 7065 0 72 131 11196
6930 10 7066 0 6 88 11197
6930 14 7068 0 156 90 11198
6930 20 7066 0 122 11 11199
6930 4 7064 0 103 22 11200
6930 7 7066 0 182 28 11201
6930 22 7067 0 146 159 11202
6930 6 7066 0 72 194 11203
6930 36 7067 0 66 169 11204
6930 39 7067 0 106 10 11205
6930 23 7066 0 113 48 11206
6930 6 7066 0 146 22 11207
6936 52 9919 1 124 33 11208
6936 35 9923 1 95 77 11209
6940 69 9925 1 121 49 11210
6945 45 7081 0 24 183 11211
6945 24 7080 0 122 11 11212
6945 28 7078 0 29 60 11213
6945 13 7081 0 109 1 11214
6945 9 7082 0 140 22 11215
6945 4 7080 0 117 40 11216
6945 9 7084 0 188 80 11217
6945 6 7081 0 146 22 11218
6945 21 7083 0 124 33 11219
6945 4 7079 0 94 1 11220
6945 18 7081 0 156 90 11221
6945 11 7081 0 6 88 11222
6945 7 7081 0 138 36 11223
6945 3 7080 0 2 3 11224
6945 36 7081 0 10 193 11225
6945 18 7079 0 121 49 11226
6945 25 7078 0 96 13 11227
6945 16 7082 0 13 75 11228
6945 16 7080 0 132 13 11229
6945 22 7081 0 128 55 11230
6945 12 7082 0 155 122 11231
6945 8 7082 0 128 40 11232
6945 3 7079 0 101 26 11233
6945 5 7081 0 173 171 11234
6960 12 7095 0 155 79 11235
6960 4 7095 0 72 131 11236
6960 12 7096 0 132 13 11237
6960 9 7097 0 149 33 11238
6960 21 7096 0 179 186 11239
6960 4 7097 0 101 26 11240
6960 29 7098 0 105 143 11241
6960 4 7096 0 40 105 11242
6960 18 7096 0 109 56 11243
6960 6 7095 0 6 88 11244
6960 3 7096 0 72 194 11245
6960 5 7097 0 178 113 11246
6960 45 7096 0 106 10 11247
6960 9 7094 0 63 113 11248
6960 25 7097 0 29 60 11249
6960 14 7094 0 128 55 11250
6960 11 7096 0 128 40 11251
6960 6 7096 0 98 36 11252
6960 21 7095 0 131 45 11253
6960 13 7095 0 113 48 11254
6960 10 7095 0 140 22 11255
6971 35 9959 1 127 27 11256
6975 6 7109 0 99 9 11257
6975 23 7112 0 110 24 11258
6975 4 7114 0 178 113 11259
6975 9 7110 0 140 22 11260
6975 8 7113 0 138 36 11261
6975 43 7113 0 102 140 11262
6975 7 7110 0 182 28 11263
6975 25 7112 0 96 13 11264
6975 34 7111 0 18 115 11265
6975 13 7111 0 109 1 11266
6975 10 7112 0 128 40 11267
6975 4 7114 0 117 40 11268
6975 3 7111 0 155 52 11269
6975 4 7111 0 72 131 11270
6975 22 7110 0 122 11 11271
6975 14 7110 0 179 186 11272
6975 5 7108 0 173 171 11273
6975 14 7110 0 198 85 11274
6975 20 7110 0 124 33 11275
6975 20 7112 0 37 7 11276
6975 24 7111 0 128 55 11277
6975 19 7109 0 132 13 11278
6975 19 7112 0 155 122 11279
6975 4 7110 0 101 26 11280
6975 16 7113 0 131 45 11281
6980 65 9967 1 155 79 11282
6990 14 7124 0 131 45 11283
6990 12 7126 0 149 33 11284
6990 5 7127 0 94 1 11285
6990 42 7125 0 127 27 11286
6990 25 7124 0 106 10 11287
6990 12 7127 0 138 36 11288
6990 20 7126 0 166 118 11289
6990 3 7127 0 173 171 11290
6990 21 7126 0 146 159 11291
6990 24 7127 0 120 146 11292
6990 7 7127 0 122 58 11293
6990 21 7126 0 122 11 11294
6990 30 7126 0 143 170 11295
6990 9 7128 0 194 169 11296
6990 9 7126 0 188 80 11297
6990 24 7128 0 198 85 11298
6990 6 7125 0 103 22 11299
6990 5 7126 0 178 113 11300
6990 21 7126 0 156 90 11301
6990 16 7124 0 96 13 11302
6990 15 7127 0 109 56 11303
6990 19 7128 0 24 195 11304
6990 3 7129 0 72 131 11305
6990 5 7126 0 146 22 11306
7000 58 9985 1 146 119 11307
7005 20 7139 0 122 11 11308
7005 3 7142 0 125 90 11309
7005 17 7142 0 132 13 11310
7005 30 7139 0 143 170 11311
7005 11 7141 0 182 28 11312
7005 20 7142 0 121 49 11313
7005 9 7141 0 40 59 11314
7005 17 7143 0 120 146 11315
7005 8 7142 0 122 58 11316
7005 3 7143 0 117 40 11317
7005 14 7143 0 24 195 11318
7005 7 7139 0 185 66 11319
7005 26 7142 0 93 51 11320
7005 3 7139 0 67 20 11321
7005 44 7140 0 106 10 11322
7005 3 7141 0 101 26 11323
7005 4 7142 0 72 194 11324
7005 17 7141 0 109 56 11325
7005 8 7142 0 149 33 11326
7005 3 7140 0 146 22 11327
7015 60 10000 1 140 22 11328
7020 20 7157 0 146 119 11329
7020 6 7155 0 99 9 11330
7020 3 7158 0 78 150 11331
7020 5 7154 0 101 26 11332
7020 21 7154 0 24 195 11333
7020 5 7158 0 7 180 11334
7020 8 7154 0 122 58 11335
7020 4 7155 0 103 22 11336
7020 19 7157 0 121 49 11337
7020 14 7156 0 166 118 11338
7020 19 7157 0 37 7 11339
7020 25 7156 0 122 11 11340
7020 33 7157 0 29 60 11341
7020 10 7157 0 63 113 11342
7020 13 7156 0 109 56 11343
7020 40 7157 0 164 40 11344
7020 7 7155 0 6 88 11345
7020 6 7157 0 40 105 11346
7020 12 7154 0 96 13 11347
7020 18 7155 0 132 13 11348
7020 15 7156 0 113 48 11349
7020 45 7156 0 93 51 11350
7020 17 7156 0 110 24 11351
7020 14 7156 0 124 33 11352
7028 59 10000 1 185 66 11353
7035 3 7171 0 155 52 11354
7035 4 7170 0 103 22 11355
7035 4 7170 0 99 9 11356
7035 5 7170 0 98 36 11357
7035 4 7170 0 117 40 11358
7035 25 7169 0 121 49 11359
7035 42 7172 0 66 134 11360
7035 3 7172 0 153 145 11361
7035 20 7170 0 120 146 11362
7035 43 7171 0 128 96 11363
7035 22 7171 0 22 41 11364
7035 17 7170 0 128 55 11365
7035 41 7171 0 164 40 11366
7035 7 7173 0 128 40 11367
7035 30 7173 0 95 77 11368
7035 3 7171 0 72 131 11369
7035 40 7171 0 106 10 11370
7035 12 7171 0 124 33 11371
7035 4 7172 0 78 150 11372
7035 12 7172 0 86 23 11373
7035 24 7168 0 113 48 11374
7047 75 10000 1 96 13 11375
7048 46 10000 1 166 118 11376
7050 4 7185 0 78 150 11377
7050 24 7186 0 132 13 11378
7050 10 7188 0 122 58 11379
7050 6 7186 0 72 131 11380
7050 36 7187 0 127 27 11381
7050 3 7185 0 155 52 11382
7050 20 7184 0 131 45 11383
7050 27 7188 0 66 134 11384
7050 6 7185 0 101 26 11385
7050 4 7185 0 7 180 11386
7050 9 7186 0 128 40 11387
7050 22 7185 0 15 186 11388
7050 21 7185 0 109 1 11389
7050 6 7187 0 67 20 11390
7050 25 7187 0 122 11 11391
7050 3 7186 0 15 4 11392
7050 3 7186 0 99 9 11393
7050 40 7187 0 164 40 11394
7050 6 7185 0 148 56 11395
7050 26 7183 0 105 143 11396
7050 3 7187 0 103 22 11397
7050 6 7187 0 63 113 11398
7050 12 7184 0 96 13 11399
7050 14 7186 0 124 33 11400
7050 44 7188 0 106 10 11401
7050 4 7183 0 146 22 11402
7050 10 7187 0 40 59 11403
7050 6 7187 0 40 105 11404
7065 4 7201 0 72 194 11405
7065 41 7202 0 95 77 11406
7065 3 7200 0 178 113 11407
7065 6 7202 0 128 40 11408
7065 6 7200 0 146 22 11409
7065 3 7202 0 67 20 11410
7065 8 7202 0 188 80 11411
7065 21 7203 0 110 24 11412
7065 4 7203 0 99 9 11413
7065 20 7202 0 124 33 11414
7065 6 7200 0 148 56 11415
7065 34 7200 0 18 115 11416
7065 15 7202 0 131 45 11417
7065 20 7201 0 198 85 11418
7065 4 7204 0 15 4 11419
7065 14 7200 0 132 13 11420
7065 6 7199 0 122 58 11421
7065 7 7202 0 140 22 11422
7065 7 7202 0 149 33 11423
7065 25 7201 0 179 186 11424
7065 20 7202 0 146 159 11425
7065 4 7201 0 98 36 11426
7065 3 7204 0 103 22 11427
7065 7 7201 0 86 23 11428
7065 19 7201 0 113 48 11429
7065 17 7202 0 122 11 11430
7077 91 10000 1 142 143 11431
7080 4 7216 0 146 22 11432
7080 19 7217 0 93 9 11433
7080 6 7216 0 63 134 11434
7080 32 7216 0 66 169 11435
7080 12 7213 0 86 23 11436
7080 9 7216 0 182 28 11437
7080 41 7217 0 106 10 11438
7080 16 7215 0 113 48 11439
7080 6 7217 0 140 22 11440
7080 4 7214 0 99 9 11441
7080 3 7217 0 7 180 11442
7080 4 7216 0 67 20 11443
7080 4 7215 0 101 26 11444
7080 16 7215 0 128 55 11445
7080 6 7213 0 173 171 11446
7080 5 7216 0 2 3 11447
7080 8 7215 0 128 40 11448
7080 6 7218 0 155 52 11449
7080 23 7216 0 124 33 11450
7080 6 7215 0 15 4 11451
7080 31 7216 0 127 27 11452
7081 77 10000 1 156 90 11453
7095 6 7233 0 94 1 11454
7095 6 7229 0 7 180 11455
7095 16 7232 0 96 13 11456
7095 20 7232 0 131 45 11457
7095 10 7231 0 86 23 11458
7095 5 7231 0 146 22 11459
7095 3 7231 0 67 20 11460
7095 5 7231 0 101 26 11461
7095 43 7232 0 143 170 11462
7095 8 7230 0 194 169 11463
7095 19 7231 0 37 7 11464
7095 6 7230 0 185 66 11465
7095 21 7230 0 121 49 11466
7095 5 7231 0 15 4 11467
7095 18 7232 0 132 13 11468
7095 3 7233 0 125 90 11469
7095 6 7230 0 103 22 11470
7095 12 7232 0 6 88 11471
7095 32 7231 0 164 40 11472
7095 14 7231 0 122 11 11473
7095 21 7231 0 22 41 11474
7095 24 7232 0 113 48 11475
7095 21 7231 0 179 186 11476
7095 25 7231 0 106 10 11477
7095 16 7232 0 124 33 11478
7095 12 7233 0 140 22 11479
7095 21 7228 0 15 186 11480
7095 13 7231 0 128 55 11481
7106 167 10000 1 13 75 11482
7108 63 10000 1 155 122 11483
7109 37 10000 1 117 40 11484
7110 3 7247 0 178 113 11485
7110 22 7249 0 124 33 11486
7110 25 7247 0 109 56 11487
7110 13 7247 0 146 119 11488
7110 10 7246 0 140 22 11489
7110 14 7246 0 96 13 11490
7110 17 7246 0 122 11 11491
7110 6 7246 0 138 36 11492
7110 23 7245 0 146 159 11493
7110 11 7247 0 161 34 11494
7110 18 7248 0 155 122 11495
7110 15 7249 0 121 49 11496
7110 20 7246 0 132 13 11497
7110 10 7246 0 40 59 11498
7110 29 7245 0 10 193 11499
7110 8 7245 0 6 88 11500
7110 13 7249 0 55 108 11501
7110 25 7246 0 66 169 11502
7110 37 7245 0 66 134 11503
7110 6 7246 0 146 22 11504
7110 14 7246 0 22 41 11505
7110 4 7245 0 99 9 11506
7110 8 7243 0 149 33 11507
7110 13 7246 0 15 186 11508
7110 3 7246 0 40 105 11509
7125 14 7261 0 96 13 11510
7125 6 7263 0 40 105 11511
7125 22 7260 0 146 159 11512
7125 15 7262 0 57 122 11513
7125 35 7259 0 66 134 11514
7125 4 7261 0 72 194 11515
7125 10 7261 0 86 23 11516
7125 3 7261 0 103 22 11517
7125 21 7262 0 132 13 11518
7125 40 7261 0 29 60 11519
7125 13 7260 0 131 45 11520
7125 6 7260 0 98 36 11521
7125 20 7263 0 122 11 11522
7125 14 7260 0 110 24 11523
7125 25 7262 0 24 195 11524
7125 21 7259 0 166 118 11525
7125 14 7260 0 124 33 11526
7125 19 7262 0 55 108 11527
7125 6 7259 0 125 90 11528
7125 8 7259 0 138 36 11529
7125 4 7262 0 2 3 11530
7125 13 7260 0 128 55 11531
7125 8 7262 0 194 169 11532
7125 11 7260 0 128 40 11533
7125 3 7261 0 178 113 11534
7125 6 7259 0 101 26 11535
7140 7 7277 0 149 33 11536
7140 6 7279 0 117 40 11537
7140 7 7275 0 40 59 11538
7140 38 7275 0 66 169 11539
7140 16 7276 0 131 45 11540
7140 6 7278 0 98 36 11541
7140 4 7275 0 155 52 11542
7140 7 7276 0 63 113 11543
7140 6 7277 0 125 90 11544
7140 3 7276 0 103 22 11545
7140 10 7275 0 86 23 11546
7140 12 7275 0 146 119 11547
7140 16 7277 0 55 108 11548
7140 11 7274 0 194 169 11549
7140 12 7277 0 15 186 11550
7140 11 7273 0 122 58 11551
7140 22 7277 0 146 159 11552
7140 4 7277 0 173 171 11553
7140 37 7276 0 105 143 11554
7140 26 7276 0 106 10 11555
7140 17 7276 0 156 90 11556
7140 31 7275 0 29 60 11557
7140 5 7276 0 40 105 11558
7140 4 7275 0 67 20 11559
7140 3 7278 0 99 9 11560
7155 11 7291 0 140 22 11561
7155 29 7292 0 128 96 11562
7155 4 7291 0 178 113 11563
7155 11 7295 0 128 40 11564
7155 9 7292 0 188 80 11565
7155 3 7291 0 155 52 11566
7155 8 7293 0 63 113 11567
7155 27 7290 0 143 170 11568
7155 12 7290 0 55 108 11569
7155 21 7291 0 179 186 11570
7155 11 7292 0 149 33 11571
7155 6 7290 0 182 28 11572
7155 3 7289 0 99 9 11573
7155 12 7290 0 155 79 11574
7155 4 7291 0 117 40 11575
7155 13 7293 0 198 85 11576
7155 45 7291 0 10 193 11577
7155 13 7292 0 113 48 11578
7155 5 7290 0 40 105 11579
7170 32 7305 0 106 10 11580
7170 32 7306 0 24 183 11581
7170 3 7304 0 40 105 11582
7170 6 7306 0 128 40 11583
7170 6 7309 0 6 88 11584
7170 40 7304 0 127 27 11585
7170 24 7307 0 93 9 11586
7170 5 7307 0 67 20 11587
7170 6 7306 0 99 9 11588
7170 17 7307 0 128 55 11589
7170 5 7304 0 117 40 11590
7170 6 7307 0 98 36 11591
7170 37 7306 0 66 134 11592
7170 26 7305 0 102 140 11593
7170 4 7305 0 103 22 11594
7170 8 7305 0 138 36 11595
7170 11 7306 0 140 22 11596
7170 15 7306 0 122 11 11597
7170 34 7307 0 95 77 11598
7174 62 10000 1 7 180 11599
7178 53 10000 1 57 122 11600
7185 8 7322 0 122 58 11601
7185 4 7323 0 173 171 11602
7185 22 7321 0 13 75 11603
7185 29 7319 0 66 134 11604
7185 25 7321 0 128 55 11605
7185 26 7321 0 102 140 11606
7185 6 7320 0 146 22 11607
7185 5 7322 0 78 150 11608
7185 45 7322 0 66 169 11609
7185 22 7321 0 131 45 11610
7185 42 7319 0 29 60 11611
7185 12 7320 0 146 159 11612
7185 9 7324 0 86 23 11613
7185 26 7320 0 10 193 11614
7185 34 7322 0 106 10 11615
7185 25 7321 0 93 51 11616
7185 7 7321 0 182 28 11617
7185 21 7319 0 110 24 11618
7185 6 7321 0 101 26 11619
7185 25 7321 0 127 27 11620
7185 10 7323 0 188 80 11621
7185 14 7322 0 132 13 11622
7185 3 7321 0 153 145 11623
7185 15 7320 0 124 33 11624
7185 12 7321 0 24 195 11625
7185 5 7320 0 98 36 11626
7185 8 7321 0 138 36 11627
7200 11 7336 0 185 66 11628
7200 4 7336 0 72 194 11629
7200 22 7337 0 13 75 11630
7200 6 7335 0 140 22 11631
7200 5 7336 0 173 171 11632
7200 22 7337 0 55 108 11633
7200 5 7336 0 78 150 11634
7200 23 7337 0 131 45 11635
7200 18 7336 0 113 48 11636
7200 33 7337 0 10 193 11637
7200 17 7337 0 128 55 11638
7200 32 7335 0 93 51 11639
7200 5 7337 0 40 105 11640
7200 8 7336 0 86 23 11641
7200 24 7336 0 124 33 11642
7200 4 7338 0 98 36 11643
7200 6 7334 0 99 9 11644
7200 24 7336 0 109 56 11645
7200 5 7336 0 146 22 11646
7200 29 7337 0 143 170 11647
7200 20 7335 0 122 11 11648
7200 5 7337 0 15 4 11649
7200 3 7335 0 103 22 11650
7200 6 7337 0 2 3 11651
7200 7 7335 0 148 56 11652
7215 32 7351 0 127 27 11653
7215 23 7350 0 110 24 11654
7215 15 7352 0 121 49 11655
7215 12 7350 0 132 13 11656
7215 6 7351 0 122 58 11657
7215 7 7350 0 138 36 11658
7215 44 7350 0 128 96 11659
7215 24 7355 0 113 48 11660
7215 8 7347 0 148 56 11661
7215 16 7352 0 24 195 11662
7215 10 7352 0 149 33 11663
7215 23 7352 0 93 9 11664
7215 4 7351 0 153 145 11665
7215 11 7350 0 140 22 11666
7215 3 7347 0 173 171 11667
7215 11 7354 0 128 40 11668
7215 17 7350 0 122 11 11669
7215 3 7354 0 117 40 11670
7215 6 7350 0 99 9 11671
7215 6 7350 0 146 22 11672
7230 25 7368 0 106 10 11673
7230 12 7367 0 40 59 11674
7230 5 7365 0 153 145 11675
7230 8 7365 0 194 169 11676
7230 7 7364 0 6 88 11677
7230 3 7367 0 99 9 11678
7230 6 7366 0 101 26 11679
7230 6 7366 0 146 22 11680
7230 6 7366 0 138 36 11681
7230 20 7368 0 198 85 11682
7230 17 7363 0 121 49 11683
7230 5 7366 0 117 40 11684
7230 24 7365 0 96 13 11685
7230 32 7369 0 128 96 11686
7230 8 7365 0 63 113 11687
7230 20 7363 0 131 45 11688
7230 28 7365 0 143 170 11689
7230 6 7365 0 78 150 11690
7230 10 7368 0 149 33 11691
7230 25 7365 0 124 33 11692
7230 42 7364 0 127 27 11693
7230 10 7366 0 122 58 11694
7230 20 7365 0 156 90 11695
7230 22 7367 0 128 55 11696
7230 19 7366 0 110 24 11697
7245 21 7379 0 122 11 11698
7245 15 7380 0 131 45 11699
7245 4 7381 0 146 22 11700
7245 39 7381 0 18 115 11701
7245 31 7383 0 128 96 11702
7245 9 7380 0 122 58 11703
7245 13 7383 0 110 24 11704
7245 4 7381 0 99 9 11705
7245 12 7384 0 55 108 11706
7245 45 7379 0 24 183 11707
7245 8 7381 0 140 22 11708
7245 9 7382 0 149 33 11709
7245 18 7381 0 15 186 11710
7245 4 7379 0 103 22 11711
7245 11 7382 0 185 66 11712
7245 10 7381 0 182 28 11713
7245 17 7382 0 132 13 11714
7245 13 7379 0 128 55 11715
7245 12 7382 0 6 88 11716
7245 19 7382 0 124 33 11717
7245 3 7381 0 125 90 11718
7245 21 7383 0 166 118 11719
7248 52 10000 1 2 3 11720
7248 46 10000 1 105 143 11721
7260 8 7396 0 128 40 11722
7260 5 7392 0 142 143 11723
7260 5 7395 0 72 131 11724
7260 45 7395 0 66 169 11725
7260 5 7398 0 67 20 11726
7260 24 7397 0 179 186 11727
7260 6 7396 0 94 1 11728
7260 6 7395 0 182 28 11729
7260 27 7396 0 24 183 11730
7260 4 7396 0 173 171 11731
7260 8 7396 0 6 88 11732
7260 41 7395 0 66 134 11733
7260 11 7396 0 40 59 11734
7260 4 7395 0 2 3 11735
7260 18 7396 0 156 90 11736
7260 18 7393 0 124 33 11737
7260 16 7398 0 128 55 11738
7260 19 7398 0 198 85 11739
7260 30 7397 0 127 27 11740
7260 6 7399 0 101 26 11741
7260 3 7394 0 98 36 11742
7260 5 7396 0 15 4 11743
7260 15 7395 0 121 49 11744
7260 29 7395 0 128 96 11745
7260 9 7397 0 194 169 11746
7260 26 7398 0 143 170 11747
7260 41 7398 0 105 143 11748
7260 14 7396 0 131 45 11749
7261 31 10000 1 173 171 11750
7275 6 7410 0 6 88 11751
7275 6 7411 0 117 40 11752
7275 6 7410 0 98 36 11753
7275 9 7410 0 128 40 11754
7275 25 7411 0 156 90 11755
7275 16 7412 0 57 122 11756
7275 9 7411 0 185 66 11757
7275 3 7411 0 2 3 11758
7275 16 7410 0 198 85 11759
7275 5 7413 0 101 26 11760
7275 4 7410 0 99 9 11761
7275 19 7411 0 120 146 11762
7275 24 7410 0 179 186 11763
7275 19 7411 0 109 56 11764
7275 32 7412 0 29 60 11765
7275 12 7411 0 140 22 11766
7275 23 7408 0 96 13 11767
7275 19 7410 0 166 118 11768
7275 25 7410 0 131 45 11769
7275 13 7411 0 124 33 11770
7275 19 7412 0 110 24 11771
7275 24 7411 0 113 48 11772
7275 21 7412 0 146 159 11773
7280 53 10000 1 146 159 11774
7286 54 10000 1 24 195 11775
7287 47 10000 1 153 145 11776
7288 73 10000 1 24 183 11777
7290 3 7427 0 7 180 11778
7290 11 7426 0 140 22 11779
7290 5 7428 0 146 22 11780
7290 8 7426 0 63 134 11781
7290 9 7425 0 194 169 11782
7290 20 7426 0 109 1 11783
7290 13 7427 0 131 45 11784
7290 18 7428 0 22 41 11785
7290 17 7427 0 155 79 11786
7290 5 7427 0 117 40 11787
7290 15 7429 0 110 24 11788
7290 35 7426 0 106 10 11789
7290 13 7428 0 132 13 11790
7290 25 7425 0 93 9 11791
7291 78 10000 1 94 1 11792
7305 7 7440 0 149 33 11793
7305 15 7441 0 121 49 11794
7305 34 7439 0 66 134 11795
7305 24 7442 0 93 9 11796
7305 6 7440 0 161 34 11797
7305 15 7440 0 120 146 11798
7305 6 7439 0 99 9 11799
7305 37 7442 0 95 77 11800
7305 6 7442 0 146 22 11801
7305 18 7440 0 109 1 11802
7305 4 7442 0 78 150 11803
7305 11 7439 0 6 88 11804
7305 8 7443 0 140 22 11805
7305 9 7440 0 40 59 11806
7305 3 7441 0 98 36 11807
7305 8 7439 0 138 36 11808
7305 18 7440 0 22 41 11809
7305 4 7440 0 101 26 11810
7305 5 7440 0 155 52 11811
7305 6 7442 0 182 28 11812
7320 42 7456 0 105 143 11813
7320 25 7458 0 121 49 11814
7320 28 7456 0 164 40 11815
7320 25 7456 0 155 79 11816
7320 16 7456 0 131 45 11817
7320 4 7455 0 2 3 11818
7320 4 7457 0 103 22 11819
7320 17 7459 0 156 90 11820
7320 12 7457 0 124 33 11821
7320 17 7458 0 109 1 11822
7320 5 7456 0 101 26 11823
7320 12 7456 0 149 33 11824
7320 22 7455 0 113 48 11825
7320 3 7456 0 155 52 11826
7320 11 7458 0 122 58 11827
7320 8 7453 0 161 34 11828
7320 20 7457 0 110 24 11829
7320 6 7454 0 185 66 11830
7320 3 7456 0 72 194 11831
7320 6 7457 0 99 9 11832
7320 7 7455 0 148 56 11833
7320 17 7455 0 120 146 11834
7320 3 7454 0 78 150 11835
7320 24 7455 0 146 159 11836
7320 5 7455 0 142 143 11837
7320 26 7456 0 106 10 11838
7320 17 7455 0 109 56 11839
7320 6 7458 0 67 20 11840
7320 20 7454 0 122 11 11841
7335 43 7470 0 143 170 11842
7335 8 7473 0 140 22 11843
7335 5 7470 0 155 52 11844
7335 20 7472 0 121 49 11845
7335 25 7471 0 128 55 11846
7335 6 7470 0 117 40 11847
7335 13 7471 0 120 146 11848
7335 6 7472 0 15 4 11849
7335 16 7473 0 13 75 11850
7335 10 7471 0 138 36 11851
7335 3 7469 0 94 1 11852
7335 32 7471 0 127 27 11853
7335 6 7471 0 101 26 11854
7335 5 7470 0 98 36 11855
7335 3 7469 0 7 180 11856
7335 33 7471 0 24 183 11857
7335 5 7474 0 99 9 11858
7335 17 7471 0 131 45 11859
7335 14 7472 0 110 24 11860
7335 19 7474 0 122 11 11861
7336 60 10000 1 40 105 11862
7336 72 10000 1 131 45 11863
7337 184 10000 1 155 79 11864
7345 113 10000 1 173 171 11865
7348 35 10000 1 146 22 11866
7350 7 7486 0 185 66 11867
7350 17 7484 0 96 13 11868
7350 4 7485 0 72 194 11869
7350 3 7487 0 117 40 11870
7350 20 7488 0 155 79 11871
7350 6 7486 0 128 40 11872
7350 4 7487 0 155 52 11873
7350 44 7488 0 105 143 11874
7350 23 7486 0 124 33 11875
7350 12 7485 0 121 49 11876
7350 6 7486 0 178 113 11877
7350 17 7485 0 55 108 11878
7350 42 7488 0 24 183 11879
7350 23 7482 0 131 45 11880
7350 6 7487 0 7 180 11881
7350 15 7488 0 110 24 11882
7350 32 7486 0 18 115 11883
7350 25 7485 0 128 55 11884
7350 7 7488 0 148 56 11885
7350 8 7486 0 140 22 11886
7350 15 7487 0 109 56 11887
7350 10 7486 0 149 33 11888
7350 10 7485 0 63 113 11889
7350 29 7488 0 127 27 11890
7350 23 7485 0 113 48 11891
7350 22 7486 0 122 11 11892
7350 6 7486 0 15 4 11893
7350 4 7487 0 101 26 11894
7355 61 10000 1 109 1 11895
7365 5 7501 0 153 145 11896
7365 35 7504 0 66 169 11897
7365 12 7500 0 122 11 11898
7365 21 7500 0 113 48 11899
7365 5 7500 0 98 36 11900
7365 14 7499 0 131 45 11901
7365 6 7499 0 138 36 11902
7365 6 7499 0 155 52 11903
7365 6 7501 0 128 40 11904
7365 7 7502 0 63 134 11905
7365 12 7500 0 110 24 11906
7365 6 7501 0 86 23 11907
7365 3 7500 0 94 1 11908
7365 18 7501 0 132 13 11909
7365 18 7502 0 96 13 11910
7365 14 7500 0 128 55 11911
7365 3 7503 0 178 113 11912
7365 6 7501 0 117 40 11913
7365 6 7500 0 173 171 11914
7380 28 7516 0 95 77 11915
7380 22 7516 0 93 9 11916
7380 23 7516 0 122 11 11917
7380 42 7519 0 66 169 11918
7380 10 7514 0 128 40 11919
7380 4 7515 0 173 171 11920
7380 11 7515 0 194 169 11921
7380 30 7516 0 18 115 11922
7380 12 7516 0 122 58 11923
7380 7 7516 0 149 33 11924
7380 29 7517 0 127 27 11925
7380 25 7514 0 22 41 11926
7380 13 7517 0 166 118 11927
7380 23 7513 0 113 48 11928
7380 14 7517 0 110 24 11929
7380 4 7516 0 101 26 11930
7380 23 7515 0 37 7 11931
7380 12 7517 0 138 36 11932
7380 5 7514 0 117 40 11933
7380 21 7514 0 132 13 11934
7380 5 7514 0 98 36 11935
7380 4 7514 0 40 105 11936
7380 4 7515 0 72 131 11937
7384 76 10000 1 72 194 11938
7395 6 7532 0 117 40 11939
7395 24 7531 0 131 45 11940
7395 14 7530 0 179 186 11941
7395 13 7531 0 96 13 11942
7395 4 7533 0 178 113 11943
7395 25 7531 0 13 75 11944
7395 8 7528 0 149 33 11945
7395 9 7529 0 122 58 11946
7395 17 7531 0 122 11 11947
7395 4 7529 0 155 52 11948
7395 3 7530 0 15 4 11949
7395 3 7532 0 98 36 11950
7395 5 7528 0 99 9 11951
7395 18 7530 0 110 24 11952
7395 29 7530 0 95 77 11953
7395 15 7530 0 109 1 11954
7395 13 7530 0 132 13 11955
7395 12 7532 0 120 146 11956
7395 21 7531 0 55 108 11957
7395 12 7530 0 138 36 11958
7395 4 7529 0 103 22 11959
7395 18 7530 0 146 119 11960
7395 3 7532 0 125 90 11961
7395 14 7531 0 37 7 11962
7403 51 10000 1 128 96 11963
7410 10 7546 0 149 33 11964
7410 18 7545 0 156 90 11965
7410 25 7545 0 155 122 11966
7410 4 7545 0 78 150 11967
7410 10 7546 0 188 80 11968
7410 8 7547 0 128 40 11969
7410 30 7547 0 127 27 11970
7410 24 7546 0 121 49 11971
7410 28 7546 0 143 170 11972
7410 5 7547 0 178 113 11973
7410 4 7547 0 117 40 11974
7410 5 7545 0 101 26 11975
7410 11 7547 0 182 28 11976
7410 45 7543 0 105 143 11977
7410 9 7546 0 185 66 11978
7410 6 7547 0 72 131 11979
7410 25 7545 0 132 13 11980
7410 26 7548 0 106 10 11981
7410 17 7547 0 155 79 11982
7410 5 7546 0 103 22 11983
7410 4 7546 0 146 22 11984
7410 20 7545 0 124 33 11985
7410 8 7544 0 122 58 11986
7410 36 7547 0 10 193 11987
7410 16 7545 0 198 85 11988
7410 6 7546 0 72 194 11989
7410 15 7545 0 96 13 11990
7423 145 10000 1 146 22 11991
7425 24 7561 0 124 33 11992
7425 5 7560 0 98 36 11993
7425 13 7563 0 146 119 11994
7425 6 7561 0 173 171 11995
7425 17 7560 0 96 13 11996
7425 11 7560 0 63 134 11997
7425 6 7564 0 86 23 11998
7425 14 7561 0 24 195 11999
7425 18 7562 0 55 108 12000
7425 7 7563 0 40 59 12001
7425 41 7562 0 66 134 12002
7425 18 7563 0 22 41 12003
7425 8 7562 0 138 36 12004
7425 3 7560 0 146 22 12005
7425 23 7559 0 132 13 12006
7425 8 7559 0 185 66 12007
7425 5 7560 0 101 26 12008
7425 6 7559 0 72 194 12009
7425 8 7563 0 148 56 12010
7425 23 7562 0 109 56 12011
7425 16 7559 0 121 49 12012
7425 8 7564 0 140 22 12013
7425 17 7559 0 156 90 12014
7425 12 7563 0 188 80 12015
7425 32 7561 0 95 77 12016
7425 34 7563 0 102 140 12017
7438 44 10000 1 63 113 12018
7438 43 10000 1 143 170 12019
7439 69 10000 1 109 56 12020
7440 7 7576 0 122 58 12021
7440 6 7576 0 40 59 12022
7440 37 7577 0 128 96 12023
7440 7 7576 0 188 80 12024
7440 5 7576 0 142 143 12025
7440 14 7576 0 110 24 12026
7440 34 7576 0 95 77 12027
7440 4 7579 0 178 113 12028
7440 35 7575 0 164 40 12029
7440 6 7576 0 155 52 12030
7440 3 7577 0 153 145 12031
7440 6 7578 0 117 40 12032
7440 34 7576 0 106 10 12033
7440 19 7577 0 198 85 12034
7440 6 7575 0 103 22 12035
7440 20 7577 0 121 49 12036
7440 24 7575 0 124 33 12037
7440 6 7575 0 149 33 12038
7440 23 7574 0 122 11 12039
7440 15 7575 0 113 48 12040
7440 43 7576 0 127 27 12041
7440 23 7576 0 132 13 12042
7440 3 7576 0 2 3 12043
7440 4 7578 0 7 180 12044
7440 12 7576 0 138 36 12045
7440 17 7576 0 96 13 12046
7440 6 7575 0 101 26 12047
7440 22 7579 0 146 119 12048
7440 10 7578 0 194 169 12049
7440 25 7576 0 143 170 12050
7440 18 7576 0 120 146 12051
7446 77 10000 1 102 140 12052
7455 10 7591 0 63 134 12053
7455 39 7592 0 93 51 12054
7455 39 7590 0 18 115 12055
7455 24 7592 0 110 24 12056
7455 14 7591 0 37 7 12057
7455 29 7592 0 102 140 12058
7455 3 7590 0 155 52 12059
7455 22 7590 0 120 146 12060
7455 11 7589 0 148 56 12061
7455 9 7592 0 182 28 12062
7455 6 7591 0 72 131 12063
7455 4 7592 0 101 26 12064
7455 20 7593 0 13 75 12065
7455 18 7590 0 22 41 12066
7455 16 7594 0 124 33 12067
7455 12 7590 0 93 9 12068
7455 5 7593 0 7 180 12069
7455 40 7592 0 106 10 12070
7455 12 7593 0 128 40 12071
7455 6 7592 0 173 171 12072
7455 21 7592 0 132 13 12073
7455 25 7590 0 96 13 12074
7455 39 7591 0 128 96 12075
7455 21 7590 0 128 55 12076
7455 32 7590 0 143 170 12077
7456 36 10000 1 66 169 12078
7470 13 7606 0 132 13 12079
7470 13 7606 0 110 24 12080
7470 7 7604 0 148 56 12081
7470 20 7606 0 109 56 12082
7470 15 7606 0 155 79 12083
7470 20 7606 0 13 75 12084
7470 19 7607 0 120 146 12085
7470 6 7603 0 117 40 12086
7470 9 7606 0 149 33 12087
7470 14 7606 0 198 85 12088
7470 5 7605 0 101 26 12089
7470 10 7605 0 188 80 12090
7470 14 7607 0 113 48 12091
7470 37 7606 0 29 60 12092
7470 5 7607 0 72 194 12093
7470 6 7606 0 99 9 12094
7470 21 7604 0 155 122 12095
7470 5 7604 0 103 22 12096
7470 16 7607 0 128 55 12097
7470 42 7605 0 127 27 12098
7470 12 7607 0 146 119 12099
7470 9 7607 0 140 22 12100
7485 5 7618 0 142 143 12101
7485 4 7621 0 98 36 12102
7485 11 7623 0 138 36 12103
7485 26 7623 0 106 10 12104
7485 4 7622 0 146 22 12105
7485 45 7622 0 18 115 12106
7485 36 7620 0 95 77 12107
7485 4 7619 0 155 52 12108
7485 6 7622 0 15 4 12109
7485 3 7619 0 78 150 12110
7485 6 7621 0 7 180 12111
7485 3 7623 0 178 113 12112
7485 11 7622 0 161 34 12113
7485 35 7621 0 29 60 12114
7485 20 7623 0 128 55 12115
7485 33 7621 0 127 27 12116
7485 33 7620 0 24 183 12117
7485 21 7623 0 113 48 12118
7485 21 7622 0 120 146 12119
7485 18 7620 0 198 85 12120
7485 12 7623 0 182 28 12121
7485 11 7620 0 122 58 12122
7485 12 7622 0 122 11 12123
7485 4 7620 0 67 20 12124
7500 18 7637 0 179 186 12125
7500 21 7635 0 128 55 12126
7500 9 7636 0 128 40 12127
7500 5 7635 0 99 9 12128
7500 3 7634 0 117 40 12129
7500 8 7636 0 149 33 12130
7500 18 7634 0 110 24 12131
7500 5 7638 0 7 180 12132
7500 6 7636 0 86 23 12133
7500 12 7638 0 161 34 12134
7500 22 7637 0 121 49 12135
7500 21 7635 0 120 146 12136
7500 21 7635 0 93 9 12137
7500 21 7636 0 122 11 12138
7500 43 7635 0 128 96 12139
7500 8 7634 0 122 58 12140
7500 6 7637 0 72 131 12141
7500 37 7636 0 105 143 12142
7500 10 7635 0 185 66 12143
7500 22 7635 0 166 118 12144
7500 17 7637 0 198 85 12145
7500 3 7635 0 103 22 12146
7500 6 7637 0 182 28 12147
7505 31 10000 1 148 56 12148
7515 18 7651 0 198 85 12149
7515 45 7651 0 66 134 12150
7515 9 7648 0 140 22 12151
7515 4 7650 0 173 171 12152
7515 5 7651 0 99 9 12153
7515 14 7652 0 131 45 12154
7515 5 7652 0 2 3 12155
7515 16 7652 0 122 11 12156
7515 7 7651 0 122 58 12157
7515 17 7654 0 57 122 12158
7515 22 7650 0 110 24 12159
7515 5 7653 0 7 180 12160
7515 20 7651 0 128 55 12161
7515 12 7650 0 128 40 12162
7515 12 7650 0 146 159 12163
7515 14 7651 0 109 1 12164
7515 6 7649 0 178 113 12165
7515 43 7651 0 18 115 12166
7515 45 7651 0 127 27 12167
7515 9 7652 0 188 80 12168
7515 5 7652 0 78 150 12169
7515 33 7652 0 164 40 12170
7515 34 7650 0 106 10 12171
7515 42 7649 0 24 183 12172
7530 16 7665 0 166 118 12173
7530 14 7666 0 122 11 12174
7530 21 7668 0 13 75 12175
7530 5 7667 0 40 105 12176
7530 21 7667 0 132 13 12177
7530 20 7668 0 55 108 12178
7530 33 7666 0 93 51 12179
7530 13 7666 0 131 45 12180
7530 17 7668 0 155 122 12181
7530 5 7665 0 117 40 12182
7530 12 7665 0 110 24 12183
7530 6 7667 0 99 9 12184
7530 10 7665 0 6 88 12185
7530 6 7669 0 101 26 12186
7530 6 7666 0 103 22 12187
7530 5 7665 0 98 36 12188
7530 22 7666 0 155 79 12189
7530 3 7665 0 67 20 12190
7530 16 7668 0 24 195 12191
7530 4 7667 0 7 180 12192
7530 5 7666 0 72 131 12193
7530 41 7667 0 164 40 12194
7530 16 7667 0 128 55 12195
7530 16 7667 0 146 119 12196
7531 78 10000 1 78 150 12197
7545 12 7680 0 128 40 12198
7545 8 7680 0 148 56 12199
7545 20 7679 0 132 13 12200
7545 18 7679 0 22 41 12201
7545 3 7681 0 155 52 12202
7545 7 7681 0 140 22 12203
7545 5 7681 0 101 26 12204
7545 14 7682 0 110 24 12205
7545 20 7682 0 131 45 12206
7545 13 7681 0 128 55 12207
7545 29 7681 0 127 27 12208
7545 35 7680 0 66 134 12209
7545 28 7679 0 106 10 12210
7545 44 7681 0 66 169 12211
7545 37 7683 0 18 115 12212
7545 18 7680 0 109 56 12213
7545 5 7681 0 78 150 12214
7545 15 7681 0 96 13 12215
7545 5 7681 0 117 40 12216
7545 4 7682 0 94 1 12217
7545 6 7683 0 40 105 12218
7545 19 7678 0 37 7 12219
7545 5 7681 0 72 131 12220
7545 5 7683 0 103 22 12221
7545 12 7681 0 122 58 12222
7545 7 7682 0 63 113 12223
7554 189 10000 1 96 13 12224
7560 32 7694 0 66 169 12225
7560 25 7697 0 121 49 12226
7560 3 7696 0 98 36 12227
7560 22 7695 0 57 122 12228
7560 20 7696 0 122 11 12229
7560 12 7697 0 122 58 12230
7560 12 7694 0 138 36 12231
7560 6 7694 0 178 113 12232
7560 5 7696 0 155 52 12233
7560 23 7695 0 155 122 12234
7560 6 7697 0 72 131 12235
7560 21 7695 0 110 24 12236
7560 38 7696 0 102 140 12237
7560 13 7698 0 113 48 12238
7560 21 7697 0 166 118 12239
7560 5 7696 0 103 22 12240
7560 5 7693 0 101 26 12241
7560 8 7697 0 194 169 12242
7560 23 7698 0 55 108 12243
7560 3 7695 0 173 171 12244
7575 14 7711 0 109 1 12245
7575 41 7712 0 143 170 12246
7575 14 7710 0 109 56 12247
7575 16 7709 0 124 33 12248
7575 8 7712 0 122 58 12249
7575 36 7711 0 106 10 12250
7575 3 7710 0 15 4 12251
7575 8 7711 0 6 88 12252
7575 22 7712 0 128 55 12253
7575 35 7711 0 102 140 12254
7575 6 7711 0 101 26 12255
7575 21 7711 0 198 85 12256
7575 4 7712 0 173 171 12257
7575 14 7708 0 132 13 12258
7575 19 7710 0 93 9 12259
7575 12 7710 0 86 23 12260
7575 7 7712 0 140 22 12261
7575 13 7715 0 131 45 12262
7575 33 7711 0 24 183 12263
7575 7 7712 0 188 80 12264
7575 25 7711 0 96 13 12265
7575 16 7711 0 122 11 12266
7575 12 7710 0 155 122 12267
7575 4 7710 0 146 22 12268
7575 41 7712 0 105 143 12269
7590 41 7726 0 164 40 12270
7590 5 7726 0 155 52 12271
7590 22 7726 0 124 33 12272
7590 8 7727 0 188 80 12273
7590 14 7726 0 109 56 12274
7590 11 7725 0 86 23 12275
7590 6 7726 0 117 40 12276
7590 7 7725 0 138 36 12277
7590 6 7726 0 40 59 12278
7590 6 7726 0 101 26 12279
7590 24 7723 0 96 13 12280
7590 44 10000 1 161 34 12281
7590 5 7726 0 67 20 12282
7590 13 7725 0 122 11 12283
7590 20 7724 0 179 186 12284
7590 6 7725 0 99 9 12285
7590 14 7727 0 109 1 12286
7596 50 10000 1 15 186 12287
7605 11 7741 0 86 23 12288
7605 10 7742 0 138 36 12289
7605 22 7742 0 24 195 12290
7605 5 7742 0 103 22 12291
7605 22 7742 0 96 13 12292
7605 4 7741 0 125 90 12293
7605 12 7740 0 55 108 12294
7605 5 7742 0 15 4 12295
7605 24 7740 0 113 48 12296
7605 6 7740 0 101 26 12297
7605 4 7743 0 99 9 12298
7605 14 7743 0 122 11 12299
7605 11 7741 0 148 56 12300
7605 24 7741 0 110 24 12301
7605 40 7742 0 106 10 12302
7605 3 7742 0 146 22 12303
7605 12 7740 0 109 56 12304
7605 25 7741 0 146 159 12305
7605 6 7740 0 188 80 12306
7620 25 7755 0 156 90 12307
7620 3 7755 0 67 20 12308
7620 3 7756 0 101 26 12309
7620 16 7757 0 57 122 12310
7620 24 7756 0 109 56 12311
7620 30 7756 0 143 170 12312
7620 25 7755 0 128 55 12313
7620 28 7755 0 127 27 12314
7620 12 7756 0 188 80 12315
7620 20 7755 0 15 186 12316
7620 21 7756 0 124 33 12317
7620 15 7754 0 122 11 12318
7620 25 7757 0 132 13 12319
7620 4 7756 0 178 113 12320
7620 13 7759 0 155 122 12321
7620 12 7758 0 86 23 12322
7620 3 7756 0 103 22 12323
7620 12 7755 0 198 85 12324
7620 16 7755 0 131 45 12325
7620 4 7754 0 117 40 12326
7620 25 7755 0 146 119 12327
7631 38 10000 1 18 115 12328
7631 64 10000 1 72 131 12329
7635 38 7771 0 93 51 12330
7635 25 7770 0 198 85 12331
7635 3 7771 0 153 145 12332
7635 4 7772 0 67 20 12333
7635 9 7769 0 128 40 12334
7635 4 7773 0 99 9 12335
7635 23 7771 0 128 55 12336
7635 23 7771 0 96 13 12337
7635 8 7771 0 63 134 12338
7635 21 7770 0 37 7 12339
7635 3 7772 0 2 3 12340
7635 8 7773 0 63 113 12341
7635 3 7770 0 101 26 12342
7635 9 7771 0 182 28 12343
7635 10 7770 0 138 36 12344
7635 23 7770 0 93 9 12345
7635 3 7769 0 72 131 12346
7635 7 7770 0 122 58 12347
7635 5 7771 0 98 36 12348
7635 4 7771 0 117 40 12349
7635 14 7770 0 57 122 12350
7639 70 10000 1 155 52 12351
7650 4 7787 0 173 171 12352
7650 5 7787 0 117 40 12353
7650 3 7785 0 146 22 12354
7650 34 7787 0 66 134 12355
7650 25 7784 0 120 146 12356
7650 29 7785 0 102 140 12357
7650 8 7787 0 122 58 12358
7650 15 7785 0 132 13 12359
7650 11 7786 0 149 33 12360
7650 24 7784 0 13 75 12361
7650 15 7786 0 15 186 12362
7650 25 7786 0 124 33 12363
7650 17 7785 0 122 11 12364
7650 18 7787 0 146 159 12365
7650 7 7785 0 161 34 12366
7650 19 7785 0 109 56 12367
7650 11 7786 0 128 40 12368
7650 24 7787 0 110 24 12369
7650 25 7787 0 113 48 12370
7650 3 7789 0 67 20 12371
7650 8 7788 0 188 80 12372
7650 18 7786 0 179 186 12373
7650 14 7786 0 156 90 12374
7661 146 10000 1 128 40 12375
7665 7 7801 0 40 59 12376
7665 10 7802 0 128 40 12377
7665 12 7802 0 140 22 12378
7665 34 7800 0 18 115 12379
7665 24 7802 0 110 24 12380
7665 5 7800 0 103 22 12381
7665 6 7801 0 94 1 12382
7665 14 7800 0 37 7 12383
7665 13 7802 0 55 108 12384
7665 13 7800 0 93 9 12385
7665 38 7800 0 29 60 12386
7665 3 7802 0 101 26 12387
7665 11 7804 0 138 36 12388
7665 17 7800 0 179 186 12389
7665 21 7799 0 155 122 12390
7665 23 7802 0 15 186 12391
7665 23 7803 0 121 49 12392
7665 6 7800 0 117 40 12393
7665 15 7801 0 131 45 12394
7665 4 7802 0 72 131 12395
7674 69 10000 1 99 9 12396
7680 3 7817 0 178 113 12397
7680 8 7815 0 138 36 12398
7680 22 7818 0 110 24 12399
7680 10 7814 0 128 40 12400
7680 14 7819 0 37 7 12401
7680 26 7817 0 105 143 12402
7680 5 7817 0 155 52 12403
7680 6 7818 0 98 36 12404
7680 25 7818 0 124 33 12405
7680 15 7814 0 146 159 12406
7680 5 7816 0 101 26 12407
7680 14 7817 0 122 11 12408
7680 20 7814 0 13 75 12409
7680 13 7815 0 22 41 12410
7680 44 7815 0 127 27 12411
7680 6 7816 0 67 20 12412
7680 19 7816 0 96 13 12413
7680 6 7815 0 173 171 12414
7680 21 7817 0 131 45 12415
7680 14 7815 0 128 55 12416
7680 16 7816 0 132 13 12417
7680 24 7816 0 113 48 12418
7694 62 10000 1 93 51 12419
7695 20 7832 0 146 119 12420
7695 30 7830 0 127 27 12421
7695 5 7833 0 40 105 12422
7695 9 7831 0 149 33 12423
7695 3 7832 0 72 131 12424
7695 13 7830 0 110 24 12425
7695 8 7832 0 128 40 12426
7695 7 7830 0 140 22 12427
7695 3 7831 0 153 145 12428
7695 6 7831 0 148 56 12429
7695 4 7832 0 146 22 12430
7695 18 7830 0 128 55 12431
7695 4 7830 0 67 20 12432
7695 18 7831 0 109 56 12433
7695 41 7831 0 106 10 12434
7695 13 7830 0 93 9 12435
7695 19 7828 0 156 90 12436
7695 19 7833 0 124 33 12437
7695 6 7832 0 78 150 12438
7695 16 7833 0 132 13 12439
7695 20 7832 0 96 13 12440
7695 37 7827 0 93 51 12441
7695 8 7829 0 182 28 12442
7695 21 7830 0 24 195 12443
7710 21 7845 0 120 146 12444
7710 45 7845 0 127 27 12445
7710 34 7848 0 164 40 12446
7710 36 7847 0 106 10 12447
7710 12 7845 0 140 22 12448
7710 21 7846 0 124 33 12449
7710 3 7845 0 117 40 12450
7710 17 7847 0 122 11 12451
7710 10 7848 0 148 56 12452
7710 19 7847 0 109 56 12453
7710 34 7846 0 66 169 12454
7710 18 7846 0 155 122 12455
7710 29 7846 0 128 96 12456
7710 6 7848 0 101 26 12457
7710 23 7849 0 113 48 12458
7710 25 7847 0 96 13 12459
7710 24 7847 0 198 85 12460
7710 9 7846 0 63 134 12461
7711 38 10000 1 179 186 12462
7725 26 7861 0 127 27 12463
7725 12 7860 0 109 1 12464
7725 12 7864 0 128 55 12465
7725 6 7863 0 140 22 12466
7725 23 7861 0 110 24 12467
7725 6 7860 0 122 58 12468
7725 11 7861 0 149 33 12469
7725 22 7860 0 24 195 12470
7725 27 7861 0 102 140 12471
7725 3 7861 0 153 145 12472
7725 3 7862 0 15 4 12473
7725 6 7861 0 103 22 12474
7725 25 7861 0 121 49 12475
7725 33 7860 0 164 40 12476
7725 39 7862 0 10 193 12477
7725 12 7861 0 161 34 12478
7725 44 7862 0 128 96 12479
7725 16 7860 0 156 90 12480
7725 16 7861 0 124 33 12481
7725 21 7860 0 113 48 12482
7725 40 7863 0 93 51 12483
7725 12 7861 0 122 11 12484
7725 25 7861 0 131 45 12485
7725 20 7862 0 55 108 12486
7725 16 7861 0 132 13 12487
7725 43 7863 0 66 169 12488
7738 65 10000 1 29 60 12489
7740 25 7874 0 132 13 12490
7740 6 7876 0 72 131 12491
7740 12 7878 0 138 36 12492
7740 3 7874 0 146 22 12493
7740 17 7876 0 96 13 12494
7740 6 7876 0 103 22 12495
7740 30 7875 0 66 169 12496
7740 7 7876 0 188 80 12497
7740 8 7876 0 86 23 12498
7740 41 7876 0 105 143 12499
7740 12 7878 0 155 122 12500
7740 20 7876 0 131 45 12501
7740 6 7876 0 155 52 12502
7740 3 7876 0 101 26 12503
7740 20 7874 0 113 48 12504
7740 24 7874 0 124 33 12505
7740 12 7876 0 140 22 12506
7740 42 7876 0 106 10 12507
7740 27 7875 0 127 27 12508
7740 4 7876 0 98 36 12509
7740 10 7876 0 128 40 12510
7740 25 7876 0 110 24 12511
7740 12 7876 0 149 33 12512
7751 80 10000 1 86 23 12513
7755 35 7891 0 106 10 12514
7755 10 7893 0 138 36 12515
7755 3 7890 0 101 26 12516
7755 20 7893 0 22 41 12517
7755 15 7891 0 13 75 12518
7755 18 7891 0 124 33 12519
7755 31 7890 0 127 27 12520
7755 4 7891 0 142 143 12521
7755 4 7889 0 72 194 12522
7755 27 7889 0 105 143 12523
7755 12 7891 0 131 45 12524
7755 18 7890 0 122 11 12525
7755 3 7893 0 78 150 12526
7755 6 7890 0 140 22 12527
7755 15 7893 0 179 186 12528
7755 41 7892 0 95 77 12529
7755 6 7889 0 86 23 12530
7755 3 7891 0 153 145 12531
7755 3 7891 0 103 22 12532
7755 10 7892 0 128 40 12533
7755 4 7891 0 99 9 12534
7755 3 7890 0 146 22 12535
7755 5 7891 0 117 40 12536
7755 12 7893 0 96 13 12537
7755 12 7890 0 149 33 12538
7768 63 10000 1 120 146 12539
7770 22 7905 0 128 55 12540
7770 20 7906 0 22 41 12541
7770 36 7905 0 127 27 12542
7770 18 7904 0 155 79 12543
7770 7 7906 0 182 28 12544
7770 11 7906 0 40 59 12545
7770 14 7907 0 146 119 12546
7770 36 7905 0 143 170 12547
7770 12 7907 0 63 113 12548
7770 26 7906 0 106 10 12549
7770 13 7906 0 124 33 12550
7770 10 7907 0 140 22 12551
7770 6 7906 0 149 33 12552
7770 4 7906 0 99 9 12553
7770 12 7906 0 6 88 12554
7770 5 7907 0 153 145 12555
7770 10 7906 0 148 56 12556
7770 19 7904 0 132 13 12557
7770 6 7905 0 103 22 12558
7770 21 7905 0 37 7 12559
7770 32 7904 0 164 40 12560
7770 16 7908 0 156 90 12561
7770 39 7903 0 29 60 12562
7770 23 7905 0 121 49 12563
7785 18 7921 0 122 11 12564
7785 15 7922 0 96 13 12565
7785 8 7921 0 122 58 12566
7785 33 7921 0 10 193 12567
7785 12 7918 0 63 134 12568
7785 21 7921 0 113 48 12569
7785 16 7921 0 131 45 12570
7785 7 7922 0 138 36 12571
7785 25 7921 0 132 13 12572
7785 14 7921 0 55 108 12573
7785 13 7922 0 13 75 12574
7785 12 7921 0 128 40 12575
7785 3 7921 0 153 145 12576
7785 6 7920 0 146 22 12577
7785 26 7922 0 105 143 12578
7785 6 7922 0 7 180 12579
7785 21 7920 0 121 49 12580
7785 6 7920 0 2 3 12581
7785 4 7921 0 125 90 12582
7785 6 7920 0 98 36 12583
7785 4 7922 0 72 131 12584
7785 13 7920 0 110 24 12585
7785 38 7920 0 93 51 12586
7785 22 7921 0 22 41 12587
7800 5 7937 0 125 90 12588
7800 12 7936 0 179 186 12589
7800 23 7937 0 121 49 12590
7800 8 7934 0 40 59 12591
7800 5 7937 0 101 26 12592
7800 27 7935 0 105 143 12593
7800 5 7937 0 98 36 12594
7800 25 7934 0 37 7 12595
7800 5 7935 0 103 22 12596
7800 20 7935 0 57 122 12597
7800 8 7935 0 148 56 12598
7800 10 7936 0 122 58 12599
7800 11 7936 0 128 40 12600
7800 7 7934 0 149 33 12601
7800 4 7936 0 72 194 12602
7800 18 7934 0 166 118 12603
7800 12 7935 0 132 13 12604
7800 15 7936 0 122 11 12605
7800 9 7936 0 138 36 12606
7808 36 10000 1 125 90 12607
7812 35 10000 1 142 143 12608
7813 55 10000 1 103 22 12609
7815 11 7951 0 161 34 12610
7815 3 7952 0 78 150 12611
7815 19 7949 0 132 13 12612
7815 10 7953 0 122 58 12613
7815 14 7951 0 57 122 12614
7815 16 7952 0 110 24 12615
7815 12 7951 0 122 11 12616
7815 8 7949 0 188 80 12617
7815 16 7952 0 93 9 12618
7815 19 7951 0 124 33 12619
7815 23 7953 0 121 49 12620
7815 6 7951 0 125 90 12621
7815 15 7950 0 113 48 12622
7815 10 7950 0 185 66 12623
7815 14 7949 0 24 195 12624
7815 4 7951 0 98 36 12625
7815 5 7951 0 40 105 12626
7815 12 7953 0 149 33 12627
7815 6 7953 0 140 22 12628
7815 10 7951 0 86 23 12629
7815 3 7950 0 178 113 12630
7815 20 7953 0 13 75 12631
7830 21 7965 0 22 41 12632
7830 24 7968 0 124 33 12633
7830 34 7967 0 106 10 12634
7830 10 7963 0 138 36 12635
7830 23 7965 0 37 7 12636
7830 6 7966 0 94 1 12637
7830 38 7968 0 95 77 12638
7830 18 7966 0 131 45 12639
7830 4 7965 0 117 40 12640
7830 18 7965 0 109 56 12641
7830 25 7966 0 93 9 12642
7830 21 7963 0 155 122 12643
7830 6 7965 0 185 66 12644
7830 33 7965 0 128 96 12645
7830 24 7965 0 110 24 12646
7830 22 7964 0 24 195 12647
7830 19 7964 0 96 13 12648
7830 23 7966 0 55 108 12649
7830 8 7967 0 40 59 12650
7830 15 7966 0 113 48 12651
7830 7 7967 0 128 40 12652
7830 14 7966 0 15 186 12653
7830 6 7964 0 72 194 12654
7830 9 7966 0 161 34 12655
7830 12 7966 0 122 58 12656
7830 8 7966 0 149 33 12657
7838 145 10000 1 149 33 12658
7845 16 7982 0 24 195 12659
7845 16 7979 0 166 118 12660
7845 10 7979 0 185 66 12661
7845 4 7980 0 2 3 12662
7845 25 7981 0 106 10 12663
7845 24 7983 0 55 108 12664
7845 25 7981 0 110 24 12665
7845 4 7982 0 98 36 12666
7845 12 7978 0 113 48 12667
7845 16 7983 0 122 11 12668
7845 12 7980 0 155 122 12669
7845 6 7983 0 78 150 12670
7845 11 7984 0 149 33 12671
7845 7 7979 0 128 40 12672
7845 10 7981 0 6 88 12673
7845 5 7980 0 117 40 12674
7845 3 7981 0 103 22 12675
7845 19 7980 0 124 33 12676
7845 43 7983 0 95 77 12677
7845 36 7982 0 164 40 12678
7845 43 7979 0 24 183 12679
7845 23 7983 0 156 90 12680
7845 6 7982 0 101 26 12681
7860 29 7998 0 95 77 12682
7860 22 7994 0 128 55 12683
7860 44 7995 0 105 143 12684
7860 6 7996 0 128 40 12685
7860 5 7998 0 101 26 12686
7860 10 7994 0 122 58 12687
7860 4 7998 0 103 22 12688
7860 44 7998 0 127 27 12689
7860 12 7994 0 188 80 12690
7860 24 7997 0 22 41 12691
7860 39 7997 0 106 10 12692
7860 19 7996 0 166 118 12693
7860 16 7996 0 179 186 12694
7860 20 7997 0 124 33 12695
7860 5 7997 0 78 150 12696
7860 11 7995 0 6 88 12697
7860 9 7995 0 138 36 12698
7860 4 7996 0 117 40 12699
7860 33 7996 0 66 134 12700
7860 25 7995 0 24 183 12701
7860 37 7998 0 18 115 12702
7861 30 10000 1 132 13 12703
7875 28 8010 0 127 27 12704
7875 16 8009 0 121 49 12705
7875 25 8011 0 10 193 12706
7875 3 8013 0 2 3 12707
7875 20 8012 0 132 13 12708
7875 23 8011 0 109 56 12709
7875 4 8011 0 178 113 12710
7875 4 8013 0 155 52 12711
7875 19 8012 0 93 9 12712
7875 22 8010 0 146 159 12713
7875 41 8011 0 164 40 12714
7875 11 8010 0 161 34 12715
7875 29 8009 0 102 140 12716
7875 20 8010 0 128 55 12717
7875 15 8012 0 57 122 12718
7875 16 8010 0 96 13 12719
7875 21 8011 0 146 119 12720
7875 23 8012 0 122 11 12721
7875 6 8012 0 128 40 12722
7875 6 8011 0 122 58 12723
7879 96 10000 1 128 55 12724
7884 90 10000 1 10 193 12725
7889 66 10000 1 178 113 12726
7890 11 8028 0 148 56 12727
7890 43 8024 0 29 60 12728
7890 15 8029 0 110 24 12729
7890 23 8026 0 179 186 12730
7890 20 8027 0 131 45 12731
7890 5 8027 0 103 22 12732
7890 13 8027 0 128 55 12733
7890 16 8028 0 146 119 12734
7890 3 8027 0 99 9 12735
7890 5 8027 0 117 40 12736
7890 9 8026 0 185 66 12737
7890 33 8025 0 127 27 12738
7890 6 8027 0 72 131 12739
7890 16 8026 0 121 49 12740
7890 18 8026 0 113 48 12741
7890 4 8024 0 67 20 12742
7890 12 8026 0 166 118 12743
7890 15 8026 0 132 13 12744
7890 17 8024 0 122 11 12745
7890 5 8027 0 178 113 12746
7890 4 8027 0 155 52 12747
7890 21 8027 0 124 33 12748
7890 17 8028 0 55 108 12749
7890 33 8028 0 128 96 12750
7905 6 8042 0 98 36 12751
7905 25 8039 0 95 77 12752
7905 3 8042 0 7 180 12753
7905 5 8041 0 2 3 12754
7905 4 8042 0 103 22 12755
7905 21 8043 0 57 122 12756
7905 7 8041 0 138 36 12757
7905 4 8036 0 99 9 12758
7905 29 8043 0 102 140 12759
7905 19 8039 0 179 186 12760
7905 3 8041 0 117 40 12761
7905 10 8044 0 149 33 12762
7905 12 8042 0 122 58 12763
7905 42 8040 0 29 60 12764
7905 13 8040 0 146 159 12765
7905 31 8043 0 106 10 12766
7905 12 8041 0 185 66 12767
7905 15 8038 0 22 41 12768
7905 17 8039 0 122 11 12769
7911 78 10000 1 101 26 12770
7920 6 8056 0 101 26 12771
7920 15 8055 0 198 85 12772
7920 10 8055 0 182 28 12773
7920 22 8058 0 124 33 12774
7920 9 8057 0 40 59 12775
7920 17 8054 0 122 11 12776
7920 24 8057 0 156 90 12777
7920 20 8056 0 96 13 12778
7920 6 8056 0 138 36 12779
7920 5 8057 0 99 9 12780
7920 6 8059 0 161 34 12781
7920 15 8055 0 131 45 12782
7920 29 8056 0 105 143 12783
7920 6 8054 0 146 22 12784
7920 5 8057 0 153 145 12785
7920 24 8056 0 57 122 12786
7935 4 8069 0 72 194 12787
7935 6 8072 0 98 36 12788
7935 38 8069 0 164 40 12789
7935 4 8071 0 103 22 12790
7935 6 8071 0 138 36 12791
7935 3 8069 0 146 22 12792
7935 7 8070 0 86 23 12793
7935 21 8072 0 122 11 12794
7935 3 8072 0 142 143 12795
7935 16 8069 0 131 45 12796
7935 7 8069 0 148 56 12797
7935 13 8070 0 13 75 12798
7935 15 8070 0 155 122 12799
7935 10 8071 0 161 34 12800
7935 9 8070 0 6 88 12801
7935 3 8070 0 153 145 12802
7935 3 8071 0 72 131 12803
7935 25 8072 0 198 85 12804
7935 8 8071 0 182 28 12805
7935 45 8070 0 106 10 12806
7935 15 8073 0 166 118 12807
7935 12 8070 0 63 134 12808
7935 19 8069 0 128 55 12809
7950 7 8084 0 149 33 12810
7950 4 8088 0 117 40 12811
7950 6 8087 0 99 9 12812
7950 12 8086 0 63 113 12813
7950 14 8089 0 155 122 12814
7950 41 8087 0 128 96 12815
7950 21 8085 0 93 9 12816
7950 6 8086 0 138 36 12817
7950 12 8085 0 122 58 12818
7950 10 8087 0 86 23 12819
7950 3 8086 0 94 1 12820
7950 22 8083 0 120 146 12821
7950 5 8086 0 125 90 12822
7950 44 8087 0 24 183 12823
7950 12 8087 0 40 59 12824
7950 34 8085 0 10 193 12825
7950 23 8086 0 57 122 12826
7950 18 8086 0 15 186 12827
7950 8 8085 0 128 40 12828
7950 19 8087 0 131 45 12829
7950 38 8083 0 18 115 12830
7950 23 8085 0 109 1 12831
7950 25 8084 0 164 40 12832
7950 14 8086 0 109 56 12833
7950 12 8087 0 140 22 12834
7950 12 8085 0 194 169 12835
7950 43 8087 0 106 10 12836
7951 72 10000 1 15 4 12837
7957 58 10000 1 22 41 12838
7965 20 8101 0 57 122 12839
7965 7 8100 0 194 169 12840
7965 4 8102 0 72 194 12841
7965 19 8100 0 22 41 12842
7965 3 8103 0 146 22 12843
7965 40 8102 0 127 27 12844
7965 10 8101 0 185 66 12845
7965 24 8102 0 132 13 12846
7965 21 8100 0 109 56 12847
7965 6 8100 0 94 1 12848
7965 18 8102 0 120 146 12849
7965 40 8100 0 102 140 12850
7965 23 8101 0 121 49 12851
7965 24 8100 0 113 48 12852
7965 12 8102 0 140 22 12853
7965 17 8101 0 131 45 12854
7965 12 8102 0 188 80 12855
7965 15 8100 0 96 13 12856
7965 25 8099 0 110 24 12857
7965 34 8099 0 66 169 12858
7965 6 8101 0 142 143 12859
7965 8 8101 0 149 33 12860
7965 12 8102 0 148 56 12861
7965 20 8103 0 146 159 12862
7965 7 8102 0 63 134 12863
7965 20 8101 0 124 33 12864
7980 21 8115 0 93 9 12865
7980 22 8115 0 155 79 12866
7980 15 8116 0 113 48 12867
7980 4 8115 0 173 171 12868
7980 25 8117 0 121 49 12869
7980 37 8116 0 127 27 12870
7980 11 8115 0 182 28 12871
7980 39 8115 0 24 183 12872
7980 6 8117 0 67 20 12873
7980 43 8118 0 29 60 12874
7980 6 8116 0 2 3 12875
7980 31 8116 0 66 134 12876
7980 22 8115 0 96 13 12877
7980 12 8116 0 128 40 12878
7980 17 8115 0 110 24 12879
7980 29 8116 0 66 169 12880
7980 32 8116 0 106 10 12881
7980 3 8115 0 117 40 12882
7980 19 8115 0 122 11 12883
7980 3 8115 0 142 143 12884
7980 4 8118 0 99 9 12885
7980 12 8114 0 63 113 12886
7995 3 8129 0 15 4 12887
7995 3 8131 0 72 194 12888
7995 6 8131 0 194 169 12889
7995 12 8129 0 128 40 12890
7995 14 8132 0 128 55 12891
7995 10 8132 0 149 33 12892
7995 25 8132 0 156 90 12893
7995 8 8130 0 86 23 12894
7995 37 8130 0 106 10 12895
7995 9 8131 0 182 28 12896
7995 21 8132 0 198 85 12897
7995 4 8131 0 98 36 12898
7995 13 8132 0 121 49 12899
7995 15 8130 0 131 45 12900
7995 33 8130 0 66 169 12901
7995 5 8133 0 117 40 12902
7995 6 8130 0 103 22 12903
7995 3 8129 0 99 9 12904
7995 26 8131 0 143 170 12905
7995 16 8134 0 146 159 12906
7995 6 8129 0 138 36 12907
7995 23 8133 0 166 118 12908
7995 24 8132 0 109 1 12909
7995 14 8131 0 155 122 12910
7995 22 8132 0 109 56 12911
7995 6 8132 0 155 52 12912
8008 146 10000 1 178 113 12913
8010 12 8146 0 128 40 12914
8010 4 8147 0 178 113 12915
8010 40 8146 0 164 40 12916
8010 12 8145 0 96 13 12917
8010 9 8148 0 122 58 12918
8010 17 8146 0 146 119 12919
8010 6 8148 0 2 3 12920
8010 6 8147 0 103 22 12921
8010 19 8146 0 131 45 12922
8010 18 8145 0 121 49 12923
8010 19 8147 0 122 11 12924
8010 21 8146 0 15 186 12925
8010 15 8147 0 113 48 12926
8010 17 8143 0 109 56 12927
8010 6 8145 0 185 66 12928
8010 13 8146 0 37 7 12929
8010 10 8146 0 6 88 12930
8010 7 8144 0 63 134 12931
8010 11 8144 0 140 22 12932
8025 22 8163 0 128 55 12933
8025 21 8161 0 121 49 12934
8025 43 8161 0 66 134 12935
8025 20 8160 0 131 45 12936
8025 5 8161 0 142 143 12937
8025 5 8162 0 125 90 12938
8025 19 8161 0 110 24 12939
8025 5 8160 0 146 22 12940
8025 6 8161 0 122 58 12941
8025 8 8160 0 140 22 12942
8025 14 8158 0 109 1 12943
8025 20 8162 0 22 41 12944
8025 18 8161 0 166 118 12945
8025 21 8160 0 198 85 12946
8025 11 8159 0 149 33 12947
8025 10 8161 0 128 40 12948
8025 24 8163 0 55 108 12949
8025 28 8160 0 10 193 12950
8025 42 8161 0 106 10 12951
8025 25 8160 0 102 140 12952
8025 4 8164 0 153 145 12953
8025 3 8158 0 94 1 12954
8025 14 8162 0 146 159 12955
8025 4 8160 0 173 171 12956
8025 5 8160 0 99 9 12957
8040 7 8176 0 122 58 12958
8040 12 8177 0 93 9 12959
8040 5 8176 0 72 131 12960
8040 5 8177 0 101 26 12961
8040 5 8175 0 178 113 12962
8040 18 8176 0 22 41 12963
8040 27 8173 0 29 60 12964
8040 22 8175 0 166 118 12965
8040 3 8175 0 103 22 12966
8040 25 8175 0 128 55 12967
8040 11 8178 0 128 40 12968
8040 6 8176 0 40 105 12969
8040 42 8176 0 105 143 12970
8040 37 8177 0 106 10 12971
8040 44 8175 0 24 183 12972
8040 18 8174 0 155 79 12973
8040 24 8175 0 146 159 12974
8040 29 8175 0 128 96 12975
8040 5 8174 0 99 9 12976
8040 14 8175 0 110 24 12977
8040 25 8176 0 122 11 12978
8040 10 8176 0 149 33 12979
8040 29 8178 0 95 77 12980
8040 19 8176 0 132 13 12981
8040 11 8176 0 185 66 12982
8040 3 8176 0 117 40 12983
8040 3 8176 0 98 36 12984
8040 3 8176 0 125 90 12985
8040 6 8178 0 72 194 12986
8040 8 8174 0 6 88 12987
8043 56 10000 1 146 119 12988
8055 23 8193 0 110 24 12989
8055 8 8194 0 138 36 12990
8055 16 8192 0 156 90 12991
8055 19 8190 0 113 48 12992
8055 3 8190 0 125 90 12993
8055 19 8192 0 37 7 12994
8055 22 8191 0 132 13 12995
8055 12 8193 0 140 22 12996
8055 6 8189 0 40 59 12997
8055 16 8191 0 96 13 12998
8055 11 8190 0 149 33 12999
8055 13 8190 0 122 11 13000
8055 3 8190 0 178 113 13001
8055 12 8192 0 185 66 13002
8055 44 8190 0 143 170 13003
8055 43 10000 1 13 75 13004
8055 5 8192 0 15 4 13005
8055 8 8191 0 128 40 13006
8055 37 8192 0 106 10 13007
8055 14 8192 0 128 55 13008
8055 9 8190 0 122 58 13009
8055 20 8190 0 15 186 13010
8055 3 8192 0 7 180 13011
8055 25 8190 0 22 41 13012
8058 175 10000 1 194 169 13013
8059 63 10000 1 122 11 13014
8068 63 10000 1 93 9 13015
8070 20 8206 0 121 49 13016
8070 22 8205 0 109 56 13017
8070 15 8207 0 131 45 13018
8070 16 8208 0 122 11 13019
8070 39 8205 0 106 10 13020
8070 7 8204 0 122 58 13021
8070 23 8208 0 22 41 13022
8070 10 8205 0 149 33 13023
8070 3 8204 0 103 22 13024
8070 4 8205 0 173 171 13025
8070 12 8208 0 128 55 13026
8070 4 8205 0 117 40 13027
8070 16 8205 0 113 48 13028
8070 5 8206 0 40 105 13029
8070 13 8205 0 156 90 13030
8070 5 8205 0 78 150 13031
8070 20 8207 0 198 85 13032
8070 19 8203 0 110 24 13033
8070 14 8205 0 132 13 13034
8070 3 8207 0 99 9 13035
8070 12 8206 0 128 40 13036
8085 11 8220 0 63 113 13037
8085 11 8220 0 149 33 13038
8085 19 8219 0 109 1 13039
8085 20 8222 0 122 11 13040
8085 4 8221 0 2 3 13041
8085 29 8221 0 93 51 13042
8085 34 8220 0 106 10 13043
8085 20 8222 0 109 56 13044
8085 7 8221 0 128 40 13045
8085 6 8218 0 101 26 13046
8085 25 8222 0 155 79 13047
8085 15 8222 0 131 45 13048
8085 12 8220 0 24 195 13049
8085 3 8221 0 146 22 13050
8085 4 8222 0 178 113 13051
8085 23 8221 0 113 48 13052
8085 10 8221 0 138 36 13053
8085 16 8222 0 22 41 13054
8085 5 8220 0 99 9 13055
8100 16 8236 0 22 41 13056
8100 4 8237 0 103 22 13057
8100 24 8234 0 121 49 13058
8100 39 8236 0 127 27 13059
8100 3 8237 0 125 90 13060
8100 7 8237 0 149 33 13061
8100 17 8236 0 131 45 13062
8100 41 8237 0 93 51 13063
8100 25 8236 0 110 24 13064
8100 20 8235 0 120 146 13065
8100 6 8235 0 101 26 13066
8100 13 8236 0 128 55 13067
8100 8 8237 0 182 28 13068
8100 20 8235 0 113 48 13069
8100 32 8236 0 10 193 13070
8100 31 8234 0 29 60 13071
8100 24 8237 0 37 7 13072
8100 20 8237 0 155 79 13073
8100 17 8236 0 122 11 13074
8100 30 8236 0 106 10 13075
8100 12 8236 0 128 40 13076
8100 3 8237 0 173 171 13077
8100 38 8235 0 105 143 13078
8104 141 10000 1 63 113 13079
8115 6 8251 0 6 88 13080
8115 24 8250 0 113 48 13081
8115 5 8251 0 125 90 13082
8115 6 8252 0 149 33 13083
8115 23 8252 0 93 9 13084
8115 15 8252 0 131 45 13085
8115 19 8250 0 121 49 13086
8115 3 8251 0 146 22 13087
8115 6 8251 0 178 113 13088
8115 4 8251 0 117 40 13089
8115 9 8252 0 86 23 13090
8115 7 8252 0 138 36 13091
8115 11 8252 0 63 113 13092
8115 15 8250 0 109 56 13093
8115 27 8252 0 66 169 13094
8115 3 8251 0 2 3 13095
8115 5 8253 0 173 171 13096
8115 25 8250 0 128 55 13097
8115 7 8252 0 128 40 13098
8115 5 8253 0 103 22 13099
8115 6 8253 0 122 58 13100
8115 43 8252 0 106 10 13101
8130 9 8266 0 148 56 13102
8130 12 8265 0 113 48 13103
8130 33 8265 0 106 10 13104
8130 4 8267 0 117 40 13105
8130 13 8266 0 132 13 13106
8130 37 8266 0 29 60 13107
8130 24 8266 0 124 33 13108
8130 4 8267 0 94 1 13109
8130 11 8264 0 185 66 13110
8130 44 8266 0 143 170 13111
8130 11 8269 0 161 34 13112
8130 24 8264 0 146 119 13113
8130 5 8265 0 98 36 13114
8130 6 8267 0 2 3 13115
8130 22 8266 0 166 118 13116
8130 14 8265 0 155 79 13117
8130 12 8265 0 131 45 13118
8130 8 8266 0 140 22 13119
8130 4 8267 0 15 4 13120
8130 37 8267 0 127 27 13121
8130 15 8267 0 109 56 13122
8130 24 8266 0 15 186 13123
8130 12 8266 0 63 134 13124
8130 7 8266 0 149 33 13125
8130 43 8265 0 128 96 13126
8130 38 8266 0 10 193 13127
8130 15 8266 0 110 24 13128
8130 42 8268 0 95 77 13129
8145 5 8280 0 146 22 13130
8145 10 8281 0 185 66 13131
8145 9 8281 0 138 36 13132
8145 18 8280 0 37 7 13133
8145 6 8281 0 94 1 13134
8145 28 8281 0 106 10 13135
8145 4 8280 0 98 36 13136
8145 24 8279 0 155 79 13137
8145 6 8283 0 99 9 13138
8145 35 8283 0 128 96 13139
8145 8 8281 0 128 40 13140
8145 14 8283 0 55 108 13141
8145 6 8282 0 194 169 13142
8145 29 8279 0 143 170 13143
8145 3 8280 0 173 171 13144
8145 20 8282 0 122 11 13145
8145 20 8279 0 110 24 13146
8145 3 8280 0 67 20 13147
8145 17 8283 0 124 33 13148
8145 19 8280 0 96 13 13149
8145 5 8279 0 117 40 13150
8145 13 8283 0 132 13 13151
8145 10 8281 0 149 33 13152
8145 3 8281 0 101 26 13153
8145 8 8279 0 6 88 13154
8145 37 8280 0 105 143 13155
8148 35 10000 1 37 7 13156
8160 4 8295 0 117 40 13157
8160 6 8293 0 146 22 13158
8160 15 8296 0 110 24 13159
8160 41 8297 0 164 40 13160
8160 3 8293 0 99 9 13161
8160 3 8297 0 153 145 13162
8160 37 8296 0 102 140 13163
8160 3 8296 0 98 36 13164
8160 5 8295 0 142 143 13165
8160 15 8296 0 109 56 13166
8160 14 8296 0 155 79 13167
8160 34 8296 0 18 115 13168
8160 3 8297 0 103 22 13169
8160 6 8299 0 15 4 13170
8160 9 8298 0 6 88 13171
8160 39 8298 0 66 169 13172
8160 7 8295 0 182 28 13173
8160 15 8298 0 131 45 13174
8160 24 8297 0 146 159 13175
8160 19 8296 0 122 11 13176
8160 22 8298 0 146 119 13177
8160 11 8296 0 149 33 13178
8175 19 8311 0 96 13 13179
8175 16 8311 0 113 48 13180
8175 15 8312 0 13 75 13181
8175 5 8311 0 178 113 13182
8175 48 10000 1 166 118 13183
8175 16 8310 0 179 186 13184
8175 16 8310 0 131 45 13185
8175 4 8311 0 72 131 13186
8175 4 8311 0 101 26 13187
8175 24 8310 0 120 146 13188
8175 10 8312 0 6 88 13189
8175 19 8312 0 109 56 13190
8175 4 8311 0 125 90 13191
8175 6 8311 0 148 56 13192
8175 37 8311 0 127 27 13193
8175 8 8312 0 185 66 13194
8175 21 8309 0 110 24 13195
8175 25 8310 0 22 41 13196
8175 12 8312 0 122 58 13197
8190 6 8328 0 122 58 13198
8190 25 8327 0 124 33 13199
8190 19 8326 0 132 13 13200
8190 3 8326 0 146 22 13201
8190 15 8324 0 110 24 13202
8190 12 8326 0 40 59 13203
8190 6 8326 0 7 180 13204
8190 25 8328 0 18 115 13205
8190 29 8323 0 127 27 13206
8190 22 8325 0 120 146 13207
8190 19 8326 0 109 56 13208
8190 4 8326 0 103 22 13209
8190 7 8323 0 140 22 13210
8190 9 8326 0 149 33 13211
8190 11 8326 0 6 88 13212
8190 24 8325 0 96 13 13213
8190 4 8326 0 153 145 13214
8190 12 8326 0 182 28 13215
8190 33 8327 0 143 170 13216
8190 16 8325 0 121 49 13217
8190 4 8327 0 99 9 13218
8190 26 8327 0 66 169 13219
8205 9 8339 0 148 56 13220
8205 12 8341 0 149 33 13221
8205 5 8341 0 178 113 13222
8205 25 8344 0 121 49 13223
8205 24 8341 0 109 1 13224
8205 12 8344 0 185 66 13225
8205 3 8338 0 103 22 13226
8205 32 8342 0 66 169 13227
8205 3 8342 0 67 20 13228
8205 3 8342 0 72 194 13229
8205 5 8343 0 99 9 13230
8205 20 8340 0 132 13 13231
8205 19 8341 0 124 33 13232
8205 5 8341 0 78 150 13233
8205 22 8340 0 113 48 13234
8205 3 8339 0 101 26 13235
8205 7 8341 0 128 40 13236
8205 25 8341 0 198 85 13237
8205 13 8341 0 131 45 13238
8205 12 8341 0 138 36 13239
8205 33 8341 0 10 193 13240
8205 8 8340 0 140 22 13241
8205 4 8340 0 98 36 13242
8205 23 8341 0 146 159 13243
8220 44 8354 0 105 143 13244
8220 45 8356 0 127 27 13245
8220 44 8357 0 164 40 13246
8220 5 8355 0 67 20 13247
8220 5 8355 0 98 36 13248
8220 6 8354 0 128 40 13249
8220 32 8357 0 143 170 13250
8220 3 8355 0 146 22 13251
8220 15 8355 0 132 13 13252
8220 21 8356 0 113 48 13253
8220 3 8354 0 173 171 13254
8220 25 8353 0 15 186 13255
8220 4 8355 0 101 26 13256
8220 5 8356 0 99 9 13257
8220 6 8355 0 161 34 13258
8220 12 8354 0 40 59 13259
8220 14 8354 0 131 45 13260
8220 41 8357 0 18 115 13261
8220 29 8356 0 24 183 13262
8220 4 8355 0 125 90 13263
8220 5 8354 0 15 4 13264
8220 12 8356 0 182 28 13265
8220 15 8356 0 109 56 13266
8220 10 8357 0 149 33 13267
8220 20 8354 0 120 146 13268
8220 20 8358 0 146 159 13269
8223 129 10000 1 66 134 13270
8235 5 8372 0 146 22 13271
8235 3 8369 0 153 145 13272
8235 20 8370 0 110 24 13273
8235 25 8371 0 121 49 13274
8235 35 8372 0 105 143 13275
8235 20 8372 0 57 122 13276
8235 42 8370 0 102 140 13277
8235 6 8370 0 122 58 13278
8235 10 8373 0 149 33 13279
8235 12 8372 0 86 23 13280
8235 8 8371 0 140 22 13281
8235 21 8370 0 37 7 13282
8235 5 8370 0 103 22 13283
8235 24 8370 0 109 56 13284
8235 20 8370 0 120 146 13285
8235 12 8371 0 124 33 13286
8235 3 8370 0 173 171 13287
8235 29 8370 0 29 60 13288
8235 5 8370 0 99 9 13289
8245 65 10000 1 40 59 13290
8250 14 8385 0 146 159 13291
8250 14 8386 0 155 122 13292
8250 13 8384 0 131 45 13293
8250 44 8387 0 102 140 13294
8250 11 8385 0 128 40 13295
8250 7 8384 0 161 34 13296
8250 15 8387 0 122 11 13297
8250 4 8385 0 117 40 13298
8250 7 8386 0 122 58 13299
8250 3 8386 0 98 36 13300
8250 29 8386 0 66 134 13301
8250 7 8387 0 40 59 13302
8250 18 8385 0 132 13 13303
8250 6 8384 0 140 22 13304
8250 12 8385 0 109 56 13305
8250 3 8385 0 78 150 13306
8250 6 8384 0 146 22 13307
8250 13 8388 0 110 24 13308
8250 12 8384 0 182 28 13309
8250 22 8389 0 121 49 13310
8250 7 8386 0 6 88 13311
8263 36 10000 1 98 36 13312
8265 14 8402 0 156 90 13313
8265 5 8399 0 146 22 13314
8265 25 8402 0 122 11 13315
8265 38 8404 0 128 96 13316
8265 43 8402 0 66 169 13317
8265 6 8402 0 98 36 13318
8265 20 8400 0 121 49 13319
8265 6 8401 0 188 80 13320
8265 6 8401 0 149 33 13321
8265 5 8400 0 78 150 13322
8265 9 8400 0 40 59 13323
8265 4 8403 0 94 1 13324
8265 16 8401 0 132 13 13325
8265 12 8402 0 120 146 13326
8265 13 8400 0 146 119 13327
8265 24 8400 0 124 33 13328
8265 5 8402 0 142 143 13329
8265 12 8403 0 198 85 13330
8265 17 8401 0 93 9 13331
8265 40 8401 0 106 10 13332
8265 23 8402 0 131 45 13333
8265 16 8401 0 96 13 13334
8265 6 8399 0 178 113 13335
8265 36 8400 0 66 134 13336
8280 3 8416 0 142 143 13337
8280 14 8414 0 128 55 13338
8280 3 8416 0 103 22 13339
8280 13 8415 0 121 49 13340
8280 6 8416 0 125 90 13341
8280 26 8416 0 106 10 13342
8280 31 8417 0 105 143 13343
8280 8 8415 0 149 33 13344
8280 24 8413 0 109 1 13345
8280 36 8415 0 127 27 13346
8280 21 8416 0 96 13 13347
8280 9 8415 0 128 40 13348
8280 3 8415 0 98 36 13349
8280 8 8416 0 122 58 13350
8280 14 8416 0 24 195 13351
8280 15 8416 0 122 11 13352
8280 17 8415 0 110 24 13353
8280 42 8419 0 164 40 13354
8280 14 8416 0 132 13 13355
8295 20 8430 0 122 11 13356
8295 62 10000 1 106 10 13357
8295 15 8433 0 96 13 13358
8295 5 8431 0 72 131 13359
8295 40 8432 0 93 51 13360
8295 6 8431 0 138 36 13361
8295 13 8432 0 93 9 13362
8295 16 8431 0 109 56 13363
8295 15 8430 0 128 55 13364
8295 10 8432 0 63 113 13365
8295 9 8430 0 182 28 13366
8295 4 8432 0 98 36 13367
8295 12 8433 0 131 45 13368
8295 19 8432 0 121 49 13369
8295 10 8430 0 185 66 13370
8295 30 8432 0 18 115 13371
8295 18 8430 0 22 41 13372
8295 5 8431 0 117 40 13373
8295 34 8430 0 127 27 13374
8295 10 8433 0 148 56 13375
8295 23 8430 0 155 122 13376
8295 6 8429 0 67 20 13377
8310 14 8447 0 128 55 13378
8310 4 8446 0 67 20 13379
8310 39 8444 0 95 77 13380
8310 4 8446 0 94 1 13381
8310 25 8446 0 166 118 13382
8310 24 8446 0 96 13 13383
8310 3 8445 0 40 105 13384
8310 10 8446 0 140 22 13385
8310 28 8445 0 66 134 13386
8310 10 8447 0 6 88 13387
8310 9 8444 0 161 34 13388
8310 31 8447 0 10 193 13389
8310 3 8445 0 72 194 13390
8310 8 8446 0 86 23 13391
8310 12 8446 0 113 48 13392
8310 5 8445 0 146 22 13393
8310 32 8446 0 128 96 13394
8310 6 8448 0 155 52 13395
8310 7 8447 0 149 33 13396
8310 23 8447 0 132 13 13397
8310 6 8445 0 117 40 13398
8310 4 8448 0 173 171 13399
8310 25 8445 0 124 33 13400
8325 18 8461 0 198 85 13401
8325 40 8459 0 10 193 13402
8325 8 8460 0 185 66 13403
8325 18 8460 0 128 55 13404
8325 9 8459 0 122 58 13405
8325 36 8462 0 95 77 13406
8325 16 8459 0 146 159 13407
8325 19 8461 0 131 45 13408
8325 6 8461 0 138 36 13409
8325 3 8463 0 101 26 13410
8325 24 8461 0 96 13 13411
8325 20 8461 0 22 41 13412
8325 4 8459 0 7 180 13413
8325 15 8462 0 109 1 13414
8325 5 8459 0 99 9 13415
8325 15 8460 0 146 119 13416
8325 16 8461 0 110 24 13417
8325 3 8460 0 2 3 13418
8325 16 8461 0 109 56 13419
8325 9 8460 0 140 22 13420
8325 36 8460 0 106 10 13421
8325 38 8462 0 18 115 13422
8325 41 8464 0 105 143 13423
8325 19 8462 0 124 33 13424
8325 16 8463 0 179 186 13425
8340 12 8475 0 24 195 13426
8340 38 8475 0 66 134 13427
8340 12 8477 0 128 40 13428
8340 43 8476 0 66 169 13429
8340 12 8475 0 188 80 13430
8340 3 8473 0 146 22 13431
8340 6 8476 0 173 171 13432
8340 8 8476 0 138 36 13433
8340 13 8478 0 155 79 13434
8340 6 8476 0 117 40 13435
8340 20 8476 0 93 9 13436
8340 25 8476 0 57 122 13437
8340 4 8476 0 99 9 13438
8340 23 8477 0 128 55 13439
8340 18 8476 0 121 49 13440
8340 14 8475 0 110 24 13441
8340 6 8477 0 185 66 13442
8340 9 8476 0 63 134 13443
8340 15 8473 0 124 33 13444
8340 4 8476 0 142 143 13445
8340 5 8477 0 178 113 13446
8340 4 8475 0 72 131 13447
8340 8 8476 0 140 22 13448
8340 4 8474 0 103 22 13449
8340 21 8474 0 109 56 13450
8355 22 8492 0 122 11 13451
8355 18 8493 0 128 55 13452
8355 13 8493 0 13 75 13453
8355 39 8493 0 105 143 13454
8355 5 8492 0 99 9 13455
8355 41 8493 0 106 10 13456
8355 20 8493 0 24 195 13457
8355 15 8490 0 121 49 13458
8355 3 8492 0 117 40 13459
8355 23 8488 0 110 24 13460
8355 3 8493 0 67 20 13461
8355 3 8491 0 40 105 13462
8355 21 8492 0 124 33 13463
8355 12 8492 0 146 119 13464
8355 6 8492 0 146 22 13465
8355 14 8492 0 132 13 13466
8355 5 8493 0 103 22 13467
8355 3 8490 0 173 171 13468
8355 12 8490 0 138 36 13469
8355 9 8490 0 128 40 13470
8355 31 8489 0 102 140 13471
8355 5 8489 0 78 150 13472
8355 12 8491 0 188 80 13473
8355 24 8492 0 131 45 13474
8355 9 8491 0 140 22 13475
8355 5 8491 0 7 180 13476
8364 56 10000 1 6 88 13477
8370 10 8507 0 185 66 13478
8370 21 8508 0 166 118 13479
8370 8 8506 0 148 56 13480
8370 16 8505 0 132 13 13481
8370 21 8505 0 57 122 13482
8370 32 8508 0 164 40 13483
8370 20 8507 0 146 119 13484
8370 15 8507 0 121 49 13485
8370 40 8504 0 106 10 13486
8370 24 8506 0 110 24 13487
8370 39 8507 0 18 115 13488
8370 31 8507 0 105 143 13489
8370 3 8506 0 67 20 13490
8370 11 8505 0 188 80 13491
8370 31 8508 0 66 169 13492
8370 39 8506 0 93 51 13493
8370 21 8507 0 109 1 13494
8370 10 8506 0 149 33 13495
8370 3 8505 0 103 22 13496
8370 16 8503 0 93 9 13497
8370 18 8506 0 156 90 13498
8370 38 8506 0 102 140 13499
8370 24 8504 0 113 48 13500
8370 41 8505 0 10 193 13501
8370 22 8510 0 96 13 13502
8370 6 8506 0 98 36 13503
8378 33 10000 1 198 85 13504
8381 73 10000 1 138 36 13505
8385 5 8522 0 142 143 13506
8385 12 8521 0 128 55 13507
8385 12 8522 0 128 40 13508
8385 12 8520 0 63 134 13509
8385 12 8521 0 55 108 13510
8385 6 8520 0 15 4 13511
8385 17 8521 0 122 11 13512
8385 12 8521 0 13 75 13513
8385 6 8520 0 146 22 13514
8385 21 8521 0 166 118 13515
8385 21 8522 0 24 195 13516
8385 11 8520 0 188 80 13517
8385 7 8522 0 161 34 13518
8385 11 8518 0 149 33 13519
8385 4 8519 0 78 150 13520
8385 4 8521 0 98 36 13521
8385 44 8522 0 29 60 13522
8385 6 8521 0 138 36 13523
8385 3 8521 0 173 171 13524
8385 11 8520 0 140 22 13525
8385 13 8521 0 155 79 13526
8385 23 8522 0 57 122 13527
8385 16 8520 0 146 159 13528
8385 24 8521 0 131 45 13529
8399 194 10000 1 98 36 13530
8400 5 8536 0 72 131 13531
8400 12 8535 0 148 56 13532
8400 15 8538 0 57 122 13533
8400 14 8536 0 166 118 13534
8400 3 8535 0 2 3 13535
8400 3 8537 0 146 22 13536
8400 18 8533 0 120 146 13537
8400 18 8537 0 131 45 13538
8400 5 8536 0 67 20 13539
8400 22 8538 0 122 11 13540
8400 25 8536 0 124 33 13541
8400 17 8535 0 109 56 13542
8400 38 8536 0 10 193 13543
8400 31 8535 0 164 40 13544
8400 40 8537 0 93 51 13545
8400 3 8537 0 173 171 13546
8400 5 8537 0 101 26 13547
8400 37 8534 0 106 10 13548
8400 25 8539 0 96 13 13549
8400 6 8536 0 15 4 13550
8400 15 8536 0 128 55 13551
8400 20 8536 0 198 85 13552
8400 23 8537 0 156 90 13553
8400 9 8535 0 185 66 13554
8415 20 8553 0 121 49 13555
8415 10 8552 0 138 36 13556
8415 5 8552 0 15 4 13557
8415 16 8551 0 131 45 13558
8415 11 8549 0 128 40 13559
8415 3 8551 0 146 22 13560
8415 15 8554 0 124 33 13561
8415 19 8553 0 93 9 13562
8415 11 8551 0 6 88 13563
8415 5 8551 0 98 36 13564
8415 13 8552 0 96 13 13565
8415 3 8550 0 40 105 13566
8415 5 8551 0 155 52 13567
8415 39 8554 0 143 170 13568
8415 9 8548 0 140 22 13569
8415 12 8551 0 15 186 13570
8415 21 8550 0 109 56 13571
8415 17 8550 0 166 118 13572
8415 14 8551 0 120 146 13573
8425 68 10000 1 2 3 13574
8430 10 8565 0 128 40 13575
8430 25 8565 0 106 10 13576
8430 4 8565 0 101 26 13577
8430 6 8565 0 117 40 13578
8430 41 8567 0 164 40 13579
8430 45 8566 0 128 96 13580
8430 12 8567 0 122 58 13581
8430 10 8566 0 185 66 13582
8430 3 8567 0 146 22 13583
8430 25 8565 0 132 13 13584
8430 3 8566 0 103 22 13585
8430 12 8565 0 96 13 13586
8430 17 8567 0 122 11 13587
8430 8 8565 0 6 88 13588
8430 22 8565 0 121 49 13589
8430 17 8563 0 37 7 13590
8430 5 8568 0 153 145 13591
8430 15 8564 0 128 55 13592
8430 15 8567 0 110 24 13593
8430 3 8567 0 78 150 13594
8445 6 8581 0 173 171 13595
8445 15 8583 0 198 85 13596
8445 6 8581 0 6 88 13597
8445 3 8582 0 101 26 13598
8445 34 8580 0 164 40 13599
8445 7 8578 0 138 36 13600
8445 13 8579 0 128 55 13601
8445 19 8580 0 57 122 13602
8445 3 8582 0 155 52 13603
8445 3 8581 0 103 22 13604
8445 15 8581 0 166 118 13605
8445 12 8578 0 194 169 13606
8445 5 8581 0 2 3 13607
8445 15 8582 0 121 49 13608
8445 21 8580 0 146 159 13609
8445 12 8581 0 122 58 13610
8445 29 8581 0 127 27 13611
8445 5 8581 0 117 40 13612
8445 22 8583 0 131 45 13613
8445 5 8579 0 146 22 13614
8445 25 8580 0 109 56 13615
8445 20 8580 0 132 13 13616
8445 25 8582 0 122 11 13617
8445 40 8580 0 128 96 13618
8445 7 8580 0 188 80 13619
8460 24 8596 0 109 56 13620
8460 45 8596 0 106 10 13621
8460 6 8597 0 153 145 13622
8460 7 8596 0 149 33 13623
8460 25 8597 0 57 122 13624
8460 9 8594 0 128 40 13625
8460 6 8595 0 72 194 13626
8460 10 8594 0 138 36 13627
8460 13 8597 0 124 33 13628
8460 21 8596 0 113 48 13629
8460 12 8597 0 194 169 13630
8460 20 8595 0 122 11 13631
8460 23 8595 0 13 75 13632
8460 42 8596 0 127 27 13633
8460 43 8594 0 102 140 13634
8460 12 8596 0 185 66 13635
8460 4 8599 0 7 180 13636
8460 12 8594 0 148 56 13637
8460 5 8592 0 101 26 13638
8460 12 8597 0 140 22 13639
8460 45 8596 0 164 40 13640
8460 18 8593 0 110 24 13641
8460 4 8594 0 173 171 13642
8460 10 8597 0 122 58 13643
8460 30 8597 0 24 183 13644
8469 149 10000 1 110 24 13645
8475 24 8610 0 24 195 13646
8475 10 8611 0 40 59 13647
8475 23 8608 0 109 1 13648
8475 17 8611 0 22 41 13649
8475 31 8611 0 127 27 13650
8475 3 8612 0 98 36 13651
8475 3 8612 0 155 52 13652
8475 9 8608 0 149 33 13653
8475 6 8609 0 185 66 13654
8475 24 8611 0 109 56 13655
8475 14 8612 0 110 24 13656
8475 31 8609 0 18 115 13657
8475 6 8610 0 122 58 13658
8475 4 8610 0 117 40 13659
8475 5 8609 0 101 26 13660
8475 13 8611 0 131 45 13661
8475 21 8610 0 121 49 13662
8475 20 8609 0 128 55 13663
8475 10 8611 0 188 80 13664
8475 23 8611 0 122 11 13665
8475 18 8613 0 156 90 13666
8475 6 8609 0 78 150 13667
8475 6 8612 0 99 9 13668
8475 39 8611 0 29 60 13669
8490 31 8625 0 106 10 13670
8490 25 8625 0 132 13 13671
8490 20 8628 0 131 45 13672
8490 18 8626 0 109 56 13673
8490 13 8627 0 155 79 13674
8490 14 8626 0 128 55 13675
8490 5 8625 0 94 1 13676
8490 6 8627 0 15 4 13677
8490 6 8627 0 142 143 13678
8490 27 8625 0 93 51 13679
8490 3 8627 0 101 26 13680
8490 5 8625 0 125 90 13681
8490 6 8625 0 78 150 13682
8490 5 8625 0 173 171 13683
8490 44 8625 0 29 60 13684
8490 18 8627 0 124 33 13685
8490 33 8626 0 127 27 13686
8490 25 8625 0 24 195 13687
8490 22 8623 0 113 48 13688
8490 7 8627 0 86 23 13689
8490 15 8624 0 13 75 13690
8490 19 8626 0 15 186 13691
8490 32 8627 0 10 193 13692
8490 6 8628 0 98 36 13693
8505 40 8642 0 164 40 13694
8505 6 8641 0 122 58 13695
8505 19 8642 0 110 24 13696
8505 7 8642 0 182 28 13697
8505 4 8642 0 67 20 13698
8505 10 8640 0 149 33 13699
8505 4 8641 0 101 26 13700
8505 7 8642 0 63 134 13701
8505 19 8641 0 122 11 13702
8505 3 8643 0 98 36 13703
8505 23 8642 0 120 146 13704
8505 5 8642 0 2 3 13705
8505 4 8642 0 146 22 13706
8505 13 8643 0 155 79 13707
8505 14 8642 0 96 13 13708
8505 13 8641 0 109 56 13709
8505 6 8640 0 185 66 13710
8505 23 8640 0 128 55 13711
8505 29 8640 0 127 27 13712
8505 31 8643 0 106 10 13713
8505 12 8641 0 63 113 13714
8505 6 8643 0 99 9 13715
8505 9 8643 0 6 88 13716
8508 156 10000 1 106 10 13717
8520 13 8655 0 132 13 13718
8520 14 8656 0 96 13 13719
8520 43 8658 0 24 183 13720
8520 6 8656 0 194 169 13721
8520 13 8655 0 155 122 13722
8520 6 8656 0 178 113 13723
8520 9 8657 0 148 56 13724
8520 5 8656 0 155 52 13725
8520 23 8656 0 146 119 13726
8520 14 8657 0 128 55 13727
8520 22 8654 0 110 24 13728
8520 4 8656 0 173 171 13729
8520 3 8654 0 103 22 13730
8520 25 8656 0 127 27 13731
8520 23 8656 0 109 56 13732
8520 22 8658 0 124 33 13733
8520 7 8657 0 149 33 13734
8520 7 8658 0 122 58 13735
8520 9 8658 0 182 28 13736
8520 12 8655 0 55 108 13737
8520 44 8658 0 18 115 13738
8520 3 8659 0 99 9 13739
8520 22 8655 0 155 79 13740
8520 6 8655 0 98 36 13741
8520 12 8657 0 121 49 13742
8531 130 10000 1 93 51 13743
8535 27 8670 0 106 10 13744
8535 19 8671 0 132 13 13745
8535 27 8671 0 105 143 13746
8535 12 8672 0 149 33 13747
8535 21 8669 0 96 13 13748
8535 4 8670 0 67 20 13749
8535 12 8671 0 122 58 13750
8535 6 8673 0 94 1 13751
8535 9 8673 0 6 88 13752
8535 24 8671 0 146 159 13753
8535 18 8670 0 110 24 13754
8535 3 8670 0 98 36 13755
8535 36 8669 0 24 183 13756
8535 5 8672 0 142 143 13757
8535 3 8672 0 99 9 13758
8535 3 8671 0 2 3 13759
8535 23 8670 0 15 186 13760
8535 32 8671 0 10 193 13761
8535 42 8671 0 102 140 13762
8535 20 8672 0 122 11 13763
8541 44 10000 1 156 90 13764
8550 42 8688 0 127 27 13765
8550 11 8687 0 122 58 13766
8550 16 8685 0 120 146 13767
8550 4 8686 0 40 105 13768
8550 20 8686 0 57 122 13769
8550 9 8688 0 6 88 13770
8550 15 8684 0 96 13 13771
8550 11 8685 0 194 169 13772
8550 31 8688 0 128 96 13773
8550 17 8684 0 166 118 13774
8550 16 8687 0 113 48 13775
8550 17 8686 0 37 7 13776
8550 20 8686 0 128 55 13777
8550 37 8686 0 66 134 13778
8550 6 8684 0 7 180 13779
8550 10 8684 0 182 28 13780
8550 3 8686 0 103 22 13781
8550 25 8687 0 102 140 13782
8550 6 8688 0 153 145 13783
8550 27 8686 0 24 183 13784
8550 4 8686 0 99 9 13785
8550 28 8687 0 93 51 13786
8550 6 8683 0 63 113 13787
8550 3 8686 0 101 26 13788
8550 7 8687 0 140 22 13789
8550 4 8685 0 117 40 13790
8550 21 8687 0 131 45 13791
8550 42 8686 0 66 169 13792
8550 19 8685 0 124 33 13793
8552 39 10000 1 117 40 13794
8565 13 8702 0 124 33 13795
8565 16 8701 0 96 13 13796
8565 15 8702 0 13 75 13797
8565 31 8700 0 143 170 13798
8565 18 8700 0 128 55 13799
8565 7 8700 0 122 58 13800
8565 24 8702 0 131 45 13801
8565 6 8700 0 188 80 13802
8565 20 8701 0 122 11 13803
8565 11 8702 0 140 22 13804
8565 28 8702 0 18 115 13805
8565 12 8699 0 63 113 13806
8565 26 8701 0 106 10 13807
8565 22 8700 0 179 186 13808
8565 4 8700 0 2 3 13809
8565 23 8702 0 109 56 13810
8565 12 8702 0 132 13 13811
8565 22 8700 0 55 108 13812
8565 19 8700 0 110 24 13813
8565 4 8702 0 98 36 13814
8565 6 8701 0 142 143 13815
8565 24 8702 0 109 1 13816
8565 7 8701 0 148 56 13817
8580 3 8716 0 146 22 13818
8580 21 8716 0 156 90 13819
8580 17 8718 0 110 24 13820
8580 5 8717 0 103 22 13821
8580 23 8715 0 121 49 13822
8580 5 8715 0 99 9 13823
8580 20 8715 0 124 33 13824
8580 25 8717 0 109 56 13825
8580 36 8718 0 66 134 13826
8580 4 8716 0 117 40 13827
8580 6 8714 0 67 20 13828
8580 19 8717 0 122 11 13829
8580 12 8714 0 37 7 13830
8580 15 8716 0 113 48 13831
8580 14 8715 0 179 186 13832
8580 14 8716 0 166 118 13833
8580 10 8716 0 138 36 13834
8580 25 8715 0 127 27 13835
8580 4 8716 0 40 105 13836
8580 16 8714 0 132 13 13837
8580 6 8717 0 2 3 13838
8580 4 8716 0 155 52 13839
8583 42 10000 1 113 48 13840
8595 42 8731 0 127 27 13841
8595 12 8732 0 194 169 13842
8595 17 8731 0 131 45 13843
8595 41 8730 0 93 51 13844
8595 3 8731 0 99 9 13845
8595 21 8729 0 37 7 13846
8595 12 8731 0 86 23 13847
8595 7 8732 0 149 33 13848
8595 38 8730 0 29 60 13849
8595 5 8731 0 67 20 13850
8595 22 8731 0 24 195 13851
8595 30 8731 0 105 143 13852
8595 7 8731 0 128 40 13853
8595 3 8732 0 7 180 13854
8595 6 8732 0 146 22 13855
8595 8 8732 0 122 58 13856
8595 30 8730 0 66 134 13857
8595 14 8730 0 121 49 13858
8595 3 8728 0 117 40 13859
8595 6 8731 0 142 143 13860
8604 173 10000 1 67 20 13861
8610 12 8746 0 110 24 13862
8610 18 8746 0 113 48 13863
8610 6 8745 0 117 40 13864
8610 12 8744 0 146 159 13865
8610 7 8746 0 122 58 13866
8610 25 8746 0 95 77 13867
8610 6 8748 0 146 22 13868
8610 6 8745 0 188 80 13869
8610 39 8745 0 29 60 13870
8610 24 8747 0 93 9 13871
8610 42 8746 0 93 51 13872
8610 23 8746 0 22 41 13873
8610 4 8747 0 98 36 13874
8610 6 8747 0 72 131 13875
8610 20 8747 0 121 49 13876
8610 11 8746 0 128 40 13877
8610 36 8747 0 128 96 13878
8621 52 10000 1 122 58 13879
8625 14 8760 0 109 56 13880
8625 25 8762 0 198 85 13881
8625 6 8761 0 155 52 13882
8625 13 8760 0 155 79 13883
8625 8 8763 0 128 40 13884
8625 8 8762 0 161 34 13885
8625 22 8761 0 93 9 13886
8625 10 8762 0 188 80 13887
8625 4 8763 0 146 22 13888
8625 8 8759 0 149 33 13889
8625 16 8761 0 132 13 13890
8625 18 8762 0 122 11 13891
8625 30 8760 0 66 134 13892
8625 4 8760 0 103 22 13893
8625 5 8761 0 98 36 13894
8625 25 8759 0 113 48 13895
8625 45 8759 0 106 10 13896
8625 40 8760 0 128 96 13897
8625 36 8760 0 164 40 13898
8625 4 8761 0 101 26 13899
8626 37 10000 1 128 40 13900
8638 48 10000 1 96 13 13901
8640 19 8778 0 24 195 13902
8640 14 8777 0 132 13 13903
8640 7 8777 0 63 113 13904
8640 36 8776 0 102 140 13905
8640 3 8778 0 94 1 13906
8640 18 8775 0 155 79 13907
8640 5 8777 0 103 22 13908
8640 15 8775 0 110 24 13909
8640 34 8777 0 127 27 13910
8640 15 8776 0 113 48 13911
8640 26 8778 0 18 115 13912
8640 13 8776 0 22 41 13913
8640 3 8778 0 7 180 13914
8640 37 8776 0 128 96 13915
8640 23 8775 0 15 186 13916
8640 12 8777 0 179 186 13917
8640 22 8778 0 122 11 13918
8640 39 8775 0 29 60 13919
8640 8 8776 0 140 22 13920
8640 20 8777 0 166 118 13921
8640 8 8775 0 149 33 13922
8640 11 8774 0 122 58 13923
8640 24 8777 0 198 85 13924
8640 12 8776 0 128 55 13925
8640 43 8778 0 106 10 13926
8640 13 8776 0 124 33 13927
8640 19 8775 0 131 45 13928
8640 22 8775 0 57 122 13929
8640 11 8776 0 194 169 13930
8640 45 8777 0 66 134 13931
8640 27 8777 0 24 183 13932
8655 23 8791 0 156 90 13933
8655 4 8791 0 94 1 13934
8655 4 8792 0 173 171 13935
8655 15 8791 0 109 1 13936
8655 44 8791 0 95 77 13937
8655 45 8792 0 18 115 13938
8655 5 8791 0 125 90 13939
8655 12 8791 0 93 9 13940
8655 7 8791 0 6 88 13941
8655 24 8793 0 198 85 13942
8655 7 8792 0 148 56 13943
8655 17 8792 0 128 55 13944
8655 3 8789 0 72 131 13945
8655 22 8789 0 179 186 13946
8655 4 8792 0 98 36 13947
8655 23 8791 0 109 56 13948
8655 25 8791 0 124 33 13949
8655 5 8792 0 40 105 13950
8655 23 8792 0 155 122 13951
8655 44 8790 0 105 143 13952
8655 6 8789 0 99 9 13953
8658 75 10000 1 110 24 13954
8666 65 10000 1 121 49 13955
8670 12 8808 0 182 28 13956
8670 39 8807 0 164 40 13957
8670 14 8804 0 109 1 13958
8670 19 8809 0 113 48 13959
8670 9 8808 0 140 22 13960
8670 39 8806 0 18 115 13961
8670 14 8806 0 155 79 13962
8670 22 8806 0 120 146 13963
8670 16 8806 0 15 186 13964
8670 12 8806 0 22 41 13965
8670 32 8805 0 106 10 13966
8670 18 8807 0 155 122 13967
8670 4 8806 0 99 9 13968
8670 13 8804 0 96 13 13969
8670 24 8807 0 109 56 13970
8670 7 8804 0 86 23 13971
8670 22 8807 0 132 13 13972
8670 8 8806 0 122 58 13973
8670 6 8806 0 117 40 13974
8670 37 8805 0 102 140 13975
8670 39 8808 0 24 183 13976
8670 3 8808 0 178 113 13977
8670 6 8807 0 173 171 13978
8670 17 8806 0 122 11 13979
8670 24 8807 0 156 90 13980
8670 21 8807 0 131 45 13981
8670 6 8806 0 142 143 13982
8685 7 8823 0 161 34 13983
8685 25 8820 0 121 49 13984
8685 21 8822 0 113 48 13985
8685 3 8821 0 78 150 13986
8685 19 8821 0 131 45 13987
8685 9 8820 0 122 58 13988
8685 22 8820 0 146 119 13989
8685 17 8821 0 13 75 13990
8685 3 8823 0 125 90 13991
8685 11 8822 0 194 169 13992
8685 21 8821 0 128 55 13993
8685 7 8823 0 188 80 13994
8685 10 8822 0 6 88 13995
8685 5 8820 0 67 20 13996
8685 42 8818 0 106 10 13997
8685 14 8821 0 155 122 13998
8685 7 8821 0 148 56 13999
8685 25 8822 0 109 56 14000
8685 23 8822 0 132 13 14001
8685 15 8821 0 110 24 14002
8685 4 8821 0 117 40 14003
8685 28 8822 0 164 40 14004
8685 12 8820 0 138 36 14005
8685 3 8821 0 7 180 14006
8697 65 10000 1 194 169 14007
8700 19 8838 0 96 13 14008
8700 22 8836 0 124 33 14009
8700 11 8836 0 63 134 14010
8700 6 8837 0 182 28 14011
8700 9 8834 0 149 33 14012
8700 6 8836 0 72 194 14013
8700 13 8838 0 121 49 14014
8700 12 8837 0 131 45 14015
8700 25 8836 0 156 90 14016
8700 23 8834 0 128 55 14017
8700 3 8835 0 98 36 14018
8700 3 8836 0 99 9 14019
8700 18 8834 0 22 41 14020
8700 3 8835 0 103 22 14021
8700 17 8835 0 146 159 14022
8700 22 8837 0 110 24 14023
8700 4 8836 0 101 26 14024
8700 26 8835 0 10 193 14025
8700 3 8836 0 40 105 14026
8700 7 8838 0 128 40 14027
8700 25 8836 0 66 169 14028
8700 30 8834 0 106 10 14029
8700 25 8837 0 55 108 14030
8700 15 8835 0 109 56 14031
8700 10 8835 0 63 113 14032
8705 70 10000 1 66 134 14033
8705 61 10000 1 155 122 14034
8715 32 8849 0 143 170 14035
8715 16 8850 0 120 146 14036
8715 44 8852 0 128 96 14037
8715 8 8851 0 138 36 14038
8715 31 8849 0 93 51 14039
8715 6 8852 0 142 143 14040
8715 13 8851 0 109 56 14041
8715 28 8852 0 106 10 14042
8715 6 8851 0 146 22 14043
8715 14 8851 0 128 55 14044
8715 5 8850 0 67 20 14045
8715 10 8851 0 140 22 14046
8715 15 8851 0 124 33 14047
8715 3 8849 0 72 194 14048
8727 67 10000 1 155 52 14049
8730 7 8864 0 161 34 14050
8730 33 8867 0 29 60 14051
8730 5 8864 0 101 26 14052
8730 8 8866 0 140 22 14053
8730 18 8868 0 22 41 14054
8730 6 8866 0 67 20 14055
8730 11 8867 0 182 28 14056
8730 36 8865 0 127 27 14057
8730 13 8868 0 24 195 14058
8730 9 8868 0 138 36 14059
8730 44 8863 0 102 140 14060
8730 6 8867 0 7 180 14061
8730 6 8865 0 40 105 14062
8730 6 8867 0 178 113 14063
8730 5 8867 0 103 22 14064
8730 6 8866 0 146 22 14065
8730 8 8868 0 86 23 14066
8730 23 8866 0 128 55 14067
8730 23 8866 0 132 13 14068
8730 12 8866 0 194 169 14069
8730 3 8865 0 117 40 14070
8730 19 8864 0 110 24 14071
8730 22 8864 0 109 56 14072
8730 5 8865 0 125 90 14073
8730 21 8867 0 13 75 14074
8730 11 8864 0 122 58 14075
8744 30 10000 1 72 131 14076
8745 37 8879 0 128 96 14077
8745 7 8882 0 188 80 14078
8745 21 8881 0 128 55 14079
8745 7 8881 0 63 113 14080
8745 4 8882 0 146 22 14081
8745 4 8879 0 101 26 14082
8745 4 8882 0 103 22 14083
8745 6 8881 0 98 36 14084
8745 5 8881 0 7 180 14085
8745 13 8880 0 120 146 14086
8745 12 8879 0 109 56 14087
8745 45 8879 0 106 10 14088
8745 28 8882 0 164 40 14089
8745 19 8881 0 132 13 14090
8745 24 8882 0 22 41 14091
8745 21 8883 0 179 186 14092
8745 7 8882 0 128 40 14093
8745 3 8880 0 78 150 14094
8745 45 8879 0 143 170 14095
8745 6 8880 0 173 171 14096
8745 13 8881 0 131 45 14097
8745 6 8879 0 125 90 14098
8745 12 8881 0 13 75 14099
8760 21 8896 0 24 195 14100
8760 22 8892 0 55 108 14101
8760 42 8896 0 143 170 14102
8760 25 8897 0 18 115 14103
8760 4 8896 0 178 113 14104
8760 23 8896 0 15 186 14105
8760 36 8896 0 106 10 14106
8760 23 8894 0 121 49 14107
8760 32 8895 0 24 183 14108
8760 3 8895 0 153 145 14109
8760 7 8896 0 149 33 14110
8760 6 8896 0 72 131 14111
8760 4 8897 0 146 22 14112
8760 43 8895 0 93 51 14113
8760 43 8896 0 29 60 14114
8760 24 8896 0 179 186 14115
8760 6 8896 0 63 113 14116
8760 18 8896 0 166 118 14117
8760 13 8897 0 109 56 14118
8760 3 8896 0 117 40 14119
8760 5 8899 0 142 143 14120
8760 23 8897 0 124 33 14121
8760 16 8896 0 109 1 14122
8760 18 8896 0 110 24 14123
8760 8 8896 0 6 88 14124
8760 43 8895 0 10 193 14125
8760 25 8898 0 113 48 14126
8775 42 8913 0 95 77 14127
8775 28 8912 0 106 10 14128
8775 22 8911 0 131 45 14129
8775 42 8910 0 18 115 14130
8775 6 8912 0 98 36 14131
8775 13 8912 0 166 118 14132
8775 25 8911 0 155 122 14133
8775 43 8911 0 127 27 14134
8775 22 8910 0 24 195 14135
8775 11 8912 0 122 58 14136
8775 6 8911 0 117 40 14137
8775 28 8910 0 66 169 14138
8775 12 8909 0 128 55 14139
8775 6 8913 0 99 9 14140
8775 6 8911 0 103 22 14141
8775 10 8911 0 63 113 14142
8775 11 8912 0 148 56 14143
8775 19 8910 0 15 186 14144
8775 10 8911 0 149 33 14145
8775 3 8910 0 146 22 14146
8775 25 8910 0 110 24 14147
8775 5 8911 0 40 105 14148
8775 6 8911 0 188 80 14149
8775 21 8909 0 96 13 14150
8775 13 8912 0 109 56 14151
8775 20 8910 0 121 49 14152
8775 4 8912 0 94 1 14153
8775 9 8910 0 128 40 14154
8775 22 8911 0 120 146 14155
8775 4 8911 0 153 145 14156
8779 36 10000 1 164 40 14157
8785 124 10000 1 120 146 14158
8790 23 8926 0 57 122 14159
8790 23 8928 0 13 75 14160
8790 3 8926 0 125 90 14161
8790 6 8925 0 101 26 14162
8790 6 8926 0 146 22 14163
8790 17 8926 0 156 90 14164
8790 3 8926 0 103 22 14165
8790 22 8927 0 179 186 14166
8790 5 8928 0 178 113 14167
8790 43 8926 0 29 60 14168
8790 12 8926 0 63 134 14169
8790 20 8927 0 166 118 14170
8790 12 8927 0 122 58 14171
8790 43 8927 0 164 40 14172
8790 8 8925 0 140 22 14173
8790 10 8926 0 63 113 14174
8790 6 8925 0 155 52 14175
8790 42 8926 0 18 115 14176
8790 25 8928 0 198 85 14177
8790 14 8924 0 121 49 14178
8790 18 8927 0 93 9 14179
8790 23 8927 0 124 33 14180
8790 37 8926 0 127 27 14181
8790 5 8926 0 99 9 14182
8790 20 8928 0 155 79 14183
8790 23 8927 0 55 108 14184
8805 5 8939 0 2 3 14185
8805 41 8942 0 66 134 14186
8805 44 8941 0 102 140 14187
8805 28 8940 0 106 10 14188
8805 4 8939 0 142 143 14189
8805 19 8943 0 110 24 14190
8805 14 8942 0 57 122 14191
8805 4 8940 0 7 180 14192
8805 23 8940 0 166 118 14193
8805 18 8940 0 122 11 14194
8805 6 8942 0 72 131 14195
8805 7 8942 0 149 33 14196
8805 10 8941 0 63 113 14197
8805 21 8941 0 96 13 14198
8805 3 8941 0 40 105 14199
8805 45 8941 0 127 27 14200
8805 5 8941 0 99 9 14201
8805 3 8941 0 146 22 14202
8805 7 8940 0 128 40 14203
8805 24 8942 0 24 195 14204
8805 19 8942 0 13 75 14205
8805 22 8942 0 179 186 14206
8805 44 8938 0 105 143 14207
8805 24 8941 0 113 48 14208
8805 3 8940 0 117 40 14209
8805 20 8939 0 121 49 14210
8805 6 8938 0 98 36 14211
8805 10 8940 0 122 58 14212
8805 7 8942 0 138 36 14213
8805 34 8942 0 164 40 14214
8805 23 8941 0 131 45 14215
8812 62 10000 1 10 193 14216
8820 6 8957 0 103 22 14217
8820 4 8954 0 142 143 14218
8820 44 8958 0 106 10 14219
8820 16 8956 0 22 41 14220
8820 4 8956 0 72 131 14221
8820 23 8956 0 37 7 14222
8820 24 8955 0 57 122 14223
8820 23 8956 0 122 11 14224
8820 4 8955 0 146 22 14225
8820 15 8955 0 113 48 14226
8820 7 8956 0 149 33 14227
8820 26 8959 0 10 193 14228
8820 5 8958 0 98 36 14229
8820 20 8955 0 198 85 14230
8820 16 8958 0 110 24 14231
8820 16 8957 0 109 56 14232
8820 7 8955 0 140 22 14233
8820 5 8958 0 99 9 14234
8820 6 8956 0 138 36 14235
8820 5 8954 0 117 40 14236
8835 5 8969 0 99 9 14237
8835 4 8971 0 125 90 14238
8835 22 8971 0 121 49 14239
8835 38 8972 0 29 60 14240
8835 5 8970 0 146 22 14241
8835 18 8970 0 132 13 14242
8835 6 8971 0 140 22 14243
8835 16 8970 0 96 13 14244
8835 31 8971 0 102 140 14245
8835 17 8971 0 37 7 14246
8835 26 8970 0 106 10 14247
8835 4 8972 0 101 26 14248
8835 18 8971 0 131 45 14249
8835 45 8971 0 18 115 14250
8835 6 8971 0 117 40 14251
8835 12 8972 0 40 59 14252
8835 23 8972 0 166 118 14253
8835 23 8971 0 110 24 14254
8835 11 8971 0 149 33 14255
8835 3 8972 0 103 22 14256
8835 12 8970 0 55 108 14257
8835 19 8972 0 109 56 14258
8838 80 10000 1 94 1 14259
8850 8 8986 0 63 113 14260
8850 5 8986 0 125 90 14261
8850 32 8985 0 127 27 14262
8850 16 8985 0 113 48 14263
8850 28 8985 0 102 140 14264
8850 11 8985 0 161 34 14265
8850 7 8985 0 188 80 14266
8850 10 8987 0 63 134 14267
8850 11 8985 0 128 40 14268
8850 20 8988 0 155 122 14269
8850 9 8985 0 194 169 14270
8850 31 8988 0 18 115 14271
8850 19 8985 0 96 13 14272
8850 15 8986 0 124 33 14273
8850 21 8986 0 57 122 14274
8850 45 8986 0 128 96 14275
8850 42 8985 0 10 193 14276
8850 9 8986 0 185 66 14277
8850 3 8984 0 103 22 14278
8865 22 9002 0 55 108 14279
8865 7 9001 0 140 22 14280
8865 21 8998 0 57 122 14281
8865 25 9001 0 132 13 14282
8865 10 9002 0 188 80 14283
8865 23 9000 0 128 55 14284
8865 5 9000 0 117 40 14285
8865 20 9000 0 120 146 14286
8865 6 9002 0 99 9 14287
8865 19 9002 0 156 90 14288
8865 3 9001 0 94 1 14289
8865 9 9000 0 138 36 14290
8865 20 9003 0 96 13 14291
8865 22 9002 0 121 49 14292
8865 6 9001 0 101 26 14293
8865 29 9001 0 66 169 14294
8865 14 9001 0 109 1 14295
8865 23 9002 0 13 75 14296
8865 8 9001 0 63 113 14297
8865 6 8999 0 98 36 14298
8865 5 8998 0 146 22 14299
8865 39 9003 0 106 10 14300
8865 18 9001 0 146 159 14301
8865 18 9002 0 110 24 14302
8878 59 10000 1 128 55 14303
8880 45 9017 0 18 115 14304
8880 6 9017 0 125 90 14305
8880 25 9017 0 122 11 14306
8880 10 9014 0 122 58 14307
8880 6 9016 0 138 36 14308
8880 12 9016 0 86 23 14309
8880 25 9016 0 128 96 14310
8880 29 9015 0 106 10 14311
8880 21 9016 0 96 13 14312
8880 10 9015 0 182 28 14313
8880 9 9014 0 194 169 14314
8880 8 9016 0 128 40 14315
8880 6 9017 0 40 105 14316
8880 6 9015 0 98 36 14317
8880 4 9015 0 101 26 14318
8880 12 9014 0 149 33 14319
8880 12 9016 0 113 48 14320
8880 4 9015 0 78 150 14321
8880 21 9016 0 124 33 14322
8880 5 9017 0 155 52 14323
8891 70 10000 1 55 108 14324
8895 9 9030 0 63 113 14325
8895 5 9030 0 98 36 14326
8895 18 9032 0 109 56 14327
8895 21 9032 0 110 24 14328
8895 16 9032 0 13 75 14329
8895 41 9031 0 105 143 14330
8895 7 9031 0 185 66 14331
8895 6 9032 0 2 3 14332
8895 3 9032 0 155 52 14333
8895 15 9032 0 55 108 14334
8895 14 9031 0 109 1 14335
8895 3 9031 0 146 22 14336
8895 12 9030 0 122 58 14337
8895 43 9030 0 66 169 14338
8895 3 9031 0 72 131 14339
8895 21 9029 0 57 122 14340
8895 6 9031 0 67 20 14341
8895 15 9031 0 96 13 14342
8895 15 9030 0 122 11 14343
8895 12 9032 0 113 48 14344
8895 22 9030 0 131 45 14345
8895 25 9031 0 121 49 14346
8895 3 9031 0 117 40 14347
8895 10 9032 0 188 80 14348
8895 17 9029 0 128 55 14349
8895 12 9033 0 128 40 14350
8895 8 9031 0 6 88 14351
8895 5 9033 0 72 194 14352
8895 14 9032 0 120 146 14353
8895 30 9030 0 127 27 14354
8895 14 9030 0 146 119 14355
8910 17 9047 0 93 9 14356
8910 3 9046 0 146 22 14357
8910 29 9048 0 95 77 14358
8910 7 9047 0 149 33 14359
8910 12 9047 0 138 36 14360
8910 7 9046 0 128 40 14361
8910 8 9048 0 188 80 14362
8910 44 9048 0 106 10 14363
8910 27 9048 0 102 140 14364
8910 6 9046 0 6 88 14365
8910 10 9044 0 182 28 14366
8910 21 9045 0 122 11 14367
8910 12 9046 0 110 24 14368
8910 14 9045 0 124 33 14369
8910 36 9043 0 93 51 14370
8910 18 9046 0 155 122 14371
8910 9 9046 0 140 22 14372
8910 18 9045 0 22 41 14373
8910 25 9046 0 128 55 14374
8925 30 9060 0 127 27 14375
8925 17 9061 0 128 55 14376
8925 6 9061 0 146 22 14377
8925 22 9061 0 24 195 14378
8925 25 9058 0 57 122 14379
8925 12 9060 0 149 33 14380
8925 9 9059 0 86 23 14381
8925 42 9061 0 10 193 14382
8925 5 9062 0 2 3 14383
8925 3 9061 0 117 40 14384
8925 6 9062 0 99 9 14385
8925 6 9062 0 125 90 14386
8925 21 9060 0 124 33 14387
8925 20 9061 0 109 1 14388
8925 9 9062 0 182 28 14389
8925 10 9061 0 161 34 14390
8925 34 9062 0 18 115 14391
8925 22 9062 0 166 118 14392
8925 13 9061 0 179 186 14393
8925 19 9062 0 110 24 14394
8925 6 9062 0 103 22 14395
8925 16 9060 0 121 49 14396
8925 39 9062 0 128 96 14397
8925 15 9061 0 120 146 14398
8925 25 9059 0 13 75 14399
8934 79 10000 1 146 22 14400
8940 19 9078 0 124 33 14401
8940 12 9074 0 22 41 14402
8940 19 9075 0 122 11 14403
8940 23 9076 0 110 24 14404
8940 5 9073 0 72 194 14405
8940 17 9075 0 155 79 14406
8940 10 9076 0 185 66 14407
8940 36 9077 0 102 140 14408
8940 18 9076 0 37 7 14409
8940 18 9077 0 131 45 14410
8940 4 9078 0 103 22 14411
8940 22 9077 0 13 75 14412
8940 27 9077 0 128 96 14413
8940 7 9076 0 149 33 14414
8940 8 9075 0 140 22 14415
8940 24 9076 0 15 186 14416
8940 4 9077 0 94 1 14417
8940 39 9076 0 127 27 14418
8940 4 9075 0 117 40 14419
8940 6 9075 0 99 9 14420
8940 3 9076 0 98 36 14421
8940 8 9076 0 128 40 14422
8940 12 9077 0 6 88 14423
8940 12 9077 0 63 113 14424
8948 102 10000 1 40 59 14425
8955 5 9089 0 173 171 14426
8955 21 9090 0 122 11 14427
8955 6 9090 0 103 22 14428
8955 11 9091 0 128 40 14429
8955 4 9091 0 98 36 14430
8955 29 9092 0 66 169 14431
8955 30 9090 0 143 170 14432
8955 5 9093 0 99 9 14433
8955 3 9092 0 117 40 14434
8955 25 9093 0 166 118 14435
8955 6 9093 0 101 26 14436
8955 24 9091 0 179 186 14437
8955 36 9091 0 127 27 14438
8955 25 9090 0 29 60 14439
8955 31 9092 0 106 10 14440
8955 40 9092 0 128 96 14441
8955 44 9091 0 164 40 14442
8955 3 9091 0 72 131 14443
8955 15 9089 0 120 146 14444
8955 20 9091 0 93 9 14445
8955 40 9092 0 10 193 14446
8955 8 9090 0 188 80 14447
8955 24 9091 0 113 48 14448
8955 34 9091 0 24 183 14449
8955 5 9091 0 178 113 14450
8958 75 10000 1 66 169 14451
8970 5 9109 0 98 36 14452
8970 9 9107 0 63 113 14453
8970 15 9107 0 132 13 14454
8970 4 9104 0 15 4 14455
8970 7 9105 0 138 36 14456
8970 16 9107 0 110 24 14457
8970 4 9105 0 103 22 14458
8970 15 9105 0 57 122 14459
8970 33 9107 0 106 10 14460
8970 36 9104 0 127 27 14461
8970 42 9104 0 93 51 14462
8970 24 9107 0 166 118 14463
8970 5 9107 0 40 105 14464
8970 8 9107 0 140 22 14465
8970 35 9106 0 66 134 14466
8970 12 9107 0 122 11 14467
8970 34 9106 0 24 183 14468
8970 6 9107 0 146 22 14469
8985 12 9121 0 166 118 14470
8985 7 9122 0 140 22 14471
8985 6 9121 0 149 33 14472
8985 3 9122 0 67 20 14473
8985 25 9122 0 124 33 14474
8985 43 9120 0 29 60 14475
8985 5 9121 0 2 3 14476
8985 22 9123 0 110 24 14477
8985 3 9122 0 155 52 14478
8985 5 9122 0 178 113 14479
8985 17 9120 0 22 41 14480
8985 3 9120 0 103 22 14481
8985 8 9121 0 138 36 14482
8985 4 9122 0 99 9 14483
8985 5 9120 0 117 40 14484
8985 43 9121 0 93 51 14485
8985 26 9120 0 127 27 14486
8985 17 9120 0 96 13 14487
8985 9 9120 0 86 23 14488
8985 5 9122 0 173 171 14489
8985 6 9119 0 98 36 14490
8985 11 9122 0 128 40 14491
8985 23 9121 0 198 85 14492
8985 39 9121 0 143 170 14493
8985 12 9120 0 194 169 14494
8985 5 9121 0 7 180 14495
8985 24 9120 0 113 48 14496
8985 12 9123 0 122 11 14497
8985 6 9121 0 78 150 14498
8985 41 9120 0 10 193 14499
8989 45 10000 1 63 134 14500
9000 3 9135 0 117 40 14501
9000 15 9136 0 109 1 14502
9000 5 9136 0 40 105 14503
9000 11 9137 0 138 36 14504
9000 38 9136 0 164 40 14505
9000 6 9137 0 63 113 14506
9000 8 9138 0 185 66 14507
9000 22 9139 0 155 79 14508
9000 3 9137 0 103 22 14509
9000 24 9136 0 124 33 14510
9000 13 9134 0 131 45 14511
9000 3 9136 0 78 150 14512
9000 10 9135 0 149 33 14513
9000 23 9136 0 37 7 14514
9000 27 9137 0 106 10 14515
9000 4 9136 0 99 9 14516
9000 17 9135 0 96 13 14517
9000 21 9137 0 179 186 14518
9000 12 9138 0 132 13 14519
9000 25 9136 0 128 55 14520
9000 4 9136 0 146 22 14521
9000 20 9135 0 122 11 14522
9000 13 9136 0 120 146 14523
9000 9 9136 0 128 40 14524
9003 123 10000 1 125 90 14525
9013 73 10000 1 155 79 14526
9015 6 9150 0 67 20 14527
9015 8 9152 0 149 33 14528
9015 22 9150 0 121 49 14529
9015 6 9151 0 153 145 14530
9015 25 9151 0 131 45 14531
9015 5 9151 0 72 194 14532
9015 22 9152 0 110 24 14533
9015 39 9149 0 93 51 14534
9015 23 9152 0 15 186 14535
9015 4 9150 0 155 52 14536
9015 3 9152 0 98 36 14537
9015 21 9153 0 124 33 14538
9015 36 9152 0 102 140 14539
9015 3 9151 0 99 9 14540
9015 23 9153 0 132 13 14541
9015 3 9149 0 178 113 14542
9020 127 10000 1 55 108 14543
9021 70 10000 1 124 33 14544
9030 6 9167 0 72 194 14545
9030 7 9165 0 122 58 14546
9030 16 9167 0 132 13 14547
9030 44 9166 0 105 143 14548
9030 4 9165 0 125 90 14549
9030 34 9164 0 66 169 14550
9030 21 9166 0 155 79 14551
9030 24 9168 0 124 33 14552
9030 6 9166 0 140 22 14553
9030 12 9166 0 86 23 14554
9030 30 9164 0 106 10 14555
9030 7 9165 0 185 66 14556
9030 8 9168 0 149 33 14557
9030 24 9167 0 146 159 14558
9030 36 9165 0 66 134 14559
9030 12 9165 0 13 75 14560
9030 19 9167 0 131 45 14561
9030 3 9165 0 99 9 14562
9030 4 9166 0 72 131 14563
9030 5 9167 0 2 3 14564
9030 8 9166 0 63 134 14565
9030 35 9165 0 127 27 14566
9030 3 9166 0 101 26 14567
9038 136 10000 1 182 28 14568
9045 5 9184 0 99 9 14569
9045 3 9182 0 94 1 14570
9045 34 9181 0 106 10 14571
9045 3 9180 0 101 26 14572
9045 21 9180 0 57 122 14573
9045 3 9182 0 146 22 14574
9045 21 9180 0 128 55 14575
9045 40 9181 0 128 96 14576
9045 16 9182 0 93 9 14577
9045 12 9179 0 188 80 14578
9045 6 9180 0 153 145 14579
9045 17 9182 0 198 85 14580
9045 12 9182 0 128 40 14581
9045 25 9182 0 22 41 14582
9045 6 9180 0 117 40 14583
9045 10 9180 0 122 58 14584
9045 6 9180 0 63 134 14585
9054 57 10000 1 149 33 14586
9060 4 9195 0 142 143 14587
9060 5 9196 0 173 171 14588
9060 19 9195 0 131 45 14589
9060 3 9195 0 94 1 14590
9060 11 9195 0 63 113 14591
9060 16 9196 0 55 108 14592
9060 25 9197 0 128 55 14593
9060 17 9199 0 57 122 14594
9060 8 9194 0 149 33 14595
9060 25 9195 0 109 56 14596
9060 3 9195 0 117 40 14597
9060 12 9195 0 6 88 14598
9060 16 9196 0 155 79 14599
9060 25 9196 0 96 13 14600
9060 19 9198 0 124 33 14601
9060 6 9195 0 153 145 14602
9060 6 9198 0 182 28 14603
9060 7 9195 0 185 66 14604
9060 13 9197 0 110 24 14605
9060 19 9198 0 156 90 14606
9061 127 10000 1 164 40 14607
9075 25 9211 0 109 56 14608
9075 5 9212 0 125 90 14609
9075 7 9211 0 188 80 14610
9075 32 9210 0 29 60 14611
9075 21 9209 0 122 11 14612
9075 19 9212 0 121 49 14613
9075 4 9213 0 142 143 14614
9075 15 9212 0 13 75 14615
9075 6 9214 0 98 36 14616
9075 21 9211 0 37 7 14617
9075 6 9208 0 128 40 14618
9075 5 9212 0 2 3 14619
9075 5 9212 0 40 105 14620
9075 43 9212 0 105 143 14621
9075 22 9210 0 15 186 14622
9075 12 9209 0 113 48 14623
9075 26 9213 0 106 10 14624
9075 7 9212 0 138 36 14625
9075 19 9209 0 96 13 14626
9075 5 9210 0 101 26 14627
9075 38 9213 0 102 140 14628
9075 16 9210 0 24 195 14629
9075 6 9210 0 146 22 14630
9075 41 9210 0 95 77 14631
9085 189 10000 1 153 145 14632
9086 75 10000 1 132 13 14633
9087 38 10000 1 127 27 14634
9090 4 9227 0 142 143 14635
9090 23 9227 0 124 33 14636
9090 17 9227 0 96 13 14637
9090 3 9226 0 117 40 14638
9090 13 9226 0 15 186 14639
9090 35 9225 0 105 143 14640
9090 10 9224 0 182 28 14641
9090 6 9225 0 125 90 14642
9090 4 9227 0 103 22 14643
9090 17 9228 0 37 7 14644
9090 5 9228 0 173 171 14645
9090 13 9226 0 22 41 14646
9090 5 9226 0 67 20 14647
9090 3 9226 0 94 1 14648
9090 6 9225 0 101 26 14649
9090 24 9226 0 128 55 14650
9090 45 9227 0 106 10 14651
9090 32 9227 0 143 170 14652
9090 38 9228 0 128 96 14653
9090 32 9226 0 29 60 14654
9090 21 9225 0 122 11 14655
9090 23 9229 0 121 49 14656
9090 21 9227 0 131 45 14657
9090 9 9225 0 140 22 14658
9090 22 9225 0 155 79 14659
9105 11 9242 0 6 88 14660
9105 23 9239 0 146 119 14661
9105 35 9242 0 143 170 14662
9105 17 9240 0 24 195 14663
9105 9 9240 0 140 22 14664
9105 16 9240 0 128 55 14665
9105 7 9244 0 122 58 14666
9105 20 9241 0 113 48 14667
9105 6 9241 0 86 23 14668
9105 5 9241 0 94 1 14669
9105 24 9243 0 109 1 14670
9105 26 9239 0 127 27 14671
9105 12 9240 0 122 11 14672
9105 13 9238 0 96 13 14673
9105 32 9241 0 106 10 14674
9105 6 9238 0 146 22 14675
9105 15 9243 0 109 56 14676
9105 41 9240 0 29 60 14677
9105 12 9243 0 120 146 14678
9105 15 9242 0 121 49 14679
9105 11 9241 0 63 113 14680
9105 21 9242 0 110 24 14681
9105 6 9242 0 98 36 14682
9105 6 9240 0 99 9 14683
9105 15 9240 0 156 90 14684
9105 3 9242 0 117 40 14685
9105 42 9240 0 164 40 14686
9105 15 9242 0 124 33 14687
9105 14 9244 0 146 159 14688
9105 3 9242 0 103 22 14689
9105 39 9242 0 10 193 14690
9105 16 9241 0 131 45 14691
9105 22 9241 0 155 122 14692
9120 13 9256 0 179 186 14693
9120 31 9254 0 18 115 14694
9120 15 9256 0 110 24 14695
9120 3 9257 0 101 26 14696
9120 39 9255 0 102 140 14697
9120 18 9256 0 55 108 14698
9120 11 9256 0 188 80 14699
9120 7 9256 0 122 58 14700
9120 42 9255 0 105 143 14701
9120 10 9256 0 182 28 14702
9120 28 9256 0 127 27 14703
9120 12 9258 0 131 45 14704
9120 33 9256 0 66 169 14705
9120 7 9254 0 138 36 14706
9120 18 9257 0 128 55 14707
9120 6 9255 0 72 194 14708
9120 17 9258 0 121 49 14709
9120 25 9255 0 198 85 14710
9120 5 9258 0 98 36 14711
9120 7 9255 0 40 59 14712
9120 5 9256 0 2 3 14713
9120 3 9255 0 117 40 14714
9120 3 9256 0 142 143 14715
9120 4 9257 0 125 90 14716
9120 6 9255 0 103 22 14717
9120 22 9255 0 132 13 14718
9120 15 9258 0 96 13 14719
9120 25 9256 0 93 51 14720
9120 18 9255 0 113 48 14721
9120 6 9258 0 128 40 14722
9124 31 10000 1 122 11 14723
9126 62 10000 1 188 80 14724
9135 36 9271 0 10 193 14725
9135 11 9271 0 185 66 14726
9135 6 9269 0 72 131 14727
9135 8 9271 0 122 58 14728
9135 12 9272 0 96 13 14729
9135 6 9270 0 153 145 14730
9135 21 9271 0 113 48 14731
9135 26 9270 0 24 183 14732
9135 3 9271 0 117 40 14733
9135 6 9273 0 101 26 14734
9135 18 9271 0 124 33 14735
9135 12 9270 0 6 88 14736
9135 9 9272 0 128 40 14737
9135 27 9269 0 102 140 14738
9135 14 9271 0 109 56 14739
9135 16 9271 0 13 75 14740
9135 9 9272 0 63 134 14741
9135 4 9271 0 15 4 14742
9135 17 9270 0 179 186 14743
9135 7 9270 0 149 33 14744
9135 4 9271 0 99 9 14745
9135 6 9271 0 148 56 14746
9135 14 9270 0 128 55 14747
9135 3 9274 0 103 22 14748
9135 21 9270 0 155 79 14749
9135 3 9271 0 78 150 14750
9150 20 9287 0 113 48 14751
9150 9 9285 0 63 134 14752
9150 19 9285 0 24 195 14753
9150 6 9285 0 142 143 14754
9150 25 9283 0 155 79 14755
9150 5 9288 0 117 40 14756
9150 21 9286 0 37 7 14757
9150 6 9288 0 122 58 14758
9150 4 9286 0 173 171 14759
9150 20 9287 0 57 122 14760
9150 7 9286 0 161 34 14761
9150 3 9286 0 103 22 14762
9150 19 9287 0 22 41 14763
9150 40 9286 0 66 134 14764
9150 3 9287 0 72 131 14765
9150 33 9286 0 102 140 14766
9150 5 9287 0 99 9 14767
9150 9 9287 0 138 36 14768
9150 17 9285 0 93 9 14769
9150 18 9288 0 124 33 14770
9150 25 9288 0 109 1 14771
9150 15 9286 0 15 186 14772
9150 20 9286 0 131 45 14773
9150 22 9286 0 166 118 14774
9150 25 9286 0 143 170 14775
9150 31 9286 0 29 60 14776
9150 14 9289 0 121 49 14777
9150 9 9286 0 128 40 14778
9150 32 9286 0 93 51 14779
9150 6 9286 0 72 194 14780
9155 66 10000 1 15 4 14781
9161 77 10000 1 40 105 14782
9165 12 9302 0 132 13 14783
9165 37 9302 0 95 77 14784
9165 6 9301 0 128 40 14785
9165 27 9300 0 127 27 14786
9165 11 9302 0 194 169 14787
9165 15 9301 0 124 33 14788
9165 16 9300 0 198 85 14789
9165 21 9301 0 113 48 14790
9165 5 9300 0 117 40 14791
9165 4 9302 0 146 22 14792
9165 18 9301 0 96 13 14793
9165 8 9303 0 122 58 14794
9165 3 9301 0 99 9 14795
9165 29 9303 0 106 10 14796
9165 6 9302 0 98 36 14797
9180 17 9317 0 109 1 14798
9180 9 9317 0 138 36 14799
9180 23 9316 0 22 41 14800
9180 11 9313 0 86 23 14801
9180 21 9318 0 121 49 14802
9180 24 9316 0 128 55 14803
9180 32 9318 0 66 134 14804
9180 40 9315 0 102 140 14805
9180 45 9316 0 106 10 14806
9180 15 9315 0 120 146 14807
9180 18 9318 0 156 90 14808
9180 41 9314 0 164 40 14809
9180 6 9316 0 146 22 14810
9180 5 9317 0 78 150 14811
9180 9 9316 0 128 40 14812
9180 17 9315 0 124 33 14813
9180 40 9316 0 24 183 14814
9180 23 9315 0 113 48 14815
9180 4 9315 0 117 40 14816
9180 5 9315 0 153 145 14817
9180 3 9313 0 173 171 14818
9180 11 9317 0 122 58 14819
9180 3 9317 0 98 36 14820
9180 5 9317 0 155 52 14821
9180 34 9316 0 127 27 14822
9180 19 9315 0 131 45 14823
9187 68 10000 1 143 170 14824
9194 170 10000 1 66 169 14825
9195 35 9333 0 128 96 14826
9195 12 9330 0 93 9 14827
9195 25 9330 0 155 122 14828
9195 24 9331 0 155 79 14829
9195 6 9330 0 128 40 14830
9195 25 9331 0 55 108 14831
9195 23 9331 0 122 11 14832
9195 25 9330 0 29 60 14833
9195 38 9331 0 93 51 14834
9195 3 9332 0 103 22 14835
9195 12 9331 0 122 58 14836
9195 5 9331 0 2 3 14837
9195 6 9331 0 63 113 14838
9195 5 9331 0 98 36 14839
9195 11 9334 0 149 33 14840
9195 24 9330 0 166 118 14841
9195 9 9331 0 182 28 14842
9195 45 9332 0 95 77 14843
9195 23 9331 0 110 24 14844
9195 6 9332 0 40 105 14845
9195 6 9331 0 125 90 14846
9195 21 9329 0 37 7 14847
9195 6 9330 0 138 36 14848
9195 21 9329 0 146 159 14849
9195 6 9331 0 146 22 14850
9195 11 9332 0 6 88 14851
9206 48 10000 1 153 145 14852
9210 17 9344 0 128 55 14853
9210 4 9348 0 103 22 14854
9210 7 9346 0 6 88 14855
9210 25 9348 0 93 51 14856
9210 45 9346 0 10 193 14857
9210 22 9345 0 110 24 14858
9210 4 9347 0 146 22 14859
9210 17 9347 0 122 11 14860
9210 17 9344 0 121 49 14861
9210 36 9346 0 66 134 14862
9210 5 9345 0 72 131 14863
9210 36 9347 0 128 96 14864
9210 6 9345 0 149 33 14865
9210 15 9346 0 124 33 14866
9210 9 9346 0 122 58 14867
9210 5 9346 0 40 105 14868
9210 8 9346 0 194 169 14869
9210 6 9344 0 140 22 14870
9210 7 9350 0 40 59 14871
9210 39 9347 0 102 140 14872
9210 10 9346 0 128 40 14873
9210 16 9348 0 132 13 14874
9210 6 9346 0 142 143 14875
9210 23 9344 0 113 48 14876
9210 6 9347 0 125 90 14877
9210 11 9346 0 161 34 14878
9210 4 9345 0 67 20 14879
9210 26 9346 0 106 10 14880
9219 135 10000 1 22 41 14881
9225 14 9360 0 96 13 14882
9225 39 9361 0 66 169 14883
9225 6 9359 0 128 40 14884
9225 25 9361 0 113 48 14885
9225 3 9361 0 146 22 14886
9225 28 9361 0 102 140 14887
9225 4 9358 0 67 20 14888
9225 129 10000 1 146 119 14889
9225 25 9362 0 55 108 14890
9225 5 9360 0 99 9 14891
9225 4 9360 0 125 90 14892
9225 44 9360 0 24 183 14893
9225 14 9362 0 121 49 14894
9225 12 9360 0 182 28 14895
9225 12 9362 0 122 58 14896
9225 3 9359 0 117 40 14897
9225 16 9363 0 124 33 14898
9225 10 9360 0 194 169 14899
9225 44 9361 0 29 60 14900
9225 31 9361 0 164 40 14901
9225 29 9361 0 143 170 14902
9225 14 9362 0 156 90 14903
9225 27 9364 0 127 27 14904
9240 23 9374 0 37 7 14905
9240 12 9378 0 113 48 14906
9240 41 9375 0 127 27 14907
9240 7 9376 0 161 34 14908
9240 4 9377 0 67 20 14909
9240 8 9378 0 128 40 14910
9240 3 9375 0 98 36 14911
9240 6 9374 0 122 58 14912
9240 5 9377 0 142 143 14913
9240 20 9376 0 121 49 14914
9240 25 9376 0 55 108 14915
9240 18 9375 0 57 122 14916
9240 22 9377 0 109 56 14917
9240 8 9377 0 138 36 14918
9240 9 9377 0 149 33 14919
9240 20 9376 0 131 45 14920
9240 44 9378 0 24 183 14921
9240 22 9376 0 124 33 14922
9240 19 9376 0 128 55 14923
9240 32 9376 0 29 60 14924
9240 3 9376 0 117 40 14925
9240 4 9375 0 146 22 14926
9240 4 9376 0 2 3 14927
9240 22 9375 0 146 159 14928
9240 13 9375 0 96 13 14929
9255 4 9391 0 78 150 14930
9255 14 9391 0 128 55 14931
9255 4 9391 0 2 3 14932
9255 35 9392 0 106 10 14933
9255 44 9391 0 164 40 14934
9255 3 9389 0 146 22 14935
9255 5 9389 0 125 90 14936
9255 20 9391 0 24 195 14937
9255 40 9391 0 18 115 14938
9255 24 9389 0 93 9 14939
9255 24 9391 0 109 56 14940
9255 22 9393 0 121 49 14941
9255 30 9391 0 127 27 14942
9255 3 9389 0 99 9 14943
9255 10 9388 0 122 58 14944
9255 18 9391 0 166 118 14945
9255 9 9390 0 6 88 14946
9255 25 9391 0 96 13 14947
9255 39 9391 0 93 51 14948
9255 23 9390 0 22 41 14949
9255 41 9392 0 95 77 14950
9256 39 10000 1 99 9 14951
9259 178 10000 1 18 115 14952
9259 41 10000 1 40 59 14953
9270 12 9406 0 146 119 14954
9270 21 9408 0 55 108 14955
9270 15 9405 0 131 45 14956
9270 4 9406 0 94 1 14957
9270 31 9407 0 95 77 14958
9270 7 9405 0 149 33 14959
9270 5 9405 0 178 113 14960
9270 12 9407 0 132 13 14961
9270 9 9404 0 140 22 14962
9270 4 9407 0 146 22 14963
9270 5 9405 0 103 22 14964
9270 43 9407 0 66 134 14965
9270 6 9406 0 98 36 14966
9270 11 9405 0 138 36 14967
9270 38 9406 0 127 27 14968
9270 5 9405 0 101 26 14969
9270 15 9406 0 179 186 14970
9270 21 9407 0 110 24 14971
9270 12 9406 0 120 146 14972
9273 30 10000 1 24 195 14973
9285 10 9420 0 138 36 14974
9285 3 9422 0 155 52 14975
9285 5 9422 0 117 40 14976
9285 6 9421 0 128 40 14977
9285 18 9418 0 132 13 14978
9285 22 9421 0 156 90 14979
9285 19 9422 0 121 49 14980
9285 37 9421 0 128 96 14981
9285 6 9420 0 40 59 14982
9285 3 9420 0 178 113 14983
9285 4 9420 0 146 22 14984
9285 13 9420 0 179 186 14985
9285 8 9422 0 149 33 14986
9285 43 9420 0 102 140 14987
9285 18 9423 0 128 55 14988
9285 17 9422 0 109 1 14989
9285 20 9422 0 122 11 14990
9285 20 9421 0 110 24 14991
9285 7 9421 0 122 58 14992
9285 15 9422 0 96 13 14993
9285 4 9420 0 72 131 14994
9285 18 9425 0 131 45 14995
9285 23 9420 0 24 195 14996
9285 11 9423 0 182 28 14997
9290 42 10000 1 125 90 14998
9300 21 9435 0 110 24 14999
9300 6 9436 0 72 194 15000
9300 38 9438 0 105 143 15001
9300 3 9437 0 101 26 15002
9300 10 9436 0 128 40 15003
9300 42 9436 0 93 51 15004
9300 13 9438 0 124 33 15005
9300 17 9435 0 146 159 15006
9300 12 9436 0 122 11 15007
9300 17 9436 0 128 55 15008
9300 19 9436 0 96 13 15009
9300 12 9433 0 6 88 15010
9300 3 9436 0 125 90 15011
9300 14 9435 0 131 45 15012
9300 17 9438 0 156 90 15013
9300 12 9436 0 63 134 15014
9300 16 9438 0 179 186 15015
9300 12 9436 0 109 56 15016
9300 27 9437 0 127 27 15017
9300 10 9437 0 149 33 15018
9300 12 9434 0 57 122 15019
9300 41 9435 0 164 40 15020
9300 19 9436 0 113 48 15021
9300 26 9435 0 102 140 15022
9300 5 9434 0 146 22 15023
9315 3 9452 0 40 105 15024
9315 7 9451 0 86 23 15025
9315 5 9452 0 15 4 15026
9315 7 9451 0 149 33 15027
9315 21 9451 0 122 11 15028
9315 19 9453 0 113 48 15029
9315 8 9449 0 122 58 15030
9315 3 9451 0 78 150 15031
9315 35 9450 0 93 51 15032
9315 7 9454 0 40 59 15033
9315 10 9450 0 185 66 15034
9315 10 9452 0 128 40 15035
9315 26 9451 0 106 10 15036
9315 5 9454 0 103 22 15037
9315 13 9451 0 132 13 15038
9315 10 9453 0 138 36 15039
9315 6 9450 0 72 131 15040
9315 23 9450 0 110 24 15041
9315 41 9447 0 127 27 15042
9315 4 9451 0 117 40 15043
9315 12 9451 0 124 33 15044
9315 5 9451 0 67 20 15045
9315 11 9451 0 140 22 15046
9315 19 9453 0 131 45 15047
9315 16 9454 0 121 49 15048
9315 25 9451 0 102 140 15049
9315 4 9452 0 146 22 15050
9315 22 9450 0 96 13 15051
9315 3 9455 0 94 1 15052
9315 29 9450 0 95 77 15053
9323 40 10000 1 86 23 15054
9328 78 10000 1 148 56 15055
9330 14 9465 0 24 195 15056
9330 24 9464 0 110 24 15057
9330 6 9464 0 101 26 15058
9330 45 9467 0 24 183 15059
9330 30 9466 0 18 115 15060
9330 22 9465 0 124 33 15061
9330 15 9467 0 15 186 15062
9330 36 9465 0 143 170 15063
9330 9 9466 0 149 33 15064
9330 21 9464 0 131 45 15065
9330 22 9467 0 121 49 15066
9330 6 9466 0 117 40 15067
9330 7 9465 0 140 22 15068
9330 15 9465 0 109 56 15069
9330 35 9465 0 164 40 15070
9330 5 9466 0 98 36 15071
9330 22 9464 0 96 13 15072
9330 7 9467 0 182 28 15073
9330 5 9467 0 2 3 15074
9330 41 9467 0 106 10 15075
9345 4 9480 0 40 105 15076
9345 18 9483 0 122 11 15077
9345 3 9481 0 153 145 15078
9345 16 9478 0 24 195 15079
9345 44 9482 0 29 60 15080
9345 23 9481 0 96 13 15081
9345 9 9481 0 63 113 15082
9345 12 9484 0 122 58 15083
9345 41 9481 0 143 170 15084
9345 12 9483 0 113 48 15085
9345 5 9481 0 103 22 15086
9345 43 9482 0 106 10 15087
9345 15 9481 0 109 1 15088
9345 41 9480 0 164 40 15089
9345 7 9481 0 149 33 15090
9345 24 9482 0 121 49 15091
9345 24 9482 0 110 24 15092
9345 3 9481 0 101 26 15093
9345 36 9481 0 127 27 15094
9345 7 9481 0 148 56 15095
9345 7 9481 0 128 40 15096
9345 21 9478 0 109 56 15097
9360 5 9495 0 72 131 15098
9360 38 9495 0 66 169 15099
9360 6 9497 0 103 22 15100
9360 24 9497 0 110 24 15101
9360 11 9496 0 161 34 15102
9360 35 9495 0 105 143 15103
9360 20 9498 0 156 90 15104
9360 21 9497 0 109 56 15105
9360 3 9496 0 99 9 15106
9360 5 9495 0 155 52 15107
9360 6 9496 0 2 3 15108
9360 6 9496 0 7 180 15109
9360 33 9496 0 66 134 15110
9360 12 9497 0 128 40 15111
9360 6 9497 0 101 26 15112
9360 9 9492 0 86 23 15113
9360 17 9495 0 109 1 15114
9360 24 9495 0 128 55 15115
9360 12 9497 0 113 48 15116
9360 31 9492 0 164 40 15117
9360 28 9497 0 95 77 15118
9360 10 9496 0 6 88 15119
9360 40 9497 0 93 51 15120
9360 13 9498 0 132 13 15121
9375 12 9510 0 55 108 15122
9375 18 9511 0 37 7 15123
9375 6 9511 0 63 134 15124
9375 23 9512 0 131 45 15125
9375 3 9511 0 153 145 15126
9375 24 9511 0 122 11 15127
9375 25 9510 0 109 56 15128
9375 4 9511 0 15 4 15129
9375 14 9510 0 132 13 15130
9375 11 9511 0 148 56 15131
9375 44 9511 0 127 27 15132
9375 10 9509 0 182 28 15133
9375 19 9514 0 15 186 15134
9375 30 9510 0 143 170 15135
9375 44 9510 0 105 143 15136
9375 11 9509 0 128 40 15137
9375 12 9511 0 121 49 15138
9375 8 9508 0 149 33 15139
9375 10 9513 0 140 22 15140
9375 14 9511 0 96 13 15141
9375 12 9511 0 6 88 15142
9375 11 9510 0 63 113 15143
9375 22 9511 0 198 85 15144
9375 5 9508 0 99 9 15145
9375 4 9508 0 101 26 15146
9375 3 9514 0 146 22 15147
9375 4 9512 0 72 131 15148
9375 23 9510 0 146 159 15149
9375 8 9513 0 122 58 15150
9390 14 9526 0 128 55 15151
9390 19 9526 0 155 122 15152
9390 10 9527 0 149 33 15153
9390 19 9524 0 96 13 15154
9390 9 9528 0 194 169 15155
9390 3 9526 0 153 145 15156
9390 3 9525 0 103 22 15157
9390 36 9528 0 29 60 15158
9390 40 9528 0 164 40 15159
9390 5 9527 0 40 105 15160
9390 24 9524 0 122 11 15161
9390 11 9525 0 188 80 15162
9390 6 9526 0 138 36 15163
9390 27 9526 0 18 115 15164
9390 5 9528 0 78 150 15165
9390 3 9524 0 146 22 15166
9390 5 9527 0 67 20 15167
9390 3 9527 0 7 180 15168
9390 22 9525 0 131 45 15169
9390 18 9525 0 121 49 15170
9390 12 9526 0 122 58 15171
9390 12 9527 0 128 40 15172
9390 4 9527 0 98 36 15173
9390 7 9525 0 63 134 15174
9390 5 9526 0 15 4 15175
9390 6 9528 0 117 40 15176
9390 4 9526 0 72 131 15177
9403 66 10000 1 93 51 15178
9405 3 9541 0 99 9 15179
9405 4 9541 0 40 105 15180
9405 37 9538 0 127 27 15181
9405 4 9541 0 125 90 15182
9405 32 9541 0 24 183 15183
9405 24 9540 0 132 13 15184
9405 10 9541 0 182 28 15185
9405 18 9542 0 122 11 15186
9405 10 9540 0 140 22 15187
9405 5 9543 0 2 3 15188
9405 12 9541 0 149 33 15189
9405 15 9543 0 155 79 15190
9405 13 9541 0 113 48 15191
9405 44 9541 0 66 169 15192
9405 20 9543 0 96 13 15193
9405 29 9542 0 143 170 15194
9405 12 9543 0 198 85 15195
9405 7 9541 0 6 88 15196
9405 12 9543 0 128 40 15197
9405 13 9543 0 110 24 15198
9405 23 9542 0 146 119 15199
9414 52 10000 1 67 20 15200
9420 19 9553 0 113 48 15201
9420 44 9557 0 93 51 15202
9420 5 9555 0 72 194 15203
9420 6 9555 0 142 143 15204
9420 3 9557 0 117 40 15205
9420 14 9553 0 110 24 15206
9420 8 9557 0 63 113 15207
9420 4 9555 0 155 52 15208
9420 34 9556 0 143 170 15209
9420 21 9557 0 156 90 15210
9420 5 9555 0 125 90 15211
9420 19 9558 0 128 55 15212
9420 17 9556 0 122 11 15213
9420 4 9555 0 98 36 15214
9420 22 9556 0 109 1 15215
9420 29 9554 0 127 27 15216
9420 8 9555 0 128 40 15217
9420 16 9554 0 96 13 15218
9420 3 9557 0 40 105 15219
9420 22 9556 0 37 7 15220
9420 7 9556 0 182 28 15221
9420 22 9555 0 131 45 15222
9420 4 9556 0 103 22 15223
9420 14 9556 0 124 33 15224
9420 4 9557 0 15 4 15225
9420 15 9556 0 15 186 15226
9420 19 9555 0 155 122 15227
9420 37 9557 0 128 96 15228
9420 5 9557 0 78 150 15229
9420 19 9556 0 109 56 15230
9420 3 9557 0 153 145 15231
9435 9 9569 0 149 33 15232
9435 3 9571 0 155 52 15233
9435 30 9572 0 102 140 15234
9435 10 9571 0 161 34 15235
9435 3 9571 0 146 22 15236
9435 33 9571 0 143 170 15237
9435 11 9572 0 122 58 15238
9435 27 9569 0 93 51 15239
9435 20 9571 0 155 79 15240
9435 16 9571 0 132 13 15241
9435 6 9570 0 7 180 15242
9435 25 9572 0 166 118 15243
9435 23 9571 0 96 13 15244
9435 33 9570 0 106 10 15245
9435 4 9571 0 98 36 15246
9435 19 9570 0 128 55 15247
9450 11 9587 0 128 40 15248
9450 3 9589 0 99 9 15249
9450 6 9585 0 86 23 15250
9450 12 9586 0 149 33 15251
9450 6 9586 0 122 58 15252
9450 17 9586 0 24 195 15253
9450 22 9585 0 121 49 15254
9450 4 9588 0 153 145 15255
9450 6 9586 0 98 36 15256
9450 3 9585 0 103 22 15257
9450 9 9588 0 138 36 15258
9450 22 9586 0 109 56 15259
9450 20 9586 0 113 48 15260
9450 7 9587 0 182 28 15261
9450 8 9586 0 63 113 15262
9450 3 9587 0 72 131 15263
9450 41 9586 0 143 170 15264
9450 29 9586 0 106 10 15265
9450 13 9585 0 146 159 15266
9450 5 9585 0 173 171 15267
9450 6 9587 0 125 90 15268
9450 5 9587 0 67 20 15269
9450 6 9587 0 2 3 15270
9450 8 9585 0 140 22 15271
9460 36 10000 1 185 66 15272
9465 3 9600 0 117 40 15273
9465 8 9604 0 128 40 15274
9465 6 9601 0 2 3 15275
9465 8 9600 0 149 33 15276
9465 8 9602 0 122 58 15277
9465 30 9603 0 128 96 15278
9465 38 9600 0 105 143 15279
9465 13 9605 0 110 24 15280
9465 17 9603 0 131 45 15281
9465 40 9602 0 106 10 15282
9465 12 9600 0 40 59 15283
9465 6 9602 0 146 22 15284
9465 6 9600 0 125 90 15285
9465 6 9601 0 78 150 15286
9465 24 9602 0 13 75 15287
9465 37 9602 0 66 134 15288
9465 43 9603 0 127 27 15289
9465 27 9601 0 164 40 15290
9465 17 9601 0 122 11 15291
9465 6 9600 0 94 1 15292
9465 13 9601 0 121 49 15293
9465 6 9601 0 101 26 15294
9465 41 9603 0 95 77 15295
9480 25 9615 0 109 56 15296
9480 9 9615 0 138 36 15297
9480 3 9616 0 7 180 15298
9480 37 9614 0 29 60 15299
9480 6 9617 0 146 22 15300
9480 55 10000 1 182 28 15301
9480 4 9614 0 15 4 15302
9480 37 9615 0 128 96 15303
9480 6 9614 0 140 22 15304
9480 13 9616 0 146 159 15305
9480 10 9615 0 182 28 15306
9480 4 9617 0 72 131 15307
9480 6 9618 0 142 143 15308
9480 20 9615 0 110 24 15309
9480 31 9615 0 102 140 15310
9480 3 9615 0 178 113 15311
9480 36 9616 0 164 40 15312
9480 18 9615 0 179 186 15313
9480 4 9616 0 117 40 15314
9480 13 9614 0 22 41 15315
9480 8 9617 0 86 23 15316
9480 45 9617 0 105 143 15317
9480 3 9617 0 101 26 15318
9480 5 9616 0 72 194 15319
9480 4 9616 0 67 20 15320
9480 12 9616 0 124 33 15321
9495 26 9632 0 18 115 15322
9495 22 9632 0 109 1 15323
9495 9 9632 0 149 33 15324
9495 3 9629 0 99 9 15325
9495 11 9632 0 138 36 15326
9495 24 9631 0 22 41 15327
9495 10 9628 0 140 22 15328
9495 23 9631 0 155 122 15329
9495 3 9631 0 67 20 15330
9495 16 9630 0 109 56 15331
9495 4 9630 0 40 105 15332
9495 5 9632 0 173 171 15333
9495 6 9631 0 122 58 15334
9495 6 9632 0 101 26 15335
9495 20 9632 0 96 13 15336
9495 6 9628 0 2 3 15337
9495 15 9632 0 37 7 15338
9495 4 9631 0 117 40 15339
9495 12 9632 0 128 40 15340
9495 17 9632 0 93 9 15341
9495 21 9631 0 122 11 15342
9495 20 9631 0 113 48 15343
9495 16 9631 0 128 55 15344
9495 8 9631 0 40 59 15345
9495 11 9630 0 63 113 15346
9504 71 10000 1 109 56 15347
9507 46 10000 1 63 113 15348
9508 53 10000 1 18 115 15349
9510 4 9645 0 173 171 15350
9510 3 9647 0 99 9 15351
9510 11 9646 0 185 66 15352
9510 8 9643 0 149 33 15353
9510 12 9648 0 198 85 15354
9510 12 9645 0 140 22 15355
9510 5 9648 0 15 4 15356
9510 16 9644 0 179 186 15357
9510 34 9646 0 105 143 15358
9510 17 9644 0 146 119 15359
9510 4 9646 0 155 52 15360
9510 13 9646 0 128 55 15361
9510 25 9644 0 57 122 15362
9510 6 9647 0 101 26 15363
9510 14 9645 0 124 33 15364
9510 17 9644 0 96 13 15365
9510 3 9646 0 146 22 15366
9510 6 9647 0 117 40 15367
9510 25 9648 0 155 122 15368
9510 20 9646 0 132 13 15369
9510 8 9645 0 40 59 15370
9510 12 9645 0 146 159 15371
9510 37 9645 0 106 10 15372
9525 28 9661 0 102 140 15373
9525 34 9659 0 24 183 15374
9525 14 9660 0 109 56 15375
9525 20 9662 0 110 24 15376
9525 18 9663 0 179 186 15377
9525 9 9660 0 149 33 15378
9525 25 9657 0 106 10 15379
9525 20 9661 0 146 159 15380
9525 13 9662 0 93 9 15381
9525 33 9662 0 127 27 15382
9525 20 9661 0 122 11 15383
9525 16 9660 0 55 108 15384
9525 22 9661 0 121 49 15385
9525 18 9659 0 57 122 15386
9525 6 9662 0 153 145 15387
9525 18 9661 0 24 195 15388
9525 6 9660 0 72 194 15389
9525 7 9661 0 122 58 15390
9525 14 9662 0 124 33 15391
9525 16 9662 0 13 75 15392
9525 17 9661 0 96 13 15393
9525 5 9661 0 125 90 15394
9525 14 9660 0 22 41 15395
9528 79 10000 1 140 22 15396
9540 20 9677 0 156 90 15397
9540 21 9676 0 131 45 15398
9540 30 9675 0 127 27 15399
9540 9 9676 0 40 59 15400
9540 18 9676 0 128 55 15401
9540 12 9676 0 113 48 15402
9540 58 10000 1 7 180 15403
9540 35 9676 0 105 143 15404
9540 3 9677 0 94 1 15405
9540 8 9676 0 194 169 15406
9540 13 9678 0 96 13 15407
9540 3 9674 0 117 40 15408
9540 6 9674 0 101 26 15409
9540 37 9678 0 164 40 15410
9540 21 9675 0 109 1 15411
9540 37 9677 0 93 51 15412
9540 12 9674 0 6 88 15413
9540 6 9678 0 40 105 15414
9540 29 9675 0 18 115 15415
9540 12 9677 0 24 195 15416
9540 7 9677 0 140 22 15417
9540 25 9676 0 106 10 15418
9540 6 9677 0 99 9 15419
9540 6 9675 0 7 180 15420
9540 5 9675 0 103 22 15421
9540 3 9674 0 146 22 15422
9540 10 9677 0 138 36 15423
9540 15 9677 0 179 186 15424
9555 11 9692 0 182 28 15425
9555 24 9691 0 124 33 15426
9555 6 9693 0 101 26 15427
9555 6 9691 0 173 171 15428
9555 4 9688 0 117 40 15429
9555 21 9690 0 109 56 15430
9555 25 9692 0 95 77 15431
9555 32 9691 0 29 60 15432
9555 24 9690 0 57 122 15433
9555 17 9691 0 110 24 15434
9555 36 9692 0 127 27 15435
9555 6 9690 0 128 40 15436
9555 11 9693 0 161 34 15437
9555 10 9691 0 149 33 15438
9555 12 9691 0 140 22 15439
9555 13 9694 0 155 122 15440
9555 43 9694 0 66 169 15441
9555 5 9689 0 155 52 15442
9555 6 9691 0 99 9 15443
9555 7 9690 0 148 56 15444
9555 16 9692 0 96 13 15445
9555 16 9692 0 122 11 15446
9555 27 9692 0 164 40 15447
9555 5 9690 0 178 113 15448
9570 9 9706 0 182 28 15449
9570 3 9708 0 72 194 15450
9570 20 9704 0 124 33 15451
9570 16 9707 0 109 56 15452
9570 32 9707 0 128 96 15453
9570 20 9708 0 37 7 15454
9570 18 9704 0 122 11 15455
9570 10 9706 0 188 80 15456
9570 15 9707 0 179 186 15457
9570 40 9707 0 127 27 15458
9570 12 9706 0 110 24 15459
9570 6 9707 0 185 66 15460
9570 5 9704 0 40 105 15461
9570 22 9708 0 131 45 15462
9570 8 9707 0 138 36 15463
9570 42 9707 0 106 10 15464
9570 20 9708 0 166 118 15465
9570 3 9709 0 146 22 15466
9570 23 9708 0 121 49 15467
9570 25 9707 0 29 60 15468
9570 5 9705 0 98 36 15469
9570 21 9706 0 96 13 15470
9570 6 9706 0 67 20 15471
9570 13 9706 0 132 13 15472
9570 16 9703 0 146 119 15473
9570 11 9705 0 149 33 15474
9570 12 9707 0 93 9 15475
9585 6 9722 0 173 171 15476
9585 8 9719 0 6 88 15477
9585 22 9721 0 131 45 15478
9585 3 9719 0 99 9 15479
9585 12 9722 0 155 122 15480
9585 3 9721 0 103 22 15481
9585 3 9722 0 2 3 15482
9585 9 9721 0 138 36 15483
9585 4 9718 0 98 36 15484
9585 21 9723 0 121 49 15485
9585 12 9721 0 185 66 15486
9585 18 9719 0 109 56 15487
9585 12 9722 0 13 75 15488
9585 12 9722 0 110 24 15489
9585 31 9721 0 66 134 15490
9585 25 9720 0 146 119 15491
9585 8 9721 0 86 23 15492
9585 3 9722 0 101 26 15493
9585 27 9722 0 95 77 15494
9585 12 9720 0 122 58 15495
9585 42 9719 0 105 143 15496
9585 20 9720 0 124 33 15497
9585 8 9721 0 128 40 15498
9585 30 9722 0 29 60 15499
9592 138 10000 1 109 56 15500
9600 5 9736 0 67 20 15501
9600 4 9736 0 178 113 15502
9600 3 9738 0 94 1 15503
9600 15 9735 0 156 90 15504
9600 15 9736 0 55 108 15505
9600 6 9736 0 148 56 15506
9600 22 9735 0 113 48 15507
9600 44 9737 0 66 134 15508
9600 17 9735 0 13 75 15509
9600 7 9735 0 86 23 15510
9600 20 9737 0 109 1 15511
9600 29 9735 0 18 115 15512
9600 32 9738 0 24 183 15513
9600 3 9736 0 103 22 15514
9600 18 9736 0 96 13 15515
9600 4 9737 0 99 9 15516
9600 5 9735 0 146 22 15517
9600 21 9735 0 109 56 15518
9600 13 9736 0 37 7 15519
9600 45 9736 0 95 77 15520
9600 4 9736 0 117 40 15521
9600 20 9737 0 24 195 15522
9600 3 9737 0 153 145 15523
9600 22 9735 0 124 33 15524
9600 4 9733 0 101 26 15525
9609 77 10000 1 146 159 15526
9615 3 9750 0 2 3 15527
9615 15 9753 0 124 33 15528
9615 14 9748 0 132 13 15529
9615 12 9751 0 182 28 15530
9615 4 9750 0 117 40 15531
9615 29 9751 0 106 10 15532
9615 11 9752 0 128 40 15533
9615 3 9752 0 146 22 15534
9615 9 9749 0 63 134 15535
9615 9 9750 0 138 36 15536
9615 12 9750 0 110 24 15537
9615 30 9753 0 95 77 15538
9615 11 9749 0 188 80 15539
9615 16 9750 0 113 48 15540
9615 27 9752 0 164 40 15541
9615 6 9748 0 86 23 15542
9615 5 9750 0 101 26 15543
9615 22 9750 0 128 55 15544
9615 41 9752 0 127 27 15545
9615 16 9751 0 156 90 15546
9617 132 10000 1 143 170 15547
9623 30 10000 1 2 3 15548
9630 37 9767 0 164 40 15549
9630 24 9766 0 132 13 15550
9630 24 9766 0 55 108 15551
9630 29 9766 0 128 96 15552
9630 3 9766 0 117 40 15553
9630 24 9765 0 113 48 15554
9630 19 9767 0 146 159 15555
9630 12 9766 0 146 119 15556
9630 24 9766 0 124 33 15557
9630 38 9767 0 105 143 15558
9630 36 9766 0 95 77 15559
9630 6 9767 0 101 26 15560
9630 4 9766 0 178 113 15561
9630 20 9764 0 122 11 15562
9630 25 9766 0 128 55 15563
9630 12 9765 0 86 23 15564
9630 25 9765 0 15 186 15565
9630 9 9766 0 188 80 15566
9630 36 9766 0 66 134 15567
9630 6 9765 0 149 33 15568
9630 27 9767 0 102 140 15569
9630 35 9769 0 18 115 15570
9630 6 9766 0 72 131 15571
9630 21 9768 0 96 13 15572
9630 3 9766 0 99 9 15573
9630 6 9765 0 7 180 15574
9630 30 9765 0 127 27 15575
9643 71 10000 1 78 150 15576
9645 4 9781 0 117 40 15577
9645 19 9782 0 156 90 15578
9645 12 9779 0 194 169 15579
9645 5 9784 0 98 36 15580
9645 4 9783 0 101 26 15581
9645 3 9780 0 78 150 15582
9645 25 9781 0 55 108 15583
9645 3 9782 0 67 20 15584
9645 6 9785 0 161 34 15585
9645 24 9783 0 132 13 15586
9645 25 9781 0 155 79 15587
9645 27 9780 0 66 134 15588
9645 4 9779 0 99 9 15589
9645 43 9783 0 127 27 15590
9645 31 9781 0 106 10 15591
9645 24 9782 0 124 33 15592
9645 17 9780 0 96 13 15593
9645 19 9780 0 179 186 15594
9645 15 9781 0 131 45 15595
9645 68 10000 1 96 13 15596
9645 11 9781 0 149 33 15597
9645 23 9782 0 57 122 15598
9649 34 10000 1 128 96 15599
9655 77 10000 1 94 1 15600
9660 38 9795 0 102 140 15601
9660 38 9797 0 106 10 15602
9660 8 9794 0 148 56 15603
9660 9 9796 0 140 22 15604
9660 3 9796 0 98 36 15605
9660 8 9797 0 185 66 15606
9660 10 9797 0 138 36 15607
9660 6 9795 0 146 22 15608
9660 4 9796 0 7 180 15609
9660 23 9795 0 109 56 15610
9660 20 9796 0 96 13 15611
9660 12 9796 0 124 33 15612
9660 7 9796 0 128 40 15613
9660 25 9798 0 131 45 15614
9660 6 9796 0 72 131 15615
9660 33 9796 0 10 193 15616
9660 22 9796 0 121 49 15617
9660 29 9795 0 127 27 15618
9660 4 9794 0 99 9 15619
9660 25 9797 0 55 108 15620
9660 23 9798 0 15 186 15621
9660 23 9797 0 113 48 15622
9660 3 9796 0 153 145 15623
9660 18 9799 0 22 41 15624
9675 6 9811 0 67 20 15625
9675 27 9811 0 24 183 15626
9675 25 9812 0 18 115 15627
9675 21 9811 0 155 122 15628
9675 20 9810 0 131 45 15629
9675 9 9810 0 6 88 15630
9675 13 9810 0 110 24 15631
9675 12 9810 0 185 66 15632
9675 4 9812 0 125 90 15633
9675 9 9808 0 149 33 15634
9675 4 9810 0 99 9 15635
9675 4 9811 0 103 22 15636
9675 19 9811 0 156 90 15637
9675 23 9810 0 122 11 15638
9675 3 9810 0 94 1 15639
9675 11 9809 0 161 34 15640
9675 10 9811 0 188 80 15641
9675 10 9813 0 122 58 15642
9675 25 9813 0 124 33 15643
9675 6 9811 0 146 22 15644
9675 3 9810 0 72 194 15645
9675 25 9808 0 166 118 15646
9689 39 10000 1 93 9 15647
9690 33 9823 0 18 115 15648
9690 3 9826 0 142 143 15649
9690 29 9826 0 29 60 15650
9690 12 9826 0 96 13 15651
9690 24 9827 0 166 118 15652
9690 12 9828 0 194 169 15653
9690 14 9826 0 198 85 15654
9690 5 9825 0 15 4 15655
9690 20 9826 0 109 56 15656
9690 39 9828 0 127 27 15657
9690 39 9828 0 95 77 15658
9690 45 9826 0 10 193 15659
9690 39 9826 0 164 40 15660
9690 23 9828 0 57 122 15661
9690 3 9827 0 146 22 15662
9690 8 9825 0 149 33 15663
9690 23 9825 0 110 24 15664
9690 7 9827 0 148 56 15665
9690 15 9827 0 146 119 15666
9690 21 9826 0 132 13 15667
9690 15 9827 0 122 11 15668
9690 4 9826 0 99 9 15669
9690 23 9827 0 93 9 15670
9690 20 9821 0 179 186 15671
9703 67 10000 1 15 186 15672
9705 6 9840 0 2 3 15673
9705 7 9841 0 182 28 15674
9705 41 9840 0 128 96 15675
9705 5 9841 0 117 40 15676
9705 8 9844 0 149 33 15677
9705 21 9840 0 96 13 15678
9705 13 9841 0 131 45 15679
9705 6 9840 0 138 36 15680
9705 29 9840 0 127 27 15681
9705 7 9839 0 63 134 15682
9705 13 9842 0 155 79 15683
9705 4 9841 0 155 52 15684
9705 4 9840 0 98 36 15685
9705 9 9841 0 6 88 15686
9705 3 9840 0 125 90 15687
9705 16 9841 0 15 186 15688
9705 17 9843 0 55 108 15689
9705 31 9844 0 164 40 15690
9705 4 9844 0 146 22 15691
9720 6 9858 0 94 1 15692
9720 7 9855 0 138 36 15693
9720 5 9856 0 72 194 15694
9720 3 9856 0 101 26 15695
9720 32 9856 0 10 193 15696
9720 11 9855 0 194 169 15697
9720 12 9853 0 63 113 15698
9720 3 9856 0 99 9 15699
9720 17 9854 0 122 11 15700
9720 17 9855 0 132 13 15701
9720 21 9856 0 93 9 15702
9720 19 9854 0 128 55 15703
9720 13 9857 0 22 41 15704
9720 5 9857 0 98 36 15705
9720 8 9858 0 148 56 15706
9720 6 9855 0 146 22 15707
9720 15 9856 0 121 49 15708
9720 14 9856 0 24 195 15709
9720 6 9854 0 149 33 15710
9720 9 9855 0 122 58 15711
9720 6 9855 0 6 88 15712
9720 12 9859 0 13 75 15713
9720 5 9857 0 103 22 15714
9720 20 9857 0 131 45 15715
9720 26 9855 0 143 170 15716
9720 22 9857 0 124 33 15717
9729 42 10000 1 95 77 15718
9730 119 10000 1 24 183 15719
9735 3 9870 0 125 90 15720
9735 22 9869 0 120 146 15721
9735 12 9869 0 110 24 15722
9735 34 9872 0 102 140 15723
9735 7 9873 0 63 134 15724
9735 3 9871 0 67 20 15725
9735 8 9869 0 149 33 15726
9735 29 9870 0 106 10 15727
9735 9 9870 0 140 22 15728
9735 12 9869 0 96 13 15729
9735 15 9871 0 131 45 15730
9735 16 9871 0 93 9 15731
9735 19 9871 0 124 33 15732
9735 17 9872 0 128 55 15733
9735 21 9873 0 109 56 15734
9735 3 9871 0 146 22 15735
9735 6 9869 0 194 169 15736
9735 11 9871 0 182 28 15737
9735 3 9871 0 101 26 15738
9735 3 9869 0 99 9 15739
9735 6 9872 0 128 40 15740
9740 74 10000 1 120 146 15741
9749 47 10000 1 128 40 15742
9750 20 9886 0 110 24 15743
9750 13 9884 0 57 122 15744
9750 7 9886 0 182 28 15745
9750 22 9887 0 166 118 15746
9750 23 9886 0 96 13 15747
9750 42 9886 0 106 10 15748
9750 9 9887 0 128 40 15749
9750 29 9885 0 95 77 15750
9750 24 9887 0 121 49 15751
9750 7 9887 0 63 113 15752
9750 8 9886 0 188 80 15753
9750 16 9888 0 128 55 15754
9750 22 9885 0 132 13 15755
9750 10 9888 0 86 23 15756
9750 41 9886 0 24 183 15757
9750 12 9885 0 155 79 15758
9750 5 9888 0 72 131 15759
9750 4 9885 0 155 52 15760
9750 6 9885 0 78 150 15761
9750 22 9885 0 131 45 15762
9750 8 9886 0 40 59 15763
9750 3 9885 0 125 90 15764
9750 26 9884 0 10 193 15765
9750 21 9885 0 109 1 15766
9750 45 9886 0 66 169 15767
9765 15 9901 0 122 11 15768
9765 21 9900 0 132 13 15769
9765 22 9901 0 110 24 15770
9765 6 9900 0 72 131 15771
9765 10 9900 0 122 58 15772
9765 16 9901 0 120 146 15773
9765 6 9903 0 173 171 15774
9765 12 9900 0 149 33 15775
9765 6 9902 0 94 1 15776
9765 5 9902 0 103 22 15777
9765 9 9902 0 161 34 15778
9765 6 9901 0 72 194 15779
9765 9 9901 0 148 56 15780
9765 4 9901 0 117 40 15781
9765 33 9901 0 29 60 15782
9765 23 9902 0 113 48 15783
9765 9 9902 0 194 169 15784
9765 4 9903 0 99 9 15785
9765 10 9903 0 140 22 15786
9765 33 9900 0 128 96 15787
9765 18 9900 0 96 13 15788
9765 4 9900 0 155 52 15789
9765 25 9902 0 105 143 15790
9765 16 9900 0 57 122 15791
9765 5 9899 0 78 150 15792
9780 24 9918 0 128 55 15793
9780 3 9916 0 153 145 15794
9780 6 9916 0 99 9 15795
9780 5 9916 0 117 40 15796
9780 6 9915 0 94 1 15797
9780 16 9917 0 121 49 15798
9780 5 9915 0 142 143 15799
9780 24 9916 0 146 119 15800
9780 7 9917 0 63 113 15801
9780 10 9915 0 122 58 15802
9780 14 9916 0 166 118 15803
9780 21 9916 0 132 13 15804
9780 5 9915 0 98 36 15805
9780 5 9916 0 78 150 15806
9780 24 9916 0 110 24 15807
9780 16 9917 0 55 108 15808
9780 12 9917 0 15 186 15809
9780 16 9915 0 131 45 15810
9780 12 9918 0 124 33 15811
9780 28 9916 0 143 170 15812
9780 9 9917 0 161 34 15813
9780 32 9916 0 106 10 15814
9780 7 9915 0 128 40 15815
9780 3 9915 0 125 90 15816
9780 6 9917 0 178 113 15817
9780 6 9915 0 101 26 15818
9795 40 9932 0 95 77 15819
9795 42 9929 0 164 40 15820
9795 6 9933 0 98 36 15821
9795 6 9931 0 140 22 15822
9795 5 9931 0 146 22 15823
9795 6 9930 0 117 40 15824
9795 25 9930 0 155 122 15825
9795 24 9931 0 131 45 15826
9795 23 9931 0 198 85 15827
9795 4 9930 0 99 9 15828
9795 12 9930 0 113 48 15829
9795 17 9932 0 156 90 15830
9795 5 9931 0 142 143 15831
9795 9 9933 0 128 40 15832
9795 6 9932 0 182 28 15833
9795 15 9931 0 128 55 15834
9795 23 9930 0 96 13 15835
9795 18 9932 0 109 1 15836
9795 6 9931 0 86 23 15837
9795 9 9931 0 149 33 15838
9795 33 9931 0 66 169 15839
9795 11 9932 0 6 88 15840
9795 6 9930 0 103 22 15841
9795 11 9931 0 122 58 15842
9795 9 9932 0 63 113 15843
9795 18 9931 0 121 49 15844
9795 31 9932 0 127 27 15845
9795 9 9930 0 138 36 15846
9810 6 9946 0 63 134 15847
9810 5 9946 0 101 26 15848
9810 6 9947 0 103 22 15849
9810 12 9945 0 131 45 15850
9810 42 9945 0 127 27 15851
9810 16 9945 0 121 49 15852
9810 5 9948 0 146 22 15853
9810 31 9946 0 164 40 15854
9810 38 9945 0 106 10 15855
9810 23 9948 0 37 7 15856
9810 32 9948 0 29 60 15857
9810 3 9946 0 125 90 15858
9810 23 9946 0 128 55 15859
9810 4 9946 0 99 9 15860
9810 12 9945 0 128 40 15861
9810 21 9945 0 166 118 15862
9810 3 9946 0 117 40 15863
9810 6 9943 0 98 36 15864
9810 25 9946 0 96 13 15865
9810 38 9946 0 18 115 15866
9810 12 9946 0 13 75 15867
9810 10 9947 0 148 56 15868
9810 4 9947 0 67 20 15869
9810 5 9947 0 142 143 15870
9810 23 9948 0 122 11 15871
9810 10 9945 0 122 58 15872
9825 7 9962 0 161 34 15873
9825 22 9962 0 179 186 15874
9825 19 9961 0 110 24 15875
9825 4 9960 0 78 150 15876
9825 30 9961 0 106 10 15877
9825 25 9957 0 95 77 15878
9825 5 9959 0 2 3 15879
9825 20 9963 0 96 13 15880
9825 25 9960 0 102 140 15881
9825 9 9961 0 149 33 15882
9825 14 9961 0 198 85 15883
9825 14 9962 0 37 7 15884
9825 3 9962 0 7 180 15885
9825 10 9962 0 148 56 15886
9825 10 9960 0 122 58 15887
9825 19 9962 0 156 90 15888
9825 11 9963 0 185 66 15889
9834 46 10000 1 57 122 15890
9840 6 9975 0 182 28 15891
9840 5 9976 0 125 90 15892
9840 7 9977 0 149 33 15893
9840 9 9976 0 63 134 15894
9840 6 9975 0 117 40 15895
9840 25 9978 0 13 75 15896
9840 6 9975 0 99 9 15897
9840 25 9977 0 102 140 15898
9840 38 9976 0 128 96 15899
9840 13 9977 0 146 119 15900
9840 12 9977 0 128 40 15901
9840 4 9976 0 98 36 15902
9840 12 9975 0 185 66 15903
9840 13 9975 0 122 11 15904
9840 4 9974 0 178 113 15905
9840 25 9976 0 179 186 15906
9840 8 9975 0 161 34 15907
9840 5 9975 0 103 22 15908
9840 29 9978 0 164 40 15909
9840 22 9975 0 110 24 15910
9840 3 9977 0 67 20 15911
9840 22 9977 0 55 108 15912
9840 6 9977 0 78 150 15913
9840 9 9975 0 194 169 15914
9840 6 9978 0 40 105 15915
9840 39 9977 0 106 10 15916
9840 11 9979 0 138 36 15917
9840 11 9977 0 188 80 15918
9840 6 9975 0 7 180 15919
9855 6 9993 0 78 150 15920
9855 7 9989 0 140 22 15921
9855 24 9991 0 156 90 15922
9855 13 9991 0 122 11 15923
9855 19 9990 0 96 13 15924
9855 45 9992 0 106 10 15925
9855 7 9990 0 128 40 15926
9855 3 9991 0 99 9 15927
9855 6 9992 0 117 40 15928
9855 15 9992 0 128 55 15929
9855 15 9991 0 124 33 15930
9855 19 9990 0 22 41 15931
9855 25 9993 0 24 183 15932
9855 4 9992 0 153 145 15933
9855 6 9993 0 146 22 15934
9855 7 9991 0 63 113 15935
9855 16 9993 0 179 186 15936
9855 11 9991 0 161 34 15937
9914 40 10000 1 102 140 15938
9918 62 10000 1 106 10 15939
