50
75 160
191 37
147 156
120 120
32 90
32 20
12 92
174 67
121 29
142 131
5 12
194 145
167 188
43 1
37 199
37 124
61 123
105 2
87 5
59 105
123 80
28 10
59 195
74 47
92 19
158 124
40 77
103 197
119 94
10 172
122 137
35 91
14 3
190 189
194 113
162 78
61 4
20 47
137 49
89 137
25 122
100 167
7 35
182 79
52 37
133 152
63 86
105 42
110 114
37 7
0 30 136 0 58 139 1
0 11 135 0 24 195 2
0 3 136 0 83 108 3
0 38 135 0 127 43 4
0 19 135 0 107 31 5
0 3 134 0 63 134 6
0 40 135 0 46 189 7
0 6 135 0 108 36 8
0 12 134 0 173 61 9
0 14 136 0 99 9 10
0 4 137 0 182 28 11
0 14 137 0 140 11 12
0 13 135 0 24 183 13
0 38 136 0 72 131 14
0 17 135 0 147 18 15
7 75 2994 1 13 75 16
15 6 151 0 124 15 17
15 29 150 0 22 41 18
15 3 149 0 6 88 19
15 32 150 0 127 43 20
15 42 155 0 96 33 21
15 16 150 0 143 170 22
15 4 152 0 38 84 23
15 17 152 0 153 145 24
15 13 153 0 147 18 25
15 10 149 0 91 1 26
15 10 150 0 108 36 27
15 33 151 0 2 33 28
15 20 151 0 108 65 29
15 25 151 0 99 9 30
15 5 151 0 63 134 31
15 8 153 0 162 60 32
15 28 154 0 173 171 33
15 10 151 0 125 90 34
15 11 149 0 112 57 35
15 17 152 0 24 183 36
15 9 151 0 173 61 37
15 22 151 0 140 11 38
15 6 151 0 178 113 39
15 7 150 0 150 50 40
30 36 167 0 138 26 41
30 4 167 0 155 52 42
30 7 168 0 103 16 43
30 15 165 0 140 11 44
30 21 166 0 99 17 45
30 5 165 0 124 15 46
30 25 165 0 2 33 47
30 24 164 0 99 9 48
30 4 167 0 67 20 49
30 12 168 0 151 24 50
30 9 167 0 173 61 51
30 40 165 0 66 134 52
30 18 166 0 128 55 53
30 27 166 0 96 33 54
30 6 164 0 95 77 55
30 12 167 0 24 195 56
30 11 167 0 7 180 57
30 39 164 0 33 177 58
30 31 167 0 148 23 59
30 3 167 0 83 108 60
30 23 167 0 141 34 61
30 6 167 0 128 96 62
30 6 164 0 175 92 63
36 183 3020 1 143 170 64
39 73 3024 1 155 122 65
45 12 182 0 140 11 66
45 23 179 0 146 119 67
45 14 181 0 139 9 68
45 9 180 0 23 55 69
45 20 180 0 107 31 70
45 11 182 0 24 195 71
45 30 183 0 127 43 72
45 8 182 0 103 16 73
45 6 181 0 173 61 74
45 33 181 0 72 131 75
45 14 180 0 113 48 76
45 8 182 0 108 36 77
45 6 181 0 102 30 78
45 37 180 0 138 26 79
45 21 181 0 99 9 80
45 41 181 0 33 177 81
45 22 181 0 99 17 82
45 10 182 0 63 113 83
45 5 182 0 138 23 84
45 6 181 0 93 57 85
45 7 179 0 151 24 86
45 44 182 0 146 159 87
47 104 3034 1 63 113 88
60 7 196 0 125 90 89
60 20 196 0 128 55 90
60 17 196 0 107 31 91
60 14 194 0 114 44 92
60 34 196 0 148 23 93
60 44 196 0 173 171 94
60 39 195 0 33 177 95
60 11 196 0 95 1 96
60 22 194 0 46 130 97
60 24 195 0 13 75 98
60 8 196 0 16 120 99
60 15 198 0 139 9 100
60 13 198 0 147 18 101
60 12 195 0 141 34 102
60 44 197 0 72 131 103
60 45 197 0 138 26 104
60 6 196 0 175 92 105
60 19 195 0 24 183 106
60 3 194 0 15 186 107
60 8 195 0 50 121 108
60 6 195 0 108 36 109
75 10 210 0 103 16 110
75 7 212 0 150 50 111
75 33 209 0 138 26 112
75 43 210 0 127 22 113
75 5 210 0 138 23 114
75 7 213 0 91 1 115
75 22 213 0 140 11 116
75 22 211 0 24 183 117
75 12 212 0 141 34 118
75 24 211 0 46 130 119
75 25 211 0 103 107 120
75 31 214 0 22 41 121
75 7 212 0 7 180 122
75 3 209 0 179 177 123
75 15 214 0 147 18 124
75 13 213 0 108 65 125
75 20 210 0 99 9 126
75 7 209 0 50 121 127
75 37 210 0 127 43 128
75 42 214 0 96 33 129
75 11 213 0 95 77 130
75 20 211 0 139 9 131
75 24 211 0 128 55 132
75 4 210 0 67 20 133
75 11 210 0 95 1 134
75 9 212 0 16 120 135
75 41 210 0 148 23 136
75 10 213 0 145 55 137
75 3 213 0 83 108 138
82 66 3070 1 103 107 139
90 23 226 0 140 11 140
90 34 225 0 66 134 141
90 39 227 0 22 41 142
90 11 225 0 91 1 143
90 16 224 0 161 44 144
90 16 227 0 186 125 145
90 44 224 0 127 43 146
90 7 224 0 7 180 147
90 4 227 0 86 23 148
90 29 227 0 127 22 149
90 4 227 0 63 134 150
90 5 228 0 102 30 151
90 41 224 0 146 159 152
90 6 224 0 145 55 153
90 18 225 0 105 143 154
90 4 228 0 182 28 155
90 32 227 0 102 140 156
90 17 228 0 114 44 157
90 15 226 0 141 34 158
90 12 225 0 112 57 159
90 13 226 0 139 9 160
90 38 228 0 138 26 161
90 10 227 0 103 16 162
95 68 3079 1 86 1 163
105 32 242 0 46 189 164
105 15 242 0 128 55 165
105 23 244 0 13 75 166
105 19 242 0 143 170 167
105 4 241 0 6 88 168
105 25 241 0 148 23 169
105 4 241 0 124 15 170
105 9 243 0 24 195 171
105 12 241 0 112 57 172
105 4 241 0 63 134 173
105 15 242 0 146 119 174
105 38 242 0 33 177 175
105 25 241 0 186 125 176
105 12 242 0 161 44 177
105 6 241 0 182 28 178
105 17 240 0 108 65 179
105 4 242 0 110 50 180
105 25 242 0 99 9 181
105 20 241 0 141 34 182
105 6 241 0 83 108 183
105 6 241 0 102 30 184
118 64 3104 1 138 23 185
119 72 3105 1 24 195 186
120 42 257 0 127 43 187
120 27 256 0 102 140 188
120 43 256 0 173 171 189
120 44 256 0 66 134 190
120 6 255 0 164 71 191
120 11 258 0 108 36 192
120 14 256 0 114 44 193
120 4 257 0 138 23 194
120 20 256 0 99 9 195
120 4 257 0 67 20 196
120 4 256 0 110 50 197
120 25 255 0 162 25 198
120 13 254 0 161 44 199
120 12 254 0 152 41 200
120 27 256 0 148 23 201
120 16 254 0 113 48 202
120 12 256 0 99 17 203
120 19 256 0 143 170 204
120 19 256 0 140 11 205
120 39 254 0 127 22 206
120 32 256 0 96 33 207
120 6 256 0 179 177 208
135 42 271 0 58 139 209
135 5 271 0 67 20 210
135 33 270 0 127 43 211
135 5 271 0 138 23 212
135 20 271 0 24 183 213
135 16 271 0 99 9 214
135 9 271 0 108 36 215
135 4 270 0 155 52 216
135 9 270 0 162 60 217
135 6 273 0 110 50 218
135 13 270 0 161 44 219
135 6 274 0 95 77 220
135 8 271 0 150 50 221
135 5 272 0 124 15 222
135 34 270 0 96 33 223
135 19 273 0 140 11 224
135 12 271 0 180 72 225
150 10 286 0 112 57 226
150 36 288 0 66 134 227
150 27 287 0 2 33 228
150 32 285 0 148 23 229
150 13 288 0 99 17 230
150 22 287 0 107 31 231
150 24 285 0 13 75 232
150 7 284 0 24 195 233
150 18 286 0 114 44 234
150 4 285 0 63 134 235
150 26 286 0 102 140 236
150 6 288 0 108 36 237
150 21 286 0 128 55 238
150 24 286 0 146 119 239
150 34 287 0 142 143 240
150 7 284 0 150 50 241
150 10 286 0 103 16 242
150 18 286 0 140 11 243
150 38 287 0 58 139 244
150 25 284 0 173 171 245
150 12 286 0 16 120 246
150 4 285 0 110 50 247
150 44 286 0 146 159 248
150 3 288 0 138 23 249
150 6 286 0 102 30 250
161 54 3147 1 95 77 251
165 6 302 0 86 23 252
165 25 302 0 128 55 253
165 9 301 0 150 50 254
165 13 300 0 143 170 255
165 7 300 0 24 195 256
165 3 301 0 182 28 257
165 30 301 0 72 131 258
165 14 303 0 108 65 259
165 6 299 0 175 92 260
165 22 300 0 141 34 261
165 9 302 0 162 60 262
165 23 300 0 113 48 263
165 30 303 0 155 122 264
165 20 301 0 161 44 265
165 7 303 0 16 120 266
165 25 299 0 13 75 267
165 15 300 0 99 17 268
165 11 298 0 145 55 269
165 6 302 0 112 57 270
165 3 302 0 110 50 271
165 23 302 0 152 41 272
165 5 300 0 83 108 273
165 6 301 0 138 23 274
165 40 301 0 127 43 275
180 22 316 0 103 107 276
180 4 315 0 93 57 277
180 3 318 0 124 15 278
180 4 313 0 179 177 279
180 25 316 0 127 22 280
180 22 319 0 114 44 281
180 11 315 0 162 60 282
180 27 316 0 138 26 283
180 6 316 0 103 16 284
180 6 315 0 95 77 285
180 7 318 0 128 96 286
180 25 317 0 162 25 287
180 18 314 0 107 31 288
180 14 317 0 152 41 289
180 14 314 0 99 17 290
180 11 319 0 95 1 291
180 25 315 0 148 23 292
180 22 316 0 99 9 293
180 6 316 0 110 50 294
180 6 319 0 102 30 295
180 5 315 0 175 92 296
180 21 316 0 141 34 297
180 7 317 0 164 71 298
195 3 333 0 179 177 299
195 5 331 0 93 57 300
195 3 329 0 110 50 301
195 25 328 0 161 44 302
195 21 329 0 147 18 303
195 8 331 0 162 60 304
195 21 331 0 99 17 305
195 18 331 0 99 9 306
195 11 333 0 150 50 307
195 13 330 0 162 25 308
195 5 326 0 124 15 309
195 41 331 0 127 22 310
195 25 333 0 113 48 311
195 32 329 0 138 26 312
195 20 332 0 107 31 313
195 5 333 0 102 30 314
195 21 331 0 46 130 315
195 15 331 0 152 41 316
195 10 330 0 112 57 317
195 6 331 0 38 84 318
195 16 333 0 139 9 319
195 8 331 0 23 55 320
195 25 332 0 186 125 321
195 14 331 0 128 55 322
195 12 332 0 108 36 323
195 42 332 0 142 143 324
195 25 333 0 64 182 325
195 11 332 0 7 180 326
195 10 332 0 63 113 327
195 9 329 0 128 96 328
210 25 345 0 113 48 329
210 14 346 0 64 182 330
210 26 346 0 96 33 331
210 12 346 0 152 41 332
210 8 347 0 145 55 333
210 10 345 0 112 57 334
210 32 347 0 127 43 335
210 39 347 0 146 159 336
210 15 348 0 105 143 337
210 19 346 0 147 18 338
210 18 347 0 141 34 339
210 25 347 0 139 9 340
210 4 348 0 182 28 341
210 19 344 0 108 65 342
210 20 346 0 153 145 343
210 31 347 0 102 140 344
210 21 347 0 140 11 345
210 4 345 0 124 15 346
210 5 346 0 15 186 347
210 17 346 0 180 72 348
210 43 348 0 127 22 349
211 199 3193 1 127 43 350
225 4 360 0 86 23 351
225 33 359 0 148 23 352
225 16 360 0 161 44 353
225 3 360 0 124 15 354
225 8 360 0 128 96 355
225 22 362 0 141 34 356
225 3 363 0 38 84 357
225 12 361 0 105 143 358
225 11 362 0 108 36 359
225 18 361 0 99 17 360
225 6 362 0 63 134 361
225 8 361 0 95 1 362
225 5 359 0 67 20 363
225 4 360 0 102 30 364
225 19 361 0 153 145 365
225 20 360 0 113 48 366
225 22 361 0 139 9 367
225 16 360 0 114 44 368
225 27 361 0 96 33 369
225 5 360 0 138 23 370
225 6 359 0 178 113 371
225 23 360 0 140 11 372
225 6 362 0 103 16 373
225 6 362 0 110 50 374
227 182 3215 1 13 75 375
240 10 378 0 23 55 376
240 15 374 0 128 55 377
240 6 375 0 182 28 378
240 6 376 0 38 84 379
240 31 376 0 66 134 380
240 3 377 0 110 50 381
240 15 375 0 139 9 382
240 10 376 0 50 121 383
240 6 379 0 63 134 384
240 18 376 0 103 107 385
240 6 375 0 95 1 386
240 13 376 0 46 130 387
240 7 376 0 151 24 388
240 5 376 0 102 30 389
240 18 374 0 107 31 390
240 12 378 0 125 90 391
240 6 376 0 145 55 392
240 13 377 0 141 34 393
240 42 377 0 173 171 394
240 6 376 0 138 23 395
240 38 377 0 33 177 396
240 32 375 0 138 26 397
240 44 377 0 127 22 398
240 37 374 0 96 33 399
240 6 376 0 124 15 400
240 3 376 0 86 23 401
240 14 375 0 113 48 402
240 16 377 0 114 44 403
240 18 376 0 99 17 404
240 13 376 0 99 9 405
255 12 389 0 23 55 406
255 13 391 0 99 17 407
255 25 390 0 24 183 408
255 10 391 0 7 180 409
255 18 392 0 114 44 410
255 12 391 0 107 31 411
255 34 392 0 173 171 412
255 22 389 0 180 72 413
255 10 391 0 145 55 414
255 21 390 0 147 18 415
255 18 390 0 152 41 416
255 6 391 0 102 30 417
255 9 390 0 151 24 418
255 11 391 0 112 57 419
255 5 389 0 124 15 420
255 12 390 0 103 16 421
255 25 392 0 99 9 422
255 39 390 0 127 22 423
255 43 392 0 72 131 424
255 15 389 0 128 55 425
255 31 391 0 138 26 426
255 44 392 0 155 122 427
255 6 392 0 128 96 428
255 10 391 0 108 36 429
255 17 389 0 140 11 430
270 9 407 0 150 50 431
270 3 407 0 124 15 432
270 20 407 0 114 44 433
270 17 407 0 99 9 434
270 4 407 0 102 30 435
270 12 406 0 108 65 436
270 4 406 0 138 23 437
270 37 405 0 155 122 438
270 4 406 0 15 186 439
270 10 406 0 164 71 440
270 25 404 0 107 31 441
270 22 405 0 113 48 442
270 3 407 0 175 92 443
270 26 407 0 72 131 444
270 3 407 0 83 108 445
270 9 405 0 95 77 446
270 4 408 0 178 113 447
270 3 406 0 182 28 448
270 16 407 0 99 17 449
270 32 407 0 96 33 450
270 9 403 0 50 121 451
285 17 420 0 180 72 452
285 25 420 0 139 9 453
285 19 422 0 152 41 454
285 6 422 0 50 121 455
285 19 423 0 147 18 456
285 15 422 0 128 55 457
285 11 420 0 103 16 458
285 8 420 0 91 1 459
285 43 420 0 66 134 460
285 4 420 0 86 23 461
285 4 423 0 175 92 462
285 5 421 0 138 23 463
285 23 419 0 99 17 464
285 16 420 0 143 170 465
285 37 421 0 127 22 466
285 29 420 0 138 26 467
285 18 422 0 114 44 468
285 3 421 0 110 50 469
285 6 421 0 112 57 470
285 12 420 0 99 9 471
285 17 421 0 140 11 472
285 6 421 0 124 15 473
285 9 422 0 128 96 474
285 16 421 0 46 130 475
300 10 434 0 108 36 476
300 6 436 0 95 77 477
300 25 437 0 113 48 478
300 34 437 0 102 140 479
300 6 436 0 15 186 480
300 27 436 0 138 26 481
300 25 434 0 128 55 482
300 3 437 0 93 57 483
300 24 437 0 141 34 484
300 15 436 0 139 9 485
300 23 436 0 103 107 486
300 9 437 0 95 1 487
300 32 437 0 148 23 488
300 21 436 0 64 182 489
300 12 436 0 114 44 490
300 25 434 0 99 17 491
300 4 436 0 102 30 492
300 34 436 0 127 43 493
300 37 437 0 173 171 494
300 7 434 0 112 57 495
300 20 437 0 147 18 496
300 16 440 0 13 75 497
300 11 438 0 173 61 498
314 58 3298 1 143 170 499
315 6 451 0 110 50 500
315 13 451 0 139 9 501
315 12 450 0 103 16 502
315 8 451 0 95 77 503
315 7 450 0 91 1 504
315 4 450 0 175 92 505
315 3 451 0 178 113 506
315 8 452 0 108 36 507
315 9 451 0 162 60 508
315 25 452 0 99 9 509
315 21 453 0 128 55 510
315 4 451 0 138 23 511
315 42 452 0 58 139 512
315 21 450 0 24 183 513
315 19 453 0 147 18 514
315 9 452 0 112 57 515
315 10 450 0 125 90 516
315 3 452 0 63 134 517
315 23 451 0 143 170 518
315 44 453 0 96 33 519
315 3 452 0 67 20 520
315 24 452 0 180 72 521
315 4 451 0 38 84 522
315 7 450 0 23 55 523
315 8 451 0 173 61 524
330 5 465 0 102 30 525
330 12 465 0 108 36 526
330 28 468 0 127 43 527
330 20 466 0 114 44 528
330 12 467 0 173 61 529
330 3 467 0 38 84 530
330 36 467 0 127 22 531
330 16 466 0 140 11 532
330 12 464 0 162 60 533
330 41 466 0 146 159 534
330 3 466 0 6 88 535
330 22 467 0 186 125 536
330 16 465 0 147 18 537
330 10 467 0 7 180 538
330 18 466 0 46 130 539
330 4 466 0 67 20 540
330 16 466 0 13 75 541
330 27 467 0 33 177 542
330 3 466 0 63 134 543
330 16 467 0 99 9 544
330 9 463 0 95 77 545
330 7 466 0 24 195 546
330 27 468 0 58 139 547
330 17 467 0 113 48 548
330 6 466 0 16 120 549
330 21 467 0 107 31 550
345 40 481 0 46 189 551
345 13 480 0 140 11 552
345 19 481 0 99 17 553
345 20 481 0 161 44 554
345 6 481 0 145 55 555
345 5 480 0 102 30 556
345 16 480 0 141 34 557
345 19 481 0 107 31 558
345 25 482 0 139 9 559
345 29 481 0 146 159 560
345 6 479 0 63 134 561
345 20 481 0 147 18 562
345 41 481 0 72 131 563
345 30 480 0 127 22 564
345 4 478 0 175 92 565
345 18 479 0 108 65 566
345 5 482 0 138 23 567
345 19 482 0 113 48 568
356 33 3343 1 108 36 569
360 7 494 0 91 1 570
360 40 497 0 46 189 571
360 6 497 0 138 23 572
360 6 497 0 110 50 573
360 22 497 0 13 75 574
360 42 495 0 102 140 575
360 25 495 0 33 177 576
360 12 496 0 173 61 577
360 10 497 0 151 24 578
360 36 497 0 127 22 579
360 25 498 0 139 9 580
360 6 496 0 63 134 581
360 3 498 0 83 108 582
360 6 496 0 182 28 583
360 36 496 0 96 33 584
360 6 493 0 175 92 585
360 33 497 0 72 131 586
360 17 495 0 147 18 587
360 13 495 0 108 65 588
360 25 498 0 155 122 589
360 35 496 0 146 159 590
360 25 497 0 107 31 591
360 9 494 0 108 36 592
360 6 495 0 102 30 593
360 15 497 0 46 130 594
360 26 498 0 173 171 595
360 14 498 0 140 11 596
360 15 497 0 99 17 597
369 40 3355 1 140 11 598
375 23 511 0 24 183 599
375 24 511 0 162 25 600
375 32 509 0 138 26 601
375 19 510 0 128 55 602
375 13 511 0 105 143 603
375 20 513 0 152 41 604
375 7 510 0 125 90 605
375 18 511 0 99 9 606
375 26 509 0 127 22 607
375 22 512 0 147 18 608
375 4 512 0 102 30 609
375 15 509 0 140 11 610
375 11 510 0 7 180 611
375 5 511 0 155 52 612
375 12 512 0 64 182 613
375 12 508 0 50 121 614
375 25 510 0 139 9 615
375 16 510 0 113 48 616
375 4 512 0 38 84 617
375 6 514 0 112 57 618
375 43 510 0 96 33 619
375 7 512 0 151 24 620
375 32 509 0 148 23 621
375 16 511 0 114 44 622
375 12 512 0 103 107 623
390 37 525 0 58 139 624
390 5 525 0 102 30 625
390 16 526 0 147 18 626
390 11 525 0 7 180 627
390 23 524 0 180 72 628
390 21 525 0 99 17 629
390 3 527 0 110 50 630
390 37 526 0 148 23 631
390 18 524 0 107 31 632
390 7 527 0 95 77 633
390 25 525 0 114 44 634
390 4 526 0 124 15 635
390 8 526 0 150 50 636
390 19 527 0 113 48 637
390 6 524 0 83 108 638
390 12 526 0 151 24 639
390 31 525 0 102 140 640
390 21 527 0 128 55 641
405 39 541 0 2 33 642
405 45 540 0 96 33 643
405 30 541 0 102 140 644
405 14 541 0 113 48 645
405 21 540 0 153 145 646
405 5 539 0 124 15 647
405 3 541 0 86 23 648
405 4 540 0 175 92 649
405 11 538 0 108 36 650
405 13 544 0 24 183 651
405 14 543 0 114 44 652
405 23 541 0 128 55 653
405 8 542 0 145 55 654
405 37 541 0 138 26 655
405 8 540 0 103 16 656
405 3 543 0 179 177 657
405 11 540 0 95 77 658
405 11 542 0 7 180 659
405 35 539 0 58 139 660
405 10 542 0 24 195 661
405 18 544 0 99 17 662
405 41 541 0 142 143 663
405 17 540 0 140 11 664
405 6 542 0 83 108 665
405 23 542 0 147 18 666
420 13 556 0 103 107 667
420 7 557 0 150 50 668
420 12 554 0 108 65 669
420 20 555 0 128 55 670
420 6 558 0 63 134 671
420 12 556 0 186 125 672
420 8 555 0 145 55 673
420 16 557 0 113 48 674
420 19 555 0 13 75 675
420 25 557 0 143 170 676
420 22 556 0 141 34 677
420 28 559 0 102 140 678
420 29 556 0 127 43 679
420 21 555 0 114 44 680
420 5 558 0 179 177 681
420 9 558 0 128 96 682
420 36 552 0 22 41 683
420 26 557 0 127 22 684
420 6 558 0 124 15 685
420 8 557 0 108 36 686
420 44 555 0 148 23 687
420 38 555 0 72 131 688
420 18 557 0 139 9 689
420 9 555 0 173 61 690
435 4 571 0 138 23 691
435 6 571 0 110 50 692
435 20 570 0 86 1 693
435 11 571 0 95 1 694
435 10 572 0 112 57 695
435 26 569 0 138 26 696
435 17 572 0 113 48 697
435 24 570 0 99 9 698
435 12 570 0 173 61 699
435 12 569 0 161 44 700
435 8 572 0 50 121 701
435 14 572 0 140 11 702
435 7 571 0 164 71 703
435 32 571 0 142 143 704
435 18 570 0 107 31 705
435 6 571 0 179 177 706
435 25 573 0 152 41 707
438 53 3423 1 108 65 708
450 35 584 0 148 23 709
450 23 587 0 99 17 710
450 25 586 0 108 65 711
450 40 586 0 173 171 712
450 11 586 0 24 195 713
450 6 586 0 178 113 714
450 37 586 0 58 139 715
450 25 585 0 107 31 716
450 13 586 0 161 44 717
450 11 585 0 63 113 718
450 13 585 0 99 9 719
450 14 586 0 105 143 720
450 22 584 0 114 44 721
450 6 585 0 7 180 722
450 3 584 0 124 15 723
450 4 585 0 6 88 724
450 12 586 0 162 60 725
450 43 587 0 138 26 726
450 25 589 0 146 159 727
450 6 589 0 102 30 728
450 38 586 0 127 22 729
465 6 601 0 175 92 730
465 22 601 0 103 107 731
465 9 604 0 108 36 732
465 22 601 0 161 44 733
465 35 602 0 127 22 734
465 6 602 0 124 15 735
465 34 603 0 127 43 736
465 21 600 0 113 48 737
465 29 599 0 58 139 738
465 20 601 0 86 1 739
465 20 600 0 108 65 740
465 33 601 0 72 131 741
465 7 601 0 164 71 742
465 5 601 0 102 30 743
465 13 601 0 147 18 744
465 17 602 0 140 11 745
465 18 600 0 141 34 746
465 45 600 0 138 26 747
465 28 601 0 102 140 748
465 8 602 0 112 57 749
465 8 602 0 173 61 750
472 40 3458 1 127 43 751
480 16 619 0 99 9 752
480 38 616 0 127 43 753
480 25 618 0 161 44 754
480 27 615 0 148 23 755
480 11 617 0 145 55 756
480 40 615 0 22 41 757
480 5 617 0 86 23 758
480 43 616 0 102 140 759
480 7 618 0 50 121 760
480 12 616 0 140 11 761
480 11 616 0 108 36 762
480 15 617 0 139 9 763
480 15 616 0 24 183 764
480 17 616 0 99 17 765
480 21 615 0 114 44 766
480 4 614 0 138 23 767
480 34 617 0 146 159 768
480 9 615 0 162 60 769
480 6 614 0 67 20 770
480 5 613 0 102 30 771
480 19 616 0 143 170 772
480 9 616 0 150 50 773
480 16 616 0 162 25 774
493 158 3480 1 125 90 775
495 25 632 0 46 130 776
495 6 631 0 102 30 777
495 11 631 0 50 121 778
495 26 632 0 127 22 779
495 23 631 0 86 1 780
495 21 632 0 139 9 781
495 6 632 0 164 71 782
495 6 631 0 95 1 783
495 3 631 0 138 23 784
495 12 632 0 91 1 785
495 31 633 0 46 189 786
495 33 632 0 138 26 787
495 10 628 0 63 113 788
495 10 632 0 103 16 789
495 22 630 0 147 18 790
495 23 628 0 107 31 791
495 9 633 0 95 77 792
495 10 631 0 112 57 793
495 12 630 0 23 55 794
495 12 630 0 24 195 795
495 22 631 0 161 44 796
495 35 629 0 96 33 797
495 17 632 0 180 72 798
495 12 630 0 99 9 799
495 14 634 0 108 65 800
495 4 632 0 67 20 801
495 44 631 0 127 43 802
496 78 3482 1 173 171 803
497 103 3482 1 114 44 804
510 13 648 0 162 25 805
510 41 646 0 148 23 806
510 7 648 0 150 50 807
510 8 648 0 164 71 808
510 37 645 0 127 22 809
510 6 646 0 63 113 810
510 3 646 0 83 108 811
510 20 646 0 141 34 812
510 3 645 0 138 23 813
510 10 646 0 112 57 814
510 30 645 0 2 33 815
510 19 646 0 114 44 816
510 8 645 0 173 61 817
510 16 644 0 99 17 818
510 6 642 0 50 121 819
510 12 645 0 103 16 820
510 16 643 0 13 75 821
510 13 644 0 99 9 822
510 8 644 0 23 55 823
510 19 647 0 147 18 824
510 6 646 0 102 30 825
510 19 645 0 128 55 826
510 18 647 0 186 125 827
510 31 646 0 173 171 828
510 20 646 0 24 183 829
510 45 645 0 155 122 830
510 22 649 0 113 48 831
510 18 645 0 140 11 832
510 43 646 0 138 26 833
510 41 646 0 96 33 834
510 5 645 0 110 50 835
510 21 643 0 153 145 836
520 37 3505 1 113 48 837
525 37 662 0 96 33 838
525 3 662 0 155 52 839
525 15 661 0 128 55 840
525 38 663 0 148 23 841
525 9 663 0 112 57 842
525 4 661 0 63 134 843
525 13 662 0 103 107 844
525 14 661 0 13 75 845
525 5 660 0 67 20 846
525 18 660 0 147 18 847
525 6 660 0 102 30 848
525 6 661 0 125 90 849
525 25 659 0 99 17 850
525 22 660 0 139 9 851
525 43 662 0 155 122 852
525 4 662 0 6 88 853
525 5 663 0 138 23 854
525 10 662 0 164 71 855
525 5 661 0 110 50 856
525 12 660 0 103 16 857
525 26 663 0 127 22 858
525 5 660 0 175 92 859
528 60 3514 1 63 113 860
540 8 676 0 16 120 861
540 17 678 0 114 44 862
540 10 677 0 108 36 863
540 41 675 0 58 139 864
540 18 676 0 140 11 865
540 15 676 0 147 18 866
540 34 674 0 127 43 867
540 9 678 0 24 195 868
540 35 675 0 2 33 869
540 13 675 0 108 65 870
540 38 674 0 96 33 871
540 5 677 0 93 57 872
540 18 675 0 180 72 873
540 17 676 0 143 170 874
540 6 677 0 6 88 875
540 5 674 0 63 134 876
540 36 678 0 173 171 877
540 10 675 0 112 57 878
540 22 676 0 107 31 879
540 21 679 0 186 125 880
540 6 677 0 63 113 881
540 10 677 0 7 180 882
540 11 676 0 145 55 883
540 21 676 0 146 119 884
540 40 676 0 148 23 885
540 3 676 0 102 30 886
552 33 3540 1 142 143 887
555 30 690 0 127 43 888
555 3 689 0 110 50 889
555 7 691 0 50 121 890
555 15 691 0 140 11 891
555 41 693 0 138 26 892
555 22 690 0 162 25 893
555 24 692 0 113 48 894
555 33 692 0 96 33 895
555 3 690 0 15 186 896
555 45 691 0 46 189 897
555 24 694 0 24 183 898
555 10 692 0 95 77 899
555 4 690 0 178 113 900
555 16 690 0 146 119 901
555 3 690 0 102 30 902
555 36 691 0 66 134 903
555 20 691 0 13 75 904
555 12 690 0 147 18 905
555 5 693 0 124 15 906
555 12 691 0 173 61 907
555 5 691 0 155 52 908
555 22 691 0 105 143 909
555 13 689 0 108 65 910
555 17 690 0 103 107 911
555 5 691 0 38 84 912
555 19 690 0 99 17 913
555 13 692 0 114 44 914
567 112 3552 1 162 60 915
570 12 706 0 140 11 916
570 25 705 0 99 17 917
570 23 707 0 128 55 918
570 21 706 0 114 44 919
570 24 704 0 180 72 920
570 42 707 0 72 131 921
570 7 705 0 108 36 922
570 35 706 0 127 22 923
570 6 704 0 138 23 924
570 25 705 0 161 44 925
570 130 3555 1 182 28 926
570 13 704 0 141 34 927
570 20 707 0 107 31 928
570 18 707 0 113 48 929
570 6 706 0 110 50 930
570 14 707 0 99 9 931
581 70 3567 1 95 1 932
585 3 722 0 102 30 933
585 19 722 0 141 34 934
585 12 720 0 7 180 935
585 12 721 0 23 55 936
585 10 720 0 95 77 937
585 35 722 0 148 23 938
585 4 721 0 15 186 939
585 34 719 0 58 139 940
585 7 722 0 125 90 941
585 17 719 0 105 143 942
585 3 719 0 124 15 943
585 4 721 0 182 28 944
585 9 721 0 24 195 945
585 6 722 0 138 23 946
585 23 722 0 180 72 947
585 17 720 0 114 44 948
585 25 721 0 113 48 949
585 27 720 0 127 22 950
585 16 721 0 99 9 951
585 4 722 0 155 52 952
585 6 720 0 110 50 953
598 64 3584 1 186 125 954
600 17 735 0 152 41 955
600 20 735 0 113 48 956
600 27 737 0 66 134 957
600 8 734 0 145 55 958
600 36 736 0 22 41 959
600 24 735 0 99 9 960
600 25 735 0 143 170 961
600 6 736 0 6 88 962
600 3 737 0 86 23 963
600 38 736 0 96 33 964
600 8 735 0 95 77 965
600 33 736 0 127 22 966
600 12 737 0 91 1 967
600 16 738 0 140 11 968
600 4 737 0 124 15 969
600 12 736 0 46 130 970
600 5 736 0 102 30 971
600 43 734 0 142 143 972
600 8 736 0 108 36 973
600 25 736 0 148 23 974
600 3 734 0 175 92 975
600 39 735 0 127 43 976
606 179 3592 1 142 143 977
615 11 753 0 108 36 978
615 38 753 0 46 189 979
615 7 752 0 16 120 980
615 23 750 0 99 17 981
615 22 751 0 139 9 982
615 20 752 0 114 44 983
615 10 751 0 95 1 984
615 19 751 0 161 44 985
615 17 752 0 105 143 986
615 16 752 0 86 1 987
615 5 752 0 93 57 988
615 34 751 0 142 143 989
615 29 750 0 173 171 990
615 10 749 0 151 24 991
615 37 752 0 96 33 992
615 12 751 0 186 125 993
615 10 751 0 24 195 994
615 39 749 0 146 159 995
615 5 752 0 138 23 996
615 24 753 0 141 34 997
615 41 751 0 127 43 998
615 6 750 0 112 57 999
615 35 750 0 33 177 1000
627 66 3615 1 102 140 1001
630 10 766 0 108 36 1002
630 11 767 0 145 55 1003
630 24 764 0 99 9 1004
630 4 767 0 124 15 1005
630 37 766 0 46 189 1006
630 43 764 0 138 26 1007
630 15 767 0 103 107 1008
630 25 764 0 107 31 1009
630 26 767 0 155 122 1010
630 17 764 0 113 48 1011
630 7 765 0 23 55 1012
630 10 768 0 95 77 1013
630 6 768 0 102 30 1014
630 24 766 0 128 55 1015
630 35 767 0 127 43 1016
630 23 767 0 140 11 1017
630 24 764 0 153 145 1018
630 19 767 0 143 170 1019
645 16 781 0 107 31 1020
645 12 779 0 112 57 1021
645 39 778 0 22 41 1022
645 14 781 0 180 72 1023
645 19 782 0 186 125 1024
645 9 781 0 63 113 1025
645 6 783 0 67 20 1026
645 27 783 0 33 177 1027
645 12 780 0 152 41 1028
645 44 781 0 96 33 1029
645 45 781 0 142 143 1030
645 6 780 0 93 57 1031
645 17 779 0 140 11 1032
645 17 783 0 114 44 1033
645 23 780 0 153 145 1034
645 10 780 0 91 1 1035
645 24 778 0 99 17 1036
645 14 781 0 13 75 1037
645 12 781 0 145 55 1038
645 8 781 0 103 16 1039
645 10 781 0 164 71 1040
645 5 781 0 138 23 1041
645 34 780 0 127 22 1042
645 32 782 0 127 43 1043
645 35 780 0 148 23 1044
645 6 781 0 38 84 1045
651 108 3639 1 95 77 1046
659 62 3647 1 124 15 1047
660 11 795 0 50 121 1048
660 3 794 0 110 50 1049
660 6 797 0 15 186 1050
660 7 796 0 151 24 1051
660 4 795 0 124 15 1052
660 40 799 0 33 177 1053
660 16 797 0 128 55 1054
660 9 796 0 164 71 1055
660 3 797 0 83 108 1056
660 31 796 0 2 33 1057
660 3 796 0 102 30 1058
660 18 797 0 46 130 1059
660 15 793 0 141 34 1060
660 13 796 0 99 9 1061
660 14 795 0 99 17 1062
660 6 794 0 93 57 1063
660 13 797 0 114 44 1064
660 11 796 0 23 55 1065
660 42 796 0 96 33 1066
660 22 796 0 64 182 1067
660 12 796 0 108 36 1068
660 9 795 0 103 16 1069
660 9 795 0 112 57 1070
660 37 799 0 72 131 1071
660 39 797 0 127 43 1072
660 30 795 0 138 26 1073
660 15 797 0 113 48 1074
660 6 794 0 182 28 1075
660 17 794 0 140 11 1076
660 24 798 0 147 18 1077
672 56 3656 1 102 30 1078
675 18 811 0 114 44 1079
675 3 810 0 178 113 1080
675 38 812 0 138 26 1081
675 12 810 0 128 55 1082
675 17 809 0 140 11 1083
675 5 809 0 124 15 1084
675 27 811 0 72 131 1085
675 12 811 0 103 16 1086
675 11 812 0 108 36 1087
675 3 811 0 182 28 1088
675 8 810 0 50 121 1089
675 24 812 0 24 183 1090
675 9 811 0 95 77 1091
675 10 812 0 125 90 1092
675 34 808 0 146 159 1093
675 3 810 0 102 30 1094
675 24 810 0 99 17 1095
675 24 812 0 99 9 1096
675 11 810 0 16 120 1097
675 17 812 0 141 34 1098
690 5 828 0 179 177 1099
690 9 827 0 95 77 1100
690 9 825 0 103 16 1101
690 16 826 0 107 31 1102
690 18 823 0 64 182 1103
690 4 827 0 110 50 1104
690 22 827 0 139 9 1105
690 11 825 0 24 195 1106
690 6 825 0 23 55 1107
690 30 827 0 96 33 1108
690 20 826 0 103 107 1109
690 27 825 0 127 43 1110
690 12 827 0 108 36 1111
690 15 825 0 186 125 1112
690 39 825 0 102 140 1113
690 13 823 0 147 18 1114
690 38 828 0 46 189 1115
690 43 827 0 127 22 1116
690 26 827 0 146 159 1117
690 6 826 0 124 15 1118
690 3 826 0 138 23 1119
690 11 826 0 162 60 1120
690 13 826 0 141 34 1121
690 40 827 0 2 33 1122
690 25 827 0 33 177 1123
690 4 826 0 155 52 1124
690 10 827 0 112 57 1125
690 21 827 0 140 11 1126
690 18 826 0 13 75 1127
690 4 826 0 63 134 1128
690 23 826 0 114 44 1129
690 17 828 0 146 119 1130
700 58 3686 1 151 24 1131
705 12 841 0 112 57 1132
705 13 841 0 107 31 1133
705 10 841 0 16 120 1134
705 12 842 0 113 48 1135
705 23 841 0 114 44 1136
705 20 841 0 152 41 1137
705 5 842 0 124 15 1138
705 19 842 0 105 143 1139
705 6 840 0 108 36 1140
705 3 843 0 175 92 1141
705 24 841 0 103 107 1142
705 41 842 0 58 139 1143
705 37 840 0 138 26 1144
705 6 840 0 110 50 1145
705 6 841 0 63 134 1146
705 36 841 0 142 143 1147
705 12 841 0 103 16 1148
705 29 839 0 96 33 1149
705 16 842 0 24 183 1150
705 43 841 0 148 23 1151
705 18 841 0 186 125 1152
712 160 3698 1 164 71 1153
712 57 3698 1 128 96 1154
714 160 3699 1 72 131 1155
720 44 858 0 142 143 1156
720 25 856 0 113 48 1157
720 4 857 0 63 134 1158
720 11 855 0 112 57 1159
720 14 855 0 141 34 1160
720 12 856 0 46 130 1161
720 11 856 0 145 55 1162
720 6 855 0 124 15 1163
720 5 857 0 102 30 1164
720 25 856 0 96 33 1165
720 40 860 0 155 122 1166
720 6 854 0 108 36 1167
720 4 858 0 6 88 1168
720 11 857 0 125 90 1169
720 18 856 0 147 18 1170
720 45 856 0 148 23 1171
720 12 855 0 128 96 1172
720 22 857 0 128 55 1173
720 22 855 0 143 170 1174
720 6 854 0 138 23 1175
720 24 858 0 153 145 1176
720 6 855 0 103 16 1177
720 11 856 0 50 121 1178
720 22 855 0 107 31 1179
720 12 858 0 95 77 1180
721 30 3711 1 91 1 1181
735 13 872 0 99 9 1182
735 21 873 0 113 48 1183
735 4 870 0 124 15 1184
735 14 870 0 152 41 1185
735 4 870 0 6 88 1186
735 25 872 0 105 143 1187
735 23 872 0 147 18 1188
735 45 872 0 173 171 1189
735 11 873 0 24 195 1190
735 9 870 0 95 77 1191
735 27 872 0 96 33 1192
735 26 871 0 127 43 1193
735 4 870 0 175 92 1194
735 15 871 0 99 17 1195
735 19 870 0 140 11 1196
735 28 871 0 148 23 1197
735 6 872 0 173 61 1198
735 42 874 0 138 26 1199
735 15 870 0 114 44 1200
735 3 870 0 67 20 1201
735 7 869 0 112 57 1202
744 156 3732 1 173 171 1203
745 69 3730 1 96 33 1204
750 8 887 0 151 24 1205
750 6 885 0 95 77 1206
750 42 885 0 148 23 1207
750 21 886 0 186 125 1208
750 11 887 0 50 121 1209
750 33 885 0 138 26 1210
750 14 889 0 86 1 1211
750 10 886 0 95 1 1212
750 6 885 0 86 23 1213
750 37 887 0 173 171 1214
750 17 886 0 139 9 1215
750 21 886 0 99 17 1216
750 4 886 0 182 28 1217
750 6 888 0 110 50 1218
750 31 887 0 33 177 1219
750 5 886 0 178 113 1220
750 34 889 0 146 159 1221
750 9 887 0 145 55 1222
750 7 886 0 103 16 1223
750 4 887 0 124 15 1224
750 16 887 0 152 41 1225
750 10 887 0 112 57 1226
750 24 888 0 141 34 1227
757 38 3739 1 64 182 1228
763 66 3750 1 93 57 1229
765 6 902 0 102 30 1230
765 6 899 0 93 57 1231
765 11 900 0 112 57 1232
765 6 903 0 182 28 1233
765 15 901 0 13 75 1234
765 7 901 0 173 61 1235
765 40 901 0 72 131 1236
765 5 901 0 124 15 1237
765 11 899 0 95 77 1238
765 9 899 0 108 36 1239
765 19 902 0 140 11 1240
765 12 904 0 128 55 1241
765 41 901 0 127 22 1242
765 15 904 0 152 41 1243
765 9 903 0 24 195 1244
765 19 899 0 99 17 1245
765 7 900 0 145 55 1246
765 5 898 0 138 23 1247
780 8 917 0 145 55 1248
780 22 915 0 161 44 1249
780 3 917 0 138 23 1250
780 10 914 0 128 96 1251
780 5 918 0 102 30 1252
780 26 916 0 127 43 1253
780 21 915 0 113 48 1254
780 13 913 0 153 145 1255
780 20 914 0 146 119 1256
780 10 918 0 173 61 1257
780 6 915 0 7 180 1258
780 37 916 0 127 22 1259
780 6 917 0 178 113 1260
780 37 915 0 148 23 1261
780 7 917 0 108 36 1262
780 3 918 0 124 15 1263
780 4 914 0 63 134 1264
780 19 915 0 180 72 1265
780 4 914 0 6 88 1266
780 4 916 0 155 52 1267
780 12 915 0 99 17 1268
780 17 917 0 99 9 1269
784 59 3771 1 146 159 1270
795 5 933 0 179 177 1271
795 3 929 0 138 23 1272
795 12 933 0 112 57 1273
795 6 930 0 125 90 1274
795 36 930 0 142 143 1275
795 10 932 0 23 55 1276
795 25 931 0 152 41 1277
795 25 931 0 127 43 1278
795 3 931 0 175 92 1279
795 31 929 0 127 22 1280
795 8 931 0 150 50 1281
795 13 929 0 99 17 1282
795 8 930 0 103 16 1283
795 25 932 0 143 170 1284
795 25 931 0 140 11 1285
795 11 930 0 95 77 1286
795 5 931 0 124 15 1287
795 3 931 0 38 84 1288
795 45 931 0 58 139 1289
795 4 932 0 63 134 1290
804 62 3790 1 2 33 1291
807 46 3794 1 128 55 1292
810 44 949 0 173 171 1293
810 25 945 0 139 9 1294
810 33 945 0 96 33 1295
810 9 945 0 50 121 1296
810 3 947 0 124 15 1297
810 21 946 0 141 34 1298
810 13 945 0 140 11 1299
810 37 947 0 142 143 1300
810 12 943 0 180 72 1301
810 24 947 0 114 44 1302
810 45 948 0 138 26 1303
810 5 947 0 175 92 1304
810 36 946 0 2 33 1305
810 6 946 0 112 57 1306
810 10 947 0 162 60 1307
810 17 945 0 86 1 1308
810 44 944 0 46 189 1309
810 4 945 0 86 23 1310
810 6 944 0 138 23 1311
810 31 945 0 102 140 1312
810 16 945 0 152 41 1313
825 13 959 0 113 48 1314
825 10 962 0 108 36 1315
825 35 960 0 58 139 1316
825 24 962 0 139 9 1317
825 5 961 0 110 50 1318
825 12 960 0 162 25 1319
825 3 960 0 124 15 1320
825 22 961 0 107 31 1321
825 14 960 0 99 17 1322
825 15 961 0 24 183 1323
825 7 963 0 103 16 1324
825 30 962 0 66 134 1325
825 8 960 0 112 57 1326
825 28 961 0 148 23 1327
825 5 960 0 138 23 1328
825 25 960 0 114 44 1329
825 38 960 0 72 131 1330
825 37 963 0 138 26 1331
825 13 962 0 147 18 1332
825 16 963 0 140 11 1333
825 25 962 0 141 34 1334
840 10 976 0 162 60 1335
840 5 975 0 93 57 1336
840 34 975 0 127 22 1337
840 9 976 0 103 16 1338
840 25 976 0 147 18 1339
840 32 976 0 2 33 1340
840 37 974 0 46 189 1341
840 15 975 0 180 72 1342
840 19 976 0 103 107 1343
840 16 974 0 153 145 1344
840 45 977 0 102 140 1345
840 3 978 0 86 23 1346
840 43 975 0 127 43 1347
840 9 975 0 112 57 1348
840 41 976 0 155 122 1349
840 18 974 0 108 65 1350
840 12 975 0 114 44 1351
840 6 976 0 108 36 1352
840 6 976 0 102 30 1353
840 8 978 0 128 96 1354
840 16 978 0 113 48 1355
840 34 973 0 72 131 1356
840 3 976 0 138 23 1357
840 44 976 0 96 33 1358
840 4 976 0 110 50 1359
840 45 975 0 33 177 1360
840 11 975 0 91 1 1361
840 25 977 0 99 17 1362
840 19 977 0 107 31 1363
840 20 977 0 140 11 1364
840 13 974 0 105 143 1365
840 39 977 0 142 143 1366
840 32 978 0 148 23 1367
844 94 3830 1 83 108 1368
855 4 991 0 155 52 1369
855 6 990 0 50 121 1370
855 15 991 0 99 17 1371
855 17 990 0 143 170 1372
855 17 991 0 140 11 1373
855 21 995 0 46 130 1374
855 3 993 0 138 23 1375
855 13 990 0 147 18 1376
855 29 992 0 138 26 1377
855 7 991 0 164 71 1378
855 21 992 0 99 9 1379
855 44 989 0 96 33 1380
855 3 991 0 124 15 1381
855 15 991 0 107 31 1382
855 43 991 0 155 122 1383
855 44 989 0 127 43 1384
855 5 992 0 6 88 1385
855 6 991 0 110 50 1386
859 34 3845 1 173 61 1387
870 21 1006 0 139 9 1388
870 25 1006 0 127 43 1389
870 37 1007 0 148 23 1390
870 40 1008 0 142 143 1391
870 10 1008 0 173 61 1392
870 12 1006 0 7 180 1393
870 5 1005 0 110 50 1394
870 5 1006 0 86 23 1395
870 21 1005 0 147 18 1396
870 20 1006 0 153 145 1397
870 4 1006 0 83 108 1398
870 36 1007 0 66 134 1399
870 5 1005 0 15 186 1400
870 6 1006 0 164 71 1401
870 17 1007 0 99 9 1402
870 25 1008 0 2 33 1403
870 11 1005 0 128 96 1404
870 19 1009 0 186 125 1405
870 9 1007 0 50 121 1406
870 17 1005 0 128 55 1407
870 44 1006 0 96 33 1408
870 34 1006 0 138 26 1409
870 25 1007 0 24 183 1410
870 12 1006 0 99 17 1411
870 10 1005 0 95 1 1412
885 34 1022 0 148 23 1413
885 6 1020 0 145 55 1414
885 8 1021 0 16 120 1415
885 6 1023 0 103 16 1416
885 25 1021 0 147 18 1417
885 42 1021 0 102 140 1418
885 6 1020 0 128 96 1419
885 25 1022 0 128 55 1420
885 19 1018 0 64 182 1421
885 15 1021 0 24 183 1422
885 5 1022 0 124 15 1423
885 37 1021 0 2 33 1424
885 20 1024 0 99 9 1425
885 7 1023 0 150 50 1426
885 6 1021 0 178 113 1427
885 53 3872 1 141 34 1428
885 12 1023 0 91 1 1429
885 4 1022 0 155 52 1430
885 14 1020 0 107 31 1431
885 12 1022 0 125 90 1432
885 6 1021 0 6 88 1433
885 8 1022 0 112 57 1434
885 3 1021 0 110 50 1435
885 6 1022 0 95 1 1436
885 5 1021 0 63 134 1437
885 37 1021 0 96 33 1438
894 39 3881 1 105 143 1439
900 37 1033 0 138 26 1440
900 3 1037 0 179 177 1441
900 28 1035 0 127 43 1442
900 24 1036 0 113 48 1443
900 18 1036 0 186 125 1444
900 6 1036 0 173 61 1445
900 21 1038 0 108 65 1446
900 18 1035 0 99 9 1447
900 38 1034 0 127 22 1448
900 13 1035 0 13 75 1449
900 5 1037 0 138 23 1450
900 23 1034 0 107 31 1451
900 9 1036 0 164 71 1452
900 20 1037 0 140 11 1453
900 4 1035 0 182 28 1454
900 42 1038 0 96 33 1455
906 61 3894 1 22 41 1456
912 106 3900 1 99 9 1457
915 5 1051 0 178 113 1458
915 22 1050 0 86 1 1459
915 16 1050 0 99 17 1460
915 30 1051 0 46 189 1461
915 37 1052 0 33 177 1462
915 9 1052 0 7 180 1463
915 19 1051 0 140 11 1464
915 33 1051 0 96 33 1465
915 15 1051 0 107 31 1466
915 15 1051 0 143 170 1467
915 38 1053 0 127 22 1468
915 25 1050 0 180 72 1469
915 10 1051 0 162 60 1470
915 22 1053 0 114 44 1471
915 4 1052 0 38 84 1472
915 9 1052 0 108 36 1473
915 37 1054 0 72 131 1474
915 19 1052 0 113 48 1475
915 32 1051 0 22 41 1476
915 5 1052 0 93 57 1477
915 4 1049 0 155 52 1478
915 42 1051 0 173 171 1479
915 33 1051 0 148 23 1480
915 6 1051 0 15 186 1481
915 14 1048 0 99 9 1482
915 12 1053 0 112 57 1483
917 103 3903 1 103 16 1484
930 27 1065 0 2 33 1485
930 14 1066 0 139 9 1486
930 6 1066 0 155 52 1487
930 24 1064 0 161 44 1488
930 16 1066 0 13 75 1489
930 6 1064 0 138 23 1490
930 44 1066 0 96 33 1491
930 36 1065 0 138 26 1492
930 36 1065 0 173 171 1493
930 37 1064 0 142 143 1494
930 11 1064 0 112 57 1495
930 32 1066 0 146 159 1496
930 6 1064 0 182 28 1497
930 3 1066 0 38 84 1498
930 5 1067 0 124 15 1499
930 4 1066 0 179 177 1500
930 7 1065 0 24 195 1501
930 7 1066 0 125 90 1502
930 18 1066 0 147 18 1503
930 8 1069 0 95 77 1504
930 6 1069 0 128 96 1505
930 34 1067 0 58 139 1506
930 41 1067 0 102 140 1507
930 7 1065 0 103 16 1508
930 15 1066 0 46 130 1509
930 4 1065 0 110 50 1510
945 14 1080 0 64 182 1511
945 27 1082 0 46 189 1512
945 18 1082 0 128 55 1513
945 30 1081 0 96 33 1514
945 17 1081 0 139 9 1515
945 10 1079 0 125 90 1516
945 7 1079 0 23 55 1517
945 8 1080 0 112 57 1518
945 9 1082 0 162 60 1519
945 23 1079 0 147 18 1520
945 5 1079 0 6 88 1521
945 9 1082 0 50 121 1522
945 6 1081 0 124 15 1523
945 9 1080 0 151 24 1524
945 3 1082 0 15 186 1525
945 41 1080 0 127 22 1526
945 44 1085 0 2 33 1527
945 4 1081 0 67 20 1528
945 9 1079 0 103 16 1529
945 7 1079 0 7 180 1530
945 24 1081 0 114 44 1531
945 3 1081 0 138 23 1532
945 6 1081 0 86 23 1533
956 34 3941 1 110 50 1534
959 45 3944 1 180 72 1535
960 30 1097 0 2 33 1536
960 28 1097 0 127 22 1537
960 5 1095 0 124 15 1538
960 15 1097 0 162 25 1539
960 6 1096 0 175 92 1540
960 32 1096 0 155 122 1541
960 12 1096 0 91 1 1542
960 8 1095 0 95 1 1543
960 15 1098 0 113 48 1544
960 9 1095 0 164 71 1545
960 3 1094 0 6 88 1546
960 33 1095 0 127 43 1547
960 18 1094 0 64 182 1548
960 15 1097 0 99 9 1549
960 4 1095 0 138 23 1550
960 12 1094 0 86 1 1551
960 9 1095 0 108 36 1552
960 9 1096 0 16 120 1553
960 13 1095 0 99 17 1554
960 5 1097 0 102 30 1555
960 38 1096 0 102 140 1556
960 21 1096 0 147 18 1557
960 44 1096 0 96 33 1558
960 4 1096 0 155 52 1559
960 3 1097 0 110 50 1560
975 6 1109 0 138 23 1561
975 14 1111 0 99 9 1562
975 4 1111 0 15 186 1563
975 37 1111 0 102 140 1564
975 12 1113 0 146 119 1565
975 6 1113 0 86 23 1566
975 10 1109 0 128 96 1567
975 21 1113 0 24 183 1568
975 5 1109 0 38 84 1569
975 25 1111 0 105 143 1570
975 5 1112 0 124 15 1571
975 28 1112 0 96 33 1572
975 12 1110 0 50 121 1573
975 37 1113 0 46 189 1574
975 19 1110 0 108 65 1575
975 3 1111 0 175 92 1576
975 40 1110 0 148 23 1577
975 29 1111 0 138 26 1578
975 32 1112 0 127 22 1579
975 14 1110 0 153 145 1580
975 25 1112 0 113 48 1581
975 35 1107 0 146 159 1582
976 76 3962 1 67 20 1583
990 20 1126 0 141 34 1584
990 18 1127 0 99 17 1585
990 44 1127 0 102 140 1586
990 5 1127 0 178 113 1587
990 28 1127 0 33 177 1588
990 12 1126 0 108 36 1589
990 4 1126 0 182 28 1590
990 10 1126 0 103 16 1591
990 17 1127 0 146 119 1592
990 36 1127 0 127 43 1593
990 22 1127 0 13 75 1594
990 4 1126 0 15 186 1595
990 44 1127 0 148 23 1596
990 8 1125 0 24 195 1597
990 5 1126 0 110 50 1598
990 27 1126 0 138 26 1599
990 14 1127 0 103 107 1600
990 44 1124 0 155 122 1601
990 7 1126 0 125 90 1602
990 17 1124 0 46 130 1603
1005 32 1141 0 96 33 1604
1005 10 1141 0 173 61 1605
1005 14 1141 0 108 65 1606
1005 6 1138 0 102 30 1607
1005 10 1143 0 23 55 1608
1005 6 1139 0 95 1 1609
1005 5 1140 0 138 23 1610
1005 15 1142 0 140 11 1611
1005 19 1141 0 64 182 1612
1005 17 1140 0 146 119 1613
1005 40 1140 0 127 43 1614
1005 16 1139 0 152 41 1615
1005 20 1141 0 99 9 1616
1005 12 1142 0 108 36 1617
1005 24 1139 0 105 143 1618
1005 7 1140 0 112 57 1619
1005 20 1142 0 113 48 1620
1005 3 1141 0 124 15 1621
1005 27 1141 0 138 26 1622
1005 11 1140 0 145 55 1623
1020 3 1156 0 110 50 1624
1020 25 1157 0 140 11 1625
1020 16 1157 0 141 34 1626
1020 24 1157 0 46 130 1627
1020 25 1157 0 114 44 1628
1020 3 1158 0 138 23 1629
1020 10 1155 0 63 113 1630
1020 13 1155 0 103 107 1631
1020 19 1155 0 186 125 1632
1020 45 1157 0 127 43 1633
1020 6 1155 0 102 30 1634
1020 9 1156 0 128 96 1635
1020 22 1157 0 13 75 1636
1020 5 1156 0 6 88 1637
1020 27 1156 0 138 26 1638
1020 28 1155 0 148 23 1639
1020 5 1156 0 124 15 1640
1020 32 1156 0 66 134 1641
1020 6 1154 0 155 52 1642
1020 6 1155 0 175 92 1643
1035 4 1170 0 67 20 1644
1035 14 1172 0 105 143 1645
1035 15 1171 0 143 170 1646
1035 29 1172 0 127 43 1647
1035 12 1168 0 16 120 1648
1035 5 1170 0 15 186 1649
1035 21 1169 0 161 44 1650
1035 12 1170 0 139 9 1651
1035 8 1171 0 145 55 1652
1035 19 1170 0 108 65 1653
1035 15 1171 0 140 11 1654
1035 33 1169 0 127 22 1655
1035 16 1172 0 99 9 1656
1035 18 1172 0 103 107 1657
1035 9 1173 0 24 195 1658
1035 15 1171 0 147 18 1659
1035 5 1172 0 138 23 1660
1035 43 1172 0 173 171 1661
1035 17 1170 0 141 34 1662
1050 25 1186 0 66 134 1663
1050 20 1185 0 140 11 1664
1050 3 1185 0 63 134 1665
1050 20 1188 0 128 55 1666
1050 18 1187 0 161 44 1667
1050 3 1186 0 110 50 1668
1050 16 1186 0 64 182 1669
1050 24 1185 0 114 44 1670
1050 45 1185 0 146 159 1671
1050 24 1186 0 24 183 1672
1050 7 1185 0 108 36 1673
1050 14 1186 0 147 18 1674
1050 4 1186 0 83 108 1675
1050 4 1186 0 86 23 1676
1050 4 1187 0 15 186 1677
1050 3 1186 0 124 15 1678
1050 6 1188 0 128 96 1679
1050 4 1186 0 138 23 1680
1050 7 1187 0 103 16 1681
1050 5 1185 0 155 52 1682
1050 27 1186 0 155 122 1683
1050 18 1185 0 105 143 1684
1050 10 1183 0 112 57 1685
1050 32 1188 0 173 171 1686
1050 7 1186 0 63 113 1687
1050 28 1184 0 148 23 1688
1065 17 1199 0 64 182 1689
1065 3 1201 0 110 50 1690
1065 25 1199 0 102 140 1691
1065 6 1201 0 15 186 1692
1065 13 1201 0 143 170 1693
1065 10 1201 0 108 36 1694
1065 6 1201 0 175 92 1695
1065 4 1198 0 138 23 1696
1065 10 1201 0 103 16 1697
1065 28 1201 0 96 33 1698
1065 3 1201 0 102 30 1699
1065 11 1202 0 63 113 1700
1065 10 1200 0 112 57 1701
1065 5 1202 0 83 108 1702
1065 7 1203 0 164 71 1703
1065 10 1202 0 162 60 1704
1065 25 1199 0 138 26 1705
1065 21 1201 0 99 17 1706
1065 23 1202 0 147 18 1707
1071 177 4056 1 24 195 1708
1080 3 1216 0 86 23 1709
1080 6 1217 0 110 50 1710
1080 24 1215 0 24 183 1711
1080 23 1218 0 128 55 1712
1080 38 1215 0 173 171 1713
1080 38 1215 0 66 134 1714
1080 12 1216 0 13 75 1715
1080 23 1214 0 141 34 1716
1080 25 1215 0 127 43 1717
1080 6 1216 0 93 57 1718
1080 25 1214 0 96 33 1719
1080 5 1216 0 124 15 1720
1080 21 1217 0 99 17 1721
1080 6 1216 0 112 57 1722
1080 16 1218 0 147 18 1723
1080 7 1216 0 108 36 1724
1080 12 1215 0 99 9 1725
1080 6 1216 0 95 1 1726
1080 6 1216 0 155 52 1727
1080 4 1217 0 138 23 1728
1080 30 1217 0 148 23 1729
1080 22 1214 0 143 170 1730
1080 13 1218 0 139 9 1731
1080 12 1218 0 162 25 1732
1080 6 1216 0 83 108 1733
1095 12 1231 0 150 50 1734
1095 6 1232 0 86 23 1735
1095 39 1231 0 33 177 1736
1095 12 1233 0 113 48 1737
1095 23 1233 0 13 75 1738
1095 21 1228 0 139 9 1739
1095 6 1233 0 112 57 1740
1095 24 1232 0 152 41 1741
1095 38 1233 0 148 23 1742
1095 8 1231 0 108 36 1743
1095 3 1230 0 15 186 1744
1095 13 1231 0 114 44 1745
1095 17 1231 0 141 34 1746
1095 4 1231 0 102 30 1747
1095 3 1231 0 138 23 1748
1095 19 1231 0 46 130 1749
1095 27 1230 0 46 189 1750
1095 25 1232 0 22 41 1751
1095 15 1232 0 86 1 1752
1095 6 1231 0 63 134 1753
1095 34 1232 0 102 140 1754
1095 3 1230 0 110 50 1755
1095 23 1231 0 162 25 1756
1095 40 1230 0 72 131 1757
1101 42 4086 1 148 23 1758
1110 42 1246 0 127 22 1759
1110 24 1246 0 161 44 1760
1110 4 1242 0 110 50 1761
1110 15 1246 0 180 72 1762
1110 16 1246 0 143 170 1763
1110 22 1246 0 114 44 1764
1110 10 1245 0 95 1 1765
1110 16 1247 0 128 55 1766
1110 4 1247 0 179 177 1767
1110 4 1249 0 124 15 1768
1110 8 1247 0 23 55 1769
1110 22 1247 0 140 11 1770
1110 24 1246 0 141 34 1771
1110 31 1248 0 33 177 1772
1110 38 1246 0 127 43 1773
1110 10 1247 0 112 57 1774
1110 20 1246 0 13 75 1775
1110 41 1245 0 96 33 1776
1125 45 1262 0 66 134 1777
1125 6 1262 0 110 50 1778
1125 44 1261 0 22 41 1779
1125 20 1260 0 13 75 1780
1125 5 1261 0 178 113 1781
1125 13 1262 0 128 55 1782
1125 6 1260 0 162 60 1783
1125 4 1261 0 138 23 1784
1125 3 1259 0 102 30 1785
1125 7 1259 0 125 90 1786
1125 3 1262 0 15 186 1787
1125 3 1260 0 63 134 1788
1125 32 1264 0 138 26 1789
1125 17 1261 0 99 17 1790
1125 25 1262 0 107 31 1791
1125 25 1262 0 153 145 1792
1125 19 1262 0 103 107 1793
1125 14 1261 0 86 1 1794
1125 15 1263 0 147 18 1795
1125 7 1261 0 108 36 1796
1125 36 1260 0 127 22 1797
1125 26 1262 0 102 140 1798
1125 17 1261 0 180 72 1799
1125 11 1264 0 151 24 1800
1125 34 1261 0 127 43 1801
1140 4 1277 0 63 134 1802
1140 26 1277 0 148 23 1803
1140 8 1276 0 95 1 1804
1140 34 1277 0 142 143 1805
1140 10 1273 0 128 96 1806
1140 5 1278 0 124 15 1807
1140 21 1275 0 139 9 1808
1140 6 1277 0 162 60 1809
1140 4 1275 0 102 30 1810
1140 9 1276 0 150 50 1811
1140 24 1279 0 108 65 1812
1140 35 1275 0 96 33 1813
1140 29 1275 0 22 41 1814
1140 6 1276 0 110 50 1815
1140 22 1276 0 186 125 1816
1140 3 1276 0 93 57 1817
1140 17 1276 0 140 11 1818
1140 21 1277 0 113 48 1819
1140 16 1274 0 141 34 1820
1140 8 1276 0 95 77 1821
1140 5 1276 0 179 177 1822
1140 33 1276 0 58 139 1823
1140 7 1277 0 108 36 1824
1140 11 1275 0 7 180 1825
1140 3 1275 0 138 23 1826
1140 6 1277 0 103 16 1827
1140 24 1276 0 114 44 1828
1140 41 1275 0 127 43 1829
1140 12 1274 0 13 75 1830
1140 26 1278 0 2 33 1831
1140 21 1277 0 146 119 1832
1140 5 1275 0 15 186 1833
1149 34 4135 1 162 60 1834
1155 12 1290 0 23 55 1835
1155 30 1292 0 127 22 1836
1155 6 1290 0 128 96 1837
1155 6 1291 0 93 57 1838
1155 22 1293 0 140 11 1839
1155 40 1290 0 127 43 1840
1155 24 1291 0 99 17 1841
1155 6 1293 0 173 61 1842
1155 39 1291 0 138 26 1843
1155 34 1291 0 155 122 1844
1155 6 1292 0 138 23 1845
1155 12 1292 0 151 24 1846
1155 11 1292 0 103 16 1847
1155 16 1292 0 141 34 1848
1155 23 1289 0 107 31 1849
1155 3 1291 0 15 186 1850
1155 23 1290 0 24 183 1851
1155 22 1291 0 146 119 1852
1155 4 1292 0 110 50 1853
1155 5 1290 0 124 15 1854
1169 50 4156 1 24 183 1855
1170 21 1307 0 13 75 1856
1170 10 1307 0 103 16 1857
1170 6 1307 0 6 88 1858
1170 19 1308 0 86 1 1859
1170 21 1306 0 139 9 1860
1170 32 1304 0 127 22 1861
1170 6 1305 0 7 180 1862
1170 12 1306 0 95 77 1863
1170 22 1306 0 107 31 1864
1170 17 1308 0 128 55 1865
1170 4 1306 0 178 113 1866
1170 14 1306 0 186 125 1867
1170 45 1306 0 102 140 1868
1170 16 1307 0 99 9 1869
1170 11 1307 0 23 55 1870
1170 34 1306 0 148 23 1871
1170 10 1304 0 151 24 1872
1172 78 4160 1 72 131 1873
1185 20 1321 0 107 31 1874
1185 10 1325 0 103 16 1875
1185 11 1319 0 108 36 1876
1185 29 1322 0 138 26 1877
1185 19 1322 0 147 18 1878
1185 6 1322 0 145 55 1879
1185 12 1320 0 16 120 1880
1185 22 1321 0 99 17 1881
1185 17 1322 0 140 11 1882
1185 5 1323 0 178 113 1883
1185 14 1320 0 108 65 1884
1185 11 1322 0 150 50 1885
1185 5 1320 0 124 15 1886
1185 38 1321 0 22 41 1887
1185 62 4171 1 162 25 1888
1185 8 1322 0 151 24 1889
1185 44 1322 0 127 43 1890
1185 23 1320 0 146 119 1891
1185 15 1322 0 143 170 1892
1185 4 1321 0 15 186 1893
1185 25 1318 0 148 23 1894
1185 20 1322 0 114 44 1895
1185 6 1323 0 155 52 1896
1200 16 1335 0 99 17 1897
1200 24 1336 0 141 34 1898
1200 12 1335 0 112 57 1899
1200 44 1336 0 127 43 1900
1200 9 1337 0 164 71 1901
1200 45 1337 0 96 33 1902
1200 4 1334 0 124 15 1903
1200 12 1336 0 99 9 1904
1200 25 1337 0 140 11 1905
1200 4 1338 0 178 113 1906
1200 11 1335 0 95 1 1907
1200 19 1335 0 147 18 1908
1200 12 1334 0 103 16 1909
1200 3 1337 0 155 52 1910
1200 45 1335 0 66 134 1911
1212 40 4199 1 50 121 1912
1215 7 1352 0 16 120 1913
1215 6 1352 0 178 113 1914
1215 5 1351 0 83 108 1915
1215 20 1350 0 140 11 1916
1215 7 1350 0 103 16 1917
1215 8 1352 0 91 1 1918
1215 21 1351 0 24 183 1919
1215 39 1350 0 148 23 1920
1215 35 1350 0 96 33 1921
1215 14 1351 0 128 55 1922
1215 32 1352 0 102 140 1923
1215 29 1349 0 2 33 1924
1215 21 1353 0 99 17 1925
1215 35 1351 0 138 26 1926
1215 6 1350 0 138 23 1927
1215 38 1352 0 127 22 1928
1215 21 1351 0 153 145 1929
1215 11 1350 0 150 50 1930
1215 6 1350 0 125 90 1931
1215 5 1351 0 67 20 1932
1230 6 1367 0 6 88 1933
1230 14 1365 0 24 183 1934
1230 30 1367 0 127 22 1935
1230 33 1366 0 33 177 1936
1230 12 1366 0 145 55 1937
1230 23 1365 0 113 48 1938
1230 16 1367 0 114 44 1939
1230 7 1366 0 63 113 1940
1230 36 1366 0 142 143 1941
1230 3 1368 0 15 186 1942
1230 6 1367 0 110 50 1943
1230 17 1368 0 143 170 1944
1230 6 1369 0 24 195 1945
1230 10 1368 0 7 180 1946
1230 23 1366 0 140 11 1947
1230 5 1365 0 138 23 1948
1230 12 1367 0 103 16 1949
1230 24 1365 0 153 145 1950
1244 63 4232 1 138 26 1951
1245 37 1382 0 146 159 1952
1245 36 1384 0 72 131 1953
1245 14 1379 0 128 55 1954
1245 5 1383 0 175 92 1955
1245 10 1381 0 23 55 1956
1245 12 1380 0 150 50 1957
1245 10 1380 0 108 36 1958
1245 24 1380 0 143 170 1959
1245 4 1381 0 15 186 1960
1245 3 1383 0 102 30 1961
1245 7 1378 0 162 60 1962
1245 12 1383 0 91 1 1963
1245 23 1381 0 103 107 1964
1245 7 1380 0 128 96 1965
1245 45 1382 0 96 33 1966
1245 5 1378 0 110 50 1967
1245 20 1382 0 141 34 1968
1245 11 1381 0 24 195 1969
1245 21 1380 0 99 17 1970
1245 41 1383 0 127 43 1971
1246 79 4231 1 146 119 1972
1248 105 4232 1 93 57 1973
1260 18 1397 0 146 119 1974
1260 3 1398 0 175 92 1975
1260 42 1396 0 127 43 1976
1260 34 1398 0 155 122 1977
1260 24 1396 0 99 9 1978
1260 9 1396 0 23 55 1979
1260 28 1393 0 2 33 1980
1260 6 1394 0 124 15 1981
1260 6 1394 0 182 28 1982
1260 7 1399 0 128 96 1983
1260 8 1395 0 150 50 1984
1260 7 1394 0 16 120 1985
1260 16 1396 0 64 182 1986
1260 28 1396 0 148 23 1987
1260 15 1396 0 161 44 1988
1260 19 1396 0 140 11 1989
1260 8 1399 0 7 180 1990
1260 20 1396 0 105 143 1991
1260 31 1396 0 58 139 1992
1260 13 1395 0 152 41 1993
1260 17 1395 0 99 17 1994
1260 16 1397 0 128 55 1995
1260 12 1395 0 112 57 1996
1260 18 1399 0 141 34 1997
1274 48 4260 1 86 23 1998
1275 5 1409 0 175 92 1999
1275 8 1412 0 112 57 2000
1275 20 1411 0 128 55 2001
1275 40 1409 0 96 33 2002
1275 9 1410 0 50 121 2003
1275 17 1411 0 147 18 2004
1275 34 1412 0 2 33 2005
1275 13 1409 0 146 119 2006
1275 6 1412 0 138 23 2007
1275 44 1411 0 138 26 2008
1275 10 1412 0 162 60 2009
1275 12 1410 0 24 195 2010
1275 20 1411 0 114 44 2011
1275 3 1410 0 182 28 2012
1275 26 1412 0 127 22 2013
1275 17 1410 0 113 48 2014
1275 15 1409 0 161 44 2015
1275 4 1413 0 124 15 2016
1275 25 1411 0 139 9 2017
1275 5 1413 0 155 52 2018
1275 132 4260 1 50 121 2019
1282 60 4270 1 66 134 2020
1288 78 4272 1 38 84 2021
1290 23 1427 0 147 18 2022
1290 7 1427 0 7 180 2023
1290 34 1426 0 72 131 2024
1290 23 1428 0 186 125 2025
1290 5 1427 0 179 177 2026
1290 6 1426 0 173 61 2027
1290 22 1424 0 128 55 2028
1290 15 1427 0 141 34 2029
1290 6 1426 0 112 57 2030
1290 24 1426 0 99 17 2031
1290 5 1427 0 83 108 2032
1290 20 1427 0 140 11 2033
1290 6 1426 0 178 113 2034
1290 3 1427 0 110 50 2035
1290 3 1425 0 86 23 2036
1290 6 1425 0 93 57 2037
1290 6 1429 0 6 88 2038
1290 38 1425 0 96 33 2039
1290 4 1426 0 124 15 2040
1290 5 1426 0 15 186 2041
1290 8 1425 0 150 50 2042
1290 36 1427 0 146 159 2043
1290 12 1426 0 108 36 2044
1290 3 1427 0 38 84 2045
1294 80 4279 1 164 71 2046
1303 63 4292 1 139 9 2047
1305 11 1441 0 151 24 2048
1305 3 1441 0 83 108 2049
1305 35 1444 0 66 134 2050
1305 45 1441 0 127 43 2051
1305 4 1442 0 178 113 2052
1305 19 1439 0 141 34 2053
1305 9 1441 0 112 57 2054
1305 21 1441 0 46 130 2055
1305 12 1441 0 99 17 2056
1305 25 1441 0 113 48 2057
1305 19 1442 0 143 170 2058
1305 6 1440 0 103 16 2059
1305 5 1441 0 138 23 2060
1305 25 1443 0 107 31 2061
1305 12 1440 0 7 180 2062
1305 6 1441 0 145 55 2063
1305 13 1440 0 103 107 2064
1305 43 1441 0 58 139 2065
1305 20 1440 0 147 18 2066
1305 4 1441 0 179 177 2067
1305 13 1440 0 114 44 2068
1305 7 1441 0 128 96 2069
1309 67 4295 1 150 50 2070
1315 48 4302 1 23 55 2071
1320 44 1457 0 102 140 2072
1320 12 1455 0 112 57 2073
1320 3 1457 0 138 23 2074
1320 20 1456 0 140 11 2075
1320 6 1458 0 93 57 2076
1320 11 1458 0 91 1 2077
1320 14 1457 0 152 41 2078
1320 13 1459 0 103 107 2079
1320 3 1455 0 83 108 2080
1320 9 1455 0 50 121 2081
1320 37 1455 0 127 22 2082
1320 22 1454 0 107 31 2083
1320 3 1456 0 124 15 2084
1320 11 1456 0 103 16 2085
1320 22 1456 0 99 9 2086
1320 36 1456 0 173 171 2087
1320 5 1457 0 102 30 2088
1320 25 1456 0 24 183 2089
1320 32 1454 0 148 23 2090
1320 11 1456 0 125 90 2091
1320 6 1455 0 145 55 2092
1320 4 1456 0 67 20 2093
1320 42 1459 0 66 134 2094
1320 35 1454 0 96 33 2095
1320 10 1457 0 23 55 2096
1320 38 1455 0 22 41 2097
1321 68 4306 1 145 55 2098
1335 25 1472 0 141 34 2099
1335 20 1472 0 128 55 2100
1335 29 1472 0 46 189 2101
1335 16 1470 0 114 44 2102
1335 23 1471 0 113 48 2103
1335 21 1470 0 152 41 2104
1335 20 1473 0 147 18 2105
1335 19 1472 0 140 11 2106
1335 20 1470 0 153 145 2107
1335 34 1472 0 127 43 2108
1335 3 1469 0 178 113 2109
1335 8 1471 0 112 57 2110
1335 37 1473 0 148 23 2111
1335 17 1470 0 107 31 2112
1335 10 1471 0 24 195 2113
1335 23 1469 0 103 107 2114
1350 13 1486 0 103 107 2115
1350 17 1483 0 99 9 2116
1350 3 1486 0 155 52 2117
1350 29 1485 0 148 23 2118
1350 29 1485 0 173 171 2119
1350 3 1486 0 124 15 2120
1350 4 1485 0 102 30 2121
1350 43 1484 0 33 177 2122
1350 21 1485 0 153 145 2123
1350 24 1487 0 99 17 2124
1350 4 1486 0 67 20 2125
1350 37 1487 0 127 22 2126
1350 15 1484 0 13 75 2127
1350 19 1488 0 180 72 2128
1350 5 1487 0 63 134 2129
1350 12 1486 0 151 24 2130
1350 41 1486 0 127 43 2131
1350 6 1486 0 110 50 2132
1350 24 1488 0 128 55 2133
1350 21 1486 0 24 183 2134
1350 9 1486 0 63 113 2135
1350 18 1485 0 107 31 2136
1350 22 1486 0 141 34 2137
1350 15 1487 0 186 125 2138
1353 150 4337 1 24 183 2139
1362 132 4349 1 128 96 2140
1365 19 1502 0 139 9 2141
1365 36 1501 0 146 159 2142
1365 26 1501 0 102 140 2143
1365 6 1503 0 110 50 2144
1365 44 1501 0 127 22 2145
1365 33 1500 0 173 171 2146
1365 6 1502 0 182 28 2147
1365 18 1502 0 143 170 2148
1365 8 1502 0 112 57 2149
1365 3 1502 0 102 30 2150
1365 24 1502 0 161 44 2151
1365 33 1502 0 72 131 2152
1365 32 1500 0 155 122 2153
1365 16 1502 0 107 31 2154
1365 9 1500 0 50 121 2155
1365 12 1501 0 145 55 2156
1365 3 1502 0 83 108 2157
1365 26 1501 0 138 26 2158
1365 25 1500 0 99 17 2159
1365 3 1500 0 86 23 2160
1365 5 1500 0 138 23 2161
1365 24 1500 0 103 107 2162
1365 18 1499 0 114 44 2163
1365 6 1501 0 103 16 2164
1365 18 1500 0 146 119 2165
1365 9 1502 0 151 24 2166
1365 11 1502 0 125 90 2167
1365 13 1504 0 113 48 2168
1380 41 1518 0 33 177 2169
1380 14 1517 0 107 31 2170
1380 5 1516 0 83 108 2171
1380 10 1517 0 24 195 2172
1380 12 1516 0 16 120 2173
1380 18 1514 0 141 34 2174
1380 34 1516 0 142 143 2175
1380 5 1512 0 102 30 2176
1380 23 1515 0 186 125 2177
1380 5 1517 0 124 15 2178
1380 24 1517 0 99 17 2179
1380 18 1517 0 140 11 2180
1380 23 1518 0 114 44 2181
1380 6 1517 0 173 61 2182
1380 21 1515 0 153 145 2183
1380 21 1515 0 46 130 2184
1380 27 1516 0 173 171 2185
1380 4 1518 0 6 88 2186
1380 6 1517 0 175 92 2187
1380 5 1515 0 110 50 2188
1380 6 1516 0 103 16 2189
1391 30 4378 1 155 122 2190
1391 146 4377 1 127 22 2191
1395 6 1532 0 108 36 2192
1395 31 1532 0 155 122 2193
1395 6 1530 0 124 15 2194
1395 18 1532 0 139 9 2195
1395 21 1531 0 186 125 2196
1395 16 1529 0 86 1 2197
1395 8 1531 0 173 61 2198
1395 6 1532 0 50 121 2199
1395 21 1530 0 99 9 2200
1395 5 1529 0 102 30 2201
1395 6 1532 0 179 177 2202
1395 5 1530 0 182 28 2203
1395 39 1531 0 127 22 2204
1395 12 1533 0 141 34 2205
1395 22 1533 0 113 48 2206
1395 4 1531 0 138 23 2207
1395 26 1531 0 138 26 2208
1395 11 1532 0 112 57 2209
1395 16 1532 0 107 31 2210
1395 22 1533 0 140 11 2211
1395 9 1531 0 125 90 2212
1395 10 1529 0 162 60 2213
1395 10 1532 0 24 195 2214
1397 63 4385 1 114 44 2215
1401 72 4386 1 33 177 2216
1410 10 1548 0 50 121 2217
1410 8 1546 0 103 16 2218
1410 33 1547 0 127 43 2219
1410 21 1546 0 24 183 2220
1410 17 1546 0 113 48 2221
1410 3 1547 0 102 30 2222
1410 23 1545 0 99 17 2223
1410 4 1545 0 6 88 2224
1410 24 1544 0 152 41 2225
1410 9 1545 0 108 36 2226
1410 33 1546 0 138 26 2227
1410 17 1544 0 147 18 2228
1410 25 1546 0 148 23 2229
1410 11 1546 0 112 57 2230
1410 10 1546 0 63 113 2231
1410 42 1544 0 155 122 2232
1410 12 1546 0 145 55 2233
1410 11 1546 0 91 1 2234
1410 5 1546 0 86 23 2235
1410 13 1546 0 107 31 2236
1410 7 1545 0 164 71 2237
1412 94 4396 1 108 65 2238
1417 64 4403 1 127 22 2239
1425 17 1561 0 140 11 2240
1425 39 1561 0 127 43 2241
1425 4 1561 0 102 30 2242
1425 16 1560 0 114 44 2243
1425 13 1561 0 147 18 2244
1425 12 1562 0 7 180 2245
1425 5 1563 0 178 113 2246
1425 22 1560 0 141 34 2247
1425 5 1560 0 67 20 2248
1425 21 1562 0 46 130 2249
1425 43 1560 0 138 26 2250
1425 35 1562 0 127 22 2251
1425 26 1561 0 148 23 2252
1425 13 1560 0 161 44 2253
1425 35 1562 0 22 41 2254
1425 18 1561 0 152 41 2255
1425 22 1562 0 128 55 2256
1425 3 1558 0 110 50 2257
1440 4 1576 0 15 186 2258
1440 14 1574 0 146 119 2259
1440 6 1574 0 125 90 2260
1440 25 1577 0 127 43 2261
1440 36 1577 0 127 22 2262
1440 19 1577 0 128 55 2263
1440 18 1575 0 64 182 2264
1440 3 1576 0 38 84 2265
1440 6 1575 0 50 121 2266
1440 26 1577 0 173 171 2267
1440 3 1576 0 155 52 2268
1440 4 1576 0 124 15 2269
1440 14 1576 0 107 31 2270
1440 19 1577 0 99 9 2271
1440 23 1575 0 147 18 2272
1440 4 1576 0 83 108 2273
1440 9 1577 0 112 57 2274
1440 6 1577 0 6 88 2275
1440 3 1576 0 175 92 2276
1440 26 1576 0 22 41 2277
1455 13 1588 0 107 31 2278
1455 3 1590 0 110 50 2279
1455 22 1589 0 99 17 2280
1455 30 4440 1 99 17 2281
1455 6 1591 0 124 15 2282
1455 6 1592 0 67 20 2283
1455 6 1590 0 182 28 2284
1455 17 1592 0 128 55 2285
1455 7 1591 0 108 36 2286
1455 9 1591 0 24 195 2287
1455 43 1591 0 127 43 2288
1455 4 1590 0 6 88 2289
1455 36 1592 0 72 131 2290
1455 9 1590 0 95 1 2291
1455 3 1593 0 179 177 2292
1455 10 1590 0 63 113 2293
1455 30 1591 0 96 33 2294
1455 6 1592 0 112 57 2295
1455 12 1592 0 95 77 2296
1455 23 1593 0 113 48 2297
1455 6 1590 0 173 61 2298
1455 27 1591 0 138 26 2299
1455 13 1590 0 162 25 2300
1455 18 1590 0 114 44 2301
1455 36 1591 0 127 22 2302
1463 107 4448 1 147 18 2303
1470 40 1606 0 96 33 2304
1470 21 1605 0 139 9 2305
1470 17 1607 0 153 145 2306
1470 15 1608 0 152 41 2307
1470 3 1606 0 102 30 2308
1470 8 1606 0 173 61 2309
1470 3 1607 0 179 177 2310
1470 13 1604 0 141 34 2311
1470 29 1607 0 127 22 2312
1470 25 1607 0 180 72 2313
1470 4 1606 0 38 84 2314
1470 37 1606 0 102 140 2315
1470 6 1607 0 93 57 2316
1470 5 1607 0 86 23 2317
1470 6 1606 0 6 88 2318
1470 11 1606 0 7 180 2319
1470 19 1607 0 146 119 2320
1470 4 1607 0 175 92 2321
1470 7 1606 0 125 90 2322
1470 14 1607 0 161 44 2323
1470 3 1606 0 124 15 2324
1470 7 1607 0 108 36 2325
1485 44 1619 0 142 143 2326
1485 12 1622 0 151 24 2327
1485 4 1620 0 83 108 2328
1485 6 1621 0 67 20 2329
1485 29 1622 0 127 22 2330
1485 32 1623 0 96 33 2331
1485 12 1621 0 152 41 2332
1485 3 1621 0 138 23 2333
1485 5 1620 0 38 84 2334
1485 33 1620 0 127 43 2335
1485 44 1621 0 66 134 2336
1485 18 1621 0 141 34 2337
1485 37 1622 0 138 26 2338
1485 10 1623 0 7 180 2339
1485 6 1621 0 103 16 2340
1485 34 1621 0 173 171 2341
1485 26 1620 0 33 177 2342
1485 6 1621 0 155 52 2343
1485 6 1621 0 179 177 2344
1485 6 1618 0 95 1 2345
1485 38 1623 0 72 131 2346
1485 24 1621 0 139 9 2347
1500 24 1636 0 153 145 2348
1500 21 1635 0 99 9 2349
1500 15 1635 0 147 18 2350
1500 33 1635 0 155 122 2351
1500 4 1635 0 110 50 2352
1500 3 1636 0 86 23 2353
1500 13 1635 0 107 31 2354
1500 18 1635 0 99 17 2355
1500 23 1638 0 139 9 2356
1500 33 1636 0 22 41 2357
1500 3 1636 0 124 15 2358
1500 8 1637 0 150 50 2359
1500 14 1635 0 161 44 2360
1500 19 1636 0 146 119 2361
1500 40 1635 0 173 171 2362
1500 21 1637 0 13 75 2363
1500 30 1634 0 148 23 2364
1500 11 1634 0 91 1 2365
1500 29 1633 0 142 143 2366
1500 32 1634 0 66 134 2367
1500 20 1636 0 113 48 2368
1500 12 1637 0 95 1 2369
1500 4 1636 0 138 23 2370
1500 20 1636 0 114 44 2371
1506 49 4491 1 179 177 2372
1513 69 4499 1 173 171 2373
1515 3 1651 0 124 15 2374
1515 22 1651 0 152 41 2375
1515 24 1653 0 108 65 2376
1515 6 1652 0 150 50 2377
1515 14 1650 0 141 34 2378
1515 36 1652 0 173 171 2379
1515 6 1652 0 6 88 2380
1515 4 1655 0 179 177 2381
1515 25 1653 0 13 75 2382
1515 5 1653 0 67 20 2383
1515 27 1653 0 46 189 2384
1515 25 1651 0 86 1 2385
1515 24 1652 0 24 183 2386
1515 17 1651 0 139 9 2387
1515 17 1652 0 107 31 2388
1515 27 1652 0 127 22 2389
1515 8 1652 0 24 195 2390
1515 23 1652 0 113 48 2391
1515 29 1648 0 138 26 2392
1515 7 1649 0 108 36 2393
1515 18 1650 0 114 44 2394
1515 4 1651 0 138 23 2395
1515 4 1651 0 110 50 2396
1515 7 1650 0 7 180 2397
1515 10 1650 0 95 77 2398
1515 5 1652 0 93 57 2399
1515 6 1649 0 50 121 2400
1526 70 4511 1 107 31 2401
1530 24 1665 0 24 183 2402
1530 23 1667 0 128 55 2403
1530 20 1665 0 139 9 2404
1530 9 1666 0 125 90 2405
1530 12 1666 0 63 113 2406
1530 24 1666 0 153 145 2407
1530 6 1666 0 103 16 2408
1530 45 1666 0 127 22 2409
1530 13 1668 0 161 44 2410
1530 12 1667 0 24 195 2411
1530 4 1665 0 86 23 2412
1530 38 1667 0 173 171 2413
1530 29 1666 0 58 139 2414
1530 5 1665 0 15 186 2415
1530 13 1665 0 113 48 2416
1530 11 1665 0 95 1 2417
1530 17 1666 0 114 44 2418
1530 38 1664 0 138 26 2419
1530 36 1667 0 155 122 2420
1530 15 1666 0 107 31 2421
1530 20 1665 0 99 9 2422
1530 11 1666 0 91 1 2423
1530 8 1666 0 145 55 2424
1530 24 1668 0 141 34 2425
1530 7 1665 0 50 121 2426
1530 24 1665 0 147 18 2427
1530 26 1666 0 148 23 2428
1545 38 1682 0 22 41 2429
1545 31 1681 0 127 43 2430
1545 18 1681 0 143 170 2431
1545 8 1680 0 162 60 2432
1545 39 1680 0 173 171 2433
1545 24 1682 0 107 31 2434
1545 25 1681 0 46 189 2435
1545 7 1682 0 95 1 2436
1545 6 1682 0 86 23 2437
1545 3 1682 0 124 15 2438
1545 39 1681 0 142 143 2439
1545 6 1681 0 83 108 2440
1545 13 1678 0 113 48 2441
1545 36 1680 0 58 139 2442
1545 30 1680 0 33 177 2443
1545 4 1681 0 102 30 2444
1545 8 1679 0 125 90 2445
1545 18 1679 0 99 17 2446
1545 16 1680 0 128 55 2447
1558 40 4543 1 175 92 2448
1560 40 1697 0 148 23 2449
1560 21 1697 0 143 170 2450
1560 42 1695 0 2 33 2451
1560 19 1696 0 141 34 2452
1560 27 1695 0 127 43 2453
1560 5 1696 0 138 23 2454
1560 12 1696 0 99 9 2455
1560 18 1695 0 99 17 2456
1560 29 1698 0 96 33 2457
1560 7 1697 0 151 24 2458
1560 4 1696 0 15 186 2459
1560 5 1697 0 124 15 2460
1560 12 1696 0 23 55 2461
1560 34 1695 0 155 122 2462
1560 18 1695 0 140 11 2463
1560 7 1694 0 150 50 2464
1560 12 1696 0 103 107 2465
1560 12 1697 0 162 25 2466
1560 7 1696 0 128 96 2467
1560 10 1696 0 103 16 2468
1560 3 1697 0 110 50 2469
1575 21 1712 0 153 145 2470
1575 6 1711 0 15 186 2471
1575 15 1713 0 143 170 2472
1575 11 1712 0 164 71 2473
1575 23 1711 0 108 65 2474
1575 17 1712 0 99 17 2475
1575 6 1712 0 103 16 2476
1575 23 1711 0 140 11 2477
1575 18 1710 0 99 9 2478
1575 39 1712 0 127 22 2479
1575 20 1711 0 141 34 2480
1575 7 1711 0 173 61 2481
1575 25 1712 0 33 177 2482
1575 12 1711 0 112 57 2483
1579 41 4566 1 16 120 2484
1583 70 4568 1 178 113 2485
1590 18 1723 0 99 17 2486
1590 12 1726 0 23 55 2487
1590 4 1727 0 138 23 2488
1590 11 1725 0 164 71 2489
1590 12 1727 0 24 195 2490
1590 16 1727 0 141 34 2491
1590 35 1727 0 127 43 2492
1590 9 1726 0 16 120 2493
1590 12 1726 0 128 55 2494
1590 3 1727 0 179 177 2495
1590 8 1724 0 7 180 2496
1590 17 1726 0 108 65 2497
1590 28 1725 0 58 139 2498
1590 37 1727 0 33 177 2499
1590 43 1726 0 2 33 2500
1590 20 1724 0 107 31 2501
1590 20 1725 0 113 48 2502
1593 73 4581 1 103 16 2503
1605 11 1740 0 128 96 2504
1605 4 1738 0 124 15 2505
1605 30 1741 0 102 140 2506
1605 28 1742 0 96 33 2507
1605 4 1740 0 110 50 2508
1605 8 1741 0 112 57 2509
1605 7 1740 0 151 24 2510
1605 22 1742 0 108 65 2511
1605 23 1742 0 99 9 2512
1605 15 1741 0 113 48 2513
1605 24 1740 0 161 44 2514
1605 35 1740 0 148 23 2515
1605 12 1741 0 24 195 2516
1605 8 1743 0 50 121 2517
1605 14 1741 0 143 170 2518
1605 15 1742 0 114 44 2519
1605 24 1743 0 46 130 2520
1605 5 1742 0 93 57 2521
1605 12 1741 0 164 71 2522
1605 14 1741 0 141 34 2523
1605 25 1742 0 162 25 2524
1620 42 1755 0 46 189 2525
1620 4 1756 0 102 30 2526
1620 10 1755 0 125 90 2527
1620 18 1757 0 152 41 2528
1620 21 1757 0 139 9 2529
1620 6 1756 0 124 15 2530
1620 10 1754 0 108 36 2531
1620 12 1753 0 63 113 2532
1620 24 1757 0 105 143 2533
1620 4 1759 0 15 186 2534
1620 37 1757 0 148 23 2535
1620 10 1754 0 150 50 2536
1620 12 1756 0 145 55 2537
1620 5 1756 0 38 84 2538
1620 11 1754 0 162 60 2539
1620 35 1757 0 142 143 2540
1620 12 1757 0 151 24 2541
1620 11 1756 0 112 57 2542
1620 38 1755 0 58 139 2543
1620 22 1756 0 107 31 2544
1620 15 1757 0 113 48 2545
1626 48 4613 1 108 36 2546
1635 25 1770 0 186 125 2547
1635 3 1771 0 182 28 2548
1635 34 1770 0 96 33 2549
1635 4 1770 0 67 20 2550
1635 15 1771 0 128 55 2551
1635 36 1772 0 127 43 2552
1635 42 1768 0 127 22 2553
1635 25 1772 0 140 11 2554
1635 10 1771 0 108 36 2555
1635 3 1773 0 138 23 2556
1635 12 1772 0 114 44 2557
1635 11 1772 0 173 61 2558
1635 18 1772 0 147 18 2559
1635 5 1770 0 6 88 2560
1635 12 1770 0 16 120 2561
1635 24 1770 0 86 1 2562
1635 11 1770 0 145 55 2563
1635 11 1771 0 50 121 2564
1635 17 1770 0 113 48 2565
1635 13 1773 0 141 34 2566
1637 104 4623 1 148 23 2567
1648 57 4633 1 58 139 2568
1650 42 1785 0 146 159 2569
1650 21 1787 0 64 182 2570
1650 18 1785 0 152 41 2571
1650 24 1787 0 139 9 2572
1650 12 1784 0 95 1 2573
1650 8 1784 0 23 55 2574
1650 30 1784 0 46 189 2575
1650 37 1786 0 138 26 2576
1650 34 1786 0 66 134 2577
1650 15 1785 0 140 11 2578
1650 11 1788 0 173 61 2579
1650 3 1786 0 110 50 2580
1650 42 1785 0 127 22 2581
1650 22 1787 0 146 119 2582
1650 40 1785 0 155 122 2583
1650 5 1786 0 138 23 2584
1650 6 1787 0 124 15 2585
1650 22 1786 0 113 48 2586
1650 8 1785 0 7 180 2587
1650 5 1784 0 102 30 2588
1650 13 1787 0 99 17 2589
1650 6 1785 0 50 121 2590
1650 13 1787 0 108 65 2591
1650 14 1785 0 24 183 2592
1650 9 1786 0 112 57 2593
1650 9 1785 0 162 60 2594
1650 44 1787 0 22 41 2595
1650 21 1785 0 147 18 2596
1650 29 1788 0 142 143 2597
1656 35 4646 1 182 28 2598
1659 66 4646 1 46 130 2599
1665 10 1801 0 112 57 2600
1665 21 1800 0 140 11 2601
1665 38 1801 0 142 143 2602
1665 15 1800 0 99 9 2603
1665 5 1801 0 124 15 2604
1665 6 1803 0 103 16 2605
1665 22 1803 0 13 75 2606
1665 21 1802 0 141 34 2607
1665 19 1801 0 128 55 2608
1665 4 1802 0 179 177 2609
1665 36 1803 0 127 43 2610
1665 28 1801 0 146 159 2611
1665 3 1800 0 110 50 2612
1665 6 1802 0 138 23 2613
1665 43 1803 0 66 134 2614
1665 7 1801 0 145 55 2615
1665 7 1803 0 91 1 2616
1665 5 1802 0 63 134 2617
1665 11 1801 0 108 36 2618
1665 28 1800 0 96 33 2619
1665 4 1801 0 178 113 2620
1665 19 1802 0 147 18 2621
1665 4 1799 0 102 30 2622
1676 81 4662 1 152 41 2623
1680 14 1816 0 161 44 2624
1680 5 1817 0 6 88 2625
1680 3 1816 0 175 92 2626
1680 20 1816 0 139 9 2627
1680 7 1816 0 50 121 2628
1680 19 1814 0 107 31 2629
1680 29 1818 0 142 143 2630
1680 4 1816 0 138 23 2631
1680 6 1817 0 93 57 2632
1680 12 1817 0 112 57 2633
1680 43 1816 0 127 22 2634
1680 10 1816 0 24 195 2635
1680 30 1815 0 66 134 2636
1680 29 1815 0 148 23 2637
1680 20 1817 0 108 65 2638
1680 13 1818 0 114 44 2639
1688 175 4674 1 23 55 2640
1693 80 4680 1 147 18 2641
1695 11 1829 0 103 16 2642
1695 3 1832 0 6 88 2643
1695 36 1832 0 22 41 2644
1695 6 1832 0 50 121 2645
1695 24 1829 0 114 44 2646
1695 11 1832 0 108 36 2647
1695 34 1831 0 2 33 2648
1695 19 1830 0 140 11 2649
1695 24 1829 0 152 41 2650
1695 9 1831 0 112 57 2651
1695 12 1830 0 153 145 2652
1695 27 1831 0 127 22 2653
1695 8 1832 0 95 77 2654
1695 5 1829 0 124 15 2655
1695 3 1833 0 138 23 2656
1695 6 1830 0 24 195 2657
1695 3 1832 0 38 84 2658
1695 45 1829 0 173 171 2659
1695 16 1831 0 141 34 2660
1710 12 1846 0 161 44 2661
1710 6 1846 0 110 50 2662
1710 14 1848 0 146 119 2663
1710 14 1844 0 46 130 2664
1710 24 1844 0 141 34 2665
1710 6 1846 0 155 52 2666
1710 42 1845 0 96 33 2667
1710 5 1846 0 138 23 2668
1710 6 1845 0 102 30 2669
1710 6 1848 0 93 57 2670
1710 17 1847 0 108 65 2671
1710 39 1848 0 155 122 2672
1710 15 1847 0 107 31 2673
1710 20 1846 0 180 72 2674
1710 26 1845 0 127 43 2675
1710 21 1846 0 152 41 2676
1710 25 1846 0 86 1 2677
1710 35 1844 0 127 22 2678
1710 4 1845 0 15 186 2679
1710 7 1847 0 164 71 2680
1710 10 1845 0 108 36 2681
1710 10 1845 0 7 180 2682
1710 21 1845 0 140 11 2683
1710 39 1846 0 72 131 2684
1710 38 1847 0 148 23 2685
1710 16 1845 0 99 9 2686
1710 20 1846 0 147 18 2687
1725 13 1861 0 113 48 2688
1725 28 1861 0 146 159 2689
1725 44 1863 0 72 131 2690
1725 12 1862 0 140 11 2691
1725 11 1860 0 145 55 2692
1725 24 1860 0 153 145 2693
1725 12 1862 0 114 44 2694
1725 30 1862 0 46 189 2695
1725 17 1860 0 161 44 2696
1725 6 1860 0 93 57 2697
1725 35 1862 0 148 23 2698
1725 25 1861 0 99 9 2699
1725 43 1862 0 127 22 2700
1725 11 1860 0 95 77 2701
1725 40 1861 0 102 140 2702
1725 25 1860 0 147 18 2703
1725 4 1861 0 63 134 2704
1725 43 1861 0 22 41 2705
1725 21 1861 0 99 17 2706
1725 8 1860 0 103 16 2707
1725 18 1862 0 141 34 2708
1725 4 1859 0 15 186 2709
1740 42 1876 0 33 177 2710
1740 11 1876 0 50 121 2711
1740 6 1875 0 124 15 2712
1740 33 1876 0 96 33 2713
1740 5 1876 0 93 57 2714
1740 10 1875 0 108 36 2715
1740 10 1875 0 150 50 2716
1740 12 1875 0 141 34 2717
1740 10 1878 0 95 1 2718
1740 4 1874 0 110 50 2719
1740 28 1876 0 72 131 2720
1740 10 1877 0 164 71 2721
1740 22 1877 0 113 48 2722
1740 23 1876 0 143 170 2723
1740 9 1874 0 145 55 2724
1740 4 1876 0 179 177 2725
1740 12 1878 0 140 11 2726
1740 15 1877 0 99 17 2727
1740 9 1876 0 91 1 2728
1740 26 1875 0 127 43 2729
1740 7 1877 0 95 77 2730
1740 17 1876 0 139 9 2731
1740 20 1875 0 186 125 2732
1755 4 1892 0 102 30 2733
1755 12 1890 0 113 48 2734
1755 8 1889 0 50 121 2735
1755 23 1892 0 141 34 2736
1755 10 1891 0 108 36 2737
1755 15 1890 0 139 9 2738
1755 19 1891 0 99 17 2739
1755 42 1891 0 148 23 2740
1755 12 1891 0 164 71 2741
1755 9 1889 0 91 1 2742
1755 7 1892 0 16 120 2743
1755 9 1890 0 112 57 2744
1755 16 1891 0 180 72 2745
1755 20 1891 0 186 125 2746
1755 45 1890 0 138 26 2747
1755 24 1890 0 107 31 2748
1755 20 1890 0 140 11 2749
1755 43 1893 0 96 33 2750
1755 3 1892 0 6 88 2751
1755 8 1893 0 103 16 2752
1755 39 1890 0 173 171 2753
1755 43 1891 0 22 41 2754
1755 13 1890 0 147 18 2755
1755 5 1890 0 83 108 2756
1755 7 1891 0 150 50 2757
1755 18 1892 0 24 183 2758
1755 4 1891 0 138 23 2759
1755 24 1891 0 99 9 2760
1765 172 4751 1 138 26 2761
1770 28 1906 0 96 33 2762
1770 29 1906 0 148 23 2763
1770 39 1905 0 72 131 2764
1770 5 1908 0 110 50 2765
1770 12 1904 0 141 34 2766
1770 12 1907 0 91 1 2767
1770 10 1906 0 103 16 2768
1770 16 1907 0 114 44 2769
1770 12 1907 0 146 119 2770
1770 3 1905 0 138 23 2771
1770 22 1906 0 46 130 2772
1770 5 1904 0 86 23 2773
1770 17 1907 0 107 31 2774
1770 24 1904 0 139 9 2775
1770 11 1906 0 24 195 2776
1770 6 1907 0 124 15 2777
1770 30 1905 0 102 140 2778
1770 12 1905 0 95 77 2779
1772 47 4760 1 7 180 2780
1778 74 4764 1 15 186 2781
1785 9 1921 0 164 71 2782
1785 24 1921 0 141 34 2783
1785 19 1921 0 13 75 2784
1785 19 1921 0 99 17 2785
1785 6 1921 0 102 30 2786
1785 32 1921 0 138 26 2787
1785 9 1920 0 162 60 2788
1785 18 1920 0 128 55 2789
1785 14 1919 0 107 31 2790
1785 12 1922 0 108 36 2791
1785 10 1920 0 50 121 2792
1785 4 1923 0 175 92 2793
1785 12 1921 0 114 44 2794
1785 7 1919 0 112 57 2795
1785 20 1923 0 139 9 2796
1786 60 4772 1 46 189 2797
1800 7 1937 0 108 36 2798
1800 35 1938 0 138 26 2799
1800 23 1938 0 99 17 2800
1800 24 1938 0 146 119 2801
1800 22 1938 0 107 31 2802
1800 14 1937 0 141 34 2803
1800 9 1937 0 23 55 2804
1800 21 1935 0 152 41 2805
1800 12 1936 0 173 61 2806
1800 13 1934 0 139 9 2807
1800 19 1936 0 64 182 2808
1800 36 1935 0 127 43 2809
1800 44 1937 0 148 23 2810
1800 6 1937 0 6 88 2811
1800 33 1936 0 96 33 2812
1800 12 1936 0 7 180 2813
1800 4 1935 0 102 30 2814
1815 17 1950 0 153 145 2815
1815 16 1949 0 128 55 2816
1815 23 1952 0 99 17 2817
1815 4 1952 0 6 88 2818
1815 7 1951 0 50 121 2819
1815 30 1951 0 142 143 2820
1815 36 1948 0 146 159 2821
1815 3 1951 0 63 134 2822
1815 22 1952 0 146 119 2823
1815 11 1952 0 164 71 2824
1815 22 1952 0 162 25 2825
1815 16 1951 0 186 125 2826
1815 15 1951 0 99 9 2827
1815 5 1951 0 93 57 2828
1815 36 1952 0 72 131 2829
1815 25 1952 0 148 23 2830
1815 12 1952 0 113 48 2831
1815 14 1952 0 147 18 2832
1815 6 1951 0 63 113 2833
1815 41 1951 0 96 33 2834
1815 7 1952 0 24 195 2835
1815 10 1950 0 112 57 2836
1816 66 4801 1 152 41 2837
1822 78 4807 1 140 11 2838
1822 178 4807 1 151 24 2839
1830 25 1967 0 128 55 2840
1830 6 1966 0 95 77 2841
1830 6 1966 0 95 1 2842
1830 17 1968 0 103 107 2843
1830 24 1968 0 86 1 2844
1830 7 1964 0 24 195 2845
1830 43 1966 0 22 41 2846
1830 16 1966 0 153 145 2847
1830 37 1966 0 58 139 2848
1830 5 1968 0 67 20 2849
1830 22 1965 0 152 41 2850
1830 16 1966 0 113 48 2851
1830 43 1967 0 127 22 2852
1830 12 1966 0 112 57 2853
1830 8 1967 0 151 24 2854
1830 8 1964 0 173 61 2855
1830 28 1964 0 148 23 2856
1830 3 1967 0 93 57 2857
1830 21 1967 0 107 31 2858
1830 6 1965 0 128 96 2859
1830 36 1966 0 102 140 2860
1830 33 1967 0 155 122 2861
1830 45 1967 0 127 43 2862
1830 20 1966 0 64 182 2863
1830 14 1966 0 99 17 2864
1830 10 1966 0 164 71 2865
1830 21 1964 0 140 11 2866
1830 20 1965 0 162 25 2867
1840 64 4824 1 83 108 2868
1845 12 1982 0 145 55 2869
1845 6 1981 0 151 24 2870
1845 13 1981 0 64 182 2871
1845 38 1981 0 2 33 2872
1845 10 1980 0 164 71 2873
1845 22 1980 0 153 145 2874
1845 21 1980 0 140 11 2875
1845 20 1979 0 24 183 2876
1845 5 1979 0 110 50 2877
1845 9 1980 0 112 57 2878
1845 24 1981 0 152 41 2879
1845 6 1982 0 124 15 2880
1845 23 1982 0 161 44 2881
1845 6 1981 0 93 57 2882
1845 21 1982 0 99 9 2883
1845 32 1981 0 46 189 2884
1845 8 1982 0 108 36 2885
1845 21 1981 0 46 130 2886
1845 15 1982 0 141 34 2887
1845 41 1982 0 96 33 2888
1860 3 1996 0 138 23 2889
1860 17 1993 0 143 170 2890
1860 9 1996 0 91 1 2891
1860 36 1998 0 58 139 2892
1860 36 1996 0 96 33 2893
1860 20 1996 0 141 34 2894
1860 21 1996 0 108 65 2895
1860 6 1997 0 86 23 2896
1860 23 1995 0 99 17 2897
1860 7 1995 0 112 57 2898
1860 23 1996 0 46 130 2899
1860 27 1997 0 127 22 2900
1860 19 1996 0 114 44 2901
1860 12 1995 0 140 11 2902
1860 13 1996 0 113 48 2903
1860 14 1997 0 139 9 2904
1860 17 1997 0 128 55 2905
1860 5 1997 0 175 92 2906
1860 22 1995 0 147 18 2907
1860 25 1998 0 127 43 2908
1862 73 4851 1 112 57 2909
1875 6 2009 0 7 180 2910
1875 6 2013 0 102 30 2911
1875 23 2011 0 107 31 2912
1875 18 2010 0 86 1 2913
1875 13 2010 0 46 130 2914
1875 14 2013 0 103 107 2915
1875 30 2010 0 58 139 2916
1875 43 2012 0 22 41 2917
1875 29 2012 0 72 131 2918
1875 11 2012 0 95 1 2919
1875 35 2010 0 127 43 2920
1875 4 2012 0 182 28 2921
1875 20 2011 0 64 182 2922
1875 24 2012 0 139 9 2923
1875 9 2009 0 103 16 2924
1875 22 2012 0 143 170 2925
1875 23 2011 0 147 18 2926
1875 30 2012 0 138 26 2927
1875 20 2012 0 162 25 2928
1882 62 4868 1 125 90 2929
1890 27 2026 0 138 26 2930
1890 7 2025 0 164 71 2931
1890 22 2026 0 139 9 2932
1890 8 2028 0 24 195 2933
1890 19 2027 0 141 34 2934
1890 8 2026 0 112 57 2935
1890 39 2027 0 46 189 2936
1890 25 2026 0 99 17 2937
1890 4 2025 0 124 15 2938
1890 16 2026 0 153 145 2939
1890 15 2026 0 161 44 2940
1890 5 2027 0 86 23 2941
1890 20 2025 0 113 48 2942
1890 15 2028 0 114 44 2943
1890 4 2025 0 63 134 2944
1890 15 2026 0 64 182 2945
1890 9 2026 0 63 113 2946
1890 3 2026 0 38 84 2947
1890 3 2027 0 110 50 2948
1890 32 2027 0 72 131 2949
1890 11 2027 0 95 77 2950
1890 20 2024 0 180 72 2951
1890 11 2026 0 108 36 2952
1890 35 2027 0 127 43 2953
1890 3 2027 0 179 177 2954
1894 78 4882 1 161 44 2955
1905 13 2040 0 113 48 2956
1905 27 2040 0 72 131 2957
1905 20 2037 0 143 170 2958
1905 12 2040 0 173 61 2959
1905 12 2041 0 64 182 2960
1905 26 2041 0 46 189 2961
1905 30 2040 0 58 139 2962
1905 5 2042 0 110 50 2963
1905 34 2039 0 66 134 2964
1905 18 2041 0 24 183 2965
1905 17 2042 0 107 31 2966
1905 3 2041 0 138 23 2967
1905 7 2041 0 24 195 2968
1905 9 2041 0 95 77 2969
1905 43 2042 0 96 33 2970
1905 11 2042 0 164 71 2971
1905 38 2040 0 146 159 2972
1905 17 2041 0 186 125 2973
1905 44 2042 0 148 23 2974
1905 9 2043 0 108 36 2975
1905 15 2040 0 105 143 2976
1905 40 2040 0 33 177 2977
1905 16 2042 0 99 9 2978
1916 72 4901 1 13 75 2979
1920 5 2056 0 83 108 2980
1920 29 2056 0 66 134 2981
1920 17 2055 0 24 183 2982
1920 17 2057 0 107 31 2983
1920 6 2056 0 138 23 2984
1920 6 2055 0 15 186 2985
1920 12 2056 0 91 1 2986
1920 12 2055 0 151 24 2987
1920 36 2059 0 22 41 2988
1920 13 2056 0 99 17 2989
1920 19 2055 0 141 34 2990
1920 45 2057 0 58 139 2991
1920 12 2057 0 23 55 2992
1920 39 2058 0 142 143 2993
1920 5 2053 0 67 20 2994
1920 12 2056 0 139 9 2995
1920 14 2055 0 143 170 2996
1920 19 2057 0 162 25 2997
1920 44 2057 0 127 22 2998
1920 6 2057 0 108 36 2999
1920 18 2058 0 64 182 3000
1920 37 2056 0 2 33 3001
1920 23 2057 0 128 55 3002
1920 19 2057 0 113 48 3003
1920 32 2058 0 148 23 3004
1920 44 2056 0 72 131 3005
1920 6 2058 0 112 57 3006
1923 31 4907 1 63 134 3007
1935 42 2070 0 148 23 3008
1935 39 2071 0 127 22 3009
1935 11 2071 0 108 36 3010
1935 23 2069 0 64 182 3011
1935 11 2070 0 63 113 3012
1935 36 2070 0 138 26 3013
1935 20 2070 0 139 9 3014
1935 6 2073 0 182 28 3015
1935 23 2068 0 143 170 3016
1935 43 2071 0 127 43 3017
1935 18 2072 0 107 31 3018
1935 10 2070 0 125 90 3019
1935 6 2071 0 103 16 3020
1935 33 2070 0 66 134 3021
1935 26 2068 0 96 33 3022
1935 21 2071 0 99 9 3023
1935 5 2070 0 138 23 3024
1935 29 2070 0 146 159 3025
1935 12 2070 0 153 145 3026
1935 14 2070 0 46 130 3027
1936 32 4923 1 155 52 3028
1948 159 4936 1 112 57 3029
1950 10 2086 0 112 57 3030
1950 12 2088 0 164 71 3031
1950 15 2086 0 139 9 3032
1950 6 2086 0 150 50 3033
1950 33 2088 0 72 131 3034
1950 7 2086 0 23 55 3035
1950 31 2085 0 148 23 3036
1950 8 2087 0 50 121 3037
1950 5 2085 0 175 92 3038
1950 37 2087 0 127 43 3039
1950 6 2086 0 162 60 3040
1950 11 2086 0 16 120 3041
1950 3 2086 0 15 186 3042
1950 3 2086 0 38 84 3043
1950 7 2085 0 103 16 3044
1950 3 2085 0 138 23 3045
1950 22 2086 0 107 31 3046
1950 22 2086 0 147 18 3047
1950 12 2087 0 141 34 3048
1950 3 2088 0 83 108 3049
1950 23 2086 0 140 11 3050
1950 5 2084 0 182 28 3051
1950 26 2086 0 138 26 3052
1950 29 2089 0 146 159 3053
1950 30 2085 0 127 22 3054
1950 6 2085 0 125 90 3055
1950 3 2086 0 124 15 3056
1950 15 2088 0 143 170 3057
1950 3 2086 0 102 30 3058
1950 5 2086 0 86 23 3059
1950 41 2088 0 46 189 3060
1964 39 4951 1 102 140 3061
1965 6 2102 0 138 23 3062
1965 17 2102 0 140 11 3063
1965 8 2100 0 7 180 3064
1965 3 2100 0 110 50 3065
1965 6 2101 0 6 88 3066
1965 33 2099 0 22 41 3067
1965 6 2102 0 124 15 3068
1965 3 2101 0 182 28 3069
1965 12 2100 0 128 55 3070
1965 10 2099 0 125 90 3071
1965 24 2101 0 153 145 3072
1965 35 2102 0 46 189 3073
1965 5 2101 0 93 57 3074
1965 11 2102 0 128 96 3075
1965 15 2098 0 113 48 3076
1965 3 2100 0 63 134 3077
1965 18 2102 0 99 9 3078
1965 3 2100 0 102 30 3079
1965 12 2102 0 145 55 3080
1965 19 2103 0 143 170 3081
1965 8 2101 0 24 195 3082
1965 10 2100 0 112 57 3083
1965 27 2101 0 142 143 3084
1965 19 2102 0 99 17 3085
1965 29 2100 0 148 23 3086
1965 13 2102 0 114 44 3087
1965 14 2103 0 64 182 3088
1965 11 2102 0 50 121 3089
1965 12 2098 0 23 55 3090
1971 73 4956 1 151 24 3091
1979 167 4967 1 99 17 3092
1980 17 2116 0 153 145 3093
1980 3 2116 0 38 84 3094
1980 44 2117 0 138 26 3095
1980 29 2117 0 148 23 3096
1980 5 2115 0 138 23 3097
1980 5 2115 0 175 92 3098
1980 10 2116 0 23 55 3099
1980 10 2116 0 112 57 3100
1980 18 2117 0 107 31 3101
1980 9 2117 0 128 96 3102
1980 7 2117 0 103 16 3103
1980 25 2118 0 96 33 3104
1980 31 2116 0 127 22 3105
1980 22 2116 0 143 170 3106
1980 25 2116 0 128 55 3107
1980 18 2117 0 139 9 3108
1980 19 2115 0 141 34 3109
1980 6 2115 0 179 177 3110
1980 15 2115 0 147 18 3111
1980 30 2114 0 22 41 3112
1980 9 2115 0 108 36 3113
1985 69 4972 1 6 88 3114
1989 147 4976 1 107 31 3115
1990 74 4975 1 99 9 3116
1995 5 2130 0 83 108 3117
1995 5 2132 0 86 23 3118
1995 4 2130 0 110 50 3119
1995 24 2133 0 107 31 3120
1995 3 2134 0 178 113 3121
1995 5 2130 0 102 30 3122
1995 6 2131 0 124 15 3123
1995 14 2135 0 105 143 3124
1995 8 2129 0 112 57 3125
1995 12 2132 0 99 17 3126
1995 13 2130 0 114 44 3127
1995 9 2130 0 91 1 3128
1995 5 2128 0 15 186 3129
1995 36 2132 0 96 33 3130
1995 7 2131 0 128 96 3131
1995 40 2128 0 173 171 3132
1995 45 4979 1 153 145 3133
1995 25 2132 0 141 34 3134
2006 63 4994 1 67 20 3135
2010 9 2144 0 112 57 3136
2010 10 2148 0 103 16 3137
2010 17 2148 0 113 48 3138
2010 3 2146 0 38 84 3139
2010 6 2145 0 102 30 3140
2010 7 2148 0 145 55 3141
2010 4 2148 0 110 50 3142
2010 10 2146 0 23 55 3143
2010 23 2146 0 13 75 3144
2010 34 2147 0 173 171 3145
2010 39 2147 0 127 43 3146
2010 5 2146 0 6 88 3147
2010 6 2144 0 83 108 3148
2010 38 2147 0 142 143 3149
2010 9 2146 0 125 90 3150
2010 3 2144 0 93 57 3151
2010 36 2146 0 96 33 3152
2010 24 2147 0 46 130 3153
2010 10 2145 0 95 77 3154
2010 21 2145 0 99 9 3155
2010 25 2146 0 152 41 3156
2010 4 2148 0 138 23 3157
2010 15 2148 0 24 183 3158
2025 21 2160 0 146 119 3159
2025 17 2160 0 46 130 3160
2025 10 2160 0 23 55 3161
2025 25 2162 0 141 34 3162
2025 4 2164 0 124 15 3163
2025 5 2162 0 38 84 3164
2025 16 2162 0 143 170 3165
2025 25 2162 0 114 44 3166
2025 12 2161 0 125 90 3167
2025 20 2161 0 99 17 3168
2025 3 2160 0 138 23 3169
2025 14 2162 0 99 9 3170
2025 7 2162 0 162 60 3171
2025 42 2162 0 46 189 3172
2025 4 2161 0 179 177 3173
2025 15 2162 0 128 55 3174
2025 40 2161 0 142 143 3175
2025 4 2160 0 15 186 3176
2025 27 2161 0 96 33 3177
2033 90 5018 1 103 107 3178
2040 15 2176 0 113 48 3179
2040 4 2179 0 179 177 3180
2040 24 2176 0 180 72 3181
2040 25 2177 0 143 170 3182
2040 21 2176 0 13 75 3183
2040 11 2177 0 103 16 3184
2040 29 2176 0 142 143 3185
2040 3 2176 0 38 84 3186
2040 4 2176 0 138 23 3187
2040 12 2176 0 112 57 3188
2040 35 2176 0 96 33 3189
2040 5 2176 0 110 50 3190
2040 25 2176 0 127 43 3191
2040 4 2176 0 63 134 3192
2040 11 2175 0 50 121 3193
2040 3 2177 0 102 30 3194
2040 13 2176 0 128 55 3195
2040 28 2176 0 72 131 3196
2040 22 2176 0 86 1 3197
2040 33 2178 0 2 33 3198
2040 19 2175 0 161 44 3199
2040 5 2177 0 86 23 3200
2040 44 2177 0 102 140 3201
2040 11 2175 0 63 113 3202
2040 20 2177 0 140 11 3203
2040 16 2176 0 147 18 3204
2040 28 2175 0 138 26 3205
2040 38 2175 0 146 159 3206
2040 12 2176 0 16 120 3207
2040 11 2176 0 150 50 3208
2051 40 5038 1 86 1 3209
2055 3 2191 0 83 108 3210
2055 22 2192 0 107 31 3211
2055 3 2192 0 93 57 3212
2055 23 2190 0 128 55 3213
2055 6 2193 0 102 30 3214
2055 27 2192 0 66 134 3215
2055 13 2188 0 64 182 3216
2055 12 2191 0 140 11 3217
2055 39 2192 0 127 43 3218
2055 26 2190 0 96 33 3219
2055 3 2192 0 178 113 3220
2055 6 2192 0 124 15 3221
2055 31 2192 0 46 189 3222
2055 32 2191 0 138 26 3223
2055 13 2191 0 141 34 3224
2055 24 2193 0 99 17 3225
2055 4 2191 0 110 50 3226
2055 3 2190 0 138 23 3227
2055 31 2191 0 127 22 3228
2055 12 2191 0 24 183 3229
2055 20 2191 0 162 25 3230
2055 3 2192 0 182 28 3231
2064 45 5052 1 108 65 3232
2070 3 2204 0 175 92 3233
2070 24 2206 0 114 44 3234
2070 40 2207 0 138 26 3235
2070 24 2205 0 99 17 3236
2070 3 2205 0 93 57 3237
2070 37 2206 0 96 33 3238
2070 12 2206 0 173 61 3239
2070 9 2209 0 23 55 3240
2070 21 2206 0 140 11 3241
2070 13 2208 0 108 65 3242
2070 45 2204 0 146 159 3243
2070 12 2206 0 150 50 3244
2070 17 2207 0 139 9 3245
2070 13 2205 0 105 143 3246
2070 8 2206 0 63 113 3247
2070 20 2205 0 186 125 3248
2070 7 2206 0 108 36 3249
2070 25 2207 0 162 25 3250
2070 34 2207 0 148 23 3251
2070 4 2206 0 179 177 3252
2070 4 2208 0 15 186 3253
2070 10 2207 0 151 24 3254
2070 5 2206 0 63 134 3255
2070 3 2205 0 124 15 3256
2085 15 2220 0 107 31 3257
2085 5 2219 0 175 92 3258
2085 25 2219 0 96 33 3259
2085 20 2223 0 113 48 3260
2085 12 2224 0 46 130 3261
2085 11 2221 0 91 1 3262
2085 41 2222 0 58 139 3263
2085 11 2223 0 164 71 3264
2085 20 2219 0 114 44 3265
2085 8 2221 0 23 55 3266
2085 11 2222 0 162 60 3267
2085 45 2219 0 46 189 3268
2085 10 2221 0 125 90 3269
2085 12 2222 0 24 195 3270
2085 5 2221 0 110 50 3271
2085 25 2222 0 153 145 3272
2085 27 2219 0 102 140 3273
2085 42 2222 0 142 143 3274
2085 6 2222 0 138 23 3275
2085 12 2220 0 95 77 3276
2085 29 2219 0 127 43 3277
2085 5 2223 0 182 28 3278
2085 11 2221 0 108 36 3279
2085 5 2220 0 93 57 3280
2085 12 2221 0 128 96 3281
2085 29 2222 0 148 23 3282
2085 5 2221 0 86 23 3283
2100 13 2237 0 152 41 3284
2100 5 2235 0 110 50 3285
2100 36 2235 0 127 22 3286
2100 4 2236 0 83 108 3287
2100 39 2238 0 66 134 3288
2100 21 2237 0 113 48 3289
2100 14 2239 0 105 143 3290
2100 33 2238 0 96 33 3291
2100 18 2238 0 140 11 3292
2100 37 2236 0 2 33 3293
2100 21 2236 0 86 1 3294
2100 22 2238 0 114 44 3295
2100 36 2238 0 127 43 3296
2100 4 2235 0 178 113 3297
2100 4 2237 0 175 92 3298
2100 12 2238 0 112 57 3299
2100 5 2237 0 124 15 3300
2100 10 2237 0 16 120 3301
2100 40 2237 0 46 189 3302
2100 12 2236 0 108 65 3303
2100 5 2235 0 138 23 3304
2100 9 2235 0 151 24 3305
2100 42 2235 0 146 159 3306
2100 41 2235 0 148 23 3307
2100 12 2236 0 141 34 3308
2100 23 2235 0 99 9 3309
2115 14 2251 0 86 1 3310
2115 20 2249 0 99 17 3311
2115 8 2250 0 164 71 3312
2115 25 2254 0 148 23 3313
2115 32 2251 0 127 43 3314
2115 6 2250 0 6 88 3315
2115 20 2251 0 139 9 3316
2115 8 2251 0 108 36 3317
2115 10 2250 0 103 16 3318
2115 16 2251 0 128 55 3319
2115 33 2249 0 72 131 3320
2115 23 2248 0 99 9 3321
2115 16 2251 0 24 183 3322
2115 42 2252 0 142 143 3323
2115 3 2249 0 110 50 3324
2115 17 2252 0 141 34 3325
2115 19 2251 0 113 48 3326
2115 9 2253 0 151 24 3327
2115 38 2251 0 127 22 3328
2115 25 2250 0 143 170 3329
2115 5 2251 0 83 108 3330
2115 29 2250 0 33 177 3331
2130 6 2265 0 125 90 3332
2130 24 2266 0 140 11 3333
2130 4 2267 0 138 23 3334
2130 9 2266 0 7 180 3335
2130 6 2268 0 124 15 3336
2130 10 2267 0 151 24 3337
2130 19 2269 0 114 44 3338
2130 4 2266 0 67 20 3339
2130 6 2267 0 110 50 3340
2130 25 2265 0 152 41 3341
2130 9 2264 0 108 36 3342
2130 19 2268 0 153 145 3343
2130 26 2267 0 66 134 3344
2130 25 2267 0 113 48 3345
2130 15 2266 0 143 170 3346
2130 12 2265 0 128 55 3347
2130 20 2266 0 108 65 3348
2130 7 2267 0 24 195 3349
2130 25 2266 0 147 18 3350
2130 27 2266 0 148 23 3351
2130 12 2267 0 112 57 3352
2145 14 2279 0 46 130 3353
2145 8 2281 0 95 1 3354
2145 6 2282 0 151 24 3355
2145 12 2281 0 108 65 3356
2145 27 2281 0 2 33 3357
2145 6 2283 0 15 186 3358
2145 20 2281 0 99 9 3359
2145 23 2281 0 24 183 3360
2145 32 2282 0 66 134 3361
2145 21 2282 0 114 44 3362
2145 6 2282 0 164 71 3363
2145 24 2279 0 140 11 3364
2145 28 2282 0 138 26 3365
2145 38 2280 0 173 171 3366
2145 6 2282 0 83 108 3367
2145 3 2280 0 110 50 3368
2145 26 2281 0 96 33 3369
2145 4 2281 0 63 134 3370
2145 20 2281 0 64 182 3371
2145 18 2281 0 128 55 3372
2145 33 2281 0 127 43 3373
2145 4 2282 0 138 23 3374
2145 9 2285 0 112 57 3375
2145 24 2279 0 113 48 3376
2145 8 2282 0 145 55 3377
2152 126 5135 1 155 52 3378
2160 16 2295 0 99 17 3379
2160 10 2298 0 128 96 3380
2160 36 2298 0 127 22 3381
2160 5 2294 0 110 50 3382
2160 11 2296 0 63 113 3383
2160 25 2294 0 99 9 3384
2160 19 2296 0 186 125 3385
2160 3 2296 0 124 15 3386
2160 39 2296 0 96 33 3387
2160 11 2294 0 164 71 3388
2160 19 2294 0 128 55 3389
2160 11 2296 0 125 90 3390
2160 18 2297 0 140 11 3391
2160 7 2295 0 103 16 3392
2160 12 2295 0 150 50 3393
2160 5 2296 0 86 23 3394
2160 3 2298 0 67 20 3395
2160 21 2296 0 146 119 3396
2160 44 2293 0 127 43 3397
2160 43 2294 0 72 131 3398
2160 19 2294 0 24 183 3399
2160 25 2297 0 46 130 3400
2160 21 2296 0 141 34 3401
2175 17 2311 0 46 130 3402
2175 37 2312 0 96 33 3403
2175 12 2312 0 125 90 3404
2175 4 2311 0 124 15 3405
2175 25 2311 0 128 55 3406
2175 17 2311 0 140 11 3407
2175 5 2312 0 38 84 3408
2175 11 2312 0 95 1 3409
2175 30 2312 0 148 23 3410
2175 6 2311 0 91 1 3411
2175 4 2310 0 182 28 3412
2175 9 2310 0 63 113 3413
2175 15 2311 0 147 18 3414
2175 7 2309 0 112 57 3415
2175 6 2312 0 110 50 3416
2175 37 2309 0 127 22 3417
2189 56 5176 1 64 182 3418
2190 5 2325 0 102 30 3419
2190 45 2326 0 102 140 3420
2190 10 2326 0 112 57 3421
2190 23 2325 0 114 44 3422
2190 21 2325 0 107 31 3423
2190 25 2325 0 46 189 3424
2190 29 2324 0 138 26 3425
2190 7 2327 0 173 61 3426
2190 11 2328 0 91 1 3427
2190 23 2324 0 147 18 3428
2190 13 2325 0 46 130 3429
2190 6 2327 0 83 108 3430
2190 6 2324 0 6 88 3431
2190 3 2324 0 110 50 3432
2190 6 2327 0 138 23 3433
2190 25 2324 0 141 34 3434
2190 32 2328 0 148 23 3435
2190 3 2325 0 38 84 3436
2190 5 2328 0 178 113 3437
2190 6 2327 0 67 20 3438
2190 3 2324 0 124 15 3439
2205 39 2342 0 127 22 3440
2205 3 2342 0 124 15 3441
2205 14 2340 0 146 119 3442
2205 19 2341 0 107 31 3443
2205 28 2341 0 96 33 3444
2205 17 2343 0 99 9 3445
2205 22 2339 0 180 72 3446
2205 20 2340 0 141 34 3447
2205 21 2341 0 152 41 3448
2205 10 2342 0 95 77 3449
2205 16 2342 0 139 9 3450
2205 24 2341 0 147 18 3451
2205 18 2341 0 114 44 3452
2205 16 2339 0 108 65 3453
2205 4 2341 0 86 23 3454
2205 12 2342 0 162 60 3455
2205 9 2342 0 103 16 3456
2205 43 2342 0 66 134 3457
2205 25 2342 0 128 55 3458
2205 10 2342 0 112 57 3459
2220 45 2357 0 96 33 3460
2220 4 2357 0 138 23 3461
2220 35 2354 0 2 33 3462
2220 35 2357 0 138 26 3463
2220 4 2356 0 86 23 3464
2220 9 2356 0 128 96 3465
2220 20 2354 0 153 145 3466
2220 43 2355 0 173 171 3467
2220 25 2356 0 128 55 3468
2220 17 2356 0 140 11 3469
2220 15 2356 0 141 34 3470
2220 6 2357 0 15 186 3471
2220 41 2356 0 127 22 3472
2220 21 2355 0 146 119 3473
2220 9 2355 0 108 36 3474
2220 31 2355 0 22 41 3475
2220 10 2357 0 150 50 3476
2220 8 2355 0 112 57 3477
2220 3 2357 0 102 30 3478
2220 3 2355 0 110 50 3479
2220 44 2355 0 155 122 3480
2220 42 2354 0 142 143 3481
2220 22 2354 0 46 130 3482
2235 30 2370 0 155 122 3483
2235 21 2369 0 147 18 3484
2235 4 2373 0 124 15 3485
2235 6 2371 0 151 24 3486
2235 4 2371 0 6 88 3487
2235 30 2372 0 46 189 3488
2235 44 2372 0 102 140 3489
2235 8 2372 0 112 57 3490
2235 14 2370 0 114 44 3491
2235 40 2369 0 96 33 3492
2235 6 2373 0 110 50 3493
2235 40 2370 0 173 171 3494
2235 34 2373 0 22 41 3495
2235 17 2370 0 180 72 3496
2235 21 2370 0 143 170 3497
2235 17 2371 0 128 55 3498
2235 5 2370 0 138 23 3499
2235 20 2372 0 141 34 3500
2244 72 5230 1 142 143 3501
2248 141 5234 1 139 9 3502
2250 4 2388 0 124 15 3503
2250 6 2384 0 102 30 3504
2250 30 2387 0 22 41 3505
2250 12 2385 0 173 61 3506
2250 25 2385 0 141 34 3507
2250 19 2385 0 147 18 3508
2250 17 2387 0 113 48 3509
2250 21 2386 0 140 11 3510
2250 39 2388 0 142 143 3511
2250 43 2387 0 96 33 3512
2250 6 2386 0 23 55 3513
2250 17 2387 0 99 17 3514
2250 4 2386 0 110 50 3515
2250 11 2384 0 125 90 3516
2250 24 2385 0 105 143 3517
2250 10 2384 0 50 121 3518
2250 37 2384 0 127 22 3519
2250 34 2387 0 138 26 3520
2250 7 2386 0 145 55 3521
2250 36 2385 0 148 23 3522
2250 33 2386 0 102 140 3523
2250 4 2387 0 63 134 3524
2250 14 2386 0 103 107 3525
2250 35 2386 0 58 139 3526
2250 18 2387 0 107 31 3527
2259 189 5245 1 33 177 3528
2265 10 2401 0 125 90 3529
2265 22 2403 0 64 182 3530
2265 12 2401 0 161 44 3531
2265 43 2403 0 96 33 3532
2265 43 2402 0 72 131 3533
2265 34 2402 0 127 43 3534
2265 14 2399 0 141 34 3535
2265 25 2399 0 99 9 3536
2265 23 2402 0 180 72 3537
2265 38 2399 0 173 171 3538
2265 24 2402 0 128 55 3539
2265 27 2400 0 138 26 3540
2265 24 2399 0 107 31 3541
2265 5 2399 0 63 134 3542
2265 6 2401 0 6 88 3543
2265 22 2403 0 113 48 3544
2265 8 2404 0 173 61 3545
2265 25 2401 0 155 122 3546
2265 3 2401 0 102 30 3547
2265 5 2404 0 124 15 3548
2265 17 2400 0 99 17 3549
2265 4 2402 0 67 20 3550
2280 28 2416 0 22 41 3551
2280 31 2415 0 96 33 3552
2280 12 2414 0 128 55 3553
2280 13 2416 0 114 44 3554
2280 43 2416 0 127 43 3555
2280 4 2419 0 38 84 3556
2280 26 2416 0 146 159 3557
2280 10 2417 0 50 121 3558
2280 16 2416 0 105 143 3559
2280 8 2416 0 16 120 3560
2280 6 2417 0 151 24 3561
2280 14 2415 0 13 75 3562
2280 4 2415 0 178 113 3563
2280 8 2416 0 103 16 3564
2280 11 2414 0 145 55 3565
2280 12 2417 0 107 31 3566
2280 14 2415 0 99 9 3567
2280 6 2417 0 102 30 3568
2280 37 2415 0 173 171 3569
2280 43 2416 0 66 134 3570
2280 5 2416 0 93 57 3571
2280 8 2418 0 173 61 3572
2280 20 2416 0 140 11 3573
2280 39 2417 0 2 33 3574
2282 55 5267 1 91 1 3575
2295 6 2430 0 16 120 3576
2295 4 2430 0 83 108 3577
2295 16 2431 0 153 145 3578
2295 5 2432 0 86 23 3579
2295 16 2430 0 105 143 3580
2295 14 2430 0 99 17 3581
2295 4 2431 0 124 15 3582
2295 5 2432 0 67 20 3583
2295 24 2433 0 103 107 3584
2295 3 2432 0 93 57 3585
2295 14 2431 0 128 55 3586
2295 12 2432 0 7 180 3587
2295 21 2430 0 186 125 3588
2295 10 2433 0 108 36 3589
2295 21 2432 0 114 44 3590
2295 12 2432 0 108 65 3591
2295 19 2431 0 147 18 3592
2295 5 2432 0 178 113 3593
2295 32 2431 0 46 189 3594
2295 6 2432 0 15 186 3595
2295 36 2434 0 148 23 3596
2295 6 2431 0 110 50 3597
2295 25 2433 0 141 34 3598
2295 18 2433 0 86 1 3599
2295 8 2432 0 125 90 3600
2295 7 2430 0 173 61 3601
2295 34 2431 0 127 43 3602
2295 4 2428 0 102 30 3603
2298 126 5285 1 186 125 3604
2310 6 2445 0 63 134 3605
2310 19 2444 0 146 119 3606
2310 31 2447 0 127 22 3607
2310 8 2446 0 145 55 3608
2310 26 2447 0 173 171 3609
2310 6 2445 0 6 88 3610
2310 31 2448 0 66 134 3611
2310 7 2446 0 112 57 3612
2310 36 2445 0 58 139 3613
2310 17 2445 0 139 9 3614
2310 40 2447 0 96 33 3615
2310 6 2448 0 110 50 3616
2310 20 2446 0 99 9 3617
2310 16 2447 0 140 11 3618
2310 6 2447 0 103 16 3619
2310 32 2447 0 138 26 3620
2310 18 2445 0 86 1 3621
2310 7 2447 0 95 1 3622
2310 6 2445 0 93 57 3623
2310 20 2447 0 141 34 3624
2310 45 2445 0 22 41 3625
2310 12 2447 0 153 145 3626
2310 6 2449 0 23 55 3627
2310 26 2447 0 2 33 3628
2323 30 5309 1 180 72 3629
2325 28 2461 0 102 140 3630
2325 23 2461 0 99 17 3631
2325 15 2460 0 152 41 3632
2325 31 2464 0 96 33 3633
2325 35 2462 0 127 43 3634
2325 6 2461 0 112 57 3635
2325 42 2459 0 33 177 3636
2325 5 2460 0 155 52 3637
2325 13 2461 0 13 75 3638
2325 15 2462 0 153 145 3639
2325 18 2461 0 105 143 3640
2325 18 2459 0 140 11 3641
2325 12 2464 0 125 90 3642
2325 8 2463 0 108 36 3643
2325 36 2462 0 146 159 3644
2325 19 2459 0 114 44 3645
2325 25 2460 0 161 44 3646
2325 37 2461 0 148 23 3647
2325 23 2461 0 64 182 3648
2325 15 2463 0 147 18 3649
2325 6 2461 0 86 23 3650
2325 5 2462 0 124 15 3651
2333 59 5319 1 143 170 3652
2340 12 2477 0 114 44 3653
2340 5 2477 0 110 50 3654
2340 21 2475 0 107 31 3655
2340 45 2477 0 148 23 3656
2340 12 2476 0 108 36 3657
2340 41 2475 0 138 26 3658
2340 5 2476 0 63 134 3659
2340 12 2478 0 99 17 3660
2340 36 2477 0 127 22 3661
2340 5 2475 0 6 88 3662
2340 19 2479 0 141 34 3663
2340 5 2477 0 83 108 3664
2340 18 2474 0 146 119 3665
2340 6 2479 0 138 23 3666
2340 12 2476 0 63 113 3667
2340 39 2476 0 127 43 3668
2340 8 2476 0 162 60 3669
2340 28 2477 0 142 143 3670
2340 3 2475 0 175 92 3671
2340 12 2473 0 162 25 3672
2340 18 2473 0 152 41 3673
2340 12 2474 0 112 57 3674
2340 5 2477 0 67 20 3675
2350 39 5335 1 186 125 3676
2355 14 2490 0 141 34 3677
2355 12 2490 0 113 48 3678
2355 11 2491 0 50 121 3679
2355 9 2493 0 24 195 3680
2355 41 2489 0 127 22 3681
2355 6 2490 0 6 88 3682
2355 8 2490 0 95 1 3683
2355 24 2491 0 108 65 3684
2355 24 2490 0 147 18 3685
2355 7 2490 0 150 50 3686
2355 37 2490 0 138 26 3687
2355 6 2490 0 83 108 3688
2355 10 2491 0 103 16 3689
2355 18 2490 0 107 31 3690
2355 4 2492 0 15 186 3691
2355 7 2492 0 164 71 3692
2355 12 2490 0 139 9 3693
2355 8 2493 0 91 1 3694
2355 4 2493 0 124 15 3695
2355 31 2489 0 127 43 3696
2355 44 2492 0 96 33 3697
2355 18 2492 0 152 41 3698
2355 21 2490 0 99 9 3699
2355 12 2492 0 112 57 3700
2355 4 2490 0 110 50 3701
2355 24 2493 0 64 182 3702
2358 102 5346 1 150 50 3703
2359 51 5344 1 66 134 3704
2370 42 2506 0 22 41 3705
2370 16 2506 0 99 9 3706
2370 10 2505 0 150 50 3707
2370 7 2507 0 145 55 3708
2370 16 2505 0 128 55 3709
2370 4 2506 0 93 57 3710
2370 4 2506 0 182 28 3711
2370 3 2505 0 15 186 3712
2370 9 2507 0 24 195 3713
2370 18 2505 0 139 9 3714
2370 5 2506 0 138 23 3715
2370 9 2503 0 91 1 3716
2370 11 2507 0 108 36 3717
2370 5 2508 0 86 23 3718
2370 44 2507 0 146 159 3719
2370 4 2502 0 6 88 3720
2370 9 2504 0 95 77 3721
2370 34 2506 0 127 22 3722
2370 3 2508 0 178 113 3723
2370 17 2506 0 147 18 3724
2370 7 2509 0 7 180 3725
2370 29 2505 0 148 23 3726
2385 14 2520 0 13 75 3727
2385 24 2521 0 147 18 3728
2385 3 2519 0 138 23 3729
2385 10 2523 0 50 121 3730
2385 22 2521 0 139 9 3731
2385 4 2522 0 83 108 3732
2385 14 2524 0 107 31 3733
2385 4 2521 0 182 28 3734
2385 6 2521 0 102 30 3735
2385 6 2521 0 23 55 3736
2385 23 2522 0 128 55 3737
2385 9 2522 0 16 120 3738
2385 6 2522 0 178 113 3739
2385 12 2520 0 143 170 3740
2385 39 2523 0 138 26 3741
2385 20 2519 0 140 11 3742
2385 20 2521 0 114 44 3743
2385 5 2520 0 110 50 3744
2385 24 2519 0 162 25 3745
2385 5 2520 0 155 52 3746
2385 12 2520 0 95 77 3747
2385 15 2522 0 146 119 3748
2385 25 2519 0 86 1 3749
2385 28 2521 0 102 140 3750
2385 5 2522 0 124 15 3751
2389 98 5376 1 46 130 3752
2400 23 2536 0 162 25 3753
2400 3 2536 0 110 50 3754
2400 9 2535 0 16 120 3755
2400 23 2538 0 107 31 3756
2400 33 2536 0 148 23 3757
2400 15 2537 0 143 170 3758
2400 19 2535 0 113 48 3759
2400 6 2538 0 124 15 3760
2400 3 2537 0 102 30 3761
2400 14 2535 0 141 34 3762
2400 8 2535 0 150 50 3763
2400 24 2536 0 161 44 3764
2400 29 2536 0 2 33 3765
2400 39 2537 0 22 41 3766
2400 6 2534 0 164 71 3767
2400 5 2538 0 6 88 3768
2400 22 2537 0 114 44 3769
2400 21 2536 0 147 18 3770
2400 12 2534 0 186 125 3771
2400 4 2538 0 138 23 3772
2415 15 2553 0 141 34 3773
2415 11 2552 0 63 113 3774
2415 15 2552 0 114 44 3775
2415 25 2552 0 155 122 3776
2415 13 2552 0 147 18 3777
2415 6 2552 0 102 30 3778
2415 25 2550 0 96 33 3779
2415 12 2549 0 24 195 3780
2415 6 2549 0 179 177 3781
2415 9 2551 0 112 57 3782
2415 25 2548 0 64 182 3783
2415 15 2551 0 108 65 3784
2415 14 2549 0 161 44 3785
2415 31 2553 0 2 33 3786
2415 3 2550 0 124 15 3787
2415 9 2550 0 91 1 3788
2415 23 2552 0 139 9 3789
2415 24 2553 0 128 55 3790
2415 6 2553 0 108 36 3791
2415 9 2551 0 151 24 3792
2415 16 2550 0 99 9 3793
2415 35 2550 0 146 159 3794
2415 18 2550 0 186 125 3795
2415 8 2551 0 103 16 3796
2415 12 2552 0 164 71 3797
2415 6 2552 0 86 23 3798
2415 11 2551 0 128 96 3799
2415 3 2552 0 38 84 3800
2415 10 2550 0 125 90 3801
2418 38 5406 1 128 96 3802
2430 6 2566 0 86 23 3803
2430 43 2565 0 127 43 3804
2430 21 2566 0 152 41 3805
2430 18 2568 0 86 1 3806
2430 19 2565 0 147 18 3807
2430 12 2564 0 139 9 3808
2430 35 2565 0 127 22 3809
2430 5 2565 0 124 15 3810
2430 4 2567 0 63 134 3811
2430 40 2566 0 58 139 3812
2430 6 2566 0 103 16 3813
2430 12 2564 0 162 25 3814
2430 25 2565 0 148 23 3815
2430 15 2566 0 153 145 3816
2430 23 2564 0 146 119 3817
2430 6 2567 0 102 30 3818
2430 24 2566 0 114 44 3819
2430 16 2565 0 24 183 3820
2430 6 2566 0 178 113 3821
2430 4 2566 0 155 52 3822
2430 23 2565 0 140 11 3823
2430 8 2567 0 24 195 3824
2438 64 5421 1 93 57 3825
2445 4 2579 0 67 20 3826
2445 24 2581 0 107 31 3827
2445 32 2581 0 96 33 3828
2445 5 2581 0 110 50 3829
2445 8 2581 0 50 121 3830
2445 9 2581 0 91 1 3831
2445 8 2580 0 125 90 3832
2445 11 2584 0 112 57 3833
2445 10 2579 0 151 24 3834
2445 18 2579 0 139 9 3835
2445 6 2583 0 138 23 3836
2445 19 2583 0 141 34 3837
2445 25 2580 0 146 119 3838
2445 4 2580 0 178 113 3839
2445 8 2582 0 103 16 3840
2445 4 2581 0 38 84 3841
2445 28 2582 0 127 43 3842
2445 15 2582 0 140 11 3843
2445 34 2578 0 173 171 3844
2445 20 2580 0 46 130 3845
2445 17 2582 0 99 17 3846
2460 10 2594 0 7 180 3847
2460 6 2594 0 102 30 3848
2460 6 2593 0 86 23 3849
2460 6 2597 0 125 90 3850
2460 26 2596 0 138 26 3851
2460 28 2596 0 173 171 3852
2460 8 2597 0 103 16 3853
2460 25 2596 0 128 55 3854
2460 14 2596 0 114 44 3855
2460 3 2596 0 138 23 3856
2460 8 2594 0 145 55 3857
2460 6 2596 0 83 108 3858
2460 36 2597 0 127 22 3859
2460 18 2595 0 86 1 3860
2460 12 2595 0 23 55 3861
2460 35 2596 0 127 43 3862
2460 17 2597 0 161 44 3863
2460 31 2596 0 102 140 3864
2460 15 2597 0 107 31 3865
2460 32 2598 0 58 139 3866
2475 6 2612 0 83 108 3867
2475 42 2612 0 96 33 3868
2475 8 2611 0 103 16 3869
2475 25 2612 0 128 55 3870
2475 4 2609 0 138 23 3871
2475 6 2609 0 108 36 3872
2475 14 2614 0 99 9 3873
2475 22 2612 0 147 18 3874
2475 4 2611 0 93 57 3875
2475 10 2612 0 173 61 3876
2475 11 2610 0 23 55 3877
2475 7 2611 0 95 1 3878
2475 21 2610 0 114 44 3879
2475 14 2609 0 108 65 3880
2475 23 2610 0 107 31 3881
2475 18 2610 0 99 17 3882
2475 17 2612 0 139 9 3883
2475 17 2609 0 140 11 3884
2475 13 2609 0 113 48 3885
2475 4 2611 0 124 15 3886
2475 11 2610 0 63 113 3887
2475 3 2611 0 178 113 3888
2475 13 2614 0 180 72 3889
2475 6 2613 0 102 30 3890
2475 3 2611 0 6 88 3891
2475 4 2611 0 63 134 3892
2475 7 2608 0 50 121 3893
2475 31 2611 0 127 43 3894
2475 9 2611 0 112 57 3895
2478 41 5465 1 95 77 3896
2480 36 5466 1 63 113 3897
2490 36 2626 0 58 139 3898
2490 26 2626 0 33 177 3899
2490 11 2626 0 145 55 3900
2490 21 2629 0 99 9 3901
2490 42 2626 0 66 134 3902
2490 16 2626 0 186 125 3903
2490 4 2625 0 83 108 3904
2490 10 2626 0 173 61 3905
2490 11 2627 0 103 16 3906
2490 17 2626 0 46 130 3907
2490 31 2625 0 2 33 3908
2490 16 2625 0 107 31 3909
2490 13 2625 0 103 107 3910
2490 45 2630 0 127 43 3911
2490 10 2627 0 125 90 3912
2490 13 2627 0 180 72 3913
2490 13 2627 0 113 48 3914
2490 7 2626 0 24 195 3915
2490 5 2626 0 6 88 3916
2490 3 2624 0 38 84 3917
2490 18 2623 0 147 18 3918
2490 25 2625 0 141 34 3919
2490 6 2626 0 63 113 3920
2490 16 2627 0 161 44 3921
2490 11 2626 0 23 55 3922
2490 11 2626 0 95 77 3923
2490 32 2624 0 127 22 3924
2490 15 2624 0 114 44 3925
2490 9 2626 0 150 50 3926
2490 5 2626 0 178 113 3927
2490 4 2625 0 124 15 3928
2490 6 2628 0 67 20 3929
2505 12 2641 0 103 107 3930
2505 15 2640 0 99 9 3931
2505 3 2642 0 102 30 3932
2505 17 2641 0 153 145 3933
2505 12 2643 0 23 55 3934
2505 39 2640 0 146 159 3935
2505 14 2640 0 99 17 3936
2505 14 2641 0 128 55 3937
2505 12 2640 0 128 96 3938
2505 16 2642 0 107 31 3939
2505 20 2641 0 64 182 3940
2505 8 2642 0 112 57 3941
2505 11 2640 0 7 180 3942
2505 13 2642 0 139 9 3943
2505 29 2641 0 127 43 3944
2505 21 2641 0 147 18 3945
2505 7 2643 0 164 71 3946
2505 12 2641 0 91 1 3947
2505 19 2642 0 152 41 3948
2520 17 2656 0 13 75 3949
2520 21 2657 0 114 44 3950
2520 41 2655 0 127 43 3951
2520 19 2658 0 147 18 3952
2520 4 2653 0 102 30 3953
2520 14 2658 0 99 9 3954
2520 6 2657 0 178 113 3955
2520 34 2658 0 138 26 3956
2520 36 2655 0 148 23 3957
2520 8 2654 0 151 24 3958
2520 19 2655 0 128 55 3959
2520 24 2656 0 113 48 3960
2520 10 2658 0 164 71 3961
2520 5 2655 0 124 15 3962
2520 9 2655 0 125 90 3963
2520 11 2655 0 24 195 3964
2520 10 2655 0 112 57 3965
2520 5 2654 0 83 108 3966
2520 3 2655 0 155 52 3967
2520 40 2657 0 127 22 3968
2520 29 2656 0 96 33 3969
2520 15 2656 0 140 11 3970
2520 17 2657 0 99 17 3971
2523 50 5508 1 138 23 3972
2526 153 5512 1 22 41 3973
2535 12 2672 0 151 24 3974
2535 3 2669 0 155 52 3975
2535 12 2670 0 173 61 3976
2535 11 2671 0 145 55 3977
2535 5 2671 0 178 113 3978
2535 16 2671 0 105 143 3979
2535 13 2673 0 128 55 3980
2535 3 2671 0 175 92 3981
2535 6 2672 0 162 60 3982
2535 8 2672 0 150 50 3983
2535 3 2672 0 67 20 3984
2535 37 2673 0 127 22 3985
2535 5 2670 0 102 30 3986
2548 79 5532 1 124 15 3987
2550 43 2687 0 58 139 3988
2550 3 2687 0 86 23 3989
2550 9 2686 0 145 55 3990
2550 10 2686 0 125 90 3991
2550 5 2685 0 110 50 3992
2550 34 2685 0 138 26 3993
2550 20 2688 0 162 25 3994
2550 3 2686 0 124 15 3995
2550 8 2686 0 95 77 3996
2550 11 2686 0 164 71 3997
2550 7 2686 0 63 113 3998
2550 5 2688 0 6 88 3999
2550 16 2687 0 107 31 4000
2550 12 2687 0 139 9 4001
2550 18 2684 0 86 1 4002
2550 4 2686 0 138 23 4003
2550 3 2685 0 182 28 4004
2550 42 2687 0 173 171 4005
2550 12 2686 0 16 120 4006
2550 12 2687 0 103 16 4007
2550 25 2687 0 141 34 4008
2550 22 2689 0 99 9 4009
2550 6 2687 0 102 30 4010
2550 17 2686 0 13 75 4011
2550 16 2688 0 153 145 4012
2550 13 2685 0 114 44 4013
2560 136 5545 1 95 1 4014
2565 26 2701 0 72 131 4015
2565 18 2702 0 186 125 4016
2565 3 2702 0 155 52 4017
2565 3 2702 0 15 186 4018
2565 14 2702 0 113 48 4019
2565 7 2702 0 24 195 4020
2565 45 2699 0 102 140 4021
2565 9 2703 0 164 71 4022
2565 4 2703 0 102 30 4023
2565 3 2701 0 83 108 4024
2565 19 2702 0 152 41 4025
2565 39 2702 0 127 43 4026
2565 8 2700 0 7 180 4027
2565 24 2699 0 114 44 4028
2565 12 2699 0 95 77 4029
2565 20 2701 0 162 25 4030
2565 23 2703 0 140 11 4031
2565 26 2701 0 148 23 4032
2565 15 2702 0 128 55 4033
2565 11 2703 0 162 60 4034
2565 42 2702 0 138 26 4035
2565 6 2700 0 110 50 4036
2565 3 2702 0 6 88 4037
2565 8 2702 0 103 16 4038
2565 21 2701 0 139 9 4039
2579 50 5565 1 127 43 4040
2580 22 2715 0 113 48 4041
2580 12 2716 0 125 90 4042
2580 10 2718 0 164 71 4043
2580 23 2716 0 99 17 4044
2580 3 2715 0 86 23 4045
2580 4 2716 0 110 50 4046
2580 17 2717 0 107 31 4047
2580 16 2718 0 24 183 4048
2580 26 2716 0 127 43 4049
2580 28 2716 0 148 23 4050
2580 29 2718 0 127 22 4051
2580 6 2716 0 93 57 4052
2580 22 2717 0 64 182 4053
2580 44 2715 0 22 41 4054
2580 6 2714 0 95 77 4055
2580 26 2717 0 102 140 4056
2580 24 2715 0 128 55 4057
2580 8 2715 0 108 36 4058
2580 11 2719 0 91 1 4059
2580 16 2717 0 139 9 4060
2594 40 5580 1 162 25 4061
2595 10 2731 0 151 24 4062
2595 6 2731 0 182 28 4063
2595 17 2731 0 147 18 4064
2595 12 2732 0 95 77 4065
2595 39 2731 0 127 43 4066
2595 25 2729 0 99 17 4067
2595 10 2731 0 108 36 4068
2595 3 2731 0 110 50 4069
2595 32 2730 0 173 171 4070
2595 26 2728 0 127 22 4071
2595 4 2730 0 93 57 4072
2595 11 2731 0 112 57 4073
2595 3 2730 0 175 92 4074
2595 6 2729 0 125 90 4075
2595 13 2730 0 140 11 4076
2595 23 2732 0 139 9 4077
2595 6 2730 0 103 16 4078
2595 3 2729 0 179 177 4079
2595 25 2732 0 96 33 4080
2595 23 2730 0 99 9 4081
2595 8 2733 0 95 1 4082
2595 18 2731 0 152 41 4083
2595 8 2732 0 164 71 4084
2603 102 5590 1 175 92 4085
2604 32 5590 1 141 34 4086
2610 7 2749 0 151 24 4087
2610 37 2747 0 138 26 4088
2610 25 2747 0 113 48 4089
2610 19 2746 0 99 17 4090
2610 37 2745 0 2 33 4091
2610 13 2746 0 140 11 4092
2610 5 2748 0 175 92 4093
2610 12 2746 0 152 41 4094
2610 15 2747 0 107 31 4095
2610 14 2746 0 114 44 4096
2610 28 2745 0 127 22 4097
2610 13 2746 0 99 9 4098
2610 8 2746 0 103 16 4099
2610 21 2744 0 143 170 4100
2610 11 2744 0 108 36 4101
2610 3 2748 0 67 20 4102
2610 12 2744 0 95 1 4103
2610 15 2746 0 141 34 4104
2610 36 2747 0 96 33 4105
2610 34 2746 0 127 43 4106
2610 5 2748 0 178 113 4107
2625 6 2761 0 16 120 4108
2625 6 2760 0 125 90 4109
2625 12 2761 0 153 145 4110
2625 21 2759 0 99 17 4111
2625 30 2760 0 127 22 4112
2625 24 2761 0 114 44 4113
2625 8 2761 0 23 55 4114
2625 42 2762 0 33 177 4115
2625 6 2760 0 124 15 4116
2625 21 2762 0 13 75 4117
2625 6 2758 0 138 23 4118
2625 43 2762 0 46 189 4119
2625 12 2762 0 103 16 4120
2625 13 2761 0 99 9 4121
2625 27 2762 0 127 43 4122
2625 6 2762 0 67 20 4123
2625 16 2763 0 140 11 4124
2625 21 2761 0 139 9 4125
2625 18 2758 0 108 65 4126
2625 4 2762 0 110 50 4127
2625 6 2761 0 151 24 4128
2625 3 2762 0 6 88 4129
2640 13 2776 0 153 145 4130
2640 29 2775 0 96 33 4131
2640 6 2775 0 182 28 4132
2640 25 2776 0 66 134 4133
2640 16 2775 0 114 44 4134
2640 5 2776 0 124 15 4135
2640 35 2775 0 102 140 4136
2640 45 2775 0 72 131 4137
2640 24 2777 0 108 65 4138
2640 5 2777 0 175 92 4139
2640 5 2777 0 6 88 4140
2640 3 2776 0 102 30 4141
2640 3 2775 0 63 134 4142
2640 32 2777 0 138 26 4143
2640 7 2775 0 16 120 4144
2640 41 2778 0 22 41 4145
2640 5 2776 0 67 20 4146
2640 15 2776 0 146 119 4147
2640 21 2778 0 128 55 4148
2640 33 2776 0 58 139 4149
2640 22 2776 0 99 9 4150
2640 36 2775 0 127 43 4151
2640 12 2776 0 91 1 4152
2640 16 2776 0 139 9 4153
2640 6 2777 0 162 60 4154
2640 12 2777 0 141 34 4155
2640 6 2774 0 23 55 4156
2640 11 2775 0 7 180 4157
2640 25 2778 0 127 22 4158
2655 6 2793 0 182 28 4159
2655 35 2791 0 138 26 4160
2655 18 2792 0 141 34 4161
2655 3 2791 0 102 30 4162
2655 21 2792 0 147 18 4163
2655 5 2791 0 178 113 4164
2655 7 2791 0 108 36 4165
2655 29 2791 0 127 22 4166
2655 36 2793 0 96 33 4167
2655 5 2791 0 138 23 4168
2655 45 2792 0 142 143 4169
2655 5 2790 0 124 15 4170
2655 11 2792 0 112 57 4171
2655 15 2792 0 99 17 4172
2655 17 2792 0 139 9 4173
2655 34 2791 0 148 23 4174
2655 5 2793 0 110 50 4175
2655 38 2792 0 127 43 4176
2655 44 2791 0 72 131 4177
2655 22 2790 0 107 31 4178
2670 24 2805 0 99 17 4179
2670 45 2805 0 96 33 4180
2670 5 2805 0 178 113 4181
2670 30 2805 0 127 43 4182
2670 4 2806 0 15 186 4183
2670 12 2806 0 13 75 4184
2670 4 2806 0 110 50 4185
2670 14 2805 0 139 9 4186
2670 9 2806 0 162 60 4187
2670 43 2806 0 127 22 4188
2670 16 2807 0 143 170 4189
2670 24 2806 0 114 44 4190
2670 41 2805 0 72 131 4191
2670 6 2805 0 86 23 4192
2670 6 2805 0 179 177 4193
2670 4 2806 0 138 23 4194
2670 22 2806 0 140 11 4195
2670 12 2803 0 153 145 4196
2670 11 2808 0 151 24 4197
2670 15 2805 0 147 18 4198
2670 12 2806 0 103 16 4199
2670 4 2806 0 83 108 4200
2685 6 2820 0 108 36 4201
2685 9 2821 0 112 57 4202
2685 22 2820 0 147 18 4203
2685 17 2822 0 107 31 4204
2685 6 2821 0 124 15 4205
2685 4 2820 0 93 57 4206
2685 15 2820 0 141 34 4207
2685 23 2820 0 114 44 4208
2685 21 2824 0 161 44 4209
2685 23 2820 0 99 17 4210
2685 22 2821 0 140 11 4211
2685 13 2822 0 64 182 4212
2685 5 2823 0 38 84 4213
2685 23 2820 0 143 170 4214
2685 41 2820 0 72 131 4215
2685 23 2819 0 128 55 4216
2685 8 2821 0 162 60 4217
2685 5 2820 0 83 108 4218
2685 13 2822 0 108 65 4219
2685 20 2821 0 99 9 4220
2685 5 2820 0 155 52 4221
2685 36 2821 0 127 43 4222
2685 15 2818 0 162 25 4223
2685 14 2823 0 139 9 4224
2685 23 2821 0 152 41 4225
2685 12 2820 0 103 16 4226
2685 13 2820 0 86 1 4227
2685 25 2821 0 46 130 4228
2685 35 2820 0 138 26 4229
2685 4 2822 0 110 50 4230
2685 32 2822 0 46 189 4231
2694 50 5680 1 113 48 4232
2698 39 5683 1 178 113 4233
2700 8 2837 0 95 1 4234
2700 12 2836 0 147 18 4235
2700 23 2834 0 180 72 4236
2700 12 2835 0 146 119 4237
2700 17 2836 0 143 170 4238
2700 33 2833 0 146 159 4239
2700 3 2837 0 179 177 4240
2700 6 2837 0 15 186 4241
2700 43 2837 0 96 33 4242
2700 13 2836 0 99 17 4243
2700 19 2837 0 128 55 4244
2700 40 2837 0 148 23 4245
2700 5 2836 0 6 88 4246
2700 23 2836 0 140 11 4247
2700 10 2836 0 23 55 4248
2700 6 2835 0 102 30 4249
2700 8 2838 0 108 36 4250
2700 25 2839 0 99 9 4251
2700 9 2836 0 128 96 4252
2700 3 2836 0 110 50 4253
2700 6 2835 0 63 134 4254
2700 24 2835 0 13 75 4255
2709 33 5696 1 179 177 4256
2715 4 2851 0 179 177 4257
2715 23 2850 0 162 25 4258
2715 6 2851 0 103 16 4259
2715 15 2850 0 113 48 4260
2715 21 2851 0 140 11 4261
2715 6 2852 0 83 108 4262
2715 40 2851 0 173 171 4263
2715 6 2850 0 7 180 4264
2715 29 2850 0 96 33 4265
2715 12 2852 0 150 50 4266
2715 6 2850 0 155 52 4267
2715 5 2850 0 178 113 4268
2715 26 2853 0 127 43 4269
2715 4 2854 0 6 88 4270
2715 35 2850 0 102 140 4271
2715 20 2851 0 152 41 4272
2715 44 2848 0 155 122 4273
2715 15 2850 0 99 17 4274
2715 6 2852 0 38 84 4275
2715 28 2850 0 66 134 4276
2719 117 5706 1 155 122 4277
2722 64 5706 1 50 121 4278
2730 10 2866 0 108 36 4279
2730 9 2865 0 128 96 4280
2730 40 2865 0 127 22 4281
2730 3 2867 0 67 20 4282
2730 12 2865 0 91 1 4283
2730 9 2864 0 103 16 4284
2730 39 2867 0 138 26 4285
2730 7 2867 0 63 113 4286
2730 33 2864 0 33 177 4287
2730 6 2865 0 83 108 4288
2730 8 2866 0 150 50 4289
2730 41 2864 0 96 33 4290
2730 6 2865 0 179 177 4291
2730 43 2867 0 155 122 4292
2730 6 2866 0 124 15 4293
2730 17 2866 0 147 18 4294
2730 13 2865 0 107 31 4295
2730 5 2868 0 138 23 4296
2730 6 2865 0 175 92 4297
2730 18 2865 0 114 44 4298
2730 5 2866 0 102 30 4299
2745 6 2881 0 7 180 4300
2745 7 2881 0 173 61 4301
2745 11 2880 0 150 50 4302
2745 14 2883 0 113 48 4303
2745 9 2880 0 108 36 4304
2745 18 2883 0 103 107 4305
2745 3 2881 0 138 23 4306
2745 24 2880 0 99 17 4307
2745 19 2881 0 99 9 4308
2745 6 2882 0 182 28 4309
2745 10 2880 0 50 121 4310
2745 12 2879 0 95 77 4311
2745 20 2881 0 13 75 4312
2745 26 2882 0 46 189 4313
2745 6 2880 0 67 20 4314
2745 37 2882 0 58 139 4315
2745 6 2880 0 112 57 4316
2745 41 2881 0 127 22 4317
2745 6 2880 0 175 92 4318
2745 29 2880 0 72 131 4319
2745 38 2882 0 148 23 4320
2745 43 2880 0 102 140 4321
2745 4 2883 0 179 177 4322
2745 29 2883 0 96 33 4323
2745 3 2879 0 124 15 4324
2745 16 2881 0 140 11 4325
2745 22 2881 0 64 182 4326
2745 15 2880 0 141 34 4327
2745 6 2881 0 151 24 4328
2745 8 2882 0 103 16 4329
2760 14 2893 0 114 44 4330
2760 6 2896 0 24 195 4331
2760 6 2897 0 124 15 4332
2760 5 2892 0 110 50 4333
2760 9 2894 0 103 16 4334
2760 6 2896 0 67 20 4335
2760 33 2895 0 46 189 4336
2760 12 2895 0 108 36 4337
2760 32 2897 0 96 33 4338
2760 12 2897 0 140 11 4339
2760 20 2898 0 86 1 4340
2760 13 2894 0 64 182 4341
2760 3 2899 0 63 134 4342
2760 12 2897 0 173 61 4343
2760 18 2897 0 141 34 4344
2760 3 2898 0 138 23 4345
2760 23 2894 0 186 125 4346
2760 14 2897 0 152 41 4347
2760 21 2896 0 46 130 4348
2760 15 2895 0 99 17 4349
2760 31 2895 0 173 171 4350
2760 27 2896 0 127 22 4351
2760 23 2895 0 128 55 4352
2771 46 5758 1 72 131 4353
2775 9 2909 0 95 77 4354
2775 4 2913 0 15 186 4355
2775 42 2910 0 148 23 4356
2775 38 2911 0 72 131 4357
2775 23 2912 0 128 55 4358
2775 9 2911 0 112 57 4359
2775 20 2911 0 139 9 4360
2775 6 2910 0 7 180 4361
2775 21 2911 0 113 48 4362
2775 20 2911 0 86 1 4363
2775 7 2910 0 151 24 4364
2775 14 2912 0 103 107 4365
2775 21 2908 0 107 31 4366
2775 13 2913 0 153 145 4367
2775 25 2907 0 99 9 4368
2775 22 2910 0 46 130 4369
2775 16 2911 0 99 17 4370
2775 26 2910 0 138 26 4371
2775 9 2914 0 63 113 4372
2775 12 2911 0 13 75 4373
2775 13 2911 0 180 72 4374
2775 6 2912 0 155 52 4375
2775 27 2910 0 96 33 4376
2780 52 5764 1 103 107 4377
2790 5 2926 0 83 108 4378
2790 10 2926 0 7 180 4379
2790 6 2927 0 162 60 4380
2790 14 2928 0 139 9 4381
2790 25 2926 0 152 41 4382
2790 31 2923 0 33 177 4383
2790 6 2925 0 63 134 4384
2790 13 2926 0 113 48 4385
2790 24 2925 0 108 65 4386
2790 22 2928 0 99 9 4387
2790 12 2927 0 107 31 4388
2790 3 2925 0 93 57 4389
2790 23 2927 0 141 34 4390
2790 29 2925 0 138 26 4391
2790 13 2927 0 64 182 4392
2790 23 2926 0 143 170 4393
2790 22 2926 0 86 1 4394
2790 39 2926 0 127 22 4395
2790 27 2926 0 155 122 4396
2790 41 2927 0 148 23 4397
2790 5 2926 0 138 23 4398
2790 13 2926 0 114 44 4399
2790 22 2925 0 147 18 4400
2790 4 2926 0 102 30 4401
2790 26 2925 0 173 171 4402
2790 10 2927 0 50 121 4403
2790 6 2926 0 110 50 4404
2790 4 2926 0 155 52 4405
2790 25 2929 0 128 55 4406
2790 36 2925 0 102 140 4407
2790 5 2924 0 86 23 4408
2790 40 2927 0 127 43 4409
2791 90 5776 1 124 15 4410
2805 6 2939 0 6 88 4411
2805 21 2941 0 141 34 4412
2805 11 2941 0 24 195 4413
2805 6 2941 0 67 20 4414
2805 18 2942 0 113 48 4415
2805 38 2940 0 96 33 4416
2805 45 2940 0 33 177 4417
2805 11 2941 0 128 96 4418
2805 6 2943 0 38 84 4419
2805 25 2944 0 99 17 4420
2805 3 2942 0 110 50 4421
2805 19 2941 0 107 31 4422
2805 13 2940 0 114 44 4423
2805 9 2940 0 50 121 4424
2805 15 2942 0 147 18 4425
2805 29 2941 0 66 134 4426
2805 13 2940 0 64 182 4427
2805 18 2942 0 128 55 4428
2805 30 2942 0 2 33 4429
2805 34 2942 0 102 140 4430
2805 31 2941 0 127 22 4431
2820 6 2956 0 178 113 4432
2820 40 2956 0 173 171 4433
2820 25 2956 0 127 43 4434
2820 16 2955 0 99 17 4435
2820 36 2955 0 148 23 4436
2820 12 2958 0 128 96 4437
2820 17 2955 0 107 31 4438
2820 22 2955 0 24 183 4439
2820 4 2957 0 93 57 4440
2820 4 2956 0 182 28 4441
2820 18 2957 0 153 145 4442
2820 4 2956 0 6 88 4443
2820 17 2957 0 140 11 4444
2820 32 2956 0 102 140 4445
2820 7 2956 0 63 113 4446
2820 4 2958 0 67 20 4447
2820 7 2957 0 95 1 4448
2820 7 2955 0 23 55 4449
2820 33 2956 0 146 159 4450
2820 6 2958 0 108 36 4451
2820 25 2953 0 141 34 4452
2820 42 2955 0 155 122 4453
2835 6 2972 0 138 23 4454
2835 24 2969 0 128 55 4455
2835 25 2970 0 140 11 4456
2835 16 2970 0 146 119 4457
2835 4 2971 0 124 15 4458
2835 21 2970 0 86 1 4459
2835 27 2969 0 142 143 4460
2835 16 2970 0 161 44 4461
2835 9 2971 0 95 1 4462
2835 14 2970 0 24 183 4463
2835 41 2969 0 96 33 4464
2835 10 2972 0 23 55 4465
2835 13 2973 0 147 18 4466
2835 7 2972 0 108 36 4467
2835 12 2972 0 139 9 4468
2835 8 2972 0 162 60 4469
2835 7 2970 0 103 16 4470
2835 43 2970 0 66 134 4471
2844 57 5829 1 114 44 4472
2850 6 2987 0 67 20 4473
2850 25 2987 0 99 9 4474
2850 5 2987 0 86 23 4475
2850 26 2986 0 33 177 4476
2850 23 2987 0 13 75 4477
2850 3 2988 0 6 88 4478
2850 24 2988 0 180 72 4479
2850 27 2986 0 22 41 4480
2850 20 2986 0 139 9 4481
2850 5 2987 0 102 30 4482
2850 11 2985 0 108 36 4483
2850 11 2987 0 164 71 4484
2850 32 2986 0 142 143 4485
2850 12 2988 0 150 50 4486
2850 26 2984 0 146 159 4487
2850 12 2985 0 153 145 4488
2850 9 2987 0 95 1 4489
2850 12 2986 0 91 1 4490
2850 25 2986 0 99 17 4491
2850 21 2986 0 107 31 4492
2850 25 2987 0 141 34 4493
2850 25 2987 0 114 44 4494
2850 19 2985 0 147 18 4495
2850 12 2986 0 152 41 4496
2850 6 2986 0 103 16 4497
2850 8 2986 0 112 57 4498
2850 25 2986 0 108 65 4499
2850 12 2986 0 50 121 4500
2850 21 2987 0 140 11 4501
2850 27 2985 0 148 23 4502
2850 18 2985 0 46 130 4503
2850 6 2986 0 175 92 4504
2855 34 5840 1 24 195 4505
2865 9 2999 0 16 120 4506
2865 31 3001 0 58 139 4507
2865 16 2999 0 141 34 4508
2865 19 3000 0 99 17 4509
2865 17 3002 0 113 48 4510
2865 19 3001 0 140 11 4511
2865 6 3001 0 63 134 4512
2865 16 3001 0 143 170 4513
2865 25 3000 0 64 182 4514
2865 35 3000 0 138 26 4515
2865 6 3004 0 128 96 4516
2865 7 3001 0 162 60 4517
2865 8 3000 0 112 57 4518
2865 8 3000 0 173 61 4519
2865 29 3000 0 127 43 4520
2865 26 3000 0 72 131 4521
2865 5 3001 0 102 30 4522
2865 16 3002 0 139 9 4523
2865 44 3002 0 155 122 4524
2865 24 3000 0 128 55 4525
2865 39 2999 0 146 159 4526
2865 24 3002 0 86 1 4527
2866 136 5853 1 146 119 4528
2880 13 3018 0 107 31 4529
2880 5 3015 0 155 52 4530
2880 44 3017 0 58 139 4531
2880 21 3016 0 114 44 4532
2880 23 3016 0 128 55 4533
2880 12 3017 0 50 121 4534
2880 24 3016 0 99 17 4535
2880 13 3014 0 147 18 4536
2880 9 3017 0 24 195 4537
2880 25 3017 0 102 140 4538
2880 6 3016 0 112 57 4539
2880 14 3017 0 140 11 4540
2880 6 3016 0 124 15 4541
2880 8 3015 0 23 55 4542
2880 20 3016 0 103 107 4543
2880 26 3019 0 46 189 4544
2880 25 3016 0 180 72 4545
2880 21 3017 0 139 9 4546
2880 5 3016 0 15 186 4547
2880 3 3016 0 179 177 4548
2880 20 3019 0 153 145 4549
2895 9 3032 0 7 180 4550
2895 6 3032 0 128 96 4551
2895 17 3034 0 107 31 4552
2895 29 3032 0 66 134 4553
2895 18 3031 0 140 11 4554
2895 24 3029 0 113 48 4555
2895 5 3032 0 63 134 4556
2895 4 3032 0 67 20 4557
2895 12 3030 0 108 36 4558
2895 15 3030 0 139 9 4559
2895 19 3031 0 103 107 4560
2895 20 3031 0 147 18 4561
2895 9 3029 0 112 57 4562
2895 11 3029 0 24 195 4563
2895 6 3031 0 102 30 4564
2895 15 3028 0 128 55 4565
2895 31 3033 0 2 33 4566
2895 6 3031 0 110 50 4567
2895 12 3032 0 24 183 4568
2895 6 3030 0 138 23 4569
2895 5 3033 0 175 92 4570
2895 30 3032 0 127 43 4571
2895 12 3029 0 141 34 4572
2895 32 3029 0 96 33 4573
2895 26 3031 0 142 143 4574
2895 7 3033 0 95 1 4575
2899 167 5885 1 86 23 4576
2901 75 5886 1 105 143 4577
2906 123 5891 1 15 186 4578
2910 15 3043 0 86 1 4579
2910 4 3047 0 110 50 4580
2910 14 3047 0 113 48 4581
2910 42 3049 0 138 26 4582
2910 33 3046 0 148 23 4583
2910 16 3048 0 114 44 4584
2910 16 3047 0 128 55 4585
2910 36 3046 0 58 139 4586
2910 29 3047 0 33 177 4587
2910 11 3046 0 24 195 4588
2910 32 3047 0 102 140 4589
2910 38 3045 0 173 171 4590
2910 4 3048 0 102 30 4591
2910 22 3044 0 24 183 4592
2910 19 3046 0 99 17 4593
2910 25 3045 0 72 131 4594
2910 41 3046 0 155 122 4595
2910 12 3045 0 108 65 4596
2910 10 3044 0 91 1 4597
2910 17 3045 0 162 25 4598
2910 19 3046 0 107 31 4599
2910 25 3047 0 143 170 4600
2910 13 3047 0 140 11 4601
2925 25 3061 0 127 43 4602
2925 15 3062 0 113 48 4603
2925 7 3060 0 108 36 4604
2925 17 3062 0 152 41 4605
2925 6 3060 0 63 134 4606
2925 6 3061 0 103 16 4607
2925 27 3060 0 58 139 4608
2925 20 3061 0 46 130 4609
2925 19 3062 0 186 125 4610
2925 24 3060 0 128 55 4611
2925 8 3062 0 112 57 4612
2925 25 3061 0 107 31 4613
2925 10 3060 0 24 195 4614
2925 12 3059 0 141 34 4615
2925 14 3061 0 64 182 4616
2925 5 3062 0 102 30 4617
2925 21 3061 0 114 44 4618
2925 37 3060 0 148 23 4619
2925 8 3063 0 173 61 4620
2925 37 3062 0 72 131 4621
2925 20 3061 0 140 11 4622
2926 75 5911 1 182 28 4623
2940 43 3076 0 96 33 4624
2940 16 3075 0 114 44 4625
2940 18 3074 0 99 17 4626
2940 21 3074 0 128 55 4627
2940 3 3074 0 155 52 4628
2940 6 3075 0 110 50 4629
2940 23 3076 0 146 119 4630
2940 12 3076 0 113 48 4631
2940 21 3077 0 13 75 4632
2940 29 3077 0 173 171 4633
2940 3 3076 0 102 30 4634
2940 5 3077 0 138 23 4635
2940 25 3075 0 140 11 4636
2940 10 3076 0 151 24 4637
2940 27 3075 0 138 26 4638
2940 6 3076 0 86 23 4639
2940 15 3076 0 107 31 4640
2940 17 3075 0 147 18 4641
2940 18 3074 0 99 9 4642
2940 4 3074 0 182 28 4643
2940 4 3077 0 83 108 4644
2940 9 3075 0 112 57 4645
2940 3 3074 0 179 177 4646
2940 38 3074 0 127 22 4647
2940 39 3075 0 22 41 4648
2955 32 3090 0 96 33 4649
2955 6 3091 0 15 186 4650
2955 24 3090 0 108 65 4651
2955 9 3091 0 91 1 4652
2955 5 3090 0 124 15 4653
2955 16 3090 0 139 9 4654
2955 15 3092 0 152 41 4655
2955 31 3093 0 142 143 4656
2955 23 3091 0 147 18 4657
2955 18 3091 0 99 9 4658
2955 12 3090 0 162 60 4659
2955 7 3089 0 16 120 4660
2955 10 3092 0 95 1 4661
2955 41 3092 0 155 122 4662
2955 38 3091 0 22 41 4663
2955 12 3091 0 146 119 4664
2955 7 3094 0 108 36 4665
2955 17 3089 0 46 130 4666
2955 5 3091 0 110 50 4667
2970 37 3107 0 22 41 4668
2970 16 3107 0 141 34 4669
2970 6 3107 0 15 186 4670
2970 14 3104 0 186 125 4671
2970 26 3106 0 46 189 4672
2970 7 3107 0 164 71 4673
2970 25 3107 0 99 9 4674
2970 12 3106 0 112 57 4675
2970 3 3105 0 83 108 4676
2970 29 3106 0 173 171 4677
2970 12 3104 0 91 1 4678
2970 10 3106 0 103 16 4679
2970 4 3105 0 179 177 4680
2970 5 3107 0 110 50 4681
2970 21 3108 0 140 11 4682
2970 24 3103 0 162 25 4683
2970 21 3106 0 13 75 4684
2970 17 3103 0 107 31 4685
2970 7 3104 0 24 195 4686
2970 30 3105 0 96 33 4687
2970 34 3104 0 66 134 4688
2970 12 3108 0 113 48 4689
2970 3 3108 0 138 23 4690
2970 33 3108 0 127 43 4691
2970 10 3106 0 150 50 4692
2970 19 3105 0 86 1 4693
2970 4 3106 0 102 30 4694
2970 9 3106 0 125 90 4695
2970 14 3105 0 103 107 4696
2983 63 5969 1 147 18 4697
2983 128 5969 1 102 140 4698
2985 8 3121 0 162 60 4699
2985 31 3119 0 127 22 4700
2985 6 3121 0 102 30 4701
2985 36 3121 0 96 33 4702
2985 6 3121 0 86 23 4703
2985 5 3119 0 138 23 4704
2985 7 3124 0 145 55 4705
2985 17 3120 0 114 44 4706
2985 3 3123 0 175 92 4707
2985 16 3119 0 180 72 4708
2985 7 3123 0 16 120 4709
2985 39 3122 0 127 43 4710
2985 8 3121 0 91 1 4711
2985 23 3118 0 139 9 4712
2985 11 3122 0 173 61 4713
2985 14 3121 0 141 34 4714
2985 12 3122 0 113 48 4715
2985 13 3124 0 147 18 4716
2985 17 3119 0 161 44 4717
2985 7 3123 0 108 36 4718
2985 24 3121 0 128 55 4719
2985 15 3119 0 99 9 4720
2985 7 3120 0 112 57 4721
2985 10 3121 0 128 96 4722
2985 29 3123 0 72 131 4723
2985 8 3122 0 95 1 4724
2985 4 3121 0 124 15 4725
2989 199 5974 1 180 72 4726
3000 35 3137 0 96 33 4727
3000 5 3136 0 178 113 4728
3000 6 3136 0 95 1 4729
3000 44 3136 0 33 177 4730
3000 43 3136 0 138 26 4731
3000 32 3136 0 127 43 4732
3000 12 3137 0 139 9 4733
3000 14 3136 0 141 34 4734
3000 39 3134 0 148 23 4735
3000 7 3136 0 145 55 4736
3000 9 3137 0 23 55 4737
3000 4 3134 0 110 50 4738
3000 20 3137 0 99 17 4739
3000 21 3135 0 113 48 4740
3000 6 3136 0 15 186 4741
3000 18 3136 0 107 31 4742
3000 12 3138 0 147 18 4743
3000 5 3137 0 179 177 4744
3000 43 3136 0 155 122 4745
3000 30 3134 0 173 171 4746
3000 14 3136 0 180 72 4747
3000 6 3134 0 151 24 4748
3000 45 3138 0 46 189 4749
3000 31 3135 0 127 22 4750
3000 21 3138 0 24 183 4751
3000 3 3135 0 83 108 4752
3012 162 5999 1 108 36 4753
3015 7 3150 0 103 16 4754
3015 7 3151 0 125 90 4755
3015 24 3151 0 24 183 4756
3015 3 3150 0 38 84 4757
3015 32 3151 0 127 43 4758
3015 5 3148 0 93 57 4759
3015 3 3152 0 110 50 4760
3015 6 3150 0 102 30 4761
3015 9 3150 0 108 36 4762
3015 20 3150 0 107 31 4763
3015 30 3153 0 148 23 4764
3015 4 3153 0 182 28 4765
3015 3 3151 0 86 23 4766
3015 5 3151 0 175 92 4767
3015 3 3151 0 6 88 4768
3015 38 3151 0 138 26 4769
3015 36 3151 0 127 22 4770
3015 3 3150 0 83 108 4771
3015 25 3150 0 99 9 4772
3015 9 3152 0 112 57 4773
3015 8 3150 0 95 1 4774
3015 21 3152 0 143 170 4775
3015 35 3150 0 96 33 4776
3015 25 3149 0 161 44 4777
3015 19 3152 0 99 17 4778
3015 21 3153 0 128 55 4779
3015 12 3151 0 24 195 4780
3015 16 3152 0 139 9 4781
3021 42 6007 1 162 60 4782
3030 6 3165 0 145 55 4783
3030 12 3165 0 63 113 4784
3030 24 3165 0 107 31 4785
3030 12 3166 0 46 130 4786
3030 43 3167 0 2 33 4787
3030 4 3166 0 38 84 4788
3030 20 3167 0 86 1 4789
3030 22 3167 0 139 9 4790
3030 7 3167 0 91 1 4791
3030 25 3164 0 99 17 4792
3030 39 3167 0 96 33 4793
3030 23 3166 0 161 44 4794
3030 19 3164 0 180 72 4795
3030 15 3165 0 99 9 4796
3030 6 3165 0 179 177 4797
3030 19 3166 0 128 55 4798
3030 25 3166 0 114 44 4799
3030 6 3165 0 175 92 4800
3030 5 3166 0 138 23 4801
3030 6 3164 0 95 1 4802
3030 27 3167 0 127 43 4803
3030 40 3165 0 148 23 4804
3030 3 3164 0 110 50 4805
3030 10 3166 0 112 57 4806
3030 35 3167 0 138 26 4807
3030 10 3165 0 103 16 4808
3033 51 6020 1 139 9 4809
3034 43 6021 1 96 33 4810
3045 18 3181 0 86 1 4811
3045 10 3182 0 112 57 4812
3045 6 3180 0 124 15 4813
3045 14 3179 0 152 41 4814
3045 7 3181 0 24 195 4815
3045 4 3180 0 102 30 4816
3045 5 3183 0 6 88 4817
3045 23 3181 0 64 182 4818
3045 14 3183 0 162 25 4819
3045 41 3180 0 127 22 4820
3045 3 3180 0 83 108 4821
3045 3 3180 0 110 50 4822
3045 27 3181 0 173 171 4823
3045 19 3184 0 147 18 4824
3045 22 3182 0 13 75 4825
3045 5 3182 0 63 134 4826
3045 9 3183 0 103 16 4827
3045 22 3182 0 24 183 4828
3045 41 3181 0 96 33 4829
3045 13 3181 0 103 107 4830
3045 29 3182 0 72 131 4831
3045 14 3181 0 114 44 4832
3047 84 6033 1 153 145 4833
3058 70 6043 1 99 17 4834
3060 16 3194 0 46 130 4835
3060 44 3196 0 102 140 4836
3060 16 3197 0 107 31 4837
3060 6 3197 0 175 92 4838
3060 22 3197 0 24 183 4839
3060 6 3196 0 16 120 4840
3060 20 3196 0 128 55 4841
3060 25 3195 0 86 1 4842
3060 35 3194 0 127 43 4843
3060 23 3199 0 139 9 4844
3060 21 3196 0 147 18 4845
3060 10 3196 0 125 90 4846
3060 3 3196 0 138 23 4847
3060 6 3198 0 124 15 4848
3060 29 3196 0 142 143 4849
3060 25 3197 0 114 44 4850
3060 11 3198 0 50 121 4851
3060 21 3196 0 186 125 4852
3060 11 3198 0 63 113 4853
3060 5 3196 0 102 30 4854
3060 32 3196 0 96 33 4855
3060 12 3196 0 91 1 4856
3060 23 3197 0 180 72 4857
3060 27 3197 0 33 177 4858
3060 33 3196 0 66 134 4859
3060 22 3197 0 105 143 4860
3068 33 6055 1 2 33 4861
3075 12 3212 0 151 24 4862
3075 19 3212 0 113 48 4863
3075 7 3210 0 173 61 4864
3075 3 3211 0 83 108 4865
3075 14 3210 0 186 125 4866
3075 26 3211 0 72 131 4867
3075 15 3211 0 105 143 4868
3075 12 3211 0 95 1 4869
3075 12 3212 0 107 31 4870
3075 13 3211 0 114 44 4871
3075 4 3211 0 138 23 4872
3075 18 3210 0 152 41 4873
3075 18 3213 0 46 130 4874
3075 18 3209 0 140 11 4875
3075 5 3211 0 63 134 4876
3075 5 3212 0 6 88 4877
3075 13 3211 0 162 25 4878
3075 6 3211 0 110 50 4879
3075 28 3211 0 127 22 4880
3075 32 3214 0 127 43 4881
3075 27 3213 0 138 26 4882
3075 23 3213 0 86 1 4883
3090 41 3226 0 146 159 4884
3090 3 3226 0 182 28 4885
3090 40 3227 0 96 33 4886
3090 13 3226 0 146 119 4887
3090 25 3225 0 162 25 4888
3090 22 3226 0 108 65 4889
3090 44 3226 0 102 140 4890
3090 16 3227 0 86 1 4891
3090 4 3226 0 15 186 4892
3090 20 3227 0 46 130 4893
3090 12 3225 0 140 11 4894
3090 28 3227 0 138 26 4895
3090 12 3226 0 186 125 4896
3090 14 3227 0 153 145 4897
3090 9 3226 0 16 120 4898
3090 24 3226 0 99 9 4899
3090 23 3228 0 147 18 4900
3090 6 3227 0 124 15 4901
3090 4 3230 0 102 30 4902
3090 4 3224 0 67 20 4903
3090 19 3226 0 105 143 4904
3090 21 3225 0 99 17 4905
3090 38 3228 0 148 23 4906
3090 4 3225 0 155 52 4907
3090 38 3227 0 46 189 4908
3090 9 3227 0 145 55 4909
3105 17 3239 0 140 11 4910
3105 13 3241 0 139 9 4911
3105 5 3240 0 124 15 4912
3105 24 3240 0 141 34 4913
3105 7 3242 0 112 57 4914
3105 13 3240 0 114 44 4915
3105 8 3241 0 63 113 4916
3105 21 3242 0 143 170 4917
3105 5 3241 0 83 108 4918
3105 23 3241 0 107 31 4919
3105 22 3240 0 99 9 4920
3105 19 3244 0 147 18 4921
3105 17 3240 0 113 48 4922
3105 21 3240 0 64 182 4923
3105 6 3241 0 102 30 4924
3105 32 3241 0 146 159 4925
3105 10 3241 0 103 16 4926
3105 22 3241 0 46 130 4927
3105 16 3241 0 86 1 4928
3105 3 3240 0 93 57 4929
3105 12 3240 0 128 96 4930
3105 3 3241 0 6 88 4931
3105 18 3242 0 105 143 4932
3105 40 3240 0 142 143 4933
3105 15 3244 0 99 17 4934
3120 6 3256 0 91 1 4935
3120 14 3255 0 147 18 4936
3120 16 3256 0 128 55 4937
3120 21 3255 0 99 9 4938
3120 25 3254 0 127 22 4939
3120 18 3255 0 152 41 4940
3120 17 3256 0 139 9 4941
3120 34 3255 0 155 122 4942
3120 12 3257 0 23 55 4943
3120 22 3257 0 180 72 4944
3120 4 3258 0 124 15 4945
3120 6 3257 0 155 52 4946
3120 28 3256 0 96 33 4947
3120 4 3255 0 178 113 4948
3120 11 3257 0 24 195 4949
3120 12 3259 0 108 36 4950
3120 24 3255 0 140 11 4951
3120 38 3257 0 148 23 4952
3120 7 3257 0 164 71 4953
3120 8 3258 0 125 90 4954
3135 12 3271 0 16 120 4955
3135 12 3271 0 153 145 4956
3135 5 3271 0 110 50 4957
3135 7 3271 0 103 16 4958
3135 17 3273 0 147 18 4959
3135 23 3270 0 180 72 4960
3135 8 3271 0 108 36 4961
3135 10 3269 0 91 1 4962
3135 22 3271 0 140 11 4963
3135 19 3272 0 146 119 4964
3135 6 3270 0 112 57 4965
3135 23 3271 0 113 48 4966
3135 18 3271 0 128 55 4967
3135 23 3270 0 152 41 4968
3150 6 3286 0 63 134 4969
3150 36 3288 0 127 22 4970
3150 23 3283 0 141 34 4971
3150 7 3287 0 7 180 4972
3150 20 3285 0 64 182 4973
3150 24 3287 0 108 65 4974
3150 21 3286 0 113 48 4975
3150 26 3288 0 173 171 4976
3150 29 3284 0 148 23 4977
3150 9 3286 0 151 24 4978
3150 31 3287 0 138 26 4979
3150 3 3284 0 110 50 4980
3150 7 3285 0 125 90 4981
3150 17 3286 0 147 18 4982
3150 12 3285 0 162 60 4983
3150 23 3286 0 139 9 4984
3150 16 3288 0 143 170 4985
3150 16 3286 0 105 143 4986
3150 29 3285 0 72 131 4987
3150 11 3284 0 108 36 4988
3150 35 3284 0 155 122 4989
3150 4 3286 0 138 23 4990
3150 33 3286 0 96 33 4991
3150 17 3287 0 114 44 4992
3152 33 6137 1 108 36 4993
3165 37 3302 0 72 131 4994
3165 8 3299 0 103 16 4995
3165 6 3301 0 178 113 4996
3165 24 3302 0 140 11 4997
3165 8 3302 0 112 57 4998
3165 23 3302 0 13 75 4999
3165 25 3302 0 114 44 5000
3165 4 3301 0 138 23 5001
3165 14 3301 0 105 143 5002
3165 12 3298 0 147 18 5003
3165 12 3300 0 173 61 5004
3165 14 3301 0 46 130 5005
3165 5 3300 0 110 50 5006
3165 39 3301 0 66 134 5007
3165 6 3301 0 182 28 5008
3165 21 3302 0 113 48 5009
3165 5 3302 0 15 186 5010
3180 21 3316 0 13 75 5011
3180 26 3318 0 148 23 5012
3180 17 3313 0 139 9 5013
3180 13 3316 0 24 183 5014
3180 5 3316 0 175 92 5015
3180 7 3315 0 125 90 5016
3180 6 3318 0 179 177 5017
3180 3 3316 0 102 30 5018
3180 5 3316 0 83 108 5019
3180 12 3316 0 16 120 5020
3180 25 3315 0 86 1 5021
3180 12 3317 0 147 18 5022
3180 9 3318 0 173 61 5023
3180 16 3316 0 140 11 5024
3180 37 3318 0 102 140 5025
3180 5 3318 0 6 88 5026
3180 6 3317 0 63 113 5027
3180 24 3316 0 114 44 5028
3180 3 3314 0 124 15 5029
3180 33 3315 0 96 33 5030
3180 25 3316 0 108 65 5031
3180 35 3314 0 127 43 5032
3180 12 3316 0 7 180 5033
3180 13 3317 0 113 48 5034
3180 24 3318 0 143 170 5035
3180 12 3316 0 153 145 5036
3180 12 3315 0 99 9 5037
3185 30 6172 1 128 55 5038
3195 27 3330 0 96 33 5039
3195 22 3331 0 139 9 5040
3195 6 3333 0 83 108 5041
3195 4 3331 0 93 57 5042
3195 5 3332 0 138 23 5043
3195 8 3331 0 23 55 5044
3195 19 3328 0 147 18 5045
3195 32 3333 0 138 26 5046
3195 38 3332 0 72 131 5047
3195 41 3332 0 127 43 5048
3195 28 3331 0 142 143 5049
3195 10 3332 0 95 77 5050
3195 23 3332 0 113 48 5051
3195 9 3332 0 95 1 5052
3195 43 3330 0 102 140 5053
3195 7 3329 0 145 55 5054
3195 15 3329 0 103 107 5055
3195 12 3331 0 91 1 5056
3195 44 3332 0 33 177 5057
3195 12 3334 0 150 50 5058
3195 16 3329 0 99 9 5059
3195 6 3334 0 108 36 5060
3195 21 3333 0 140 11 5061
3195 6 3330 0 124 15 5062
3195 17 3331 0 108 65 5063
3195 3 3331 0 102 30 5064
3195 12 3330 0 128 55 5065
3195 25 3332 0 114 44 5066
3210 24 3346 0 113 48 5067
3210 12 3346 0 150 50 5068
3210 6 3348 0 112 57 5069
3210 34 3346 0 146 159 5070
3210 9 3346 0 108 36 5071
3210 24 3344 0 114 44 5072
3210 44 3346 0 2 33 5073
3210 4 3344 0 93 57 5074
3210 16 3346 0 128 55 5075
3210 21 3348 0 99 9 5076
3210 24 3346 0 24 183 5077
3210 4 3347 0 86 23 5078
3210 15 3346 0 146 119 5079
3210 17 3345 0 180 72 5080
3210 10 3348 0 50 121 5081
3210 45 3348 0 127 22 5082
3210 33 3348 0 72 131 5083
3210 25 3347 0 162 25 5084
3210 15 3347 0 99 17 5085
3225 24 3359 0 64 182 5086
3225 3 3362 0 6 88 5087
3225 19 3359 0 107 31 5088
3225 41 3362 0 138 26 5089
3225 3 3361 0 124 15 5090
3225 17 3359 0 141 34 5091
3225 17 3358 0 99 17 5092
3225 15 3360 0 161 44 5093
3225 13 3360 0 114 44 5094
3225 6 3361 0 67 20 5095
3225 40 3361 0 127 22 5096
3225 20 3362 0 46 130 5097
3225 32 3360 0 148 23 5098
3225 30 3360 0 173 171 5099
3225 43 3362 0 22 41 5100
3225 31 3363 0 127 43 5101
3225 19 3361 0 139 9 5102
3225 41 3361 0 96 33 5103
3225 3 3363 0 93 57 5104
3225 17 3362 0 147 18 5105
3225 23 3359 0 128 55 5106
3225 14 3363 0 103 107 5107
3225 6 3361 0 102 30 5108
3225 4 3363 0 83 108 5109
3225 4 3362 0 138 23 5110
3240 45 3376 0 127 22 5111
3240 33 3377 0 138 26 5112
3240 23 3377 0 147 18 5113
3240 18 3376 0 153 145 5114
3240 4 3376 0 83 108 5115
3240 22 3377 0 180 72 5116
3240 10 3376 0 103 16 5117
3240 4 3377 0 138 23 5118
3240 18 3377 0 141 34 5119
3240 18 3377 0 64 182 5120
3240 6 3377 0 24 195 5121
3240 43 3374 0 2 33 5122
3240 15 3378 0 128 55 5123
3240 21 3376 0 113 48 5124
3240 15 3377 0 114 44 5125
3240 17 3377 0 99 9 5126
3240 36 3376 0 127 43 5127
3240 9 3373 0 7 180 5128
3240 25 3374 0 140 11 5129
3240 38 3376 0 148 23 5130
3255 5 3390 0 124 15 5131
3255 15 3392 0 107 31 5132
3255 42 3391 0 127 22 5133
3255 21 3391 0 161 44 5134
3255 25 3391 0 99 9 5135
3255 3 3389 0 110 50 5136
3255 11 3391 0 125 90 5137
3255 7 3391 0 24 195 5138
3255 15 3390 0 99 17 5139
3255 17 3392 0 139 9 5140
3255 16 3391 0 140 11 5141
3255 7 3394 0 95 1 5142
3255 20 3390 0 128 55 5143
3255 45 3390 0 155 122 5144
3255 5 3390 0 179 177 5145
3255 18 3393 0 113 48 5146
3255 17 3389 0 162 25 5147
3255 5 3390 0 155 52 5148
3255 18 3391 0 147 18 5149
3255 20 3390 0 152 41 5150
3255 27 3392 0 96 33 5151
3255 21 3392 0 24 183 5152
3255 35 6240 1 102 140 5153
3255 12 3391 0 108 36 5154
3255 12 3391 0 164 71 5155
3255 31 3390 0 72 131 5156
3266 77 6254 1 95 1 5157
3270 3 3405 0 178 113 5158
3270 5 3406 0 138 23 5159
3270 25 3405 0 140 11 5160
3270 4 3407 0 86 23 5161
3270 24 3406 0 139 9 5162
3270 7 3404 0 95 1 5163
3270 42 3405 0 96 33 5164
3270 3 3408 0 182 28 5165
3270 20 3404 0 128 55 5166
3270 22 3408 0 107 31 5167
3270 10 3407 0 150 50 5168
3270 15 3406 0 114 44 5169
3270 24 3406 0 143 170 5170
3270 42 3406 0 146 159 5171
3270 14 3406 0 146 119 5172
3270 13 3406 0 141 34 5173
3270 25 3405 0 162 25 5174
3270 10 3407 0 108 36 5175
3270 9 3407 0 24 195 5176
3270 6 3406 0 38 84 5177
3282 58 6267 1 24 183 5178
3285 5 3423 0 155 52 5179
3285 5 3420 0 124 15 5180
3285 22 3420 0 103 107 5181
3285 16 3422 0 64 182 5182
3285 15 3420 0 141 34 5183
3285 9 3421 0 112 57 5184
3285 4 3424 0 138 23 5185
3285 22 3420 0 180 72 5186
3285 20 3422 0 114 44 5187
3285 6 3422 0 102 30 5188
3285 12 3422 0 24 195 5189
3285 8 3420 0 16 120 5190
3285 4 3420 0 86 23 5191
3285 31 3421 0 148 23 5192
3285 25 3421 0 113 48 5193
3285 20 3421 0 153 145 5194
3285 12 3422 0 13 75 5195
3285 12 3422 0 145 55 5196
3300 17 3435 0 147 18 5197
3300 17 3435 0 141 34 5198
3300 5 3434 0 124 15 5199
3300 10 3434 0 112 57 5200
3300 6 3435 0 38 84 5201
3300 25 3438 0 138 26 5202
3300 15 3436 0 99 17 5203
3300 35 3438 0 127 22 5204
3300 4 3436 0 67 20 5205
3300 11 3434 0 128 96 5206
3300 12 3435 0 16 120 5207
3300 22 3437 0 114 44 5208
3300 28 3435 0 96 33 5209
3300 21 3436 0 180 72 5210
3300 20 3438 0 99 9 5211
3300 15 3436 0 152 41 5212
3300 38 3435 0 66 134 5213
3300 18 3435 0 86 1 5214
3300 23 3434 0 105 143 5215
3300 26 3436 0 127 43 5216
3300 5 3436 0 86 23 5217
3300 18 3436 0 113 48 5218
3300 11 3436 0 145 55 5219
3300 10 3439 0 173 61 5220
3315 3 3452 0 124 15 5221
3315 9 3450 0 162 60 5222
3315 4 3450 0 155 52 5223
3315 32 3451 0 138 26 5224
3315 17 3451 0 141 34 5225
3315 18 3453 0 186 125 5226
3315 31 3450 0 127 22 5227
3315 23 3450 0 147 18 5228
3315 25 3451 0 173 171 5229
3315 4 3453 0 102 30 5230
3315 18 3454 0 143 170 5231
3315 6 3451 0 95 1 5232
3315 6 3450 0 38 84 5233
3315 18 3450 0 13 75 5234
3315 44 3451 0 96 33 5235
3315 3 3448 0 138 23 5236
3315 25 3453 0 99 17 5237
3315 18 3450 0 162 25 5238
3315 12 3448 0 107 31 5239
3315 35 3451 0 33 177 5240
3315 11 3450 0 108 36 5241
3315 6 3450 0 93 57 5242
3315 22 3450 0 114 44 5243
3315 62 6301 1 145 55 5244
3315 6 3450 0 112 57 5245
3315 8 3449 0 50 121 5246
3315 9 3451 0 24 195 5247
3325 76 6311 1 86 23 5248
3327 74 6312 1 146 119 5249
3330 23 3466 0 128 55 5250
3330 25 3465 0 141 34 5251
3330 19 3465 0 107 31 5252
3330 18 3467 0 108 65 5253
3330 6 3466 0 138 23 5254
3330 22 3466 0 162 25 5255
3330 8 3466 0 7 180 5256
3330 4 3468 0 110 50 5257
3330 20 3467 0 99 17 5258
3330 42 3466 0 138 26 5259
3330 12 3465 0 112 57 5260
3330 36 3466 0 96 33 5261
3330 6 3468 0 63 113 5262
3330 6 3466 0 179 177 5263
3330 23 3466 0 46 130 5264
3330 20 3466 0 86 1 5265
3330 13 3467 0 147 18 5266
3330 6 3467 0 108 36 5267
3330 26 3465 0 127 43 5268
3330 6 3467 0 155 52 5269
3330 4 3465 0 175 92 5270
3330 17 3467 0 99 9 5271
3330 22 3468 0 139 9 5272
3330 23 3469 0 64 182 5273
3330 12 3467 0 103 16 5274
3330 10 3465 0 50 121 5275
3333 195 6319 1 96 33 5276
3345 25 3482 0 113 48 5277
3345 12 3480 0 99 17 5278
3345 26 3480 0 96 33 5279
3345 44 3481 0 66 134 5280
3345 11 3481 0 108 36 5281
3345 21 3483 0 146 119 5282
3345 12 3482 0 91 1 5283
3345 39 3481 0 146 159 5284
3345 7 3482 0 50 121 5285
3345 12 3480 0 103 107 5286
3345 12 3482 0 95 1 5287
3345 5 3480 0 124 15 5288
3345 11 3479 0 112 57 5289
3345 9 3483 0 24 195 5290
3345 17 3481 0 114 44 5291
3345 24 3479 0 99 9 5292
3345 22 3479 0 139 9 5293
3345 24 3481 0 140 11 5294
3345 18 3482 0 186 125 5295
3345 7 3479 0 95 77 5296
3345 12 3481 0 103 16 5297
3345 41 3481 0 58 139 5298
3345 17 3480 0 46 130 5299
3345 7 3481 0 145 55 5300
3345 8 3481 0 173 61 5301
3345 44 3479 0 72 131 5302
3345 6 3481 0 150 50 5303
3345 3 3481 0 110 50 5304
3345 43 3482 0 138 26 5305
3345 42 3480 0 2 33 5306
3345 6 3481 0 63 113 5307
3352 65 6337 1 102 30 5308
3360 21 3498 0 64 182 5309
3360 11 3497 0 95 1 5310
3360 4 3495 0 175 92 5311
3360 33 3498 0 146 159 5312
3360 17 3497 0 161 44 5313
3360 5 3498 0 15 186 5314
3360 11 3497 0 103 16 5315
3360 12 3497 0 99 9 5316
3360 19 3497 0 13 75 5317
3360 18 3495 0 113 48 5318
3360 3 3496 0 67 20 5319
3360 12 3496 0 46 130 5320
3360 9 3494 0 108 36 5321
3360 35 3495 0 58 139 5322
3360 35 3497 0 33 177 5323
3360 14 3497 0 139 9 5324
3360 4 3497 0 138 23 5325
3360 4 3495 0 155 52 5326
3360 41 3498 0 96 33 5327
3360 11 3496 0 112 57 5328
3360 36 3496 0 127 22 5329
3360 9 3496 0 63 113 5330
3360 5 3497 0 110 50 5331
3360 3 3496 0 102 30 5332
3360 32 3495 0 138 26 5333
3360 45 3497 0 148 23 5334
3360 4 3496 0 93 57 5335
3375 4 3511 0 102 30 5336
3375 19 3512 0 128 55 5337
3375 40 3512 0 2 33 5338
3375 25 3510 0 180 72 5339
3375 19 3512 0 161 44 5340
3375 16 3512 0 64 182 5341
3375 13 3511 0 24 183 5342
3375 11 3512 0 108 36 5343
3375 12 3512 0 91 1 5344
3375 21 3512 0 146 119 5345
3375 14 3512 0 114 44 5346
3375 4 3510 0 83 108 5347
3375 18 3510 0 152 41 5348
3375 8 3509 0 145 55 5349
3375 16 3511 0 113 48 5350
3375 45 3509 0 138 26 5351
3375 4 3511 0 110 50 5352
3375 15 3511 0 13 75 5353
3375 15 3513 0 108 65 5354
3375 20 3510 0 139 9 5355
3375 5 3512 0 138 23 5356
3375 29 3511 0 72 131 5357
3375 41 3511 0 22 41 5358
3375 38 3512 0 96 33 5359
3375 7 3512 0 23 55 5360
3375 11 3512 0 63 113 5361
3375 8 3513 0 150 50 5362
3375 10 3512 0 112 57 5363
3384 44 6370 1 140 11 5364
3390 40 3527 0 142 143 5365
3390 15 3528 0 128 55 5366
3390 6 3525 0 38 84 5367
3390 13 3527 0 13 75 5368
3390 6 3526 0 95 1 5369
3390 7 3524 0 164 71 5370
3390 13 3525 0 99 9 5371
3390 42 3525 0 127 43 5372
3390 15 3525 0 114 44 5373
3390 6 3528 0 182 28 5374
3390 12 3526 0 95 77 5375
3390 44 3527 0 96 33 5376
3390 17 3525 0 24 183 5377
3390 8 3527 0 108 36 5378
3390 4 3526 0 102 30 5379
3390 9 3526 0 103 16 5380
3390 6 3526 0 112 57 5381
3390 31 3526 0 138 26 5382
3390 15 3525 0 147 18 5383
3390 36 3528 0 127 22 5384
3405 43 3541 0 142 143 5385
3405 24 3541 0 99 17 5386
3405 3 3543 0 102 30 5387
3405 27 3542 0 58 139 5388
3405 6 3542 0 179 177 5389
3405 7 3542 0 103 16 5390
3405 15 3541 0 180 72 5391
3405 12 3540 0 24 195 5392
3405 24 3542 0 99 9 5393
3405 5 3540 0 175 92 5394
3405 25 3541 0 127 22 5395
3405 31 3544 0 96 33 5396
3405 43 3541 0 33 177 5397
3405 20 3540 0 128 55 5398
3405 13 3541 0 108 65 5399
3405 7 3541 0 150 50 5400
3405 6 3540 0 182 28 5401
3405 4 3541 0 124 15 5402
3405 4 3540 0 15 186 5403
3420 6 3557 0 6 88 5404
3420 5 3555 0 179 177 5405
3420 5 3555 0 178 113 5406
3420 12 3558 0 108 36 5407
3420 27 3557 0 58 139 5408
3420 19 3558 0 46 130 5409
3420 13 3556 0 147 18 5410
3420 21 3555 0 107 31 5411
3420 22 3556 0 162 25 5412
3420 38 3554 0 142 143 5413
3420 44 3556 0 127 22 5414
3420 11 3556 0 103 16 5415
3420 21 3556 0 143 170 5416
3420 15 3556 0 141 34 5417
3420 12 3556 0 161 44 5418
3420 42 3556 0 72 131 5419
3420 44 3555 0 138 26 5420
3420 10 3556 0 164 71 5421
3420 39 3558 0 102 140 5422
3420 9 3555 0 50 121 5423
3420 39 3556 0 146 159 5424
3420 16 3554 0 99 17 5425
3420 23 3556 0 146 119 5426
3424 71 6410 1 180 72 5427
3435 6 3569 0 128 96 5428
3435 38 3570 0 142 143 5429
3435 30 3571 0 96 33 5430
3435 12 3572 0 162 60 5431
3435 40 3571 0 127 22 5432
3435 10 3570 0 125 90 5433
3435 20 3572 0 99 17 5434
3435 40 3569 0 46 189 5435
3435 17 3572 0 105 143 5436
3435 38 3570 0 138 26 5437
3435 5 3570 0 38 84 5438
3435 18 3569 0 180 72 5439
3435 4 3571 0 93 57 5440
3435 6 3570 0 83 108 5441
3435 40 3572 0 155 122 5442
3435 3 3571 0 110 50 5443
3435 15 3570 0 140 11 5444
3435 25 3571 0 143 170 5445
3435 9 3572 0 151 24 5446
3435 20 3570 0 162 25 5447
3435 5 3570 0 6 88 5448
3435 15 3572 0 147 18 5449
3435 23 3569 0 107 31 5450
3449 54 6436 1 142 143 5451
3450 5 3585 0 124 15 5452
3450 10 3586 0 24 195 5453
3450 4 3585 0 102 30 5454
3450 22 3585 0 114 44 5455
3450 7 3585 0 95 77 5456
3450 25 3583 0 148 23 5457
3450 9 3587 0 63 113 5458
3450 40 3586 0 46 189 5459
3450 19 3588 0 46 130 5460
3450 5 3586 0 182 28 5461
3450 6 3589 0 151 24 5462
3450 11 3583 0 108 36 5463
3450 38 3585 0 58 139 5464
3450 15 3585 0 128 55 5465
3450 16 3586 0 139 9 5466
3450 25 3586 0 141 34 5467
3450 30 3585 0 96 33 5468
3450 10 3587 0 112 57 5469
3450 27 3587 0 102 140 5470
3450 36 3587 0 127 43 5471
3458 34 6444 1 23 55 5472
3465 10 3600 0 151 24 5473
3465 13 3599 0 107 31 5474
3465 43 3600 0 46 189 5475
3465 18 3603 0 46 130 5476
3465 16 3600 0 13 75 5477
3465 24 3598 0 141 34 5478
3465 14 3600 0 152 41 5479
3465 7 3602 0 24 195 5480
3465 4 3598 0 83 108 5481
3465 12 3601 0 173 61 5482
3465 3 3602 0 67 20 5483
3465 12 3600 0 50 121 5484
3465 42 3603 0 96 33 5485
3465 38 3599 0 146 159 5486
3465 3 3600 0 86 23 5487
3465 5 3601 0 138 23 5488
3465 10 3599 0 112 57 5489
3465 33 3599 0 148 23 5490
3465 8 3602 0 128 96 5491
3465 12 3601 0 153 145 5492
3465 42 3602 0 127 22 5493
3465 15 3602 0 139 9 5494
3465 10 3599 0 150 50 5495
3480 20 3616 0 103 107 5496
3480 24 3616 0 153 145 5497
3480 4 3617 0 179 177 5498
3480 11 3615 0 173 61 5499
3480 4 3617 0 102 30 5500
3480 29 3616 0 148 23 5501
3480 24 3617 0 139 9 5502
3480 12 3617 0 186 125 5503
3480 4 3618 0 15 186 5504
3480 7 3613 0 16 120 5505
3480 22 3617 0 141 34 5506
3480 32 3616 0 155 122 5507
3480 18 3616 0 152 41 5508
3480 17 3616 0 86 1 5509
3480 3 3619 0 83 108 5510
3480 6 3616 0 138 23 5511
3480 6 3614 0 108 36 5512
3480 12 3616 0 23 55 5513
3480 35 3618 0 96 33 5514
3480 31 3616 0 127 43 5515
3480 3 3616 0 124 15 5516
3495 16 3630 0 147 18 5517
3495 14 3631 0 140 11 5518
3495 41 3633 0 96 33 5519
3495 43 3634 0 66 134 5520
3495 12 3631 0 152 41 5521
3495 22 3632 0 99 17 5522
3495 45 3632 0 22 41 5523
3495 7 3631 0 16 120 5524
3495 3 3631 0 110 50 5525
3495 7 3628 0 112 57 5526
3495 25 3631 0 114 44 5527
3495 39 3630 0 148 23 5528
3495 10 3632 0 24 195 5529
3495 18 3631 0 143 170 5530
3495 14 3631 0 161 44 5531
3495 12 3631 0 103 16 5532
3495 37 3630 0 155 122 5533
3495 16 3632 0 99 9 5534
3495 17 3631 0 113 48 5535
3495 9 3632 0 95 1 5536
3495 23 3628 0 107 31 5537
3498 190 6484 1 58 139 5538
3510 22 3645 0 114 44 5539
3510 17 3646 0 143 170 5540
3510 23 3647 0 113 48 5541
3510 3 3647 0 178 113 5542
3510 21 3645 0 140 11 5543
3510 44 3645 0 96 33 5544
3510 9 3645 0 108 36 5545
3510 5 3646 0 138 23 5546
3510 17 3646 0 107 31 5547
3510 4 3645 0 83 108 5548
3510 24 3648 0 13 75 5549
3510 42 3644 0 146 159 5550
3510 3 3645 0 67 20 5551
3510 27 3647 0 138 26 5552
3510 20 3647 0 139 9 5553
3510 7 3646 0 162 60 5554
3510 38 3646 0 148 23 5555
3510 6 3645 0 102 30 5556
3510 5 3646 0 175 92 5557
3510 23 3646 0 141 34 5558
3525 19 3662 0 147 18 5559
3525 6 3664 0 110 50 5560
3525 11 3661 0 150 50 5561
3525 8 3664 0 164 71 5562
3525 6 3662 0 138 23 5563
3525 6 3661 0 7 180 5564
3525 33 3661 0 58 139 5565
3525 6 3662 0 16 120 5566
3525 34 3659 0 127 22 5567
3525 3 3661 0 102 30 5568
3525 23 3660 0 140 11 5569
3525 10 3661 0 108 36 5570
3525 15 3661 0 24 183 5571
3525 21 3661 0 128 55 5572
3525 15 3663 0 99 9 5573
3525 5 3661 0 93 57 5574
3525 3 3662 0 15 186 5575
3532 106 6517 1 173 61 5576
3532 47 6519 1 38 84 5577
3537 65 6525 1 22 41 5578
3540 35 3676 0 127 22 5579
3540 6 3675 0 16 120 5580
3540 28 3676 0 33 177 5581
3540 4 3677 0 179 177 5582
3540 20 3676 0 139 9 5583
3540 12 3677 0 112 57 5584
3540 26 3675 0 138 26 5585
3540 18 3674 0 99 9 5586
3540 3 3677 0 155 52 5587
3540 13 3675 0 24 183 5588
3540 6 3675 0 175 92 5589
3540 20 3677 0 108 65 5590
3540 20 3674 0 13 75 5591
3540 21 3675 0 105 143 5592
3540 13 3676 0 64 182 5593
3540 23 3676 0 152 41 5594
3540 6 3675 0 182 28 5595
3540 8 3677 0 50 121 5596
3540 4 3675 0 138 23 5597
3555 12 3691 0 103 16 5598
3555 37 3692 0 2 33 5599
3555 25 3692 0 99 17 5600
3555 19 3691 0 128 55 5601
3555 16 3693 0 24 183 5602
3555 13 3691 0 114 44 5603
3555 13 3691 0 152 41 5604
3555 8 3692 0 91 1 5605
3555 10 3690 0 162 60 5606
3555 5 3691 0 124 15 5607
3555 13 3691 0 139 9 5608
3555 13 3692 0 186 125 5609
3555 15 3691 0 107 31 5610
3555 6 3690 0 179 177 5611
3555 19 3691 0 141 34 5612
3555 14 3691 0 140 11 5613
3555 34 3692 0 138 26 5614
3555 23 3690 0 103 107 5615
3555 7 3689 0 23 55 5616
3555 22 3691 0 113 48 5617
3555 19 3694 0 147 18 5618
3570 7 3705 0 112 57 5619
3570 3 3706 0 138 23 5620
3570 31 3708 0 127 22 5621
3570 3 3704 0 182 28 5622
3570 14 3706 0 162 25 5623
3570 31 3707 0 142 143 5624
3570 15 3706 0 46 130 5625
3570 3 3705 0 67 20 5626
3570 5 3706 0 155 52 5627
3570 4 3709 0 179 177 5628
3570 19 3705 0 107 31 5629
3570 25 3703 0 128 55 5630
3570 25 3707 0 103 107 5631
3570 20 3707 0 141 34 5632
3570 11 3706 0 108 36 5633
3570 3 3706 0 102 30 5634
3570 40 3704 0 127 43 5635
3570 9 3709 0 95 77 5636
3583 59 6569 1 63 134 5637
3584 149 6570 1 38 84 5638
3585 3 3722 0 178 113 5639
3585 4 3721 0 179 177 5640
3585 25 3722 0 141 34 5641
3585 5 3721 0 6 88 5642
3585 8 3723 0 173 61 5643
3585 25 3721 0 127 43 5644
3585 16 3721 0 114 44 5645
3585 43 3721 0 96 33 5646
3585 21 3720 0 105 143 5647
3585 4 3722 0 138 23 5648
3585 12 3721 0 140 11 5649
3585 15 3720 0 147 18 5650
3585 7 3722 0 103 16 5651
3585 24 3721 0 99 9 5652
3585 5 3721 0 15 186 5653
3585 21 3721 0 113 48 5654
3585 32 3722 0 127 22 5655
3585 3 3720 0 175 92 5656
3600 4 3733 0 175 92 5657
3600 3 3736 0 38 84 5658
3600 9 3734 0 108 36 5659
3600 6 3736 0 83 108 5660
3600 23 3736 0 114 44 5661
3600 35 3736 0 96 33 5662
3600 13 3735 0 146 119 5663
3600 14 3736 0 128 55 5664
3600 15 3736 0 64 182 5665
3600 6 3734 0 138 23 5666
3600 29 3735 0 127 22 5667
3600 38 3738 0 58 139 5668
3600 13 3734 0 180 72 5669
3600 6 3738 0 151 24 5670
3600 7 3737 0 95 1 5671
3600 8 3736 0 112 57 5672
3600 4 3738 0 15 186 5673
3600 40 3737 0 142 143 5674
3600 19 3735 0 161 44 5675
3600 6 3738 0 124 15 5676
3600 4 3736 0 63 134 5677
3600 21 3737 0 46 130 5678
3600 3 3738 0 6 88 5679
3600 5 3739 0 67 20 5680
3604 54 6590 1 161 44 5681
3615 28 3751 0 96 33 5682
3615 23 3752 0 153 145 5683
3615 8 3752 0 63 113 5684
3615 22 3751 0 161 44 5685
3615 17 3751 0 141 34 5686
3615 4 3750 0 102 30 5687
3615 32 3751 0 127 43 5688
3615 7 3751 0 108 36 5689
3615 35 3751 0 127 22 5690
3615 11 3749 0 164 71 5691
3615 23 3751 0 86 1 5692
3615 5 3751 0 182 28 5693
3615 8 3753 0 112 57 5694
3615 6 3753 0 151 24 5695
3615 7 3750 0 50 121 5696
3615 38 3750 0 142 143 5697
3615 22 3752 0 147 18 5698
3615 4 3749 0 138 23 5699
3615 8 3753 0 23 55 5700
3625 31 6610 1 33 177 5701
3630 6 3767 0 6 88 5702
3630 24 3767 0 99 9 5703
3630 183 6617 1 46 189 5704
3630 8 3766 0 95 77 5705
3630 19 3767 0 143 170 5706
3630 42 3764 0 127 43 5707
3630 24 3768 0 152 41 5708
3630 6 3766 0 63 134 5709
3630 12 3766 0 103 16 5710
3630 18 3764 0 114 44 5711
3630 37 3767 0 148 23 5712
3630 12 3768 0 141 34 5713
3630 38 3764 0 138 26 5714
3630 4 3766 0 138 23 5715
3630 25 3765 0 102 140 5716
3630 3 3766 0 38 84 5717
3630 5 3764 0 110 50 5718
3630 11 3766 0 125 90 5719
3630 10 3767 0 108 36 5720
3631 33 6618 1 46 189 5721
3645 14 3782 0 143 170 5722
3645 5 3781 0 110 50 5723
3645 20 3783 0 152 41 5724
3645 27 3779 0 22 41 5725
3645 13 3780 0 113 48 5726
3645 9 3781 0 95 77 5727
3645 3 3781 0 38 84 5728
3645 8 3781 0 112 57 5729
3645 3 3782 0 67 20 5730
3645 12 3781 0 150 50 5731
3645 13 3781 0 86 1 5732
3645 15 3780 0 161 44 5733
3645 12 3781 0 50 121 5734
3645 5 3780 0 138 23 5735
3645 34 3781 0 146 159 5736
3645 24 3782 0 108 65 5737
3645 12 3780 0 108 36 5738
3645 28 3781 0 102 140 5739
3645 21 3782 0 162 25 5740
3645 9 3782 0 173 61 5741
3645 21 3780 0 140 11 5742
3645 6 3780 0 63 113 5743
3645 6 3781 0 93 57 5744
3660 24 3795 0 152 41 5745
3660 45 3795 0 138 26 5746
3660 14 3797 0 140 11 5747
3660 36 3798 0 155 122 5748
3660 12 3795 0 103 16 5749
3660 24 3795 0 64 182 5750
3660 5 3798 0 15 186 5751
3660 40 3795 0 127 22 5752
3660 7 3795 0 162 60 5753
3660 4 3793 0 67 20 5754
3660 42 3797 0 46 189 5755
3660 22 3795 0 107 31 5756
3660 4 3796 0 63 134 5757
3660 7 3797 0 50 121 5758
3660 7 3797 0 164 71 5759
3660 19 3796 0 99 9 5760
3660 13 3794 0 128 55 5761
3660 30 3795 0 96 33 5762
3660 30 3797 0 127 43 5763
3660 5 3796 0 86 23 5764
3660 11 3795 0 173 61 5765
3660 7 3797 0 63 113 5766
3660 11 3796 0 128 96 5767
3660 23 3798 0 99 17 5768
3660 15 3797 0 141 34 5769
3660 12 3794 0 112 57 5770
3660 4 3796 0 124 15 5771
3675 13 3812 0 162 25 5772
3675 29 3810 0 96 33 5773
3675 21 3809 0 108 65 5774
3675 3 3812 0 38 84 5775
3675 12 3809 0 95 77 5776
3675 5 3811 0 155 52 5777
3675 15 3812 0 161 44 5778
3675 36 3809 0 148 23 5779
3675 4 3811 0 86 23 5780
3675 7 3810 0 162 60 5781
3675 9 3814 0 7 180 5782
3675 12 3812 0 128 96 5783
3675 43 3811 0 33 177 5784
3675 8 3809 0 145 55 5785
3675 3 3812 0 110 50 5786
3675 20 3811 0 140 11 5787
3675 5 3811 0 102 30 5788
3675 17 3811 0 46 130 5789
3675 12 3811 0 86 1 5790
3675 16 3809 0 103 107 5791
3675 10 3811 0 173 61 5792
3689 188 6674 1 146 159 5793
3690 24 3825 0 99 9 5794
3690 6 3829 0 50 121 5795
3690 7 3825 0 108 36 5796
3690 27 3826 0 102 140 5797
3690 12 3825 0 95 1 5798
3690 6 3827 0 138 23 5799
3690 10 3825 0 7 180 5800
3690 40 3826 0 146 159 5801
3690 16 3827 0 105 143 5802
3690 21 3828 0 128 55 5803
3690 40 3825 0 72 131 5804
3690 5 3824 0 102 30 5805
3690 16 3825 0 147 18 5806
3690 6 3827 0 125 90 5807
3690 12 3826 0 139 9 5808
3690 5 3826 0 86 23 5809
3690 3 3824 0 63 134 5810
3690 31 3826 0 96 33 5811
3690 45 3826 0 66 134 5812
3690 5 3826 0 179 177 5813
3690 14 3825 0 108 65 5814
3690 34 3825 0 148 23 5815
3690 21 3826 0 103 107 5816
3690 41 3827 0 58 139 5817
3690 35 3826 0 127 22 5818
3690 18 3826 0 161 44 5819
3690 41 3827 0 138 26 5820
3690 9 3824 0 112 57 5821
3696 193 6682 1 63 134 5822
3704 36 6691 1 146 159 5823
3705 19 3844 0 99 9 5824
3705 38 3838 0 127 22 5825
3705 25 3841 0 114 44 5826
3705 4 3841 0 175 92 5827
3705 6 3840 0 124 15 5828
3705 19 3839 0 141 34 5829
3705 12 3841 0 180 72 5830
3705 13 3838 0 147 18 5831
3705 17 3841 0 161 44 5832
3705 23 3840 0 146 119 5833
3705 23 3839 0 162 25 5834
3705 8 3842 0 24 195 5835
3705 4 3843 0 38 84 5836
3705 23 3839 0 105 143 5837
3705 12 3841 0 125 90 5838
3705 12 3841 0 112 57 5839
3705 3 3839 0 138 23 5840
3705 18 3839 0 86 1 5841
3705 4 3843 0 102 30 5842
3705 7 3842 0 63 113 5843
3705 17 3842 0 139 9 5844
3705 6 3841 0 83 108 5845
3705 29 3841 0 58 139 5846
3705 7 3843 0 164 71 5847
3720 15 3856 0 162 25 5848
3720 18 3854 0 107 31 5849
3720 14 3855 0 140 11 5850
3720 25 3856 0 96 33 5851
3720 6 3857 0 95 1 5852
3720 21 3854 0 146 119 5853
3720 5 3857 0 15 186 5854
3720 21 3858 0 139 9 5855
3720 12 3855 0 152 41 5856
3720 17 3855 0 147 18 5857
3720 6 3855 0 112 57 5858
3720 6 3855 0 182 28 5859
3720 13 3857 0 105 143 5860
3720 22 3855 0 114 44 5861
3720 5 3857 0 124 15 5862
3720 15 3858 0 113 48 5863
3720 6 3856 0 83 108 5864
3720 19 3856 0 153 145 5865
3720 6 3858 0 178 113 5866
3720 23 3856 0 161 44 5867
3720 25 3856 0 99 17 5868
3735 7 3870 0 50 121 5869
3735 45 3872 0 142 143 5870
3735 17 3873 0 107 31 5871
3735 6 3869 0 103 16 5872
3735 11 3871 0 16 120 5873
3735 27 3873 0 46 189 5874
3735 9 3871 0 108 36 5875
3735 32 3871 0 127 43 5876
3735 18 3873 0 86 1 5877
3735 5 3871 0 102 30 5878
3735 9 3869 0 112 57 5879
3735 3 3869 0 110 50 5880
3735 18 3870 0 24 183 5881
3735 44 3869 0 138 26 5882
3735 21 3872 0 105 143 5883
3735 24 3870 0 139 9 5884
3735 4 3871 0 124 15 5885
3735 6 3871 0 155 52 5886
3735 33 3871 0 66 134 5887
3735 24 3871 0 113 48 5888
3735 20 3871 0 146 119 5889
3735 21 3871 0 128 55 5890
3735 38 3872 0 96 33 5891
3735 5 3872 0 138 23 5892
3750 25 3885 0 96 33 5893
3750 24 3887 0 86 1 5894
3750 24 3884 0 186 125 5895
3750 7 3886 0 164 71 5896
3750 12 3887 0 173 61 5897
3750 29 3888 0 127 43 5898
3750 14 3886 0 128 55 5899
3750 6 3887 0 138 23 5900
3750 9 3884 0 63 113 5901
3750 16 3884 0 105 143 5902
3750 16 3886 0 114 44 5903
3750 7 3885 0 95 77 5904
3750 23 3886 0 99 9 5905
3750 25 3885 0 143 170 5906
3750 13 3886 0 113 48 5907
3750 8 3888 0 95 1 5908
3750 3 3886 0 110 50 5909
3750 3 3887 0 102 30 5910
3750 6 3886 0 179 177 5911
3750 20 3887 0 107 31 5912
3750 16 3885 0 141 34 5913
3750 20 3885 0 108 65 5914
3764 126 6751 1 128 55 5915
3765 30 3902 0 146 159 5916
3765 12 3901 0 114 44 5917
3765 4 3901 0 102 30 5918
3765 9 3899 0 103 16 5919
3765 35 3901 0 148 23 5920
3765 44 3901 0 2 33 5921
3765 16 3899 0 24 183 5922
3765 16 3903 0 128 55 5923
3765 16 3902 0 99 9 5924
3765 21 3903 0 140 11 5925
3765 23 3900 0 99 17 5926
3765 4 3902 0 124 15 5927
3765 6 3902 0 110 50 5928
3765 12 3901 0 23 55 5929
3765 7 3901 0 150 50 5930
3780 14 3917 0 99 9 5931
3780 24 3916 0 147 18 5932
3780 5 3917 0 155 52 5933
3780 6 3916 0 138 23 5934
3780 12 3916 0 105 143 5935
3780 23 3917 0 162 25 5936
3780 22 3917 0 140 11 5937
3780 32 3917 0 138 26 5938
3780 29 3917 0 127 43 5939
3780 4 3914 0 179 177 5940
3780 10 3914 0 173 61 5941
3780 11 3917 0 145 55 5942
3780 12 3915 0 16 120 5943
3780 6 3917 0 38 84 5944
3780 12 3914 0 151 24 5945
3780 4 3916 0 175 92 5946
3780 8 3914 0 162 60 5947
3780 24 3914 0 103 107 5948
3780 5 3916 0 67 20 5949
3780 18 3915 0 146 119 5950
3780 8 3917 0 125 90 5951
3780 41 3916 0 96 33 5952
3780 23 3916 0 107 31 5953
3780 21 3915 0 99 17 5954
3780 41 6766 1 15 186 5955
3780 13 3915 0 128 55 5956
3780 40 3914 0 173 171 5957
3780 17 3916 0 153 145 5958
3780 18 3918 0 24 183 5959
3793 161 6779 1 7 180 5960
3795 11 3932 0 164 71 5961
3795 6 3933 0 6 88 5962
3795 15 3932 0 24 183 5963
3795 20 3930 0 128 55 5964
3795 9 3934 0 16 120 5965
3795 9 3933 0 128 96 5966
3795 23 3930 0 107 31 5967
3795 7 3932 0 63 113 5968
3795 24 3932 0 146 119 5969
3795 44 3930 0 142 143 5970
3795 38 3930 0 102 140 5971
3795 20 3931 0 141 34 5972
3795 3 3932 0 175 92 5973
3795 23 3932 0 99 17 5974
3795 28 3928 0 138 26 5975
3795 22 3931 0 99 9 5976
3795 6 3932 0 179 177 5977
3795 22 3931 0 147 18 5978
3795 10 3932 0 112 57 5979
3795 21 3930 0 114 44 5980
3795 12 3930 0 125 90 5981
3809 53 6797 1 86 1 5982
3810 6 3946 0 93 57 5983
3810 32 3946 0 173 171 5984
3810 9 3947 0 50 121 5985
3810 34 3945 0 46 189 5986
3810 8 3945 0 108 36 5987
3810 25 3948 0 146 119 5988
3810 19 3946 0 108 65 5989
3810 23 3948 0 139 9 5990
3810 42 3946 0 127 22 5991
3810 10 3946 0 164 71 5992
3810 7 3946 0 112 57 5993
3810 23 3948 0 13 75 5994
3810 32 3946 0 155 122 5995
3810 4 3945 0 102 30 5996
3810 163 6795 1 16 120 5997
3810 41 3947 0 58 139 5998
3810 10 3946 0 95 77 5999
3810 9 3944 0 23 55 6000
3810 26 3943 0 2 33 6001
3810 17 3946 0 46 130 6002
3810 23 3948 0 99 17 6003
3810 11 3950 0 150 50 6004
3810 20 3947 0 114 44 6005
3810 29 3946 0 138 26 6006
3810 17 3946 0 99 9 6007
3810 23 3945 0 107 31 6008
3810 14 3946 0 128 55 6009
3810 30 3947 0 127 43 6010
3810 6 3946 0 178 113 6011
3810 25 3943 0 64 182 6012
3810 20 3944 0 105 143 6013
3823 42 6809 1 95 77 6014
3825 42 3960 0 148 23 6015
3825 26 3961 0 127 22 6016
3825 16 3961 0 86 1 6017
3825 6 3960 0 151 24 6018
3825 6 3962 0 124 15 6019
3825 15 3962 0 24 183 6020
3825 18 3960 0 147 18 6021
3825 12 3962 0 105 143 6022
3825 6 3960 0 63 134 6023
3825 45 3959 0 2 33 6024
3825 8 3960 0 16 120 6025
3825 5 3962 0 6 88 6026
3825 30 3960 0 22 41 6027
3825 9 3963 0 7 180 6028
3825 21 3962 0 140 11 6029
3825 13 3961 0 46 130 6030
3825 13 3960 0 152 41 6031
3825 44 3960 0 96 33 6032
3825 10 3960 0 108 36 6033
3838 64 6823 1 173 61 6034
3840 3 3977 0 182 28 6035
3840 5 3977 0 15 186 6036
3840 9 3976 0 103 16 6037
3840 15 3975 0 141 34 6038
3840 4 3978 0 102 30 6039
3840 4 3976 0 179 177 6040
3840 42 3978 0 148 23 6041
3840 11 3974 0 151 24 6042
3840 42 3976 0 58 139 6043
3840 9 3976 0 108 36 6044
3840 26 3976 0 102 140 6045
3840 42 3976 0 96 33 6046
3840 43 3976 0 127 43 6047
3840 3 3977 0 86 23 6048
3840 16 3976 0 128 55 6049
3840 37 3978 0 146 159 6050
3840 14 3976 0 99 9 6051
3840 22 3979 0 147 18 6052
3840 25 3976 0 113 48 6053
3840 14 3977 0 107 31 6054
3855 22 3990 0 141 34 6055
3855 5 3992 0 175 92 6056
3855 13 3990 0 147 18 6057
3855 25 3991 0 139 9 6058
3855 28 3992 0 96 33 6059
3855 34 3989 0 148 23 6060
3855 6 3990 0 67 20 6061
3855 4 3991 0 102 30 6062
3855 3 3990 0 155 52 6063
3855 18 3990 0 13 75 6064
3855 6 3991 0 138 23 6065
3855 15 3990 0 108 65 6066
3855 6 3992 0 124 15 6067
3855 22 3993 0 180 72 6068
3855 43 3991 0 138 26 6069
3855 4 3994 0 86 23 6070
3855 23 3991 0 103 107 6071
3855 3 3992 0 38 84 6072
3855 25 3992 0 46 130 6073
3855 41 3991 0 33 177 6074
3867 60 6851 1 164 71 6075
3870 18 4005 0 152 41 6076
3870 27 4006 0 146 159 6077
3870 3 4005 0 83 108 6078
3870 9 4006 0 151 24 6079
3870 42 4004 0 58 139 6080
3870 3 4006 0 102 30 6081
3870 40 4008 0 33 177 6082
3870 8 4004 0 95 77 6083
3870 18 4006 0 107 31 6084
3870 22 4008 0 128 55 6085
3870 17 4005 0 186 125 6086
3870 4 4009 0 138 23 6087
3870 16 4004 0 99 17 6088
3870 15 4005 0 143 170 6089
3870 11 4007 0 108 36 6090
3870 42 4005 0 127 43 6091
3870 12 4007 0 103 107 6092
3870 39 4006 0 72 131 6093
3870 8 4005 0 164 71 6094
3870 42 4003 0 127 22 6095
3870 9 4005 0 23 55 6096
3870 6 4006 0 103 16 6097
3870 40 4003 0 138 26 6098
3870 17 4006 0 114 44 6099
3870 5 4006 0 182 28 6100
3870 36 4005 0 148 23 6101
3885 10 4020 0 103 16 6102
3885 12 4020 0 141 34 6103
3885 12 4021 0 173 61 6104
3885 11 4023 0 128 96 6105
3885 23 4020 0 140 11 6106
3885 17 4022 0 107 31 6107
3885 6 4021 0 108 36 6108
3885 17 4020 0 180 72 6109
3885 4 4023 0 6 88 6110
3885 39 4021 0 96 33 6111
3885 3 4020 0 110 50 6112
3885 43 4021 0 33 177 6113
3885 19 4023 0 113 48 6114
3885 37 4022 0 148 23 6115
3885 11 4021 0 50 121 6116
3885 36 4020 0 138 26 6117
3885 6 4022 0 102 30 6118
3885 33 4021 0 127 43 6119
3885 8 4021 0 95 1 6120
3885 16 4021 0 99 17 6121
3885 4 4023 0 138 23 6122
3885 4 4022 0 83 108 6123
3885 36 4019 0 127 22 6124
3885 44 4023 0 46 189 6125
3885 12 4022 0 112 57 6126
3890 131 6875 1 66 134 6127
3892 79 6877 1 155 52 6128
3895 59 6881 1 148 23 6129
3900 33 4035 0 127 22 6130
3900 26 4036 0 22 41 6131
3900 16 4036 0 105 143 6132
3900 17 4035 0 162 25 6133
3900 29 4037 0 2 33 6134
3900 3 4035 0 15 186 6135
3900 36 4036 0 138 26 6136
3900 18 4035 0 99 9 6137
3900 21 4037 0 113 48 6138
3900 25 4037 0 102 140 6139
3900 6 4036 0 102 30 6140
3900 19 4035 0 24 183 6141
3900 23 4036 0 64 182 6142
3900 19 4037 0 108 65 6143
3908 75 6895 1 103 16 6144
3915 37 4051 0 142 143 6145
3915 12 4052 0 105 143 6146
3915 45 4049 0 155 122 6147
3915 6 4051 0 173 61 6148
3915 18 4050 0 86 1 6149
3915 10 4052 0 162 60 6150
3915 30 4049 0 66 134 6151
3915 19 4050 0 128 55 6152
3915 3 4051 0 38 84 6153
3915 4 4051 0 124 15 6154
3915 17 4051 0 107 31 6155
3915 20 4054 0 140 11 6156
3915 11 4049 0 150 50 6157
3915 8 4050 0 95 1 6158
3915 23 4051 0 113 48 6159
3915 6 4050 0 110 50 6160
3915 22 4049 0 143 170 6161
3915 4 4051 0 15 186 6162
3915 45 4051 0 127 43 6163
3915 41 4049 0 72 131 6164
3915 13 4048 0 114 44 6165
3915 14 4050 0 99 9 6166
3915 4 4052 0 102 30 6167
3915 13 4051 0 139 9 6168
3915 12 4051 0 23 55 6169
3915 6 4052 0 138 23 6170
3920 35 6906 1 13 75 6171
3930 8 4068 0 108 36 6172
3930 25 4067 0 99 9 6173
3930 6 4067 0 83 108 6174
3930 22 4067 0 180 72 6175
3930 32 4067 0 148 23 6176
3930 37 4066 0 96 33 6177
3930 13 4065 0 114 44 6178
3930 14 4069 0 105 143 6179
3930 16 4066 0 141 34 6180
3930 20 4065 0 107 31 6181
3930 13 4067 0 113 48 6182
3930 6 4067 0 93 57 6183
3930 35 4066 0 72 131 6184
3930 11 4068 0 95 77 6185
3930 73 6917 1 110 50 6186
3930 29 4067 0 142 143 6187
3930 36 4063 0 127 22 6188
3930 34 4066 0 22 41 6189
3939 31 6924 1 138 26 6190
3945 5 4082 0 15 186 6191
3945 11 4083 0 125 90 6192
3945 41 4081 0 127 22 6193
3945 4 4080 0 178 113 6194
3945 29 4081 0 148 23 6195
3945 15 4080 0 186 125 6196
3945 12 4079 0 86 1 6197
3945 16 4081 0 128 55 6198
3945 25 4083 0 139 9 6199
3945 20 4076 0 24 183 6200
3945 39 4081 0 138 26 6201
3945 35 4081 0 142 143 6202
3945 19 4082 0 140 11 6203
3945 37 4083 0 173 171 6204
3945 29 4081 0 127 43 6205
3945 7 4081 0 91 1 6206
3945 15 4081 0 180 72 6207
3945 15 4084 0 13 75 6208
3945 22 4081 0 153 145 6209
3945 4 4082 0 110 50 6210
3945 34 4079 0 96 33 6211
3945 11 4080 0 7 180 6212
3960 13 4095 0 147 18 6213
3960 9 4096 0 112 57 6214
3960 12 4097 0 162 60 6215
3960 25 4099 0 22 41 6216
3960 5 4096 0 138 23 6217
3960 11 4095 0 151 24 6218
3960 3 4097 0 155 52 6219
3960 23 4096 0 99 17 6220
3960 6 4097 0 91 1 6221
3960 35 4096 0 138 26 6222
3960 10 4097 0 173 61 6223
3960 17 4096 0 113 48 6224
3960 25 4097 0 128 55 6225
3960 38 4095 0 2 33 6226
3960 45 4098 0 155 122 6227
3960 34 4094 0 127 22 6228
3960 19 4096 0 103 107 6229
3960 13 4096 0 99 9 6230
3960 19 4095 0 140 11 6231
3960 6 4096 0 110 50 6232
3960 19 4096 0 162 25 6233
3960 7 4095 0 108 36 6234
3960 26 4096 0 96 33 6235
3960 25 4096 0 139 9 6236
3960 3 4096 0 124 15 6237
3960 18 4097 0 107 31 6238
3960 12 4095 0 125 90 6239
3975 6 4110 0 24 195 6240
3975 8 4110 0 145 55 6241
3975 5 4111 0 15 186 6242
3975 25 4110 0 186 125 6243
3975 3 4111 0 86 23 6244
3975 6 4112 0 103 16 6245
3975 9 4111 0 63 113 6246
3975 3 4111 0 175 92 6247
3975 5 4113 0 102 30 6248
3975 3 4110 0 138 23 6249
3975 16 4110 0 113 48 6250
3975 25 4112 0 99 17 6251
3975 38 4111 0 72 131 6252
3975 10 4113 0 108 36 6253
3975 26 4112 0 96 33 6254
3975 11 4111 0 112 57 6255
3975 13 4114 0 152 41 6256
3975 12 4111 0 105 143 6257
3975 25 4110 0 46 130 6258
3975 6 4112 0 173 61 6259
3975 13 4108 0 114 44 6260
3986 32 6970 1 152 41 6261
3990 6 4126 0 23 55 6262
3990 17 4125 0 86 1 6263
3990 29 4125 0 148 23 6264
3990 20 4125 0 113 48 6265
3990 11 4127 0 173 61 6266
3990 43 4126 0 173 171 6267
3990 14 4126 0 139 9 6268
3990 12 4124 0 108 65 6269
3990 12 4126 0 151 24 6270
3990 13 4124 0 140 11 6271
3990 6 4125 0 93 57 6272
3990 7 4125 0 112 57 6273
3990 5 4127 0 178 113 6274
3990 11 4125 0 145 55 6275
3990 13 4127 0 99 17 6276
3990 44 4126 0 102 140 6277
3990 42 4125 0 155 122 6278
3990 12 4125 0 161 44 6279
3990 6 4127 0 103 16 6280
3990 6 4125 0 95 77 6281
3990 20 4125 0 103 107 6282
3990 20 4126 0 13 75 6283
4004 61 6989 1 107 31 6284
4005 3 4140 0 93 57 6285
4005 25 4139 0 113 48 6286
4005 25 4139 0 108 65 6287
4005 36 4141 0 66 134 6288
4005 25 4140 0 162 25 6289
4005 25 4141 0 127 22 6290
4005 29 4141 0 2 33 6291
4005 8 4142 0 63 113 6292
4005 12 4142 0 140 11 6293
4005 39 4140 0 102 140 6294
4005 3 4142 0 86 23 6295
4005 18 4140 0 99 17 6296
4005 17 4141 0 147 18 6297
4005 10 4141 0 162 60 6298
4005 3 4143 0 102 30 6299
4005 8 4140 0 95 77 6300
4005 7 4142 0 16 120 6301
4005 4 4141 0 110 50 6302
4005 14 4143 0 114 44 6303
4005 16 4140 0 153 145 6304
4005 10 4142 0 103 16 6305
4005 35 4141 0 58 139 6306
4005 42 4142 0 22 41 6307
4005 26 4139 0 155 122 6308
4005 21 4142 0 139 9 6309
4017 58 7003 1 83 108 6310
4020 5 4156 0 138 23 6311
4020 3 4155 0 83 108 6312
4020 23 4157 0 147 18 6313
4020 18 4156 0 186 125 6314
4020 26 4156 0 2 33 6315
4020 6 4158 0 155 52 6316
4020 12 4153 0 91 1 6317
4020 11 4157 0 50 121 6318
4020 9 4156 0 150 50 6319
4020 6 4156 0 110 50 6320
4020 9 4157 0 95 77 6321
4020 21 4156 0 99 17 6322
4020 34 4155 0 46 189 6323
4020 6 4156 0 108 36 6324
4020 15 4156 0 128 55 6325
4020 19 4155 0 108 65 6326
4020 37 4154 0 96 33 6327
4020 12 4155 0 162 25 6328
4020 7 4156 0 103 16 6329
4020 13 4157 0 13 75 6330
4020 17 4156 0 180 72 6331
4020 5 4156 0 67 20 6332
4020 28 4155 0 127 22 6333
4020 28 4155 0 127 43 6334
4020 6 4157 0 125 90 6335
4020 17 4156 0 153 145 6336
4020 19 4155 0 141 34 6337
4020 23 4157 0 46 130 6338
4035 22 4173 0 139 9 6339
4035 37 4171 0 2 33 6340
4035 3 4171 0 38 84 6341
4035 22 4174 0 140 11 6342
4035 24 4171 0 64 182 6343
4035 20 4173 0 128 55 6344
4035 3 4172 0 6 88 6345
4035 4 4170 0 86 23 6346
4035 4 4170 0 138 23 6347
4035 34 4172 0 155 122 6348
4035 7 4171 0 7 180 6349
4035 8 4169 0 103 16 6350
4035 11 4171 0 63 113 6351
4035 9 4172 0 162 60 6352
4035 19 4173 0 147 18 6353
4035 43 4172 0 148 23 6354
4035 3 4172 0 155 52 6355
4043 52 7027 1 147 18 6356
4050 43 4187 0 148 23 6357
4050 14 4186 0 161 44 6358
4050 20 4185 0 147 18 6359
4050 4 4186 0 138 23 6360
4050 6 4185 0 103 16 6361
4050 26 4184 0 138 26 6362
4050 33 4186 0 72 131 6363
4050 25 4183 0 103 107 6364
4050 16 4186 0 13 75 6365
4050 42 4187 0 33 177 6366
4050 37 4186 0 2 33 6367
4050 6 4186 0 93 57 6368
4050 14 4187 0 139 9 6369
4050 19 4186 0 141 34 6370
4050 10 4186 0 164 71 6371
4050 24 4186 0 114 44 6372
4050 24 4185 0 46 130 6373
4050 25 4186 0 127 22 6374
4050 19 4183 0 107 31 6375
4050 25 4187 0 86 1 6376
4050 5 4185 0 124 15 6377
4050 21 4187 0 128 55 6378
4050 42 4186 0 46 189 6379
4050 64 7036 1 175 92 6380
4050 13 4184 0 140 11 6381
4050 6 4186 0 112 57 6382
4050 8 4185 0 108 36 6383
4062 38 7050 1 173 171 6384
4065 14 4202 0 107 31 6385
4065 24 4200 0 141 34 6386
4065 14 4201 0 113 48 6387
4065 20 4199 0 108 65 6388
4065 8 4203 0 95 1 6389
4065 6 4200 0 63 113 6390
4065 39 4201 0 127 22 6391
4065 29 4202 0 58 139 6392
4065 37 4201 0 2 33 6393
4065 12 4201 0 95 77 6394
4065 22 4203 0 153 145 6395
4065 6 4203 0 112 57 6396
4065 13 4202 0 99 9 6397
4065 4 4200 0 124 15 6398
4065 11 4200 0 91 1 6399
4065 15 4201 0 147 18 6400
4065 17 4200 0 140 11 6401
4065 20 4201 0 99 17 6402
4065 11 4198 0 23 55 6403
4065 20 4202 0 146 119 6404
4065 6 4200 0 24 195 6405
4065 34 4201 0 96 33 6406
4080 22 4214 0 152 41 6407
4080 44 4215 0 127 43 6408
4080 24 4217 0 64 182 6409
4080 28 4217 0 33 177 6410
4080 11 4216 0 173 61 6411
4080 3 4216 0 182 28 6412
4080 8 4219 0 7 180 6413
4080 35 4217 0 22 41 6414
4080 22 4217 0 24 183 6415
4080 17 4216 0 105 143 6416
4080 15 4217 0 147 18 6417
4080 40 4218 0 96 33 6418
4080 3 4217 0 63 134 6419
4080 10 4214 0 103 16 6420
4080 3 4216 0 6 88 6421
4080 13 4218 0 99 9 6422
4080 3 4216 0 124 15 6423
4080 16 4216 0 128 55 6424
4080 24 4215 0 113 48 6425
4080 20 4217 0 107 31 6426
4080 42 4218 0 146 159 6427
4080 23 4216 0 139 9 6428
4095 23 4230 0 140 11 6429
4095 40 4233 0 46 189 6430
4095 30 4230 0 127 43 6431
4095 4 4228 0 182 28 6432
4095 23 4229 0 139 9 6433
4095 28 4232 0 146 159 6434
4095 25 4232 0 107 31 6435
4095 24 4233 0 128 55 6436
4095 4 4231 0 179 177 6437
4095 25 4229 0 146 119 6438
4095 22 4232 0 147 18 6439
4095 13 4231 0 86 1 6440
4095 24 4229 0 99 17 6441
4095 34 4232 0 148 23 6442
4095 5 4232 0 93 57 6443
4095 37 4231 0 127 22 6444
4095 12 4232 0 95 77 6445
4095 18 4230 0 64 182 6446
4095 7 4231 0 108 36 6447
4095 25 4231 0 24 183 6448
4095 6 4229 0 138 23 6449
4095 22 4230 0 99 9 6450
4095 15 4232 0 113 48 6451
4095 3 4230 0 110 50 6452
4095 25 4231 0 138 26 6453
4095 11 4232 0 151 24 6454
4095 19 4229 0 114 44 6455
4095 4 4232 0 15 186 6456
4110 8 4247 0 108 36 6457
4110 45 4247 0 46 189 6458
4110 4 4247 0 38 84 6459
4110 18 4247 0 114 44 6460
4110 19 4245 0 99 17 6461
4110 10 4245 0 145 55 6462
4110 11 4247 0 103 16 6463
4110 23 4247 0 46 130 6464
4110 35 4245 0 155 122 6465
4110 22 4246 0 152 41 6466
4110 10 4246 0 125 90 6467
4110 45 4245 0 127 43 6468
4110 16 4248 0 24 183 6469
4110 3 4246 0 102 30 6470
4110 43 4246 0 138 26 6471
4110 3 4247 0 110 50 6472
4110 14 4246 0 140 11 6473
4110 6 4246 0 6 88 6474
4110 9 4246 0 112 57 6475
4110 11 4247 0 50 121 6476
4110 11 4246 0 150 50 6477
4110 6 4246 0 86 23 6478
4110 5 4247 0 138 23 6479
4110 33 4246 0 2 33 6480
4110 18 4244 0 105 143 6481
4110 44 4245 0 148 23 6482
4110 12 4246 0 128 96 6483
4110 10 4244 0 7 180 6484
4110 6 4247 0 151 24 6485
4110 16 4245 0 113 48 6486
4125 14 4261 0 140 11 6487
4125 20 4262 0 186 125 6488
4125 20 4260 0 114 44 6489
4125 10 4260 0 112 57 6490
4125 23 4260 0 64 182 6491
4125 10 4263 0 173 61 6492
4125 13 4261 0 24 183 6493
4125 26 4261 0 127 43 6494
4125 5 4262 0 15 186 6495
4125 10 4265 0 50 121 6496
4125 32 4261 0 2 33 6497
4125 4 4260 0 102 30 6498
4125 11 4261 0 63 113 6499
4125 12 4263 0 153 145 6500
4125 10 4259 0 108 36 6501
4125 11 4262 0 95 77 6502
4125 29 4258 0 127 22 6503
4125 12 4262 0 107 31 6504
4125 33 4262 0 148 23 6505
4125 27 4261 0 102 140 6506
4125 12 4260 0 95 1 6507
4125 17 4260 0 162 25 6508
4125 21 4260 0 146 119 6509
4125 15 4263 0 147 18 6510
4125 14 4261 0 46 130 6511
4125 9 4261 0 150 50 6512
4125 4 4260 0 124 15 6513
4125 24 4261 0 103 107 6514
4125 24 4261 0 152 41 6515
4140 27 4277 0 102 140 6516
4140 9 4275 0 108 36 6517
4140 3 4276 0 182 28 6518
4140 16 4276 0 141 34 6519
4140 12 4276 0 162 25 6520
4140 21 4273 0 146 119 6521
4140 26 4277 0 96 33 6522
4140 24 4277 0 128 55 6523
4140 27 4275 0 127 43 6524
4140 9 4277 0 24 195 6525
4140 35 4277 0 127 22 6526
4140 30 4277 0 148 23 6527
4140 22 4274 0 180 72 6528
4140 3 4278 0 63 134 6529
4140 22 4276 0 147 18 6530
4140 5 4275 0 124 15 6531
4140 7 4275 0 112 57 6532
4140 41 4277 0 72 131 6533
4140 37 4275 0 138 26 6534
4140 12 4275 0 103 16 6535
4140 4 4276 0 6 88 6536
4140 6 4278 0 110 50 6537
4140 20 4274 0 140 11 6538
4140 8 4273 0 145 55 6539
4140 26 4275 0 155 122 6540
4147 75 7134 1 127 22 6541
4155 16 4291 0 103 107 6542
4155 5 4292 0 67 20 6543
4155 23 4292 0 107 31 6544
4155 10 4291 0 125 90 6545
4155 6 4291 0 15 186 6546
4155 6 4289 0 128 96 6547
4155 43 4291 0 66 134 6548
4155 37 4291 0 96 33 6549
4155 13 4289 0 113 48 6550
4155 30 4291 0 142 143 6551
4155 25 4291 0 147 18 6552
4155 6 4291 0 138 23 6553
4155 36 4290 0 2 33 6554
4155 22 4293 0 114 44 6555
4155 17 4290 0 140 11 6556
4155 31 4290 0 127 43 6557
4155 12 4291 0 103 16 6558
4155 36 4291 0 148 23 6559
4155 21 4291 0 141 34 6560
4155 12 4290 0 161 44 6561
4155 19 4292 0 86 1 6562
4155 5 4289 0 93 57 6563
4155 5 4290 0 179 177 6564
4155 36 4290 0 138 26 6565
4169 60 7155 1 103 107 6566
4170 12 4306 0 146 119 6567
4170 10 4304 0 103 16 6568
4170 6 4305 0 38 84 6569
4170 6 4305 0 7 180 6570
4170 38 4305 0 33 177 6571
4170 9 4305 0 112 57 6572
4170 4 4305 0 102 30 6573
4170 5 4306 0 138 23 6574
4170 36 4305 0 127 43 6575
4170 3 4306 0 63 134 6576
4170 9 4308 0 162 60 6577
4170 14 4305 0 103 107 6578
4170 14 4307 0 105 143 6579
4170 8 4305 0 50 121 6580
4170 26 4305 0 66 134 6581
4170 10 4305 0 145 55 6582
4170 22 4304 0 114 44 6583
4170 13 4306 0 107 31 6584
4170 22 4305 0 128 55 6585
4170 13 4305 0 99 9 6586
4170 38 4308 0 96 33 6587
4170 13 4305 0 161 44 6588
4170 3 4306 0 124 15 6589
4170 3 4307 0 93 57 6590
4170 19 4305 0 46 130 6591
4170 23 4305 0 139 9 6592
4170 45 4305 0 142 143 6593
4170 15 4308 0 141 34 6594
4185 25 4320 0 24 183 6595
4185 29 4322 0 33 177 6596
4185 8 4321 0 112 57 6597
4185 24 4321 0 141 34 6598
4185 31 4322 0 148 23 6599
4185 23 4321 0 86 1 6600
4185 4 4323 0 138 23 6601
4185 6 4322 0 124 15 6602
4185 9 4322 0 125 90 6603
4185 24 4322 0 186 125 6604
4185 37 4322 0 127 22 6605
4185 11 4322 0 7 180 6606
4185 18 4322 0 162 25 6607
4185 10 4322 0 150 50 6608
4185 4 4320 0 102 30 6609
4185 5 4320 0 6 88 6610
4185 23 4322 0 147 18 6611
4185 16 4320 0 99 17 6612
4185 4 4320 0 93 57 6613
4185 18 4320 0 99 9 6614
4185 3 4322 0 155 52 6615
4185 21 4321 0 107 31 6616
4185 42 4319 0 66 134 6617
4191 195 7179 1 91 1 6618
4197 79 7181 1 150 50 6619
4198 69 7185 1 24 195 6620
4200 14 4336 0 161 44 6621
4200 13 4334 0 147 18 6622
4200 11 4334 0 16 120 6623
4200 10 4336 0 128 96 6624
4200 29 4336 0 72 131 6625
4200 21 4336 0 113 48 6626
4200 33 4334 0 173 171 6627
4200 45 4337 0 2 33 6628
4200 33 4335 0 127 22 6629
4200 3 4335 0 124 15 6630
4200 25 4336 0 142 143 6631
4200 32 4337 0 22 41 6632
4200 6 4336 0 63 113 6633
4200 25 4337 0 143 170 6634
4200 21 4335 0 108 65 6635
4200 15 4334 0 140 11 6636
4200 6 4338 0 179 177 6637
4200 24 4336 0 141 34 6638
4200 4 4338 0 138 23 6639
4200 42 4337 0 148 23 6640
4200 7 4336 0 112 57 6641
4200 25 4339 0 99 17 6642
4200 44 4338 0 155 122 6643
4200 31 4335 0 66 134 6644
4200 7 4336 0 23 55 6645
4200 14 4332 0 107 31 6646
4200 16 4335 0 146 119 6647
4200 44 4337 0 146 159 6648
4200 4 4337 0 102 30 6649
4204 75 7191 1 155 122 6650
4211 106 7196 1 110 50 6651
4215 4 4352 0 124 15 6652
4215 36 4351 0 96 33 6653
4215 14 4351 0 99 9 6654
4215 33 4351 0 46 189 6655
4215 22 4352 0 128 55 6656
4215 26 4353 0 148 23 6657
4215 11 4351 0 63 113 6658
4215 3 4351 0 138 23 6659
4215 9 4349 0 103 16 6660
4215 5 4352 0 155 52 6661
4215 44 4350 0 146 159 6662
4215 25 4348 0 46 130 6663
4215 4 4350 0 102 30 6664
4215 35 4350 0 127 22 6665
4215 9 4350 0 162 60 6666
4215 27 4352 0 33 177 6667
4215 22 4350 0 147 18 6668
4216 121 7201 1 141 34 6669
4227 58 7214 1 99 9 6670
4230 18 4365 0 147 18 6671
4230 6 4364 0 182 28 6672
4230 3 4365 0 138 23 6673
4230 35 4364 0 22 41 6674
4230 13 4368 0 103 107 6675
4230 3 4368 0 155 52 6676
4230 11 4365 0 125 90 6677
4230 36 4365 0 58 139 6678
4230 6 4367 0 128 96 6679
4230 22 4362 0 108 65 6680
4230 6 4366 0 110 50 6681
4230 39 4366 0 66 134 6682
4230 16 4368 0 113 48 6683
4230 27 4366 0 173 171 6684
4230 32 4365 0 127 22 6685
4230 21 4367 0 152 41 6686
4230 11 4367 0 112 57 6687
4230 14 4367 0 24 183 6688
4230 9 4368 0 173 61 6689
4230 5 4365 0 83 108 6690
4230 25 4366 0 99 17 6691
4230 18 4368 0 139 9 6692
4230 9 4367 0 24 195 6693
4230 6 4365 0 38 84 6694
4230 36 4367 0 2 33 6695
4230 9 4365 0 108 36 6696
4230 8 4367 0 95 77 6697
4230 32 4365 0 138 26 6698
4230 25 4364 0 99 9 6699
4230 6 4367 0 93 57 6700
4230 41 4366 0 148 23 6701
4230 23 4367 0 114 44 6702
4230 25 4368 0 140 11 6703
4241 72 7227 1 46 130 6704
4245 11 4380 0 95 1 6705
4245 7 4382 0 103 16 6706
4245 22 4384 0 99 17 6707
4245 45 4381 0 66 134 6708
4245 32 4382 0 22 41 6709
4245 6 4381 0 24 195 6710
4245 5 4380 0 83 108 6711
4245 41 4380 0 148 23 6712
4245 9 4381 0 128 96 6713
4245 22 4381 0 24 183 6714
4245 9 4377 0 23 55 6715
4245 4 4381 0 38 84 6716
4245 4 4382 0 179 177 6717
4245 8 4381 0 151 24 6718
4245 22 4385 0 141 34 6719
4245 12 4380 0 161 44 6720
4245 7 4382 0 145 55 6721
4245 9 4382 0 173 61 6722
4245 34 4382 0 138 26 6723
4245 20 4380 0 139 9 6724
4260 22 4398 0 140 11 6725
4260 13 4394 0 99 9 6726
4260 12 4395 0 24 195 6727
4260 19 4397 0 103 107 6728
4260 31 4396 0 148 23 6729
4260 3 4396 0 178 113 6730
4260 6 4397 0 110 50 6731
4260 27 4395 0 96 33 6732
4260 7 4394 0 95 1 6733
4260 16 4395 0 113 48 6734
4260 11 4394 0 16 120 6735
4260 8 4398 0 7 180 6736
4260 10 4395 0 145 55 6737
4260 23 4395 0 86 1 6738
4260 44 4398 0 127 43 6739
4260 12 4396 0 146 119 6740
4260 27 4397 0 2 33 6741
4260 11 4399 0 128 96 6742
4260 33 4397 0 33 177 6743
4260 20 4395 0 99 17 6744
4260 6 4397 0 67 20 6745
4260 11 4394 0 103 16 6746
4270 31 7254 1 7 180 6747
4275 32 4414 0 155 122 6748
4275 21 4412 0 162 25 6749
4275 19 4410 0 99 9 6750
4275 7 4412 0 112 57 6751
4275 32 4412 0 33 177 6752
4275 25 4412 0 114 44 6753
4275 3 4409 0 86 23 6754
4275 12 4410 0 63 113 6755
4275 25 4411 0 127 22 6756
4275 32 4412 0 173 171 6757
4275 25 4409 0 113 48 6758
4275 4 4411 0 38 84 6759
4275 28 4410 0 127 43 6760
4275 25 4414 0 141 34 6761
4275 34 4411 0 148 23 6762
4275 25 4410 0 24 183 6763
4275 13 4410 0 99 17 6764
4275 6 4411 0 125 90 6765
4275 40 4409 0 138 26 6766
4275 4 4411 0 179 177 6767
4275 11 4412 0 24 195 6768
4275 10 4411 0 108 36 6769
4275 17 4410 0 161 44 6770
4275 19 4410 0 108 65 6771
4275 35 4410 0 58 139 6772
4275 21 4411 0 46 130 6773
4275 5 4411 0 138 23 6774
4275 6 4412 0 67 20 6775
4275 3 4411 0 93 57 6776
4275 44 4413 0 22 41 6777
4275 23 4414 0 147 18 6778
4288 160 7274 1 162 25 6779
4290 19 4427 0 99 17 6780
4290 8 4425 0 112 57 6781
4290 25 4427 0 102 140 6782
4290 6 4426 0 24 195 6783
4290 19 4428 0 24 183 6784
4290 5 4427 0 15 186 6785
4290 33 4425 0 127 43 6786
4290 6 4428 0 102 30 6787
4290 9 4427 0 95 77 6788
4290 12 4425 0 108 36 6789
4290 22 4428 0 13 75 6790
4290 23 4427 0 152 41 6791
4290 21 4425 0 108 65 6792
4290 17 4427 0 147 18 6793
4290 6 4425 0 179 177 6794
4290 24 4426 0 46 130 6795
4290 6 4426 0 124 15 6796
4290 12 4428 0 91 1 6797
4290 9 4427 0 7 180 6798
4290 11 4426 0 95 1 6799
4290 13 4427 0 141 34 6800
4290 24 4426 0 140 11 6801
4290 29 4427 0 148 23 6802
4290 15 4425 0 139 9 6803
4290 8 4425 0 63 113 6804
4290 13 4428 0 113 48 6805
4292 54 7276 1 114 44 6806
4292 108 7280 1 72 131 6807
4295 161 7279 1 179 177 6808
4305 13 4440 0 107 31 6809
4305 41 4441 0 148 23 6810
4305 10 4440 0 162 60 6811
4305 31 4440 0 127 22 6812
4305 11 4439 0 95 77 6813
4305 27 4440 0 96 33 6814
4305 3 4443 0 138 23 6815
4305 4 4442 0 38 84 6816
4305 4 4441 0 124 15 6817
4305 32 4442 0 142 143 6818
4305 21 4441 0 153 145 6819
4305 21 4443 0 64 182 6820
4305 19 4441 0 114 44 6821
4305 29 4441 0 33 177 6822
4305 37 4441 0 102 140 6823
4305 8 4441 0 125 90 6824
4305 3 4441 0 93 57 6825
4305 9 4438 0 91 1 6826
4305 12 4440 0 141 34 6827
4305 3 4443 0 110 50 6828
4305 5 4441 0 6 88 6829
4305 16 4440 0 180 72 6830
4305 12 4439 0 140 11 6831
4305 12 4439 0 139 9 6832
4305 5 4441 0 15 186 6833
4320 43 4457 0 58 139 6834
4320 10 4453 0 95 77 6835
4320 3 4456 0 138 23 6836
4320 11 4457 0 91 1 6837
4320 6 4455 0 110 50 6838
4320 9 4457 0 103 16 6839
4320 35 4456 0 146 159 6840
4320 10 4457 0 162 60 6841
4320 38 4456 0 96 33 6842
4320 24 4459 0 146 119 6843
4320 14 4456 0 46 130 6844
4320 28 4454 0 138 26 6845
4320 12 4455 0 63 113 6846
4320 11 4456 0 151 24 6847
4320 6 4457 0 182 28 6848
4320 34 4455 0 102 140 6849
4320 6 4453 0 7 180 6850
4320 12 4456 0 128 96 6851
4320 11 4456 0 108 36 6852
4320 10 4456 0 173 61 6853
4320 12 4456 0 140 11 6854
4320 42 4455 0 2 33 6855
4321 50 7308 1 162 60 6856
4335 8 4471 0 103 16 6857
4335 9 4469 0 150 50 6858
4335 22 4472 0 113 48 6859
4335 18 4471 0 99 17 6860
4335 39 4471 0 58 139 6861
4335 22 4472 0 128 55 6862
4335 4 4473 0 6 88 6863
4335 36 4469 0 148 23 6864
4335 19 4472 0 103 107 6865
4335 10 4471 0 128 96 6866
4335 44 4470 0 22 41 6867
4335 6 4472 0 95 1 6868
4335 31 4470 0 127 22 6869
4335 6 4470 0 23 55 6870
4335 41 4471 0 138 26 6871
4335 5 4471 0 124 15 6872
4335 42 4471 0 33 177 6873
4335 22 4469 0 24 183 6874
4335 23 4473 0 143 170 6875
4335 37 4469 0 96 33 6876
4335 6 4473 0 138 23 6877
4335 15 4469 0 107 31 6878
4335 6 4472 0 108 36 6879
4339 46 7327 1 153 145 6880
4341 50 7328 1 6 88 6881
4346 42 7332 1 112 57 6882
4350 11 4484 0 128 96 6883
4350 7 4486 0 63 113 6884
4350 14 4486 0 114 44 6885
4350 9 4488 0 103 16 6886
4350 35 4487 0 138 26 6887
4350 19 4484 0 147 18 6888
4350 15 4486 0 162 25 6889
4350 10 4485 0 95 1 6890
4350 6 4486 0 145 55 6891
4350 6 4485 0 178 113 6892
4350 23 4487 0 152 41 6893
4350 29 4483 0 102 140 6894
4350 12 4485 0 112 57 6895
4350 21 4488 0 108 65 6896
4350 15 4485 0 99 17 6897
4350 4 4485 0 102 30 6898
4350 23 4486 0 107 31 6899
4350 22 4484 0 128 55 6900
4350 18 4487 0 153 145 6901
4350 8 4486 0 150 50 6902
4350 14 4485 0 24 183 6903
4350 3 4486 0 110 50 6904
4353 31 7340 1 145 55 6905
4365 17 4504 0 140 11 6906
4365 18 4500 0 64 182 6907
4365 8 4502 0 23 55 6908
4365 20 4503 0 186 125 6909
4365 12 4503 0 95 1 6910
4365 12 4504 0 103 16 6911
4365 20 4500 0 128 55 6912
4365 10 4500 0 112 57 6913
4365 42 4501 0 2 33 6914
4365 4 4500 0 182 28 6915
4365 5 4504 0 63 134 6916
4365 6 4501 0 110 50 6917
4365 15 4502 0 99 17 6918
4365 32 4501 0 96 33 6919
4365 6 4503 0 83 108 6920
4365 14 4501 0 153 145 6921
4365 40 4502 0 127 43 6922
4365 3 4502 0 67 20 6923
4380 35 4518 0 96 33 6924
4380 9 4516 0 145 55 6925
4380 12 4513 0 162 60 6926
4380 4 4517 0 63 134 6927
4380 25 4517 0 99 9 6928
4380 20 4514 0 128 55 6929
4380 5 4516 0 86 23 6930
4380 8 4515 0 125 90 6931
4380 41 4516 0 142 143 6932
4380 6 4516 0 110 50 6933
4380 14 4516 0 146 119 6934
4380 21 4517 0 140 11 6935
4380 25 4515 0 64 182 6936
4380 14 4516 0 114 44 6937
4380 13 4514 0 180 72 6938
4380 37 4516 0 127 43 6939
4380 36 4515 0 138 26 6940
4380 40 4519 0 148 23 6941
4380 6 4514 0 150 50 6942
4380 9 4515 0 24 195 6943
4380 9 4513 0 151 24 6944
4380 14 4517 0 141 34 6945
4390 112 7376 1 127 43 6946
4394 183 7381 1 127 22 6947
4395 38 4528 0 127 22 6948
4395 11 4532 0 24 195 6949
4395 3 4531 0 138 23 6950
4395 8 4530 0 145 55 6951
4395 20 4533 0 103 107 6952
4395 24 4530 0 107 31 6953
4395 14 4529 0 114 44 6954
4395 38 4529 0 148 23 6955
4395 13 4530 0 147 18 6956
4395 6 4531 0 63 134 6957
4395 25 4531 0 105 143 6958
4395 14 4531 0 141 34 6959
4395 10 4531 0 91 1 6960
4395 14 4531 0 146 119 6961
4395 16 4533 0 140 11 6962
4395 3 4532 0 124 15 6963
4395 40 4531 0 66 134 6964
4410 22 4546 0 146 119 6965
4410 10 4547 0 91 1 6966
4410 6 4548 0 124 15 6967
4410 4 4546 0 182 28 6968
4410 31 4546 0 148 23 6969
4410 16 4548 0 180 72 6970
4410 14 4546 0 114 44 6971
4410 20 4548 0 99 17 6972
4410 9 4545 0 103 16 6973
4410 3 4546 0 38 84 6974
4410 18 4544 0 24 183 6975
4410 36 4545 0 127 22 6976
4410 13 4546 0 113 48 6977
4410 28 4544 0 142 143 6978
4410 22 4549 0 139 9 6979
4410 22 4545 0 140 11 6980
4410 12 4546 0 128 96 6981
4410 9 4546 0 95 1 6982
4410 12 4545 0 112 57 6983
4410 21 4544 0 141 34 6984
4410 14 4546 0 99 9 6985
4410 11 4545 0 108 36 6986
4410 3 4547 0 110 50 6987
4410 6 4547 0 102 30 6988
4419 50 7404 1 66 134 6989
4425 11 4559 0 151 24 6990
4425 43 4562 0 148 23 6991
4425 6 4561 0 63 134 6992
4425 11 4561 0 108 36 6993
4425 5 4564 0 102 30 6994
4425 6 4561 0 50 121 6995
4425 6 4561 0 175 92 6996
4425 38 4560 0 33 177 6997
4425 16 4561 0 99 9 6998
4425 3 4563 0 124 15 6999
4425 14 4563 0 139 9 7000
4425 6 4560 0 150 50 7001
4425 33 4560 0 127 22 7002
4425 15 4559 0 141 34 7003
4425 3 4563 0 182 28 7004
4425 23 4561 0 180 72 7005
4425 78 7408 1 67 20 7006
4425 22 4560 0 99 17 7007
4425 6 4562 0 6 88 7008
4425 11 4561 0 164 71 7009
4425 6 4559 0 86 23 7010
4425 23 4561 0 143 170 7011
4425 22 4562 0 186 125 7012
4440 5 4574 0 102 30 7013
4440 36 4578 0 72 131 7014
4440 4 4577 0 15 186 7015
4440 23 4575 0 113 48 7016
4440 21 4577 0 161 44 7017
4440 38 4576 0 138 26 7018
4440 21 4575 0 103 107 7019
4440 15 4577 0 99 17 7020
4440 6 4576 0 38 84 7021
4440 14 4577 0 24 183 7022
4440 5 4573 0 178 113 7023
4440 20 4577 0 128 55 7024
4440 7 4574 0 125 90 7025
4440 4 4576 0 179 177 7026
4440 16 4576 0 141 34 7027
4440 28 4576 0 155 122 7028
4440 25 4578 0 96 33 7029
4440 20 4574 0 146 119 7030
4440 11 4576 0 103 16 7031
4440 12 4577 0 162 25 7032
4440 6 4575 0 124 15 7033
4440 42 4577 0 58 139 7034
4440 6 4575 0 112 57 7035
4440 7 4577 0 16 120 7036
4440 8 4577 0 24 195 7037
4440 10 4577 0 151 24 7038
4440 29 4576 0 22 41 7039
4443 51 7430 1 63 113 7040
4455 8 4590 0 108 36 7041
4455 25 4591 0 114 44 7042
4455 13 4591 0 146 119 7043
4455 35 4592 0 96 33 7044
4455 6 4590 0 93 57 7045
4455 6 4591 0 162 60 7046
4455 7 4592 0 164 71 7047
4455 3 4590 0 124 15 7048
4455 10 4592 0 173 61 7049
4455 36 4591 0 127 22 7050
4455 3 4589 0 110 50 7051
4455 13 4589 0 103 107 7052
4455 22 4591 0 113 48 7053
4455 24 4589 0 46 130 7054
4455 41 4590 0 138 26 7055
4455 13 4591 0 186 125 7056
4455 25 4591 0 58 139 7057
4455 6 4589 0 138 23 7058
4455 18 4590 0 162 25 7059
4455 5 4588 0 6 88 7060
4455 6 4590 0 67 20 7061
4455 5 4591 0 182 28 7062
4455 8 4591 0 103 16 7063
4455 25 4591 0 2 33 7064
4455 9 4591 0 112 57 7065
4455 3 4589 0 15 186 7066
4455 6 4590 0 175 92 7067
4456 67 7442 1 113 48 7068
4461 125 7447 1 161 44 7069
4470 5 4608 0 138 23 7070
4470 23 4608 0 186 125 7071
4470 24 4604 0 128 55 7072
4470 17 4606 0 103 107 7073
4470 18 4605 0 162 25 7074
4470 5 4605 0 83 108 7075
4470 20 4605 0 64 182 7076
4470 3 4604 0 6 88 7077
4470 19 4603 0 147 18 7078
4470 3 4606 0 155 52 7079
4470 12 4605 0 24 183 7080
4470 12 4606 0 151 24 7081
4470 30 4605 0 96 33 7082
4470 29 4605 0 46 189 7083
4470 33 4606 0 22 41 7084
4470 25 4605 0 114 44 7085
4470 6 4606 0 175 92 7086
4470 21 4605 0 99 17 7087
4470 17 4607 0 113 48 7088
4470 8 4606 0 23 55 7089
4470 6 4606 0 38 84 7090
4471 31 7456 1 16 120 7091
4485 4 4621 0 155 52 7092
4485 25 4622 0 64 182 7093
4485 40 4619 0 96 33 7094
4485 4 4621 0 83 108 7095
4485 13 4620 0 147 18 7096
4485 36 4622 0 146 159 7097
4485 13 4619 0 86 1 7098
4485 5 4621 0 110 50 7099
4485 21 4621 0 24 183 7100
4485 25 4621 0 99 9 7101
4485 32 4620 0 66 134 7102
4485 5 4621 0 175 92 7103
4485 22 4621 0 140 11 7104
4485 6 4622 0 112 57 7105
4485 13 4621 0 107 31 7106
4485 7 4620 0 23 55 7107
4485 25 4622 0 113 48 7108
4485 22 4620 0 153 145 7109
4485 43 4623 0 142 143 7110
4485 4 4622 0 124 15 7111
4485 36 4620 0 58 139 7112
4485 9 4622 0 50 121 7113
4495 61 7482 1 128 55 7114
4500 7 4638 0 103 16 7115
4500 8 4634 0 112 57 7116
4500 4 4636 0 138 23 7117
4500 8 4637 0 16 120 7118
4500 7 4638 0 173 61 7119
4500 6 4633 0 23 55 7120
4500 39 4636 0 127 43 7121
4500 16 4634 0 46 130 7122
4500 22 4635 0 99 9 7123
4500 7 4637 0 50 121 7124
4500 24 4636 0 86 1 7125
4500 6 4634 0 151 24 7126
4500 24 4638 0 13 75 7127
4500 4 4636 0 86 23 7128
4500 4 4637 0 63 134 7129
4500 23 4639 0 128 55 7130
4500 16 4637 0 107 31 7131
4500 21 4636 0 113 48 7132
4500 12 4635 0 164 71 7133
4500 6 4635 0 145 55 7134
4500 15 4633 0 147 18 7135
4500 18 4638 0 161 44 7136
4500 22 4635 0 103 107 7137
4510 64 7497 1 95 1 7138
4512 34 7497 1 151 24 7139
4515 12 4653 0 24 195 7140
4515 8 4652 0 125 90 7141
4515 21 4653 0 143 170 7142
4515 45 4651 0 22 41 7143
4515 17 4649 0 161 44 7144
4515 17 4653 0 114 44 7145
4515 9 4649 0 95 77 7146
4515 20 4648 0 105 143 7147
4515 5 4650 0 86 23 7148
4515 12 4650 0 23 55 7149
4515 12 4650 0 151 24 7150
4515 4 4651 0 138 23 7151
4515 38 4652 0 72 131 7152
4515 19 4651 0 108 65 7153
4515 24 4649 0 107 31 7154
4515 6 4651 0 155 52 7155
4515 42 4653 0 127 22 7156
4515 10 4650 0 173 61 7157
4515 18 4651 0 64 182 7158
4515 19 4651 0 128 55 7159
4515 13 4653 0 140 11 7160
4515 12 4652 0 99 17 7161
4515 21 4652 0 146 119 7162
4515 45 4653 0 96 33 7163
4515 40 4652 0 138 26 7164
4518 113 7504 1 67 20 7165
4526 51 7511 1 58 139 7166
4528 89 7514 1 140 11 7167
4530 21 4667 0 103 107 7168
4530 26 4666 0 58 139 7169
4530 25 4666 0 153 145 7170
4530 42 4663 0 146 159 7171
4530 3 4667 0 83 108 7172
4530 37 4667 0 138 26 7173
4530 7 4664 0 91 1 7174
4530 15 4665 0 107 31 7175
4530 7 4665 0 108 36 7176
4530 5 4666 0 138 23 7177
4530 27 4667 0 148 23 7178
4530 4 4666 0 110 50 7179
4530 25 4668 0 108 65 7180
4530 14 4665 0 86 1 7181
4530 19 4665 0 24 183 7182
4530 37 4667 0 127 43 7183
4530 14 4664 0 114 44 7184
4530 17 4665 0 152 41 7185
4530 43 4667 0 96 33 7186
4530 4 4667 0 124 15 7187
4530 8 4666 0 162 60 7188
4530 17 4667 0 186 125 7189
4530 5 4667 0 182 28 7190
4530 37 4666 0 46 189 7191
4545 9 4679 0 91 1 7192
4545 20 4679 0 140 11 7193
4545 8 4681 0 16 120 7194
4545 14 4681 0 103 107 7195
4545 4 4678 0 86 23 7196
4545 7 4681 0 164 71 7197
4545 19 4681 0 64 182 7198
4545 32 4682 0 22 41 7199
4545 4 4681 0 102 30 7200
4545 34 4682 0 102 140 7201
4545 8 4681 0 63 113 7202
4545 13 4679 0 141 34 7203
4545 11 4681 0 151 24 7204
4545 18 4681 0 147 18 7205
4545 6 4684 0 95 1 7206
4545 4 4680 0 179 177 7207
4545 3 4679 0 138 23 7208
4545 5 4681 0 124 15 7209
4545 31 4681 0 146 159 7210
4545 8 4681 0 112 57 7211
4545 21 4680 0 99 9 7212
4545 16 4682 0 153 145 7213
4545 40 4681 0 58 139 7214
4545 6 4682 0 110 50 7215
4546 56 7530 1 146 119 7216
4547 35 7534 1 24 183 7217
4560 6 4696 0 182 28 7218
4560 9 4696 0 91 1 7219
4560 35 4697 0 148 23 7220
4560 3 4696 0 102 30 7221
4560 7 4696 0 7 180 7222
4560 13 4695 0 153 145 7223
4560 12 4696 0 128 96 7224
4560 29 4695 0 58 139 7225
4560 4 4696 0 178 113 7226
4560 25 4698 0 139 9 7227
4560 29 4695 0 96 33 7228
4560 45 4695 0 46 189 7229
4560 6 4697 0 38 84 7230
4560 9 4696 0 108 36 7231
4560 15 4696 0 113 48 7232
4560 16 4698 0 107 31 7233
4560 7 4697 0 112 57 7234
4560 4 4696 0 155 52 7235
4560 9 4695 0 150 50 7236
4560 11 4695 0 145 55 7237
4560 25 4693 0 99 9 7238
4562 175 7550 1 103 16 7239
4569 80 7554 1 139 9 7240
4575 41 4712 0 173 171 7241
4575 43 4713 0 127 22 7242
4575 4 4712 0 110 50 7243
4575 42 4708 0 46 189 7244
4575 9 4711 0 145 55 7245
4575 17 4710 0 186 125 7246
4575 5 4712 0 179 177 7247
4575 13 4710 0 107 31 7248
4575 7 4708 0 108 36 7249
4575 13 4711 0 113 48 7250
4575 44 4711 0 148 23 7251
4575 16 4710 0 108 65 7252
4575 5 4712 0 138 23 7253
4575 20 4711 0 128 55 7254
4575 3 4714 0 182 28 7255
4575 23 4710 0 99 17 7256
4575 19 4713 0 141 34 7257
4575 30 4709 0 66 134 7258
4575 25 4711 0 99 9 7259
4575 9 4713 0 103 16 7260
4575 27 4712 0 33 177 7261
4575 3 4711 0 67 20 7262
4575 6 4711 0 102 30 7263
4575 191 7562 1 145 55 7264
4575 11 4711 0 128 96 7265
4575 20 4712 0 153 145 7266
4575 3 4713 0 6 88 7267
4575 38 4712 0 102 140 7268
4575 37 4711 0 127 43 7269
4575 20 4710 0 140 11 7270
4575 4 4712 0 124 15 7271
4590 39 4728 0 155 122 7272
4590 23 4724 0 64 182 7273
4590 29 4728 0 127 22 7274
4590 25 4725 0 113 48 7275
4590 20 4725 0 114 44 7276
4590 18 4725 0 46 130 7277
4590 5 4727 0 93 57 7278
4590 14 4725 0 99 17 7279
4590 4 4725 0 138 23 7280
4590 12 4725 0 108 36 7281
4590 6 4729 0 110 50 7282
4590 16 4727 0 147 18 7283
4590 11 4727 0 112 57 7284
4590 29 4723 0 127 43 7285
4590 41 4725 0 46 189 7286
4590 36 4725 0 173 171 7287
4590 6 4724 0 128 96 7288
4590 18 4725 0 105 143 7289
4590 13 4727 0 108 65 7290
4590 7 4726 0 16 120 7291
4590 23 4726 0 107 31 7292
4590 8 4724 0 150 50 7293
4590 17 4727 0 162 25 7294
4590 6 4726 0 103 16 7295
4605 20 4742 0 99 17 7296
4605 11 4741 0 91 1 7297
4605 34 4741 0 2 33 7298
4605 23 4741 0 146 119 7299
4605 6 4742 0 150 50 7300
4605 8 4742 0 173 61 7301
4605 27 4742 0 102 140 7302
4605 4 4742 0 175 92 7303
4605 38 4743 0 22 41 7304
4605 30 4739 0 146 159 7305
4605 16 4741 0 180 72 7306
4605 21 4739 0 114 44 7307
4605 7 4741 0 50 121 7308
4605 6 4743 0 162 60 7309
4605 20 4740 0 13 75 7310
4605 25 4742 0 113 48 7311
4605 6 4743 0 83 108 7312
4605 11 4740 0 164 71 7313
4605 12 4742 0 152 41 7314
4605 11 4742 0 112 57 7315
4605 24 4740 0 103 107 7316
4605 23 4740 0 108 65 7317
4605 14 4741 0 24 183 7318
4605 3 4743 0 155 52 7319
4605 28 4739 0 138 26 7320
4611 121 7596 1 138 23 7321
4620 4 4757 0 110 50 7322
4620 15 4755 0 114 44 7323
4620 45 4757 0 127 22 7324
4620 18 4756 0 46 130 7325
4620 5 4756 0 86 23 7326
4620 6 4757 0 63 134 7327
4620 8 4756 0 16 120 7328
4620 6 4758 0 102 30 7329
4620 11 4754 0 128 96 7330
4620 21 4754 0 153 145 7331
4620 45 4756 0 127 43 7332
4620 3 4755 0 124 15 7333
4620 4 4754 0 38 84 7334
4620 10 4755 0 50 121 7335
4620 44 4754 0 148 23 7336
4620 17 4755 0 108 65 7337
4620 13 4755 0 103 107 7338
4620 10 4753 0 63 113 7339
4620 3 4755 0 83 108 7340
4620 18 4754 0 113 48 7341
4620 19 4756 0 147 18 7342
4620 9 4754 0 91 1 7343
4620 32 4756 0 155 122 7344
4620 41 4753 0 142 143 7345
4620 18 4756 0 140 11 7346
4635 8 4773 0 145 55 7347
4635 35 4770 0 72 131 7348
4635 4 4770 0 102 30 7349
4635 12 4771 0 103 107 7350
4635 14 4771 0 107 31 7351
4635 21 4770 0 108 65 7352
4635 22 4770 0 113 48 7353
4635 14 4772 0 140 11 7354
4635 21 4770 0 146 119 7355
4635 6 4768 0 128 96 7356
4635 21 4773 0 139 9 7357
4635 9 4770 0 95 1 7358
4635 40 4770 0 2 33 7359
4635 31 4772 0 102 140 7360
4635 17 4773 0 143 170 7361
4635 6 4770 0 182 28 7362
4635 11 4770 0 151 24 7363
4635 44 4769 0 127 22 7364
4635 6 4769 0 103 16 7365
4635 25 4772 0 147 18 7366
4635 30 4769 0 66 134 7367
4635 13 4770 0 46 130 7368
4635 12 4770 0 125 90 7369
4635 10 4773 0 23 55 7370
4635 3 4771 0 15 186 7371
4635 4 4771 0 110 50 7372
4635 5 4771 0 6 88 7373
4635 21 4772 0 64 182 7374
4635 21 4772 0 128 55 7375
4641 193 7627 1 113 48 7376
4650 11 4786 0 112 57 7377
4650 14 4787 0 107 31 7378
4650 18 4786 0 146 119 7379
4650 4 4786 0 86 23 7380
4650 43 4786 0 142 143 7381
4650 13 4786 0 161 44 7382
4650 11 4786 0 108 36 7383
4650 41 4785 0 148 23 7384
4650 3 4787 0 83 108 7385
4650 39 4790 0 127 22 7386
4650 23 4785 0 143 170 7387
4650 31 4788 0 146 159 7388
4650 39 4788 0 173 171 7389
4650 4 4789 0 63 134 7390
4650 19 4785 0 186 125 7391
4650 4 4787 0 110 50 7392
4650 13 4787 0 147 18 7393
4650 6 4787 0 179 177 7394
4650 21 4784 0 141 34 7395
4650 35 4786 0 58 139 7396
4650 5 4786 0 6 88 7397
4650 36 4788 0 22 41 7398
4650 23 4786 0 140 11 7399
4650 11 4788 0 16 120 7400
4661 194 7648 1 128 96 7401
4662 35 7647 1 64 182 7402
4665 18 4804 0 86 1 7403
4665 30 4802 0 148 23 7404
4665 16 4801 0 139 9 7405
4665 16 4800 0 140 11 7406
4665 7 4801 0 173 61 7407
4665 20 4801 0 143 170 7408
4665 8 4801 0 108 36 7409
4665 12 4800 0 99 9 7410
4665 18 4802 0 161 44 7411
4665 6 4801 0 151 24 7412
4665 6 4801 0 124 15 7413
4665 10 4803 0 162 60 7414
4665 3 4800 0 155 52 7415
4665 9 4801 0 150 50 7416
4665 37 4800 0 155 122 7417
4665 39 4800 0 46 189 7418
4665 4 4801 0 83 108 7419
4665 8 4801 0 91 1 7420
4665 9 4801 0 112 57 7421
4665 11 4804 0 145 55 7422
4665 4 4802 0 138 23 7423
4665 23 4798 0 128 55 7424
4665 19 4802 0 107 31 7425
4665 6 4798 0 15 186 7426
4665 25 4800 0 96 33 7427
4673 47 7657 1 2 33 7428
4680 25 4816 0 46 189 7429
4680 19 4814 0 113 48 7430
4680 21 4816 0 141 34 7431
4680 6 4815 0 102 30 7432
4680 36 4815 0 127 43 7433
4680 6 4816 0 23 55 7434
4680 9 4814 0 63 113 7435
4680 11 4816 0 145 55 7436
4680 11 4816 0 125 90 7437
4680 6 4815 0 128 96 7438
4680 31 4817 0 2 33 7439
4680 10 4814 0 91 1 7440
4680 3 4816 0 83 108 7441
4680 15 4813 0 139 9 7442
4680 25 4815 0 99 17 7443
4680 5 4817 0 38 84 7444
4680 44 4816 0 96 33 7445
4680 27 4816 0 33 177 7446
4680 29 4818 0 22 41 7447
4680 6 4818 0 155 52 7448
4680 20 4817 0 153 145 7449
4695 6 4832 0 124 15 7450
4695 13 4833 0 99 17 7451
4695 25 4830 0 96 33 7452
4695 5 4832 0 178 113 7453
4695 7 4832 0 95 77 7454
4695 31 4831 0 58 139 7455
4695 32 4831 0 138 26 7456
4695 34 4830 0 127 43 7457
4695 20 4832 0 140 11 7458
4695 4 4831 0 38 84 7459
4695 13 4829 0 113 48 7460
4695 29 4833 0 127 22 7461
4695 35 4830 0 102 140 7462
4695 12 4830 0 164 71 7463
4695 5 4831 0 138 23 7464
4695 19 4830 0 147 18 7465
4710 20 4844 0 139 9 7466
4710 11 4846 0 7 180 7467
4710 44 4846 0 138 26 7468
4710 45 4846 0 58 139 7469
4710 3 4846 0 110 50 7470
4710 24 4847 0 99 9 7471
4710 28 4847 0 96 33 7472
4710 12 4847 0 147 18 7473
4710 4 4846 0 102 30 7474
4710 16 4845 0 141 34 7475
4710 19 4845 0 13 75 7476
4710 24 4846 0 114 44 7477
4710 15 4846 0 24 183 7478
4710 7 4845 0 108 36 7479
4710 31 4846 0 2 33 7480
4710 25 4847 0 143 170 7481
4710 7 4846 0 145 55 7482
4710 11 4847 0 95 1 7483
4710 37 4848 0 127 22 7484
4710 42 4848 0 46 189 7485
4710 23 4847 0 46 130 7486
4719 77 7705 1 91 1 7487
4725 44 4863 0 33 177 7488
4725 10 4863 0 125 90 7489
4725 7 4861 0 103 16 7490
4725 24 4860 0 162 25 7491
4725 13 4862 0 143 170 7492
4725 25 4861 0 96 33 7493
4725 20 4861 0 128 55 7494
4725 6 4862 0 38 84 7495
4725 21 4862 0 114 44 7496
4725 5 4857 0 86 23 7497
4725 6 4858 0 124 15 7498
4725 12 4862 0 24 195 7499
4725 5 4861 0 110 50 7500
4725 13 4862 0 86 1 7501
4725 26 4860 0 146 159 7502
4725 19 4860 0 141 34 7503
4725 4 4861 0 178 113 7504
4725 19 4861 0 140 11 7505
4725 25 4860 0 180 72 7506
4725 43 4861 0 58 139 7507
4725 24 4860 0 139 9 7508
4725 17 4861 0 147 18 7509
4725 25 4862 0 152 41 7510
4725 3 4862 0 138 23 7511
4725 8 4861 0 91 1 7512
4725 8 4861 0 164 71 7513
4725 10 4861 0 128 96 7514
4725 12 4861 0 105 143 7515
4725 25 4860 0 24 183 7516
4725 38 4861 0 22 41 7517
4725 8 4860 0 162 60 7518
4727 154 7713 1 13 75 7519
4740 4 4876 0 6 88 7520
4740 7 4874 0 125 90 7521
4740 27 4877 0 173 171 7522
4740 21 4877 0 161 44 7523
4740 43 4877 0 138 26 7524
4740 4 4874 0 86 23 7525
4740 9 4874 0 16 120 7526
4740 20 4878 0 141 34 7527
4740 12 4874 0 151 24 7528
4740 7 4876 0 108 36 7529
4740 36 4876 0 102 140 7530
4740 23 4875 0 13 75 7531
4740 5 4875 0 182 28 7532
4740 21 4876 0 114 44 7533
4740 25 4875 0 96 33 7534
4740 3 4875 0 178 113 7535
4740 31 4876 0 127 22 7536
4740 5 4878 0 124 15 7537
4740 11 4875 0 173 61 7538
4740 6 4877 0 138 23 7539
4740 6 4876 0 95 77 7540
4740 44 4875 0 72 131 7541
4740 24 4877 0 143 170 7542
4740 5 4874 0 110 50 7543
4743 125 7729 1 2 33 7544
4750 152 7735 1 105 143 7545
4755 12 4893 0 91 1 7546
4755 3 4890 0 102 30 7547
4755 15 4892 0 103 107 7548
4755 5 4893 0 179 177 7549
4755 17 4892 0 147 18 7550
4755 20 4891 0 140 11 7551
4755 9 4890 0 112 57 7552
4755 21 4891 0 141 34 7553
4755 5 4891 0 138 23 7554
4755 5 4891 0 155 52 7555
4755 15 4891 0 113 48 7556
4755 15 4892 0 152 41 7557
4755 13 4892 0 146 119 7558
4755 42 4890 0 2 33 7559
4755 9 4891 0 162 60 7560
4755 11 4891 0 108 36 7561
4755 6 4890 0 83 108 7562
4755 23 4889 0 99 17 7563
4755 8 4891 0 24 195 7564
4755 6 4892 0 182 28 7565
4755 33 4890 0 155 122 7566
4755 71 7742 1 124 15 7567
4755 10 4892 0 103 16 7568
4755 31 4890 0 33 177 7569
4755 22 4891 0 161 44 7570
4755 3 4891 0 6 88 7571
4755 20 4891 0 105 143 7572
4755 4 4891 0 38 84 7573
4755 21 4890 0 128 55 7574
4755 18 4891 0 99 9 7575
4770 20 4906 0 99 9 7576
4770 17 4907 0 107 31 7577
4770 14 4905 0 180 72 7578
4770 8 4904 0 128 96 7579
4770 30 4907 0 127 22 7580
4770 15 4906 0 141 34 7581
4770 44 4906 0 138 26 7582
4770 6 4907 0 63 113 7583
4770 16 4904 0 128 55 7584
4770 12 4907 0 64 182 7585
4770 44 4905 0 142 143 7586
4770 28 4908 0 148 23 7587
4770 20 4905 0 99 17 7588
4770 18 4907 0 13 75 7589
4770 45 4906 0 155 122 7590
4770 6 4906 0 138 23 7591
4770 24 4906 0 162 25 7592
4770 12 4908 0 103 16 7593
4770 40 4904 0 66 134 7594
4770 38 4905 0 146 159 7595
4770 32 4907 0 22 41 7596
4770 22 4907 0 139 9 7597
4785 21 4921 0 152 41 7598
4785 6 4919 0 124 15 7599
4785 10 4920 0 16 120 7600
4785 31 4922 0 148 23 7601
4785 15 4921 0 161 44 7602
4785 6 4922 0 102 30 7603
4785 21 4921 0 114 44 7604
4785 7 4920 0 108 36 7605
4785 4 4922 0 138 23 7606
4785 22 4920 0 147 18 7607
4785 25 4920 0 186 125 7608
4785 12 4921 0 112 57 7609
4785 31 4921 0 155 122 7610
4785 3 4922 0 63 134 7611
4785 14 4919 0 99 17 7612
4785 9 4920 0 162 60 7613
4785 16 4920 0 128 55 7614
4785 14 4919 0 139 9 7615
4785 22 4920 0 153 145 7616
4785 25 4921 0 162 25 7617
4785 23 4919 0 24 183 7618
4785 4 4921 0 179 177 7619
4785 45 4919 0 96 33 7620
4785 21 4921 0 140 11 7621
4785 10 4922 0 91 1 7622
4800 10 4934 0 108 36 7623
4800 16 4935 0 103 107 7624
4800 27 4936 0 155 122 7625
4800 37 4939 0 146 159 7626
4800 16 4938 0 107 31 7627
4800 30 4935 0 148 23 7628
4800 16 4936 0 24 183 7629
4800 37 4936 0 58 139 7630
4800 25 4935 0 139 9 7631
4800 20 4934 0 99 17 7632
4800 26 4935 0 127 22 7633
4800 23 4935 0 147 18 7634
4800 23 4935 0 128 55 7635
4800 4 4937 0 15 186 7636
4800 8 4935 0 173 61 7637
4800 9 4936 0 91 1 7638
4800 5 4938 0 110 50 7639
4800 31 4935 0 22 41 7640
4800 12 4936 0 162 25 7641
4800 7 4935 0 151 24 7642
4800 7 4936 0 16 120 7643
4800 12 4935 0 95 1 7644
4800 6 4936 0 93 57 7645
4800 6 4937 0 38 84 7646
4800 6 4935 0 124 15 7647
4800 19 4938 0 140 11 7648
4815 18 4950 0 24 183 7649
4815 23 4949 0 128 55 7650
4815 12 4951 0 108 36 7651
4815 45 4952 0 22 41 7652
4815 42 4950 0 33 177 7653
4815 25 4953 0 113 48 7654
4815 24 4950 0 147 18 7655
4815 4 4954 0 63 134 7656
4815 23 4953 0 140 11 7657
4815 20 4953 0 107 31 7658
4815 22 4952 0 139 9 7659
4815 5 4950 0 124 15 7660
4815 7 4951 0 91 1 7661
4815 6 4950 0 175 92 7662
4815 40 4951 0 138 26 7663
4820 44 7805 1 125 90 7664
4820 82 7805 1 178 113 7665
4826 69 7812 1 108 65 7666
4830 7 4965 0 24 195 7667
4830 24 4963 0 128 55 7668
4830 22 4966 0 99 17 7669
4830 24 4966 0 139 9 7670
4830 3 4966 0 102 30 7671
4830 22 4965 0 107 31 7672
4830 3 4969 0 175 92 7673
4830 9 4965 0 16 120 7674
4830 3 4964 0 38 84 7675
4830 33 4965 0 127 22 7676
4830 12 4966 0 7 180 7677
4830 39 4964 0 148 23 7678
4830 21 4966 0 153 145 7679
4830 14 4965 0 186 125 7680
4830 8 4964 0 63 113 7681
4830 3 4965 0 63 134 7682
4830 11 4965 0 145 55 7683
4830 25 4965 0 147 18 7684
4830 34 4966 0 142 143 7685
4830 6 4965 0 110 50 7686
4830 3 4967 0 83 108 7687
4843 67 7829 1 143 170 7688
4845 5 4981 0 110 50 7689
4845 41 4983 0 127 22 7690
4845 7 4980 0 103 16 7691
4845 45 4984 0 173 171 7692
4845 14 4981 0 103 107 7693
4845 11 4982 0 145 55 7694
4845 19 4982 0 128 55 7695
4845 41 4982 0 96 33 7696
4845 6 4981 0 138 23 7697
4845 9 4980 0 108 36 7698
4845 3 4983 0 155 52 7699
4845 21 4983 0 113 48 7700
4845 23 4979 0 139 9 7701
4845 43 4982 0 22 41 7702
4845 6 4982 0 23 55 7703
4845 29 4981 0 127 43 7704
4845 22 4980 0 114 44 7705
4845 20 4981 0 140 11 7706
4845 25 4982 0 147 18 7707
4860 24 4996 0 139 9 7708
4860 4 4996 0 110 50 7709
4860 17 4995 0 141 34 7710
4860 14 4997 0 140 11 7711
4860 22 4996 0 152 41 7712
4860 4 4997 0 102 30 7713
4860 42 4996 0 127 43 7714
4860 22 4997 0 99 17 7715
4860 23 4994 0 147 18 7716
4860 6 4996 0 6 88 7717
4860 12 4997 0 63 113 7718
4860 25 4996 0 138 26 7719
4860 12 4996 0 128 55 7720
4860 24 4997 0 161 44 7721
4860 6 4993 0 162 60 7722
4860 20 4996 0 143 170 7723
4860 15 4994 0 99 9 7724
4860 19 4995 0 86 1 7725
4860 15 4996 0 24 183 7726
4860 12 4998 0 103 16 7727
4860 3 4996 0 124 15 7728
4860 32 4998 0 173 171 7729
4875 8 5013 0 95 1 7730
4875 38 5011 0 66 134 7731
4875 17 5011 0 180 72 7732
4875 18 5011 0 105 143 7733
4875 24 5010 0 147 18 7734
4875 31 5011 0 127 43 7735
4875 5 5011 0 138 23 7736
4875 9 5012 0 7 180 7737
4875 24 5011 0 99 9 7738
4875 12 5012 0 23 55 7739
4875 30 5010 0 138 26 7740
4875 3 5013 0 6 88 7741
4875 4 5011 0 124 15 7742
4875 35 5009 0 146 159 7743
4875 39 5010 0 127 22 7744
4875 6 5013 0 91 1 7745
4875 24 5011 0 24 183 7746
4875 5 5012 0 102 30 7747
4875 11 5009 0 162 60 7748
4875 13 5010 0 13 75 7749
4875 17 5010 0 141 34 7750
4875 8 5010 0 50 121 7751
4875 42 5008 0 46 189 7752
4875 10 5012 0 24 195 7753
4875 4 5011 0 110 50 7754
4875 24 5010 0 153 145 7755
4875 17 5010 0 114 44 7756
4875 23 5010 0 139 9 7757
4875 10 5011 0 173 61 7758
4875 12 5013 0 103 16 7759
4875 6 5011 0 108 36 7760
4875 44 5010 0 96 33 7761
4890 19 5025 0 153 145 7762
4890 42 5026 0 138 26 7763
4890 35 5027 0 33 177 7764
4890 28 5028 0 146 159 7765
4890 16 5027 0 24 183 7766
4890 4 5028 0 93 57 7767
4890 21 5028 0 99 9 7768
4890 16 5025 0 128 55 7769
4890 8 5025 0 103 16 7770
4890 33 5027 0 96 33 7771
4890 7 5025 0 24 195 7772
4890 7 5027 0 164 71 7773
4890 6 5027 0 91 1 7774
4890 33 5026 0 127 43 7775
4890 6 5026 0 110 50 7776
4890 6 5026 0 151 24 7777
4890 16 5025 0 139 9 7778
4890 10 5025 0 162 60 7779
4890 3 5026 0 175 92 7780
4890 28 5028 0 142 143 7781
4890 7 5027 0 112 57 7782
4890 13 5026 0 113 48 7783
4890 25 5026 0 99 17 7784
4890 4 5026 0 102 30 7785
4890 20 5027 0 146 119 7786
4890 5 5029 0 124 15 7787
4896 141 7882 1 86 1 7788
4903 34 7891 1 186 125 7789
4905 4 5040 0 110 50 7790
4905 17 5040 0 140 11 7791
4905 5 5041 0 38 84 7792
4905 15 5043 0 128 55 7793
4905 21 5041 0 107 31 7794
4905 34 5041 0 96 33 7795
4905 18 5040 0 153 145 7796
4905 14 5042 0 147 18 7797
4905 6 5043 0 102 30 7798
4905 16 5040 0 113 48 7799
4905 12 5040 0 164 71 7800
4905 6 5039 0 124 15 7801
4905 24 5041 0 46 130 7802
4905 15 5042 0 105 143 7803
4905 25 5041 0 138 26 7804
4905 29 5040 0 127 43 7805
4905 7 5041 0 63 113 7806
4905 10 5041 0 125 90 7807
4905 6 5041 0 108 36 7808
4905 23 5040 0 24 183 7809
4905 21 5040 0 152 41 7810
4908 77 7895 1 178 113 7811
4920 6 5058 0 112 57 7812
4920 5 5058 0 155 52 7813
4920 6 5054 0 162 60 7814
4920 21 5057 0 113 48 7815
4920 28 5056 0 148 23 7816
4920 11 5057 0 91 1 7817
4920 21 5055 0 186 125 7818
4920 14 5057 0 147 18 7819
4920 20 5055 0 153 145 7820
4920 10 5054 0 95 1 7821
4920 7 5057 0 150 50 7822
4920 9 5056 0 95 77 7823
4920 16 5055 0 99 17 7824
4920 4 5054 0 178 113 7825
4920 5 5055 0 110 50 7826
4920 6 5054 0 15 186 7827
4920 12 5057 0 128 55 7828
4920 6 5055 0 138 23 7829
4920 8 5055 0 108 36 7830
4920 13 5056 0 114 44 7831
4920 25 5056 0 127 43 7832
4920 19 5055 0 140 11 7833
4920 6 5056 0 63 134 7834
4920 12 5055 0 7 180 7835
4920 6 5056 0 6 88 7836
4920 41 5059 0 138 26 7837
4920 30 5054 0 46 189 7838
4920 16 5055 0 105 143 7839
4920 19 5055 0 46 130 7840
4932 90 7919 1 64 182 7841
4935 5 5072 0 63 134 7842
4935 3 5072 0 124 15 7843
4935 7 5072 0 108 36 7844
4935 9 5072 0 63 113 7845
4935 34 5071 0 146 159 7846
4935 9 5073 0 95 1 7847
4935 13 5072 0 99 9 7848
4935 25 5071 0 128 55 7849
4935 5 5071 0 110 50 7850
4935 21 5071 0 113 48 7851
4935 11 5073 0 112 57 7852
4935 16 5070 0 147 18 7853
4935 38 5072 0 148 23 7854
4935 6 5072 0 83 108 7855
4935 8 5071 0 91 1 7856
4935 38 5070 0 138 26 7857
4935 11 5072 0 150 50 7858
4935 24 5071 0 24 183 7859
4935 15 5070 0 107 31 7860
4935 11 5070 0 103 16 7861
4935 25 5071 0 141 34 7862
4935 4 5069 0 175 92 7863
4935 44 5072 0 72 131 7864
4935 5 5070 0 179 177 7865
4940 51 7925 1 146 159 7866
4941 47 7928 1 161 44 7867
4945 153 7931 1 102 30 7868
4950 42 5086 0 72 131 7869
4950 22 5087 0 13 75 7870
4950 17 5085 0 140 11 7871
4950 44 5086 0 146 159 7872
4950 5 5084 0 102 30 7873
4950 8 5088 0 95 1 7874
4950 11 5088 0 103 16 7875
4950 6 5085 0 93 57 7876
4950 5 5088 0 155 52 7877
4950 13 5084 0 152 41 7878
4950 15 5086 0 113 48 7879
4950 35 5086 0 148 23 7880
4950 7 5085 0 128 96 7881
4950 13 5087 0 103 107 7882
4950 22 5088 0 147 18 7883
4950 12 5085 0 150 50 7884
4950 18 5085 0 162 25 7885
4950 8 5087 0 112 57 7886
4950 19 5084 0 141 34 7887
4950 3 5082 0 38 84 7888
4950 5 5086 0 15 186 7889
4950 34 5087 0 96 33 7890
4950 42 5088 0 127 43 7891
4950 24 5084 0 139 9 7892
4965 22 5102 0 99 9 7893
4965 6 5103 0 178 113 7894
4965 9 5099 0 145 55 7895
4965 19 5098 0 107 31 7896
4965 12 5101 0 139 9 7897
4965 4 5100 0 155 52 7898
4965 32 5103 0 72 131 7899
4965 27 5100 0 46 189 7900
4965 7 5100 0 164 71 7901
4965 5 5103 0 138 23 7902
4965 20 5102 0 113 48 7903
4965 6 5101 0 91 1 7904
4965 11 5101 0 95 77 7905
4965 39 5100 0 96 33 7906
4965 17 5101 0 161 44 7907
4965 23 5099 0 105 143 7908
4965 36 5101 0 127 22 7909
4965 17 5102 0 141 34 7910
4965 11 5100 0 108 36 7911
4965 14 5100 0 128 55 7912
4965 21 5101 0 24 183 7913
4965 23 5102 0 140 11 7914
4965 40 5102 0 22 41 7915
4965 3 5103 0 6 88 7916
4965 10 5100 0 50 121 7917
4969 53 7956 1 95 77 7918
4979 160 7965 1 99 17 7919
4980 16 5118 0 64 182 7920
4980 45 5114 0 102 140 7921
4980 4 5115 0 110 50 7922
4980 25 5118 0 13 75 7923
4980 42 5116 0 148 23 7924
4980 23 5117 0 107 31 7925
4980 45 5113 0 2 33 7926
4980 25 5114 0 113 48 7927
4980 3 5116 0 38 84 7928
4980 25 5115 0 127 43 7929
4980 41 5114 0 96 33 7930
4980 23 5117 0 99 9 7931
4980 35 5117 0 127 22 7932
4980 6 5115 0 108 36 7933
4980 21 5115 0 103 107 7934
4980 5 5115 0 6 88 7935
4980 8 5117 0 63 113 7936
4980 14 5115 0 152 41 7937
4980 13 5113 0 141 34 7938
4980 38 5115 0 22 41 7939
4980 4 5115 0 86 23 7940
4980 24 5115 0 108 65 7941
4980 44 5116 0 155 122 7942
4995 4 5131 0 38 84 7943
4995 9 5132 0 125 90 7944
4995 15 5133 0 141 34 7945
4995 11 5130 0 150 50 7946
4995 42 5131 0 127 43 7947
4995 22 5131 0 108 65 7948
4995 5 5130 0 83 108 7949
4995 30 5130 0 58 139 7950
4995 6 5134 0 124 15 7951
4995 38 5133 0 138 26 7952
4995 6 5131 0 95 1 7953
4995 3 5130 0 6 88 7954
4995 18 5129 0 152 41 7955
4995 3 5131 0 67 20 7956
4995 11 5129 0 103 16 7957
4995 40 5132 0 22 41 7958
4995 18 5131 0 114 44 7959
4995 21 5130 0 162 25 7960
4995 14 5130 0 24 183 7961
4995 7 5132 0 164 71 7962
4995 13 5130 0 86 1 7963
4995 4 5129 0 138 23 7964
4995 8 5132 0 173 61 7965
4995 4 5131 0 102 30 7966
4995 7 5130 0 128 96 7967
4995 25 5130 0 139 9 7968
4995 21 5133 0 128 55 7969
4995 24 5131 0 107 31 7970
4999 178 7984 1 6 88 7971
5010 14 5148 0 139 9 7972
5010 4 5146 0 110 50 7973
5010 7 5147 0 103 16 7974
5010 45 5145 0 22 41 7975
5010 36 5147 0 138 26 7976
5010 3 5148 0 138 23 7977
5010 10 5147 0 164 71 7978
5010 23 5145 0 114 44 7979
5010 4 5145 0 63 134 7980
5010 40 5144 0 96 33 7981
5010 22 5145 0 99 17 7982
5010 29 5147 0 2 33 7983
5010 18 5144 0 162 25 7984
5010 26 5147 0 127 22 7985
5010 13 5144 0 107 31 7986
5010 9 5147 0 173 61 7987
5010 19 5146 0 99 9 7988
5010 12 5147 0 141 34 7989
5010 32 5144 0 72 131 7990
5025 6 5160 0 178 113 7991
5025 25 5162 0 152 41 7992
5025 45 5161 0 138 26 7993
5025 6 5162 0 124 15 7994
5025 5 5161 0 179 177 7995
5025 22 5163 0 99 9 7996
5025 35 5163 0 58 139 7997
5025 4 5161 0 86 23 7998
5025 12 5163 0 16 120 7999
5025 12 5163 0 24 195 8000
5025 8 5160 0 63 113 8001
5025 4 5160 0 38 84 8002
5025 5 5161 0 102 30 8003
5025 3 5160 0 138 23 8004
5025 16 5160 0 114 44 8005
5025 32 5162 0 96 33 8006
5025 15 5159 0 147 18 8007
5025 10 5159 0 103 16 8008
5025 16 5161 0 113 48 8009
5025 11 5160 0 108 36 8010
5025 20 5161 0 107 31 8011
5040 4 5176 0 110 50 8012
5040 4 5177 0 67 20 8013
5040 4 5176 0 178 113 8014
5040 13 5178 0 107 31 8015
5040 32 5178 0 142 143 8016
5040 24 5176 0 147 18 8017
5040 4 5175 0 179 177 8018
5040 18 5177 0 113 48 8019
5040 23 5178 0 139 9 8020
5040 28 5177 0 2 33 8021
5040 5 5178 0 124 15 8022
5040 18 5176 0 141 34 8023
5040 43 5178 0 127 22 8024
5040 7 5175 0 108 36 8025
5040 34 5177 0 127 43 8026
5040 42 5175 0 155 122 8027
5040 3 5175 0 138 23 8028
5040 3 5177 0 38 84 8029
5040 18 5175 0 114 44 8030
5040 42 5177 0 138 26 8031
5040 11 5175 0 112 57 8032
5040 8 5177 0 145 55 8033
5040 9 5177 0 103 16 8034
5043 66 8027 1 105 143 8035
5055 25 5192 0 13 75 8036
5055 5 5192 0 102 30 8037
5055 6 5191 0 138 23 8038
5055 6 5195 0 110 50 8039
5055 18 5192 0 103 107 8040
5055 5 5194 0 15 186 8041
5055 12 5189 0 128 55 8042
5055 32 5191 0 102 140 8043
5055 40 5192 0 148 23 8044
5055 15 5188 0 99 9 8045
5055 15 5191 0 113 48 8046
5055 9 5193 0 50 121 8047
5055 13 5190 0 139 9 8048
5055 35 5192 0 2 33 8049
5055 22 5189 0 64 182 8050
5055 3 5192 0 86 23 8051
5055 6 5192 0 179 177 8052
5055 7 5190 0 150 50 8053
5055 11 5193 0 95 77 8054
5055 24 5190 0 107 31 8055
5055 5 5190 0 38 84 8056
5070 6 5205 0 63 134 8057
5070 4 5206 0 6 88 8058
5070 19 5207 0 99 17 8059
5070 9 5206 0 128 96 8060
5070 6 5205 0 175 92 8061
5070 18 5206 0 113 48 8062
5070 38 5209 0 22 41 8063
5070 17 5206 0 107 31 8064
5070 6 5206 0 108 36 8065
5070 44 5208 0 148 23 8066
5070 3 5205 0 102 30 8067
5070 4 5205 0 178 113 8068
5070 10 5206 0 91 1 8069
5070 6 5205 0 67 20 8070
5070 6 5208 0 150 50 8071
5070 6 5204 0 162 60 8072
5070 24 5206 0 146 119 8073
5070 10 5205 0 95 1 8074
5085 23 5224 0 99 17 8075
5085 36 5220 0 138 26 8076
5085 6 5221 0 138 23 8077
5085 12 5221 0 140 11 8078
5085 33 5222 0 22 41 8079
5085 7 5221 0 7 180 8080
5085 9 5219 0 103 16 8081
5085 40 5221 0 46 189 8082
5085 12 5221 0 139 9 8083
5085 6 5222 0 102 30 8084
5085 25 5221 0 99 9 8085
5085 6 5221 0 24 195 8086
5085 17 5220 0 128 55 8087
5085 7 5222 0 108 36 8088
5085 11 5221 0 151 24 8089
5085 6 5222 0 112 57 8090
5085 6 5222 0 124 15 8091
5085 6 5222 0 110 50 8092
5085 4 5220 0 93 57 8093
5085 20 5221 0 107 31 8094
5100 25 5236 0 114 44 8095
5100 14 5235 0 46 130 8096
5100 4 5235 0 63 134 8097
5100 29 5236 0 66 134 8098
5100 13 5237 0 99 9 8099
5100 6 5233 0 83 108 8100
5100 17 5237 0 105 143 8101
5100 4 5236 0 67 20 8102
5100 22 5235 0 153 145 8103
5100 4 5235 0 155 52 8104
5100 5 5239 0 110 50 8105
5100 15 5237 0 99 17 8106
5100 3 5237 0 124 15 8107
5100 13 5236 0 139 9 8108
5100 17 5235 0 140 11 8109
5100 18 5234 0 186 125 8110
5100 19 5238 0 162 25 8111
5100 21 5235 0 128 55 8112
5100 4 5236 0 138 23 8113
5100 29 5235 0 46 189 8114
5100 12 5238 0 103 16 8115
5100 15 5235 0 113 48 8116
5100 14 5235 0 141 34 8117
5100 9 5234 0 151 24 8118
5100 33 5235 0 155 122 8119
5100 7 5235 0 108 36 8120
5100 30 5235 0 72 131 8121
5103 49 8090 1 102 30 8122
5115 8 5252 0 151 24 8123
5115 6 5251 0 108 36 8124
5115 6 5251 0 15 186 8125
5115 5 5251 0 124 15 8126
5115 21 5252 0 107 31 8127
5115 15 5251 0 113 48 8128
5115 17 5250 0 143 170 8129
5115 13 5254 0 86 1 8130
5115 17 5253 0 99 17 8131
5115 29 5251 0 2 33 8132
5115 5 5254 0 83 108 8133
5115 38 5252 0 72 131 8134
5115 33 5252 0 146 159 8135
5115 24 5250 0 99 9 8136
5115 9 5253 0 95 1 8137
5115 10 5251 0 95 77 8138
5115 27 5251 0 148 23 8139
5115 21 5251 0 114 44 8140
5115 6 5251 0 103 16 8141
5115 20 5249 0 146 119 8142
5115 25 5251 0 152 41 8143
5115 12 5248 0 162 60 8144
5115 13 5250 0 141 34 8145
5115 44 5253 0 96 33 8146
5130 3 5267 0 83 108 8147
5130 25 5266 0 141 34 8148
5130 27 5264 0 127 22 8149
5130 6 5267 0 50 121 8150
5130 4 5266 0 38 84 8151
5130 10 5268 0 108 36 8152
5130 12 5266 0 64 182 8153
5130 7 5264 0 151 24 8154
5130 17 5266 0 162 25 8155
5130 36 5265 0 127 43 8156
5130 6 5264 0 128 96 8157
5130 7 5267 0 95 77 8158
5130 17 5267 0 114 44 8159
5130 5 5265 0 110 50 8160
5130 31 5264 0 155 122 8161
5130 22 5264 0 140 11 8162
5130 6 5265 0 179 177 8163
5130 16 5266 0 147 18 8164
5130 25 5265 0 58 139 8165
5130 8 5268 0 112 57 8166
5130 5 5267 0 155 52 8167
5130 7 5267 0 103 16 8168
5130 27 5267 0 173 171 8169
5130 5 5267 0 175 92 8170
5130 6 5266 0 67 20 8171
5145 11 5282 0 95 77 8172
5145 23 5280 0 147 18 8173
5145 23 5281 0 128 55 8174
5145 26 5279 0 173 171 8175
5145 6 5281 0 38 84 8176
5145 29 5282 0 46 189 8177
5145 12 5280 0 103 107 8178
5145 9 5283 0 16 120 8179
5145 22 5283 0 64 182 8180
5145 18 5282 0 113 48 8181
5145 24 5282 0 46 130 8182
5145 28 5281 0 138 26 8183
5145 4 5282 0 138 23 8184
5145 34 5283 0 96 33 8185
5145 10 5280 0 108 36 8186
5145 23 5280 0 99 9 8187
5145 3 5279 0 67 20 8188
5145 31 5281 0 66 134 8189
5145 16 5279 0 140 11 8190
5145 41 5281 0 72 131 8191
5145 15 5282 0 107 31 8192
5145 34 5283 0 127 22 8193
5145 17 5281 0 105 143 8194
5145 14 5284 0 99 17 8195
5145 6 5283 0 162 60 8196
5145 42 5280 0 148 23 8197
5160 5 5294 0 110 50 8198
5160 4 5296 0 178 113 8199
5160 17 5294 0 128 55 8200
5160 24 5296 0 140 11 8201
5160 3 5296 0 155 52 8202
5160 12 5296 0 108 65 8203
5160 15 5297 0 152 41 8204
5160 12 5297 0 114 44 8205
5160 30 5298 0 2 33 8206
5160 12 5297 0 103 107 8207
5160 6 5294 0 102 30 8208
5160 7 5297 0 95 1 8209
5160 8 5295 0 108 36 8210
5160 6 5292 0 24 195 8211
5160 17 5294 0 107 31 8212
5160 21 5295 0 143 170 8213
5160 10 5295 0 125 90 8214
5160 16 5297 0 147 18 8215
5160 17 5296 0 113 48 8216
5160 3 5295 0 124 15 8217
5160 24 5294 0 139 9 8218
5160 4 5296 0 83 108 8219
5160 42 8146 1 15 186 8220
5160 34 5296 0 102 140 8221
5160 15 5297 0 141 34 8222
5175 17 5309 0 153 145 8223
5175 20 5310 0 46 130 8224
5175 19 5311 0 141 34 8225
5175 13 5311 0 152 41 8226
5175 9 5311 0 95 1 8227
5175 6 5310 0 164 71 8228
5175 3 5313 0 102 30 8229
5175 35 5310 0 127 22 8230
5175 39 5311 0 146 159 8231
5175 42 5310 0 148 23 8232
5175 24 5312 0 24 183 8233
5175 4 5309 0 175 92 8234
5175 6 5313 0 16 120 8235
5175 20 5312 0 128 55 8236
5175 24 5310 0 113 48 8237
5175 37 5313 0 102 140 8238
5175 43 5311 0 127 43 8239
5175 4 5310 0 155 52 8240
5175 21 5313 0 99 17 8241
5175 6 5311 0 38 84 8242
5175 6 5309 0 86 23 8243
5175 5 5313 0 6 88 8244
5175 19 5313 0 143 170 8245
5175 12 5311 0 99 9 8246
5175 3 5310 0 93 57 8247
5175 18 5310 0 140 11 8248
5180 80 8166 1 103 107 8249
5189 49 8174 1 128 96 8250
5190 25 5323 0 96 33 8251
5190 13 5326 0 24 183 8252
5190 4 5328 0 110 50 8253
5190 9 5325 0 50 121 8254
5190 6 5324 0 182 28 8255
5190 13 5326 0 46 130 8256
5190 6 5324 0 162 60 8257
5190 19 5325 0 108 65 8258
5190 8 5327 0 145 55 8259
5190 6 5326 0 124 15 8260
5190 14 5324 0 186 125 8261
5190 6 5327 0 112 57 8262
5190 3 5325 0 175 92 8263
5190 17 5326 0 147 18 8264
5190 37 5326 0 127 43 8265
5190 4 5327 0 155 52 8266
5190 17 5328 0 114 44 8267
5190 12 5328 0 107 31 8268
5190 22 5325 0 141 34 8269
5190 32 5325 0 33 177 8270
5190 25 5326 0 99 9 8271
5190 4 5325 0 102 30 8272
5190 4 5326 0 138 23 8273
5190 5 5324 0 38 84 8274
5190 20 5324 0 128 55 8275
5190 17 5326 0 105 143 8276
5190 31 5327 0 58 139 8277
5195 72 8181 1 173 171 8278
5205 21 5342 0 114 44 8279
5205 6 5339 0 108 36 8280
5205 15 5340 0 139 9 8281
5205 22 5339 0 141 34 8282
5205 25 5340 0 142 143 8283
5205 7 5342 0 150 50 8284
5205 18 5341 0 162 25 8285
5205 7 5340 0 63 113 8286
5205 19 5340 0 107 31 8287
5205 12 5340 0 99 9 8288
5205 12 5342 0 23 55 8289
5205 5 5341 0 102 30 8290
5205 14 5340 0 103 107 8291
5205 29 5343 0 127 22 8292
5205 7 5341 0 125 90 8293
5205 31 5341 0 33 177 8294
5205 17 5339 0 99 17 8295
5205 6 5341 0 178 113 8296
5205 23 5341 0 147 18 8297
5205 4 5343 0 110 50 8298
5205 40 5339 0 138 26 8299
5205 25 5340 0 152 41 8300
5205 13 5341 0 140 11 8301
5205 9 5338 0 112 57 8302
5205 4 5341 0 155 52 8303
5205 45 5341 0 127 43 8304
5205 4 5341 0 138 23 8305
5220 16 5356 0 107 31 8306
5220 3 5356 0 67 20 8307
5220 6 5356 0 108 36 8308
5220 15 5355 0 103 107 8309
5220 3 5356 0 102 30 8310
5220 5 5355 0 83 108 8311
5220 14 5357 0 99 17 8312
5220 19 5354 0 114 44 8313
5220 17 5357 0 99 9 8314
5220 3 5358 0 175 92 8315
5220 7 5357 0 63 113 8316
5220 6 5358 0 63 134 8317
5220 19 5353 0 161 44 8318
5220 23 5356 0 141 34 8319
5220 5 5355 0 38 84 8320
5220 18 5356 0 113 48 8321
5220 9 5355 0 145 55 8322
5220 11 5357 0 151 24 8323
5220 3 5355 0 86 23 8324
5220 35 5356 0 96 33 8325
5220 11 5357 0 16 120 8326
5220 36 5355 0 127 22 8327
5220 5 5355 0 182 28 8328
5220 7 5357 0 50 121 8329
5220 41 5356 0 138 26 8330
5220 24 5358 0 24 183 8331
5220 31 5356 0 148 23 8332
5235 5 5372 0 6 88 8333
5235 6 5370 0 178 113 8334
5235 24 5372 0 113 48 8335
5235 12 5369 0 151 24 8336
5235 15 5370 0 107 31 8337
5235 24 5369 0 147 18 8338
5235 20 5371 0 99 17 8339
5235 43 5372 0 138 26 8340
5235 20 5371 0 140 11 8341
5235 14 5368 0 146 119 8342
5235 6 5370 0 138 23 8343
5235 19 5373 0 99 9 8344
5235 36 5372 0 102 140 8345
5235 30 5371 0 148 23 8346
5235 24 5372 0 139 9 8347
5235 6 5371 0 112 57 8348
5235 21 5369 0 186 125 8349
5235 8 5371 0 145 55 8350
5235 5 5369 0 110 50 8351
5235 34 5374 0 33 177 8352
5239 56 8226 1 127 43 8353
5250 14 5387 0 113 48 8354
5250 4 5384 0 102 30 8355
5250 12 5385 0 147 18 8356
5250 21 5387 0 128 55 8357
5250 20 5386 0 13 75 8358
5250 16 5388 0 24 183 8359
5250 10 5387 0 151 24 8360
5250 32 5385 0 127 43 8361
5250 14 5386 0 114 44 8362
5250 22 5388 0 99 17 8363
5250 14 5386 0 140 11 8364
5250 39 5384 0 22 41 8365
5250 23 5385 0 139 9 8366
5250 5 5386 0 124 15 8367
5250 11 5388 0 162 60 8368
5250 6 5387 0 93 57 8369
5250 8 5387 0 23 55 8370
5250 33 5385 0 127 22 8371
5250 7 5387 0 164 71 8372
5250 16 5386 0 99 9 8373
5250 25 5386 0 66 134 8374
5250 6 5384 0 138 23 8375
5250 22 5388 0 46 130 8376
5250 19 5386 0 107 31 8377
5250 22 5386 0 152 41 8378
5250 19 5386 0 103 107 8379
5250 11 5388 0 95 1 8380
5250 14 5386 0 141 34 8381
5250 12 5386 0 63 113 8382
5265 9 5402 0 108 36 8383
5265 22 5403 0 103 107 8384
5265 9 5402 0 16 120 8385
5265 16 5401 0 113 48 8386
5265 19 5399 0 141 34 8387
5265 33 5402 0 96 33 8388
5265 17 5399 0 147 18 8389
5265 17 5402 0 140 11 8390
5265 5 5401 0 155 52 8391
5265 12 5402 0 128 55 8392
5265 11 5404 0 128 96 8393
5265 6 5403 0 175 92 8394
5265 43 5401 0 72 131 8395
5265 6 5401 0 50 121 8396
5265 17 5401 0 64 182 8397
5280 20 5414 0 152 41 8398
5280 28 5418 0 96 33 8399
5280 5 5416 0 110 50 8400
5280 32 5416 0 148 23 8401
5280 7 5415 0 91 1 8402
5280 20 5415 0 107 31 8403
5280 19 5417 0 99 17 8404
5280 24 5418 0 114 44 8405
5280 11 5414 0 125 90 8406
5280 4 5415 0 83 108 8407
5280 16 5417 0 99 9 8408
5280 12 5417 0 162 25 8409
5280 4 5417 0 175 92 8410
5280 24 5415 0 139 9 8411
5280 44 5415 0 22 41 8412
5280 3 5417 0 93 57 8413
5280 17 5416 0 113 48 8414
5280 25 5416 0 143 170 8415
5280 12 5413 0 128 55 8416
5280 6 5418 0 112 57 8417
5280 20 5418 0 141 34 8418
5287 73 8274 1 138 23 8419
5295 9 5432 0 173 61 8420
5295 16 5429 0 141 34 8421
5295 43 5433 0 22 41 8422
5295 7 5430 0 112 57 8423
5295 13 5430 0 146 119 8424
5295 15 5432 0 139 9 8425
5295 10 5429 0 145 55 8426
5295 8 5431 0 108 36 8427
5295 11 5431 0 7 180 8428
5295 3 5433 0 138 23 8429
5295 43 5431 0 138 26 8430
5295 24 5429 0 147 18 8431
5295 30 5430 0 127 43 8432
5295 41 5430 0 127 22 8433
5295 8 5432 0 164 71 8434
5295 43 5431 0 155 122 8435
5295 33 5431 0 72 131 8436
5295 22 5432 0 153 145 8437
5295 25 5428 0 2 33 8438
5295 28 5429 0 102 140 8439
5310 45 8295 1 182 28 8440
5310 15 5445 0 105 143 8441
5310 6 5446 0 179 177 8442
5310 18 5445 0 140 11 8443
5310 30 5447 0 155 122 8444
5310 3 5445 0 175 92 8445
5310 12 5448 0 139 9 8446
5310 3 5447 0 182 28 8447
5310 12 5445 0 91 1 8448
5310 10 5446 0 50 121 8449
5310 23 5446 0 141 34 8450
5310 3 5447 0 102 30 8451
5310 10 5447 0 173 61 8452
5310 12 5446 0 108 36 8453
5310 16 5449 0 99 17 8454
5310 4 5446 0 63 134 8455
5310 4 5447 0 124 15 8456
5310 9 5447 0 103 16 8457
5310 20 5447 0 180 72 8458
5310 10 5447 0 125 90 8459
5310 41 5445 0 127 22 8460
5310 22 5448 0 86 1 8461
5310 10 5445 0 145 55 8462
5310 14 5445 0 46 130 8463
5310 3 5445 0 155 52 8464
5310 40 5444 0 148 23 8465
5310 6 5446 0 63 113 8466
5316 65 8301 1 99 9 8467
5325 40 5460 0 2 33 8468
5325 13 5460 0 107 31 8469
5325 26 5463 0 173 171 8470
5325 6 5460 0 155 52 8471
5325 20 5463 0 113 48 8472
5325 6 5462 0 93 57 8473
5325 24 5461 0 99 9 8474
5325 5 5462 0 110 50 8475
5325 10 5462 0 173 61 8476
5325 12 5459 0 103 16 8477
5325 25 5463 0 147 18 8478
5325 12 5460 0 112 57 8479
5325 26 5459 0 127 22 8480
5325 11 5459 0 145 55 8481
5325 39 5461 0 46 189 8482
5325 3 5461 0 102 30 8483
5325 5 5461 0 83 108 8484
5325 14 5462 0 162 25 8485
5325 5 5463 0 182 28 8486
5325 22 5462 0 99 17 8487
5325 7 5459 0 7 180 8488
5325 16 5460 0 24 183 8489
5325 34 5461 0 146 159 8490
5325 40 5461 0 138 26 8491
5325 5 5461 0 63 134 8492
5325 30 5460 0 127 43 8493
5336 80 8323 1 33 177 8494
5340 12 5474 0 13 75 8495
5340 35 5478 0 66 134 8496
5340 25 5475 0 128 55 8497
5340 37 5477 0 127 22 8498
5340 16 5476 0 161 44 8499
5340 12 5478 0 145 55 8500
5340 6 5476 0 83 108 8501
5340 24 5478 0 140 11 8502
5340 14 5477 0 46 130 8503
5340 20 5476 0 147 18 8504
5340 22 5476 0 86 1 8505
5340 24 5477 0 99 17 8506
5340 15 5476 0 99 9 8507
5340 31 5475 0 72 131 8508
5340 13 5473 0 139 9 8509
5340 23 5475 0 152 41 8510
5340 5 5476 0 102 30 8511
5340 21 5479 0 107 31 8512
5340 39 5476 0 127 43 8513
5340 4 5478 0 86 23 8514
5340 4 5475 0 124 15 8515
5340 8 5477 0 162 60 8516
5340 33 5477 0 102 140 8517
5340 30 5477 0 173 171 8518
5340 6 5476 0 110 50 8519
5340 41 5476 0 96 33 8520
5340 42 5476 0 46 189 8521
5340 14 5473 0 24 183 8522
5355 7 5491 0 150 50 8523
5355 5 5490 0 38 84 8524
5355 4 5491 0 67 20 8525
5355 16 5490 0 140 11 8526
5355 17 5491 0 99 9 8527
5355 44 5492 0 66 134 8528
5355 4 5491 0 83 108 8529
5355 15 5492 0 107 31 8530
5355 7 5494 0 125 90 8531
5355 6 5489 0 102 30 8532
5355 4 5491 0 124 15 8533
5355 19 5493 0 113 48 8534
5355 5 5490 0 6 88 8535
5355 36 5491 0 127 43 8536
5355 30 5493 0 155 122 8537
5355 31 5489 0 102 140 8538
5355 40 5492 0 173 171 8539
5355 8 5491 0 112 57 8540
5355 41 5490 0 22 41 8541
5367 46 8354 1 38 84 8542
5370 18 5506 0 146 119 8543
5370 3 5505 0 102 30 8544
5370 20 5507 0 141 34 8545
5370 36 5504 0 127 43 8546
5370 6 5506 0 124 15 8547
5370 36 5508 0 138 26 8548
5370 12 5506 0 99 17 8549
5370 9 5508 0 95 1 8550
5370 34 5506 0 33 177 8551
5370 11 5508 0 108 36 8552
5370 9 5507 0 145 55 8553
5370 22 5508 0 139 9 8554
5370 31 5507 0 148 23 8555
5370 18 5506 0 128 55 8556
5370 7 5505 0 7 180 8557
5370 9 5506 0 103 16 8558
5370 42 5506 0 46 189 8559
5370 45 5507 0 127 22 8560
5370 6 5507 0 110 50 8561
5370 24 5505 0 147 18 8562
5370 12 5508 0 173 61 8563
5370 10 5506 0 91 1 8564
5370 12 5506 0 86 1 8565
5370 15 5505 0 99 9 8566
5371 72 8356 1 179 177 8567
5375 60 8360 1 93 57 8568
5385 21 5522 0 139 9 8569
5385 20 5521 0 140 11 8570
5385 23 5520 0 86 1 8571
5385 26 5520 0 127 43 8572
5385 6 5520 0 50 121 8573
5385 44 5521 0 72 131 8574
5385 6 5521 0 182 28 8575
5385 18 5520 0 99 17 8576
5385 34 5521 0 138 26 8577
5385 25 5523 0 108 65 8578
5385 43 5521 0 173 171 8579
5385 4 5522 0 93 57 8580
5385 11 5520 0 91 1 8581
5385 14 5519 0 152 41 8582
5385 42 5521 0 46 189 8583
5385 41 5519 0 66 134 8584
5385 17 5519 0 141 34 8585
5385 6 5523 0 95 77 8586
5385 20 5522 0 128 55 8587
5385 21 5520 0 99 9 8588
5385 19 5520 0 13 75 8589
5385 4 5522 0 175 92 8590
5385 21 5520 0 147 18 8591
5387 31 8374 1 141 34 8592
5394 67 8381 1 102 140 8593
5396 78 8383 1 138 26 8594
5400 5 5535 0 15 186 8595
5400 28 5538 0 146 159 8596
5400 10 5534 0 91 1 8597
5400 4 5537 0 63 134 8598
5400 5 5538 0 178 113 8599
5400 5 5537 0 138 23 8600
5400 6 5537 0 155 52 8601
5400 44 5536 0 148 23 8602
5400 45 5536 0 138 26 8603
5400 5 5536 0 67 20 8604
5400 17 5536 0 141 34 8605
5400 11 5538 0 103 16 8606
5400 19 5536 0 128 55 8607
5400 7 5537 0 108 36 8608
5400 22 5536 0 105 143 8609
5400 15 5536 0 161 44 8610
5400 12 5534 0 147 18 8611
5400 33 5537 0 72 131 8612
5400 3 5538 0 179 177 8613
5400 14 5536 0 107 31 8614
5400 7 5537 0 63 113 8615
5415 9 5552 0 151 24 8616
5415 43 5550 0 173 171 8617
5415 29 5550 0 148 23 8618
5415 12 5550 0 99 9 8619
5415 11 5550 0 150 50 8620
5415 3 5551 0 38 84 8621
5415 13 5552 0 143 170 8622
5415 13 5553 0 141 34 8623
5415 32 5553 0 138 26 8624
5415 3 5550 0 102 30 8625
5415 6 5551 0 23 55 8626
5415 6 5552 0 178 113 8627
5415 21 5550 0 162 25 8628
5415 33 5551 0 96 33 8629
5415 28 5550 0 66 134 8630
5415 23 5550 0 114 44 8631
5415 16 5551 0 128 55 8632
5415 6 5552 0 125 90 8633
5415 4 5550 0 110 50 8634
5424 36 8411 1 162 25 8635
5430 12 5567 0 13 75 8636
5430 19 5567 0 147 18 8637
5430 17 5565 0 113 48 8638
5430 5 5565 0 15 186 8639
5430 10 5566 0 112 57 8640
5430 7 5566 0 150 50 8641
5430 7 5566 0 16 120 8642
5430 10 5566 0 125 90 8643
5430 11 5565 0 162 60 8644
5430 10 5567 0 7 180 8645
5430 33 5566 0 66 134 8646
5430 16 5567 0 141 34 8647
5430 4 5564 0 138 23 8648
5430 41 5567 0 127 22 8649
5430 35 5565 0 127 43 8650
5430 14 5565 0 186 125 8651
5430 37 5565 0 148 23 8652
5430 27 5567 0 72 131 8653
5430 21 5566 0 139 9 8654
5430 23 5566 0 103 107 8655
5430 5 5566 0 110 50 8656
5430 20 5568 0 152 41 8657
5431 178 8417 1 162 60 8658
5445 33 5580 0 2 33 8659
5445 19 5582 0 13 75 8660
5445 6 5580 0 108 36 8661
5445 6 5581 0 83 108 8662
5445 15 5582 0 114 44 8663
5445 12 5583 0 91 1 8664
5445 4 5584 0 138 23 8665
5445 18 5580 0 186 125 8666
5445 32 5582 0 102 140 8667
5445 24 5582 0 64 182 8668
5445 44 5581 0 148 23 8669
5445 31 5582 0 127 22 8670
5445 22 5581 0 162 25 8671
5445 3 5581 0 110 50 8672
5445 19 5582 0 46 130 8673
5445 22 5580 0 99 17 8674
5445 6 5582 0 102 30 8675
5445 28 5581 0 96 33 8676
5445 3 5580 0 15 186 8677
5445 21 5581 0 141 34 8678
5445 27 5581 0 72 131 8679
5445 33 5580 0 138 26 8680
5445 11 5580 0 24 195 8681
5445 12 5581 0 128 55 8682
5445 6 5582 0 7 180 8683
5445 27 5582 0 46 189 8684
5445 7 5583 0 145 55 8685
5445 14 5581 0 147 18 8686
5460 5 5595 0 138 23 8687
5460 3 5597 0 38 84 8688
5460 39 5597 0 96 33 8689
5460 6 5595 0 178 113 8690
5460 40 5596 0 148 23 8691
5460 13 5596 0 99 17 8692
5460 25 5597 0 24 183 8693
5460 25 5595 0 64 182 8694
5460 44 5597 0 127 22 8695
5460 23 5595 0 147 18 8696
5460 18 5596 0 99 9 8697
5460 10 5595 0 16 120 8698
5460 13 5595 0 140 11 8699
5460 9 5597 0 125 90 8700
5460 7 5596 0 108 36 8701
5460 21 5597 0 139 9 8702
5460 5 5595 0 110 50 8703
5460 18 5596 0 105 143 8704
5475 14 5613 0 139 9 8705
5475 5 5610 0 102 30 8706
5475 40 5613 0 127 22 8707
5475 24 5612 0 128 55 8708
5475 7 5610 0 162 60 8709
5475 44 5611 0 33 177 8710
5475 18 5610 0 147 18 8711
5475 9 5612 0 95 1 8712
5475 39 5613 0 96 33 8713
5475 39 5610 0 58 139 8714
5475 25 5611 0 24 183 8715
5475 36 5611 0 102 140 8716
5475 6 5610 0 151 24 8717
5475 5 5611 0 110 50 8718
5475 16 5612 0 107 31 8719
5475 7 5611 0 145 55 8720
5475 5 5611 0 93 57 8721
5475 12 5611 0 173 61 8722
5475 18 5611 0 141 34 8723
5475 4 5612 0 138 23 8724
5475 9 5611 0 63 113 8725
5475 3 5612 0 182 28 8726
5475 23 5610 0 86 1 8727
5475 3 5610 0 67 20 8728
5475 4 5612 0 63 134 8729
5475 12 5611 0 23 55 8730
5475 3 5611 0 86 23 8731
5475 9 5611 0 108 36 8732
5490 4 5626 0 102 30 8733
5490 45 5626 0 96 33 8734
5490 28 5625 0 138 26 8735
5490 5 5625 0 124 15 8736
5490 19 5626 0 152 41 8737
5490 6 5624 0 86 23 8738
5490 14 5626 0 113 48 8739
5490 17 5627 0 114 44 8740
5490 21 5625 0 24 183 8741
5490 25 5626 0 102 140 8742
5490 15 5625 0 99 9 8743
5490 27 5625 0 127 22 8744
5490 6 5626 0 112 57 8745
5490 5 5624 0 138 23 8746
5490 5 5625 0 178 113 8747
5490 12 5627 0 108 36 8748
5505 36 5640 0 96 33 8749
5505 26 5639 0 127 43 8750
5505 27 5640 0 155 122 8751
5505 16 5642 0 139 9 8752
5505 27 5642 0 33 177 8753
5505 12 5642 0 7 180 8754
5505 15 5640 0 114 44 8755
5505 21 5643 0 141 34 8756
5505 23 5639 0 147 18 8757
5505 21 5641 0 140 11 8758
5505 9 5639 0 173 61 8759
5505 4 5640 0 102 30 8760
5505 4 5638 0 124 15 8761
5505 65 8490 1 46 189 8762
5505 4 5641 0 110 50 8763
5505 6 5642 0 16 120 8764
5505 24 5641 0 128 55 8765
5513 52 8501 1 140 11 8766
5520 22 5656 0 143 170 8767
5520 28 5656 0 127 43 8768
5520 25 5656 0 22 41 8769
5520 10 5657 0 125 90 8770
5520 42 5657 0 72 131 8771
5520 17 5655 0 141 34 8772
5520 11 5656 0 145 55 8773
5520 25 5657 0 140 11 8774
5520 9 5657 0 24 195 8775
5520 10 5658 0 23 55 8776
5520 22 5656 0 139 9 8777
5520 6 5654 0 108 36 8778
5520 6 5655 0 173 61 8779
5520 25 5655 0 162 25 8780
5520 9 5657 0 103 16 8781
5520 29 5654 0 127 22 8782
5520 26 5658 0 146 159 8783
5520 17 5657 0 114 44 8784
5520 29 5653 0 138 26 8785
5520 38 5656 0 96 33 8786
5520 22 5656 0 99 17 8787
5520 35 5657 0 33 177 8788
5520 4 5655 0 182 28 8789
5520 26 5653 0 46 189 8790
5520 15 5654 0 152 41 8791
5535 10 5669 0 164 71 8792
5535 5 5671 0 93 57 8793
5535 6 5669 0 83 108 8794
5535 5 5671 0 86 23 8795
5535 40 5672 0 148 23 8796
5535 25 5672 0 99 9 8797
5535 4 5672 0 178 113 8798
5535 20 5671 0 141 34 8799
5535 43 5672 0 142 143 8800
5535 7 5670 0 103 16 8801
5535 7 5668 0 112 57 8802
5535 20 5671 0 103 107 8803
5535 9 5668 0 108 36 8804
5535 12 5672 0 16 120 8805
5535 19 5671 0 107 31 8806
5535 30 5672 0 146 159 8807
5535 5 5670 0 38 84 8808
5535 31 5671 0 72 131 8809
5535 3 5671 0 110 50 8810
5535 6 5672 0 67 20 8811
5535 25 5671 0 96 33 8812
5535 42 5671 0 138 26 8813
5550 4 5687 0 86 23 8814
5550 45 5687 0 138 26 8815
5550 10 5685 0 151 24 8816
5550 35 5686 0 127 22 8817
5550 12 5687 0 24 183 8818
5550 33 5685 0 142 143 8819
5550 19 5686 0 128 55 8820
5550 24 5685 0 103 107 8821
5550 5 5687 0 93 57 8822
5550 25 5686 0 105 143 8823
5550 6 5686 0 110 50 8824
5550 12 5684 0 95 1 8825
5550 7 5686 0 91 1 8826
5550 3 5686 0 67 20 8827
5550 18 5685 0 147 18 8828
5550 3 5688 0 175 92 8829
5550 12 5686 0 112 57 8830
5550 12 5686 0 164 71 8831
5550 19 5685 0 143 170 8832
5550 23 5685 0 99 9 8833
5550 5 5686 0 38 84 8834
5554 140 8540 1 95 77 8835
5556 68 8542 1 50 121 8836
5561 33 8547 1 142 143 8837
5565 23 5703 0 99 17 8838
5565 45 5702 0 138 26 8839
5565 3 5700 0 182 28 8840
5565 19 5702 0 24 183 8841
5565 31 5702 0 148 23 8842
5565 8 5701 0 145 55 8843
5565 42 5701 0 127 22 8844
5565 40 5702 0 72 131 8845
5565 12 5701 0 141 34 8846
5565 7 5702 0 24 195 8847
5565 39 5701 0 22 41 8848
5565 18 5700 0 140 11 8849
5565 5 5704 0 124 15 8850
5565 27 5700 0 127 43 8851
5565 21 5702 0 114 44 8852
5565 12 5703 0 112 57 8853
5565 5 5701 0 83 108 8854
5565 6 5702 0 86 23 8855
5565 22 5703 0 113 48 8856
5565 25 5702 0 99 9 8857
5565 4 5702 0 179 177 8858
5565 32 5699 0 102 140 8859
5565 6 5700 0 93 57 8860
5565 21 5700 0 103 107 8861
5570 48 8555 1 107 31 8862
5580 23 5716 0 113 48 8863
5580 12 5716 0 128 55 8864
5580 34 5716 0 127 43 8865
5580 24 5718 0 180 72 8866
5580 16 5715 0 13 75 8867
5580 14 5716 0 147 18 8868
5580 5 5715 0 38 84 8869
5580 3 5717 0 138 23 8870
5580 41 5717 0 46 189 8871
5580 5 5717 0 102 30 8872
5580 21 5718 0 99 17 8873
5580 6 5716 0 128 96 8874
5580 43 5714 0 66 134 8875
5580 18 5716 0 103 107 8876
5580 18 5717 0 64 182 8877
5580 4 5714 0 179 177 8878
5580 21 5715 0 186 125 8879
5580 25 5717 0 99 9 8880
5580 3 5714 0 178 113 8881
5580 15 5716 0 114 44 8882
5580 5 5717 0 83 108 8883
5580 38 5719 0 33 177 8884
5580 9 5716 0 173 61 8885
5580 8 5716 0 108 36 8886
5580 41 5718 0 127 22 8887
5580 10 5714 0 125 90 8888
5580 21 5715 0 141 34 8889
5580 12 5717 0 139 9 8890
5580 3 5716 0 124 15 8891
5591 33 8577 1 63 113 8892
5595 6 5729 0 103 16 8893
5595 12 5733 0 139 9 8894
5595 13 5729 0 103 107 8895
5595 25 5730 0 162 25 8896
5595 23 5732 0 147 18 8897
5595 7 5730 0 173 61 8898
5595 36 5729 0 46 189 8899
5595 7 5730 0 108 36 8900
5595 4 5733 0 138 23 8901
5595 33 5733 0 127 22 8902
5595 32 5730 0 2 33 8903
5595 12 5734 0 145 55 8904
5595 8 5729 0 23 55 8905
5595 44 5732 0 148 23 8906
5595 17 5730 0 113 48 8907
5595 4 5730 0 178 113 8908
5595 5 5732 0 93 57 8909
5595 43 5731 0 155 122 8910
5595 35 5731 0 96 33 8911
5595 3 5729 0 102 30 8912
5595 17 5730 0 107 31 8913
5595 35 5731 0 146 159 8914
5595 15 5730 0 99 9 8915
5595 21 5730 0 128 55 8916
5610 12 5744 0 141 34 8917
5610 3 5744 0 179 177 8918
5610 17 5748 0 186 125 8919
5610 5 5747 0 178 113 8920
5610 8 5746 0 103 16 8921
5610 22 5746 0 99 9 8922
5610 3 5748 0 138 23 8923
5610 10 5746 0 112 57 8924
5610 6 5746 0 108 36 8925
5610 3 5745 0 155 52 8926
5610 6 5745 0 110 50 8927
5610 28 5746 0 46 189 8928
5610 11 5747 0 164 71 8929
5610 24 5745 0 107 31 8930
5610 22 5747 0 128 55 8931
5610 24 5745 0 180 72 8932
5610 36 5747 0 138 26 8933
5610 21 5745 0 113 48 8934
5610 25 5747 0 139 9 8935
5610 15 5746 0 146 119 8936
5610 4 5744 0 102 30 8937
5610 41 5747 0 96 33 8938
5610 6 5746 0 67 20 8939
5610 43 5744 0 72 131 8940
5623 175 8610 1 83 108 8941
5625 9 5760 0 95 1 8942
5625 7 5761 0 108 36 8943
5625 5 5761 0 102 30 8944
5625 36 5760 0 102 140 8945
5625 3 5761 0 179 177 8946
5625 6 5761 0 110 50 8947
5625 17 5762 0 107 31 8948
5625 23 5761 0 161 44 8949
5625 32 5762 0 58 139 8950
5625 7 5760 0 125 90 8951
5625 13 5763 0 139 9 8952
5625 28 5762 0 127 22 8953
5625 27 5764 0 127 43 8954
5625 21 5762 0 153 145 8955
5625 3 5761 0 138 23 8956
5625 18 5760 0 113 48 8957
5625 16 5761 0 24 183 8958
5625 23 5761 0 141 34 8959
5625 6 5762 0 155 52 8960
5625 4 5760 0 124 15 8961
5625 14 5758 0 99 9 8962
5625 18 5761 0 108 65 8963
5625 3 5762 0 6 88 8964
5625 22 5759 0 140 11 8965
5625 8 5761 0 103 16 8966
5640 24 5778 0 161 44 8967
5640 18 5775 0 141 34 8968
5640 8 5775 0 103 16 8969
5640 21 5776 0 180 72 8970
5640 30 5774 0 58 139 8971
5640 25 5774 0 127 22 8972
5640 38 5773 0 33 177 8973
5640 8 5775 0 112 57 8974
5640 11 5776 0 145 55 8975
5640 6 5774 0 93 57 8976
5640 4 5775 0 110 50 8977
5640 13 5776 0 13 75 8978
5640 41 5775 0 127 43 8979
5640 3 5776 0 86 23 8980
5640 5 5777 0 124 15 8981
5640 39 5778 0 96 33 8982
5640 19 5776 0 113 48 8983
5640 8 5776 0 24 195 8984
5640 24 5775 0 64 182 8985
5640 12 5776 0 164 71 8986
5640 13 5777 0 107 31 8987
5640 30 5776 0 2 33 8988
5640 5 5778 0 102 30 8989
5640 6 5776 0 138 23 8990
5655 3 5789 0 102 30 8991
5655 22 5791 0 99 17 8992
5655 4 5792 0 38 84 8993
5655 7 5789 0 103 16 8994
5655 21 5790 0 140 11 8995
5655 12 5792 0 7 180 8996
5655 30 5791 0 127 43 8997
5655 40 5790 0 96 33 8998
5655 31 5792 0 148 23 8999
5655 12 5790 0 113 48 9000
5655 8 5789 0 145 55 9001
5655 3 5791 0 110 50 9002
5655 11 5792 0 50 121 9003
5655 31 5791 0 58 139 9004
5655 20 5792 0 128 55 9005
5655 6 5791 0 151 24 9006
5655 32 5792 0 138 26 9007
5655 9 5790 0 24 195 9008
5655 9 5789 0 173 61 9009
5670 11 5805 0 112 57 9010
5670 24 5805 0 140 11 9011
5670 4 5806 0 93 57 9012
5670 20 5807 0 161 44 9013
5670 38 5806 0 127 43 9014
5670 44 5804 0 127 22 9015
5670 15 5806 0 13 75 9016
5670 17 5805 0 107 31 9017
5670 3 5806 0 102 30 9018
5670 29 5807 0 173 171 9019
5670 6 5806 0 63 134 9020
5670 40 5805 0 148 23 9021
5670 30 5806 0 22 41 9022
5670 6 5805 0 63 113 9023
5670 4 5810 0 138 23 9024
5670 10 5807 0 151 24 9025
5670 20 5806 0 64 182 9026
5670 34 5806 0 138 26 9027
5670 20 5805 0 146 119 9028
5670 19 5805 0 24 183 9029
5670 20 5805 0 113 48 9030
5670 23 5805 0 141 34 9031
5670 13 5809 0 103 107 9032
5670 17 5807 0 108 65 9033
5683 44 8668 1 72 131 9034
5685 41 5822 0 46 189 9035
5685 10 5820 0 112 57 9036
5685 16 5821 0 140 11 9037
5685 43 5819 0 138 26 9038
5685 9 5821 0 24 195 9039
5685 4 5822 0 178 113 9040
5685 22 5820 0 128 55 9041
5685 24 5821 0 146 119 9042
5685 12 5821 0 114 44 9043
5685 6 5821 0 150 50 9044
5685 4 5821 0 138 23 9045
5685 25 5821 0 64 182 9046
5685 16 5823 0 86 1 9047
5685 16 5820 0 24 183 9048
5685 9 5821 0 108 36 9049
5685 35 5824 0 146 159 9050
5685 23 5819 0 113 48 9051
5685 8 5822 0 103 16 9052
5685 25 5821 0 141 34 9053
5685 16 5820 0 99 9 9054
5685 36 5821 0 127 22 9055
5685 5 5822 0 155 52 9056
5685 18 5820 0 108 65 9057
5685 3 5821 0 102 30 9058
5685 5 5821 0 6 88 9059
5700 37 5834 0 66 134 9060
5700 24 5835 0 114 44 9061
5700 14 5835 0 128 55 9062
5700 10 5834 0 50 121 9063
5700 14 5837 0 147 18 9064
5700 5 5835 0 110 50 9065
5700 12 5834 0 99 9 9066
5700 42 5836 0 146 159 9067
5700 3 5838 0 63 134 9068
5700 23 5836 0 113 48 9069
5700 6 5835 0 138 23 9070
5700 27 5837 0 127 43 9071
5700 28 5835 0 22 41 9072
5700 43 5839 0 2 33 9073
5700 5 5835 0 124 15 9074
5700 8 5837 0 164 71 9075
5700 14 5835 0 46 130 9076
5700 18 5836 0 64 182 9077
5700 12 5837 0 24 183 9078
5700 20 5838 0 141 34 9079
5700 22 5836 0 107 31 9080
5700 39 5837 0 173 171 9081
5700 42 5835 0 127 22 9082
5700 25 5835 0 58 139 9083
5700 10 5836 0 112 57 9084
5700 23 5836 0 86 1 9085
5700 23 5836 0 152 41 9086
5700 18 5837 0 180 72 9087
5700 11 5836 0 103 16 9088
5700 29 5835 0 72 131 9089
5701 62 8686 1 96 33 9090
5715 12 5851 0 99 9 9091
5715 5 5850 0 155 52 9092
5715 17 5850 0 105 143 9093
5715 32 5852 0 148 23 9094
5715 12 5852 0 103 16 9095
5715 15 5851 0 99 17 9096
5715 20 5851 0 103 107 9097
5715 41 5847 0 127 43 9098
5715 10 5851 0 7 180 9099
5715 6 5853 0 124 15 9100
5715 8 5850 0 145 55 9101
5715 19 5851 0 140 11 9102
5715 14 5852 0 107 31 9103
5715 21 5852 0 128 55 9104
5715 25 5851 0 13 75 9105
5715 20 5851 0 162 25 9106
5715 13 5851 0 147 18 9107
5715 27 5852 0 138 26 9108
5715 5 5852 0 110 50 9109
5730 3 5865 0 67 20 9110
5730 6 5865 0 179 177 9111
5730 6 5863 0 124 15 9112
5730 33 5865 0 146 159 9113
5730 17 5865 0 140 11 9114
5730 37 5864 0 138 26 9115
5730 6 5866 0 6 88 9116
5730 18 5867 0 147 18 9117
5730 27 5867 0 2 33 9118
5730 17 5863 0 128 55 9119
5730 8 5864 0 103 16 9120
5730 12 5866 0 99 9 9121
5730 34 5867 0 142 143 9122
5730 12 5868 0 13 75 9123
5730 24 5867 0 113 48 9124
5730 13 5865 0 107 31 9125
5730 19 5866 0 103 107 9126
5730 3 5867 0 182 28 9127
5730 29 5867 0 127 22 9128
5730 37 5865 0 102 140 9129
5730 19 5865 0 141 34 9130
5737 30 8721 1 108 36 9131
5745 8 5880 0 24 195 9132
5745 29 5882 0 72 131 9133
5745 4 5882 0 138 23 9134
5745 42 5879 0 138 26 9135
5745 16 5881 0 113 48 9136
5745 37 5881 0 96 33 9137
5745 5 5879 0 102 30 9138
5745 18 5881 0 141 34 9139
5745 10 5880 0 125 90 9140
5745 24 5880 0 99 9 9141
5745 9 5880 0 150 50 9142
5745 42 5881 0 127 22 9143
5745 36 5881 0 127 43 9144
5745 11 5881 0 164 71 9145
5745 37 5882 0 58 139 9146
5745 14 5881 0 139 9 9147
5745 6 5882 0 38 84 9148
5745 8 5881 0 108 36 9149
5745 4 5882 0 179 177 9150
5745 17 5880 0 114 44 9151
5745 40 5878 0 33 177 9152
5745 24 5882 0 99 17 9153
5745 39 5883 0 155 122 9154
5745 11 5883 0 103 16 9155
5745 5 5880 0 86 23 9156
5745 3 5879 0 93 57 9157
5745 3 5879 0 67 20 9158
5745 10 5882 0 63 113 9159
5760 14 5897 0 152 41 9160
5760 15 5895 0 162 25 9161
5760 25 5896 0 138 26 9162
5760 5 5898 0 63 134 9163
5760 29 5894 0 46 189 9164
5760 16 5896 0 147 18 9165
5760 16 5898 0 114 44 9166
5760 12 5896 0 145 55 9167
5760 20 5897 0 103 107 9168
5760 19 5895 0 24 183 9169
5760 15 5896 0 186 125 9170
5760 9 5896 0 108 36 9171
5760 13 5896 0 113 48 9172
5760 23 5897 0 107 31 9173
5760 35 5894 0 96 33 9174
5760 19 5898 0 141 34 9175
5760 5 5897 0 155 52 9176
5760 4 5896 0 124 15 9177
5760 16 5896 0 140 11 9178
5760 39 5897 0 72 131 9179
5760 6 5893 0 103 16 9180
5760 3 5898 0 138 23 9181
5760 15 5894 0 105 143 9182
5760 15 5896 0 99 9 9183
5760 20 5897 0 128 55 9184
5760 6 5896 0 178 113 9185
5775 37 5910 0 2 33 9186
5775 44 5911 0 127 43 9187
5775 43 5912 0 142 143 9188
5775 16 5912 0 99 17 9189
5775 5 5910 0 102 30 9190
5775 10 5911 0 128 96 9191
5775 4 5912 0 175 92 9192
5775 37 5909 0 96 33 9193
5775 17 5911 0 141 34 9194
5775 12 5910 0 108 36 9195
5775 5 5909 0 93 57 9196
5775 15 5912 0 140 11 9197
5775 39 5912 0 46 189 9198
5775 22 5910 0 143 170 9199
5775 35 5911 0 33 177 9200
5788 36 8775 1 99 17 9201
5790 16 5926 0 128 55 9202
5790 42 5927 0 138 26 9203
5790 3 5926 0 15 186 9204
5790 7 5927 0 50 121 9205
5790 4 5926 0 63 134 9206
5790 14 5926 0 146 119 9207
5790 33 5927 0 155 122 9208
5790 19 5926 0 113 48 9209
5790 4 5925 0 138 23 9210
5790 12 5924 0 16 120 9211
5790 9 5925 0 63 113 9212
5790 4 5926 0 175 92 9213
5790 12 5926 0 114 44 9214
5790 9 5927 0 91 1 9215
5790 29 5926 0 96 33 9216
5790 11 5924 0 112 57 9217
5790 3 5926 0 178 113 9218
5790 3 5926 0 182 28 9219
5790 7 5926 0 108 36 9220
5790 3 5923 0 124 15 9221
5790 16 5928 0 141 34 9222
5790 7 5925 0 7 180 9223
5790 6 5925 0 102 30 9224
5790 18 5926 0 99 17 9225
5805 12 5941 0 114 44 9226
5805 16 5942 0 139 9 9227
5805 21 5941 0 141 34 9228
5805 45 5940 0 96 33 9229
5805 12 5941 0 24 195 9230
5805 14 5941 0 153 145 9231
5805 20 5942 0 86 1 9232
5805 44 5939 0 127 22 9233
5805 23 5941 0 113 48 9234
5805 40 5941 0 146 159 9235
5805 14 5943 0 107 31 9236
5805 19 5940 0 105 143 9237
5805 10 5941 0 112 57 9238
5805 15 5939 0 140 11 9239
5805 7 5941 0 50 121 9240
5805 37 5938 0 127 43 9241
5805 12 5940 0 147 18 9242
5805 26 5942 0 138 26 9243
5805 3 5942 0 124 15 9244
5805 9 5941 0 103 16 9245
5805 16 5940 0 99 17 9246
5820 16 5955 0 107 31 9247
5820 22 5956 0 141 34 9248
5820 14 5958 0 180 72 9249
5820 6 5956 0 125 90 9250
5820 12 5955 0 108 36 9251
5820 45 5954 0 22 41 9252
5820 18 5958 0 13 75 9253
5820 37 5956 0 127 22 9254
5820 3 5956 0 86 23 9255
5820 5 5956 0 110 50 9256
5820 6 5954 0 103 16 9257
5820 11 5957 0 162 60 9258
5820 8 5956 0 164 71 9259
5820 21 5956 0 140 11 9260
5820 5 5956 0 63 134 9261
5820 15 5956 0 113 48 9262
5820 14 5957 0 46 130 9263
5820 16 5957 0 99 9 9264
5820 14 5958 0 146 119 9265
5820 4 5957 0 175 92 9266
5820 11 5956 0 23 55 9267
5820 29 5954 0 127 43 9268
5820 25 5956 0 155 122 9269
5820 31 5956 0 138 26 9270
5835 14 5971 0 113 48 9271
5835 6 5970 0 138 23 9272
5835 25 5967 0 127 22 9273
5835 17 5970 0 141 34 9274
5835 29 5969 0 102 140 9275
5835 13 5973 0 107 31 9276
5835 43 5970 0 138 26 9277
5835 5 5971 0 110 50 9278
5835 23 5970 0 180 72 9279
5835 41 5970 0 148 23 9280
5835 15 5968 0 143 170 9281
5835 9 5974 0 162 60 9282
5835 7 5971 0 23 55 9283
5835 11 5972 0 50 121 9284
5835 12 5970 0 103 107 9285
5835 19 5972 0 13 75 9286
5835 7 5970 0 91 1 9287
5835 30 5972 0 96 33 9288
5835 12 5972 0 108 36 9289
5835 4 5972 0 178 113 9290
5835 15 5971 0 140 11 9291
5835 10 5970 0 145 55 9292
5835 9 5971 0 63 113 9293
5835 30 5971 0 72 131 9294
5840 77 8828 1 86 1 9295
5850 4 5987 0 102 30 9296
5850 35 5986 0 58 139 9297
5850 22 5986 0 103 107 9298
5850 7 5984 0 108 36 9299
5850 5 5985 0 83 108 9300
5850 35 5984 0 142 143 9301
5850 3 5986 0 15 186 9302
5850 44 5986 0 138 26 9303
5850 15 5987 0 113 48 9304
5850 35 5986 0 96 33 9305
5850 8 5985 0 23 55 9306
5850 15 5985 0 139 9 9307
5850 24 5987 0 147 18 9308
5850 27 5986 0 148 23 9309
5850 43 5985 0 127 22 9310
5850 3 5986 0 86 23 9311
5850 20 5988 0 152 41 9312
5850 5 5986 0 110 50 9313
5850 16 5987 0 24 183 9314
5850 16 5986 0 140 11 9315
5850 9 5986 0 162 60 9316
5850 12 5987 0 161 44 9317
5850 20 5984 0 141 34 9318
5850 25 5986 0 99 9 9319
5850 14 5987 0 128 55 9320
5850 11 5985 0 150 50 9321
5855 32 8841 1 175 92 9322
5864 60 8850 1 24 195 9323
5865 22 5999 0 128 55 9324
5865 161 8852 1 22 41 9325
5865 6 6000 0 173 61 9326
5865 27 6001 0 72 131 9327
5865 11 6002 0 103 16 9328
5865 6 6001 0 179 177 9329
5865 15 6002 0 147 18 9330
5865 17 6001 0 141 34 9331
5865 18 6001 0 113 48 9332
5865 15 5999 0 46 130 9333
5865 3 6001 0 175 92 9334
5865 3 6001 0 102 30 9335
5865 25 6001 0 139 9 9336
5865 12 6001 0 112 57 9337
5865 29 6001 0 96 33 9338
5865 35 6002 0 127 22 9339
5865 45 5999 0 173 171 9340
5865 3 6001 0 110 50 9341
5865 12 6002 0 186 125 9342
5865 10 6000 0 164 71 9343
5865 4 6001 0 124 15 9344
5865 41 6000 0 33 177 9345
5865 43 6003 0 127 43 9346
5865 21 6001 0 140 11 9347
5865 5 6000 0 182 28 9348
5865 41 6002 0 22 41 9349
5865 7 6002 0 145 55 9350
5865 6 6000 0 6 88 9351
5865 24 6001 0 105 143 9352
5865 13 6003 0 114 44 9353
5865 3 6002 0 86 23 9354
5865 11 6002 0 108 36 9355
5872 64 8858 1 63 134 9356
5880 18 6017 0 103 107 9357
5880 17 6017 0 140 11 9358
5880 6 6015 0 175 92 9359
5880 11 6016 0 103 16 9360
5880 6 6015 0 83 108 9361
5880 3 6014 0 138 23 9362
5880 31 6015 0 66 134 9363
5880 4 6015 0 182 28 9364
5880 41 6016 0 148 23 9365
5880 12 6014 0 112 57 9366
5880 55 8868 1 164 71 9367
5880 11 6015 0 125 90 9368
5880 15 6017 0 146 119 9369
5880 9 6017 0 108 36 9370
5880 6 6018 0 50 121 9371
5880 21 6014 0 147 18 9372
5880 38 6019 0 96 33 9373
5880 11 6016 0 23 55 9374
5880 8 6016 0 145 55 9375
5880 12 6013 0 113 48 9376
5895 9 6033 0 103 16 9377
5895 13 6030 0 186 125 9378
5895 25 6033 0 108 65 9379
5895 17 6030 0 152 41 9380
5895 21 6031 0 99 9 9381
5895 24 6030 0 105 143 9382
5895 3 6032 0 63 134 9383
5895 19 6029 0 128 55 9384
5895 5 6029 0 179 177 9385
5895 3 6031 0 38 84 9386
5895 4 6031 0 178 113 9387
5895 18 6031 0 143 170 9388
5895 8 6029 0 50 121 9389
5895 13 6031 0 141 34 9390
5895 9 6032 0 164 71 9391
5895 6 6031 0 155 52 9392
5895 29 6033 0 138 26 9393
5895 12 6032 0 16 120 9394
5895 15 6030 0 86 1 9395
5895 20 6030 0 13 75 9396
5895 13 6032 0 103 107 9397
5895 31 6029 0 142 143 9398
5895 39 6033 0 96 33 9399
5895 4 6031 0 175 92 9400
5895 22 6032 0 140 11 9401
5910 12 6044 0 114 44 9402
5910 20 6047 0 141 34 9403
5910 22 6044 0 139 9 9404
5910 45 6044 0 142 143 9405
5910 5 6046 0 124 15 9406
5910 45 6045 0 72 131 9407
5910 28 6047 0 2 33 9408
5910 30 6048 0 46 189 9409
5910 7 6046 0 108 36 9410
5910 19 6046 0 153 145 9411
5910 25 6044 0 143 170 9412
5910 31 6046 0 127 22 9413
5910 7 6044 0 145 55 9414
5910 11 6047 0 125 90 9415
5910 4 6045 0 179 177 9416
5910 9 6044 0 150 50 9417
5910 14 6045 0 113 48 9418
5910 44 6046 0 96 33 9419
5910 15 6047 0 105 143 9420
5910 45 6046 0 138 26 9421
5910 14 6044 0 140 11 9422
5925 18 6061 0 147 18 9423
5925 6 6060 0 162 60 9424
5925 25 6062 0 46 130 9425
5925 33 6062 0 127 43 9426
5925 15 6061 0 64 182 9427
5925 31 6063 0 127 22 9428
5925 11 6060 0 63 113 9429
5925 10 6059 0 103 16 9430
5925 11 6061 0 24 195 9431
5925 4 6062 0 110 50 9432
5925 11 6061 0 108 36 9433
5925 9 6061 0 128 96 9434
5925 23 6062 0 128 55 9435
5925 23 6059 0 99 17 9436
5925 22 6061 0 24 183 9437
5925 5 6062 0 67 20 9438
5925 3 6060 0 93 57 9439
5925 11 6062 0 112 57 9440
5925 12 6063 0 140 11 9441
5925 3 6061 0 102 30 9442
5925 9 6063 0 125 90 9443
5925 3 6061 0 124 15 9444
5925 28 6062 0 2 33 9445
5925 19 6061 0 113 48 9446
5925 17 6063 0 114 44 9447
5925 25 6060 0 152 41 9448
5925 25 6060 0 99 9 9449
5925 33 6062 0 138 26 9450
5940 6 6076 0 175 92 9451
5940 45 6077 0 96 33 9452
5940 15 6076 0 99 17 9453
5940 41 6075 0 138 26 9454
5940 10 6075 0 103 16 9455
5940 19 6076 0 180 72 9456
5940 4 6076 0 138 23 9457
5940 14 6077 0 86 1 9458
5940 11 6078 0 16 120 9459
5940 12 6078 0 13 75 9460
5940 18 6077 0 107 31 9461
5940 18 6075 0 147 18 9462
5940 17 6076 0 141 34 9463
5940 17 6075 0 114 44 9464
5940 30 6075 0 127 43 9465
5940 6 6076 0 164 71 9466
5940 27 6076 0 72 131 9467
5940 4 6073 0 102 30 9468
5940 36 6076 0 148 23 9469
5940 6 6076 0 182 28 9470
5940 13 6076 0 153 145 9471
5940 4 6076 0 110 50 9472
5940 12 6074 0 23 55 9473
5940 6 6078 0 86 23 9474
5940 3 6075 0 93 57 9475
5955 6 6091 0 63 134 9476
5955 11 6094 0 108 36 9477
5955 7 6091 0 128 96 9478
5955 25 6093 0 141 34 9479
5955 36 6092 0 127 43 9480
5955 4 6091 0 178 113 9481
5955 17 6093 0 99 9 9482
5955 9 6092 0 91 1 9483
5955 42 6091 0 155 122 9484
5955 6 6090 0 83 108 9485
5955 13 6089 0 107 31 9486
5955 36 6090 0 138 26 9487
5955 22 6091 0 140 11 9488
5955 11 6090 0 50 121 9489
5955 9 6091 0 103 16 9490
5955 22 6092 0 114 44 9491
5955 6 6091 0 124 15 9492
5955 3 6093 0 155 52 9493
5955 12 6091 0 63 113 9494
5955 16 6090 0 64 182 9495
5955 29 6091 0 173 171 9496
5955 30 6091 0 148 23 9497
5955 15 6091 0 103 107 9498
5955 27 6092 0 96 33 9499
5955 10 6090 0 151 24 9500
5955 20 6091 0 147 18 9501
5955 4 6092 0 182 28 9502
5970 18 6106 0 24 183 9503
5970 19 6107 0 140 11 9504
5970 31 6106 0 146 159 9505
5970 40 6107 0 127 43 9506
5970 12 6105 0 146 119 9507
5970 24 6103 0 99 17 9508
5970 20 6108 0 147 18 9509
5970 38 6108 0 22 41 9510
5970 42 6107 0 127 22 9511
5970 9 6104 0 150 50 9512
5970 38 6105 0 96 33 9513
5970 7 6107 0 108 36 9514
5970 29 6108 0 148 23 9515
5970 22 6106 0 139 9 9516
5970 40 6106 0 102 140 9517
5970 7 6107 0 162 60 9518
5970 5 6106 0 182 28 9519
5970 5 6106 0 83 108 9520
5970 7 6107 0 95 1 9521
5970 12 6107 0 186 125 9522
5970 22 6105 0 107 31 9523
5970 5 6104 0 138 23 9524
5970 10 6107 0 112 57 9525
5970 7 6107 0 95 77 9526
5970 34 8956 1 125 90 9527
5970 6 6107 0 110 50 9528
5970 7 6107 0 125 90 9529
5970 29 6107 0 58 139 9530
5981 105 8968 1 114 44 9531
5981 51 8965 1 23 55 9532
5985 16 6120 0 24 183 9533
5985 42 6122 0 102 140 9534
5985 6 6121 0 162 60 9535
5985 9 6121 0 95 1 9536
5985 18 6121 0 147 18 9537
5985 12 6122 0 141 34 9538
5985 36 6121 0 138 26 9539
5985 6 6120 0 138 23 9540
5985 7 6121 0 112 57 9541
5985 20 6122 0 114 44 9542
5985 4 6119 0 102 30 9543
5985 25 6121 0 46 189 9544
5985 4 6122 0 63 134 9545
5985 3 6121 0 38 84 9546
5985 13 6123 0 140 11 9547
5985 37 6121 0 155 122 9548
5985 23 6121 0 113 48 9549
5985 20 6121 0 128 55 9550
5985 8 6120 0 128 96 9551
5985 42 6120 0 127 22 9552
5985 4 6119 0 110 50 9553
5992 66 8977 1 150 50 9554
6000 6 6137 0 128 96 9555
6000 23 6135 0 161 44 9556
6000 15 6138 0 113 48 9557
6000 24 6137 0 99 17 9558
6000 31 6135 0 66 134 9559
6000 24 6136 0 141 34 9560
6000 8 6138 0 16 120 9561
6000 13 6138 0 46 130 9562
6000 10 6139 0 108 36 9563
6000 13 6137 0 140 11 9564
6000 6 6136 0 15 186 9565
6000 25 6135 0 58 139 9566
6000 22 6138 0 107 31 9567
6000 5 6137 0 6 88 9568
6000 6 6136 0 63 134 9569
6000 6 6135 0 24 195 9570
6000 42 6136 0 127 22 9571
6000 11 6134 0 23 55 9572
6000 22 6137 0 86 1 9573
6000 5 6137 0 86 23 9574
6000 44 6135 0 146 159 9575
6000 23 6137 0 139 9 9576
6000 7 6136 0 91 1 9577
6000 43 6138 0 148 23 9578
6000 42 6138 0 138 26 9579
6000 16 6136 0 103 107 9580
6015 11 6150 0 16 120 9581
6015 7 6151 0 150 50 9582
6015 31 6152 0 66 134 9583
6015 18 6150 0 99 17 9584
6015 11 6150 0 145 55 9585
6015 11 6149 0 91 1 9586
6015 40 6150 0 138 26 9587
6015 21 6153 0 180 72 9588
6015 16 6148 0 113 48 9589
6015 14 6152 0 107 31 9590
6015 9 6151 0 162 60 9591
6015 32 6152 0 72 131 9592
6015 20 6150 0 140 11 9593
6015 9 6149 0 23 55 9594
6015 12 6153 0 103 16 9595
6015 6 6150 0 138 23 9596
6015 6 6151 0 108 36 9597
6015 43 6150 0 96 33 9598
6015 7 6151 0 128 96 9599
6015 4 6151 0 155 52 9600
6015 25 6152 0 147 18 9601
6015 20 6154 0 141 34 9602
6015 24 6150 0 186 125 9603
6015 24 6151 0 139 9 9604
6015 5 6152 0 124 15 9605
6015 41 6152 0 127 43 9606
6030 20 6167 0 99 9 9607
6030 4 6166 0 178 113 9608
6030 12 6170 0 112 57 9609
6030 3 6163 0 175 92 9610
6030 12 6166 0 108 36 9611
6030 34 6167 0 46 189 9612
6030 10 6168 0 91 1 9613
6030 21 6167 0 113 48 9614
6030 30 6165 0 127 43 9615
6030 5 6164 0 38 84 9616
6030 30 6167 0 127 22 9617
6030 10 6166 0 103 16 9618
6030 32 6166 0 148 23 9619
6030 3 6167 0 179 177 9620
6030 32 6165 0 138 26 9621
6030 43 6166 0 96 33 9622
6030 12 6167 0 24 183 9623
6030 3 6168 0 124 15 9624
6030 40 6168 0 66 134 9625
6030 27 6168 0 33 177 9626
6030 6 6168 0 63 134 9627
6030 6 6166 0 50 121 9628
6030 23 6164 0 103 107 9629
6030 24 6167 0 46 130 9630
6030 24 6166 0 143 170 9631
6030 8 6168 0 151 24 9632
6030 3 6165 0 102 30 9633
6030 5 6167 0 138 23 9634
6030 5 6167 0 110 50 9635
6045 20 6180 0 186 125 9636
6045 25 6182 0 46 189 9637
6045 6 6181 0 24 195 9638
6045 35 6181 0 96 33 9639
6045 24 6182 0 143 170 9640
6045 8 6183 0 151 24 9641
6045 22 6182 0 46 130 9642
6045 16 6180 0 107 31 9643
6045 18 6184 0 99 9 9644
6045 16 6181 0 114 44 9645
6045 43 6183 0 127 43 9646
6045 30 6181 0 66 134 9647
6045 27 6180 0 127 22 9648
6045 12 6181 0 91 1 9649
6045 20 6182 0 153 145 9650
6045 12 6184 0 164 71 9651
6045 36 6181 0 22 41 9652
6045 11 6182 0 108 36 9653
6045 3 6180 0 124 15 9654
6060 6 6196 0 102 30 9655
6060 7 6197 0 151 24 9656
6060 9 6197 0 108 36 9657
6060 26 6195 0 46 189 9658
6060 9 6197 0 95 1 9659
6060 14 6196 0 139 9 9660
6060 36 6195 0 155 122 9661
6060 6 6195 0 103 16 9662
6060 6 6195 0 124 15 9663
6060 44 6198 0 148 23 9664
6060 16 6195 0 24 183 9665
6060 24 6194 0 107 31 9666
6060 16 6198 0 162 25 9667
6060 6 6196 0 110 50 9668
6060 24 6195 0 103 107 9669
6060 25 6196 0 128 55 9670
6060 19 6194 0 99 17 9671
6060 29 6195 0 127 43 9672
6060 16 6197 0 113 48 9673
6064 63 9051 1 113 48 9674
6075 8 6210 0 164 71 9675
6075 16 6209 0 99 17 9676
6075 16 6209 0 103 107 9677
6075 16 6210 0 105 143 9678
6075 21 6209 0 107 31 9679
6075 4 6212 0 110 50 9680
6075 45 6209 0 127 22 9681
6075 20 6211 0 147 18 9682
6075 7 6212 0 128 96 9683
6075 18 6212 0 128 55 9684
6075 45 6212 0 102 140 9685
6075 15 6211 0 24 183 9686
6075 3 6208 0 179 177 9687
6075 4 6210 0 38 84 9688
6075 12 6211 0 16 120 9689
6075 39 6211 0 142 143 9690
6075 7 6212 0 112 57 9691
6075 5 6212 0 63 134 9692
6075 11 6211 0 108 36 9693
6075 12 6213 0 141 34 9694
6075 11 6211 0 151 24 9695
6075 45 6212 0 46 189 9696
6075 29 6209 0 58 139 9697
6075 6 6212 0 7 180 9698
6075 3 6210 0 93 57 9699
6075 43 6212 0 96 33 9700
6075 13 6210 0 140 11 9701
6090 15 6224 0 140 11 9702
6090 42 6226 0 148 23 9703
6090 17 6225 0 64 182 9704
6090 5 6226 0 155 52 9705
6090 32 6227 0 22 41 9706
6090 6 6226 0 150 50 9707
6090 14 6226 0 114 44 9708
6090 12 6226 0 108 36 9709
6090 4 6227 0 182 28 9710
6090 23 6226 0 113 48 9711
6090 23 6225 0 147 18 9712
6090 33 6225 0 127 22 9713
6090 5 6225 0 63 134 9714
6090 13 6226 0 128 55 9715
6090 24 6226 0 139 9 9716
6090 4 6222 0 93 57 9717
6090 15 6226 0 103 107 9718
6090 39 6228 0 127 43 9719
6090 17 6227 0 13 75 9720
6090 3 6228 0 124 15 9721
6090 12 6225 0 99 9 9722
6105 30 6241 0 155 122 9723
6105 20 6241 0 108 65 9724
6105 10 6241 0 108 36 9725
6105 43 6242 0 2 33 9726
6105 12 6242 0 63 113 9727
6105 15 6245 0 114 44 9728
6105 5 6241 0 138 23 9729
6105 13 6241 0 139 9 9730
6105 9 6241 0 103 16 9731
6105 5 6243 0 67 20 9732
6105 23 6240 0 107 31 9733
6105 6 6239 0 102 30 9734
6105 29 6243 0 148 23 9735
6105 40 6240 0 173 171 9736
6105 29 6240 0 127 22 9737
6105 44 6241 0 33 177 9738
6105 3 6242 0 38 84 9739
6105 6 6242 0 112 57 9740
6105 29 6240 0 127 43 9741
6105 22 6242 0 99 17 9742
6105 40 6242 0 22 41 9743
6105 13 6243 0 99 9 9744
6105 9 6241 0 173 61 9745
6105 45 6243 0 138 26 9746
6108 57 9093 1 86 23 9747
6119 67 9106 1 2 33 9748
6120 14 6257 0 141 34 9749
6120 42 6257 0 72 131 9750
6120 16 6256 0 64 182 9751
6120 5 6256 0 102 30 9752
6120 17 6254 0 113 48 9753
6120 10 6257 0 103 16 9754
6120 9 6256 0 7 180 9755
6120 6 6255 0 95 1 9756
6120 29 6257 0 146 159 9757
6120 24 6257 0 139 9 9758
6120 19 6256 0 140 11 9759
6120 25 6256 0 162 25 9760
6120 12 6255 0 128 55 9761
6120 8 6257 0 95 77 9762
6120 39 6257 0 148 23 9763
6120 8 6255 0 164 71 9764
6120 4 6256 0 179 177 9765
6120 6 6257 0 151 24 9766
6120 21 6257 0 186 125 9767
6120 8 6255 0 91 1 9768
6120 12 6256 0 147 18 9769
6135 11 6271 0 7 180 9770
6135 20 6271 0 139 9 9771
6135 21 6269 0 99 17 9772
6135 25 6269 0 107 31 9773
6135 9 6269 0 95 1 9774
6135 23 6269 0 114 44 9775
6135 25 6270 0 96 33 9776
6135 19 6269 0 161 44 9777
6135 33 6271 0 155 122 9778
6135 19 6274 0 147 18 9779
6135 3 6272 0 110 50 9780
6135 19 6270 0 113 48 9781
6135 44 6273 0 66 134 9782
6135 15 6268 0 180 72 9783
6135 10 6271 0 112 57 9784
6135 20 6268 0 141 34 9785
6135 5 6272 0 67 20 9786
6135 3 6271 0 83 108 9787
6135 45 6273 0 127 22 9788
6135 6 6271 0 38 84 9789
6135 23 6272 0 24 183 9790
6135 6 6271 0 15 186 9791
6135 4 6273 0 155 52 9792
6150 15 6285 0 13 75 9793
6150 21 6286 0 140 11 9794
6150 24 6285 0 114 44 9795
6150 25 6287 0 127 22 9796
6150 24 6286 0 46 130 9797
6150 3 6286 0 178 113 9798
6150 25 6286 0 107 31 9799
6150 21 6285 0 105 143 9800
6150 19 6286 0 147 18 9801
6150 31 6289 0 33 177 9802
6150 20 6286 0 103 107 9803
6150 9 6286 0 108 36 9804
6150 37 6284 0 46 189 9805
6150 39 6286 0 142 143 9806
6150 5 6287 0 138 23 9807
6150 12 6286 0 108 65 9808
6150 30 6289 0 148 23 9809
6150 22 6287 0 113 48 9810
6150 37 6287 0 155 122 9811
6150 5 6284 0 15 186 9812
6150 35 6286 0 138 26 9813
6150 5 6286 0 124 15 9814
6161 70 9146 1 112 57 9815
6165 5 6300 0 86 23 9816
6165 42 6300 0 155 122 9817
6165 25 6299 0 66 134 9818
6165 12 6300 0 7 180 9819
6165 23 6301 0 152 41 9820
6165 6 6300 0 15 186 9821
6165 5 6303 0 138 23 9822
6165 25 6302 0 113 48 9823
6165 11 6299 0 112 57 9824
6165 18 6300 0 143 170 9825
6165 34 6300 0 96 33 9826
6165 21 6304 0 146 119 9827
6173 60 9158 1 105 143 9828
6180 8 6316 0 173 61 9829
6180 6 6317 0 128 96 9830
6180 4 6315 0 178 113 9831
6180 38 6317 0 127 22 9832
6180 24 6315 0 114 44 9833
6180 33 6318 0 2 33 9834
6180 31 6315 0 66 134 9835
6180 12 6316 0 140 11 9836
6180 14 6314 0 186 125 9837
6180 9 6316 0 112 57 9838
6180 15 6315 0 161 44 9839
6180 15 6316 0 141 34 9840
6180 20 6317 0 64 182 9841
6180 5 6315 0 102 30 9842
6180 3 6316 0 138 23 9843
6180 14 6317 0 139 9 9844
6180 6 6316 0 23 55 9845
6180 15 6314 0 99 9 9846
6180 7 6317 0 7 180 9847
6180 24 6315 0 46 130 9848
6180 11 6318 0 16 120 9849
6180 4 6313 0 110 50 9850
6180 12 6315 0 107 31 9851
6180 21 6316 0 99 17 9852
6180 20 6316 0 105 143 9853
6180 20 6318 0 147 18 9854
6180 13 6315 0 128 55 9855
6195 34 6333 0 142 143 9856
6195 20 6331 0 141 34 9857
6195 25 6331 0 155 122 9858
6195 6 6330 0 179 177 9859
6195 3 6330 0 93 57 9860
6195 27 6331 0 2 33 9861
6195 33 6333 0 96 33 9862
6195 4 6331 0 124 15 9863
6195 31 6332 0 127 43 9864
6195 17 6331 0 128 55 9865
6195 31 6332 0 138 26 9866
6195 12 6330 0 107 31 9867
6195 15 6332 0 153 145 9868
6195 13 6331 0 161 44 9869
6195 27 6332 0 148 23 9870
6195 6 6330 0 15 186 9871
6195 25 6332 0 140 11 9872
6195 8 6332 0 128 96 9873
6195 8 6330 0 108 36 9874
6195 8 6330 0 151 24 9875
6195 20 6329 0 114 44 9876
6195 6 6329 0 150 50 9877
6199 38 9185 1 180 72 9878
6210 14 6348 0 152 41 9879
6210 16 6346 0 162 25 9880
6210 3 6347 0 138 23 9881
6210 4 6347 0 110 50 9882
6210 18 6344 0 99 17 9883
6210 15 6345 0 107 31 9884
6210 25 6343 0 114 44 9885
6210 13 6346 0 108 65 9886
6210 3 6346 0 67 20 9887
6210 12 6346 0 162 60 9888
6210 32 6345 0 138 26 9889
6210 23 6345 0 141 34 9890
6210 11 6347 0 150 50 9891
6210 13 6343 0 139 9 9892
6210 3 6346 0 179 177 9893
6210 13 6347 0 147 18 9894
6210 22 6345 0 146 119 9895
6210 42 6345 0 127 43 9896
6210 33 6344 0 155 122 9897
6210 5 6345 0 63 134 9898
6210 38 6347 0 58 139 9899
6215 64 9202 1 13 75 9900
6225 3 6361 0 6 88 9901
6225 14 6361 0 152 41 9902
6225 9 6361 0 16 120 9903
6225 9 6360 0 173 61 9904
6225 39 6359 0 138 26 9905
6225 41 6363 0 127 22 9906
6225 12 6361 0 108 36 9907
6225 36 6361 0 22 41 9908
6225 35 6361 0 173 171 9909
6225 41 6362 0 72 131 9910
6225 10 6360 0 125 90 9911
6225 9 6358 0 112 57 9912
6225 22 6363 0 99 9 9913
6225 14 6361 0 99 17 9914
6225 21 6362 0 113 48 9915
6225 20 6361 0 103 107 9916
6225 10 6358 0 150 50 9917
6225 41 6359 0 33 177 9918
6225 7 6363 0 162 60 9919
6225 23 6362 0 64 182 9920
6225 3 6363 0 93 57 9921
6225 6 6362 0 110 50 9922
6225 6 6360 0 138 23 9923
6225 12 6360 0 108 65 9924
6225 12 6361 0 63 113 9925
6225 8 6362 0 128 96 9926
6225 12 6363 0 50 121 9927
6240 24 6378 0 139 9 9928
6240 37 6377 0 58 139 9929
6240 7 6376 0 151 24 9930
6240 14 6375 0 113 48 9931
6240 25 6378 0 22 41 9932
6240 24 6375 0 140 11 9933
6240 6 6374 0 125 90 9934
6240 21 6376 0 147 18 9935
6240 25 6376 0 143 170 9936
6240 17 6374 0 180 72 9937
6240 19 6375 0 146 119 9938
6240 4 6376 0 138 23 9939
6240 16 6377 0 141 34 9940
6240 6 6374 0 102 30 9941
6240 12 6375 0 23 55 9942
6240 6 6376 0 178 113 9943
6240 16 6378 0 105 143 9944
6240 22 6375 0 99 17 9945
6240 20 6377 0 152 41 9946
6240 26 6377 0 66 134 9947
6240 7 6376 0 108 36 9948
6240 29 6377 0 138 26 9949
6240 34 6378 0 46 189 9950
6240 3 6376 0 15 186 9951
6240 7 6377 0 103 16 9952
6253 54 9238 1 83 108 9953
6255 15 6392 0 140 11 9954
6255 3 6392 0 83 108 9955
6255 39 6390 0 148 23 9956
6255 38 6389 0 66 134 9957
6255 35 6391 0 22 41 9958
6255 18 6392 0 114 44 9959
6255 5 6390 0 124 15 9960
6255 6 6389 0 178 113 9961
6255 7 6391 0 108 36 9962
6255 25 6391 0 147 18 9963
6255 4 6392 0 63 134 9964
6255 10 6391 0 103 16 9965
6255 8 6393 0 162 60 9966
6255 14 6391 0 139 9 9967
6255 13 6391 0 99 9 9968
6255 20 6391 0 128 55 9969
6255 40 6392 0 46 189 9970
6255 12 6392 0 24 195 9971
6255 3 6391 0 15 186 9972
6255 23 6393 0 108 65 9973
6255 21 6391 0 146 119 9974
6255 15 6392 0 103 107 9975
6255 39 6393 0 96 33 9976
6270 12 6406 0 103 16 9977
6270 13 6406 0 139 9 9978
6270 8 6405 0 150 50 9979
6270 9 6405 0 112 57 9980
6270 20 6405 0 180 72 9981
6270 17 6405 0 128 55 9982
6270 32 6407 0 146 159 9983
6270 13 6407 0 99 17 9984
6270 38 6405 0 173 171 9985
6270 18 6405 0 140 11 9986
6270 9 6407 0 162 60 9987
6270 12 6407 0 128 96 9988
6270 12 6404 0 46 130 9989
6270 20 6405 0 141 34 9990
6270 7 6408 0 63 113 9991
6270 16 6407 0 13 75 9992
6270 22 6406 0 147 18 9993
6270 15 6407 0 186 125 9994
6270 20 6405 0 114 44 9995
6270 20 6405 0 105 143 9996
6270 5 6404 0 124 15 9997
6270 12 6405 0 161 44 9998
6270 43 6408 0 96 33 9999
6270 36 6407 0 46 189 10000
6274 69 9257 1 64 182 10001
6285 26 6422 0 72 131 10002
6285 25 6421 0 127 22 10003
6285 10 6420 0 24 195 10004
6285 25 6423 0 128 55 10005
6285 38 6420 0 33 177 10006
6285 10 6421 0 164 71 10007
6285 32 6422 0 148 23 10008
6285 17 6419 0 143 170 10009
6285 23 6419 0 24 183 10010
6285 29 6420 0 127 43 10011
6285 5 6421 0 102 30 10012
6285 24 6420 0 103 107 10013
6285 18 6421 0 180 72 10014
6285 16 6422 0 64 182 10015
6285 27 6421 0 96 33 10016
6285 25 6421 0 140 11 10017
6285 5 6422 0 110 50 10018
6285 7 6422 0 128 96 10019
6285 18 6420 0 114 44 10020
6285 5 6420 0 182 28 10021
6285 19 6420 0 141 34 10022
6285 5 6420 0 138 23 10023
6285 11 6422 0 108 36 10024
6285 8 6422 0 95 1 10025
6285 40 6421 0 138 26 10026
6285 40 6421 0 66 134 10027
6285 6 6421 0 103 16 10028
6300 8 6436 0 103 16 10029
6300 14 6435 0 24 183 10030
6300 13 6437 0 140 11 10031
6300 5 6438 0 110 50 10032
6300 25 6437 0 141 34 10033
6300 8 6437 0 7 180 10034
6300 44 6434 0 66 134 10035
6300 5 6435 0 124 15 10036
6300 13 6435 0 99 17 10037
6300 3 6434 0 83 108 10038
6300 19 6436 0 153 145 10039
6300 40 6436 0 148 23 10040
6300 11 6436 0 145 55 10041
6300 44 6436 0 46 189 10042
6300 37 6435 0 22 41 10043
6300 14 6438 0 147 18 10044
6300 9 6439 0 162 60 10045
6300 30 6436 0 33 177 10046
6300 5 6437 0 178 113 10047
6300 9 6435 0 112 57 10048
6300 5 6436 0 138 23 10049
6300 3 6436 0 15 186 10050
6300 25 6437 0 113 48 10051
6300 29 6437 0 127 43 10052
6300 4 6438 0 93 57 10053
6315 8 6452 0 63 113 10054
6315 29 6449 0 127 22 10055
6315 13 6453 0 24 183 10056
6315 10 6452 0 128 96 10057
6315 4 6450 0 138 23 10058
6315 23 6453 0 141 34 10059
6315 14 6452 0 146 119 10060
6315 29 6448 0 155 122 10061
6315 25 6451 0 127 43 10062
6315 25 6452 0 142 143 10063
6315 34 6451 0 22 41 10064
6315 7 6453 0 112 57 10065
6315 5 6452 0 110 50 10066
6315 16 6450 0 108 65 10067
6315 3 6450 0 83 108 10068
6315 18 6450 0 46 130 10069
6315 39 6450 0 96 33 10070
6315 6 6452 0 155 52 10071
6315 12 6450 0 162 25 10072
6315 42 6451 0 66 134 10073
6330 25 6465 0 141 34 10074
6330 25 6467 0 138 26 10075
6330 7 6464 0 128 96 10076
6330 6 6467 0 155 52 10077
6330 13 6466 0 108 65 10078
6330 28 6468 0 58 139 10079
6330 5 6466 0 124 15 10080
6330 38 6465 0 155 122 10081
6330 8 6467 0 103 16 10082
6330 16 6465 0 113 48 10083
6330 33 6466 0 142 143 10084
6330 6 6464 0 164 71 10085
6330 8 6466 0 145 55 10086
6330 36 6467 0 127 22 10087
6330 19 6465 0 128 55 10088
6330 28 6465 0 96 33 10089
6330 17 6467 0 186 125 10090
6330 12 6468 0 24 183 10091
6330 5 6464 0 93 57 10092
6330 41 6465 0 173 171 10093
6330 14 6467 0 139 9 10094
6330 5 6464 0 138 23 10095
6335 76 9323 1 7 180 10096
6338 89 9324 1 63 113 10097
6341 63 9327 1 22 41 10098
6345 42 6482 0 58 139 10099
6345 41 6481 0 22 41 10100
6345 6 6483 0 162 60 10101
6345 23 6480 0 99 17 10102
6345 3 6480 0 15 186 10103
6345 12 6480 0 186 125 10104
6345 19 6481 0 99 9 10105
6345 24 6481 0 146 119 10106
6345 24 6480 0 113 48 10107
6345 11 6482 0 112 57 10108
6345 12 6480 0 91 1 10109
6345 8 6482 0 16 120 10110
6345 3 6482 0 124 15 10111
6345 6 6483 0 179 177 10112
6345 8 6482 0 125 90 10113
6345 45 6482 0 96 33 10114
6345 3 6479 0 93 57 10115
6345 19 6480 0 139 9 10116
6345 28 6482 0 148 23 10117
6345 33 6480 0 102 140 10118
6345 21 6480 0 140 11 10119
6345 3 6483 0 138 23 10120
6345 7 6482 0 95 1 10121
6345 10 6481 0 63 113 10122
6345 17 6481 0 141 34 10123
6345 22 6479 0 153 145 10124
6345 23 6479 0 107 31 10125
6345 6 6483 0 155 52 10126
6351 39 9338 1 16 120 10127
6356 49 9343 1 128 96 10128
6360 39 6497 0 127 22 10129
6360 22 6495 0 143 170 10130
6360 8 6497 0 16 120 10131
6360 41 6495 0 127 43 10132
6360 14 6497 0 99 9 10133
6360 10 6497 0 112 57 10134
6360 6 6498 0 67 20 10135
6360 3 6497 0 83 108 10136
6360 9 6495 0 7 180 10137
6360 8 6499 0 50 121 10138
6360 8 6499 0 95 77 10139
6360 35 6497 0 148 23 10140
6360 6 6494 0 108 36 10141
6360 24 6495 0 147 18 10142
6360 22 6494 0 141 34 10143
6360 5 6499 0 102 30 10144
6360 3 6497 0 175 92 10145
6375 8 6510 0 50 121 10146
6375 18 6513 0 143 170 10147
6375 21 6511 0 162 25 10148
6375 21 6511 0 186 125 10149
6375 17 6512 0 99 17 10150
6375 15 6512 0 114 44 10151
6375 4 6512 0 6 88 10152
6375 6 6512 0 38 84 10153
6375 10 6510 0 108 36 10154
6375 31 6514 0 138 26 10155
6375 5 6511 0 15 186 10156
6375 35 6511 0 102 140 10157
6375 7 6511 0 112 57 10158
6375 3 6510 0 86 23 10159
6375 16 6512 0 99 9 10160
6375 8 6508 0 128 96 10161
6375 24 6511 0 161 44 10162
6375 19 6510 0 107 31 10163
6375 3 6510 0 110 50 10164
6375 12 6509 0 162 60 10165
6375 7 6510 0 95 1 10166
6375 3 6511 0 124 15 10167
6375 15 6509 0 139 9 10168
6375 7 6513 0 24 195 10169
6375 14 6510 0 141 34 10170
6375 38 6512 0 127 43 10171
6375 10 6512 0 103 16 10172
6375 42 6511 0 2 33 10173
6382 50 9367 1 110 50 10174
6390 6 6526 0 110 50 10175
6390 34 6525 0 2 33 10176
6390 13 6527 0 114 44 10177
6390 25 6525 0 152 41 10178
6390 17 6526 0 13 75 10179
6390 13 6527 0 140 11 10180
6390 12 6526 0 108 36 10181
6390 12 6528 0 141 34 10182
6390 10 6526 0 112 57 10183
6390 3 6528 0 175 92 10184
6390 34 6525 0 138 26 10185
6390 22 6526 0 99 9 10186
6390 18 6527 0 128 55 10187
6390 17 6526 0 186 125 10188
6390 27 6527 0 146 159 10189
6390 24 6526 0 162 25 10190
6390 18 6527 0 107 31 10191
6390 18 6526 0 113 48 10192
6390 39 6527 0 102 140 10193
6390 3 6525 0 67 20 10194
6390 6 6526 0 179 177 10195
6390 29 6527 0 148 23 10196
6390 24 6524 0 180 72 10197
6390 14 6526 0 99 17 10198
6405 8 6543 0 125 90 10199
6405 13 6540 0 107 31 10200
6405 5 6543 0 138 23 10201
6405 23 6542 0 141 34 10202
6405 18 6540 0 99 9 10203
6405 11 6539 0 145 55 10204
6405 44 6542 0 142 143 10205
6405 8 6542 0 95 1 10206
6405 14 6542 0 99 17 10207
6405 5 6540 0 124 15 10208
6405 8 6540 0 103 16 10209
6405 10 6541 0 50 121 10210
6405 11 6540 0 95 77 10211
6405 12 6539 0 162 25 10212
6405 16 6542 0 139 9 10213
6405 24 6539 0 24 183 10214
6405 24 6543 0 114 44 10215
6405 44 6541 0 127 43 10216
6405 31 6540 0 96 33 10217
6405 9 6541 0 108 36 10218
6405 25 6542 0 146 119 10219
6405 12 6540 0 112 57 10220
6405 23 6540 0 128 55 10221
6405 37 6543 0 102 140 10222
6405 25 6540 0 138 26 10223
6406 77 9392 1 124 15 10224
6414 69 9398 1 95 77 10225
6420 6 6557 0 124 15 10226
6420 14 6555 0 152 41 10227
6420 4 6555 0 93 57 10228
6420 34 6555 0 155 122 10229
6420 3 6555 0 179 177 10230
6420 24 6557 0 113 48 10231
6420 5 6555 0 67 20 10232
6420 6 6557 0 15 186 10233
6420 20 6556 0 114 44 10234
6420 45 6555 0 96 33 10235
6420 6 6554 0 83 108 10236
6420 22 6556 0 128 55 10237
6420 20 6555 0 141 34 10238
6420 5 6553 0 86 23 10239
6420 23 6556 0 107 31 10240
6420 5 6556 0 110 50 10241
6420 38 6556 0 127 43 10242
6420 3 6555 0 102 30 10243
6420 3 6555 0 38 84 10244
6420 12 6554 0 162 60 10245
6420 24 6556 0 143 170 10246
6420 42 6558 0 22 41 10247
6420 7 6556 0 150 50 10248
6420 34 6556 0 138 26 10249
6420 25 6558 0 146 159 10250
6424 143 9410 1 139 9 10251
6435 31 6572 0 138 26 10252
6435 23 6572 0 162 25 10253
6435 15 6571 0 180 72 10254
6435 9 6571 0 16 120 10255
6435 11 6569 0 112 57 10256
6435 24 6570 0 103 107 10257
6435 24 6570 0 140 11 10258
6435 18 6572 0 139 9 10259
6435 6 6570 0 6 88 10260
6435 10 6570 0 151 24 10261
6435 5 6573 0 175 92 10262
6435 10 6570 0 150 50 10263
6435 12 6572 0 63 113 10264
6435 17 6570 0 141 34 10265
6435 4 6571 0 67 20 10266
6439 70 9423 1 179 177 10267
6450 14 6586 0 128 55 10268
6450 10 6582 0 91 1 10269
6450 43 6587 0 146 159 10270
6450 3 6586 0 182 28 10271
6450 35 6585 0 102 140 10272
6450 11 6585 0 145 55 10273
6450 14 6586 0 13 75 10274
6450 7 6588 0 164 71 10275
6450 21 6586 0 143 170 10276
6450 36 6585 0 142 143 10277
6450 37 6587 0 46 189 10278
6450 16 6585 0 64 182 10279
6450 5 6587 0 102 30 10280
6450 5 6585 0 138 23 10281
6450 16 6587 0 147 18 10282
6450 19 6586 0 139 9 10283
6450 3 6586 0 110 50 10284
6456 155 9444 1 112 57 10285
6465 14 6600 0 107 31 10286
6465 6 6601 0 112 57 10287
6465 19 6602 0 24 183 10288
6465 22 6601 0 114 44 10289
6465 12 6602 0 150 50 10290
6465 4 6602 0 102 30 10291
6465 13 6601 0 139 9 10292
6465 4 6601 0 124 15 10293
6465 24 6603 0 113 48 10294
6465 8 6602 0 95 77 10295
6465 7 6601 0 7 180 10296
6465 9 6601 0 164 71 10297
6465 7 6603 0 145 55 10298
6465 4 6602 0 63 134 10299
6465 19 6601 0 99 9 10300
6465 19 6600 0 140 11 10301
6465 39 6602 0 96 33 10302
6465 6 6602 0 38 84 10303
6465 4 6598 0 110 50 10304
6465 42 6601 0 138 26 10305
6465 4 6603 0 138 23 10306
6465 37 6602 0 146 159 10307
6465 3 6602 0 86 23 10308
6480 36 6617 0 127 43 10309
6480 9 6616 0 162 60 10310
6480 3 6614 0 138 23 10311
6480 15 6617 0 113 48 10312
6480 10 6617 0 23 55 10313
6480 5 6616 0 110 50 10314
6480 19 6615 0 108 65 10315
6480 5 6616 0 93 57 10316
6480 4 6616 0 124 15 10317
6480 7 6615 0 95 77 10318
6480 3 6615 0 83 108 10319
6480 15 6615 0 46 130 10320
6480 6 6614 0 108 36 10321
6480 22 6616 0 114 44 10322
6480 6 6618 0 155 52 10323
6480 8 6616 0 7 180 10324
6480 31 6615 0 102 140 10325
6480 17 6615 0 128 55 10326
6480 11 6616 0 125 90 10327
6480 25 6616 0 148 23 10328
6480 20 6615 0 153 145 10329
6495 8 6631 0 91 1 10330
6495 54 9481 1 127 43 10331
6495 17 6630 0 99 9 10332
6495 13 6631 0 108 65 10333
6495 12 6631 0 99 17 10334
6495 25 6630 0 113 48 10335
6495 12 6632 0 128 55 10336
6495 10 6632 0 108 36 10337
6495 16 6632 0 147 18 10338
6495 38 6630 0 58 139 10339
6495 11 6630 0 173 61 10340
6495 6 6631 0 182 28 10341
6495 37 6630 0 72 131 10342
6495 22 6632 0 86 1 10343
6495 11 6632 0 164 71 10344
6495 16 6631 0 140 11 10345
6495 19 6633 0 139 9 10346
6495 6 6631 0 151 24 10347
6495 20 6630 0 146 119 10348
6495 28 6629 0 127 43 10349
6495 11 6630 0 128 96 10350
6495 17 6631 0 143 170 10351
6499 71 9485 1 151 24 10352
6501 62 9486 1 186 125 10353
6508 45 9495 1 138 23 10354
6510 4 6645 0 38 84 10355
6510 31 6645 0 2 33 10356
6510 18 6646 0 140 11 10357
6510 4 6647 0 102 30 10358
6510 10 6645 0 108 36 10359
6510 23 6646 0 13 75 10360
6510 5 6645 0 155 52 10361
6510 34 6646 0 96 33 10362
6510 28 6645 0 148 23 10363
6510 17 6644 0 128 55 10364
6510 16 6645 0 103 107 10365
6510 35 6645 0 102 140 10366
6510 12 6645 0 114 44 10367
6510 3 6645 0 179 177 10368
6510 3 6645 0 110 50 10369
6510 20 6645 0 108 65 10370
6510 24 6647 0 107 31 10371
6510 44 6645 0 22 41 10372
6510 21 6642 0 146 119 10373
6510 34 6646 0 127 22 10374
6510 14 6647 0 141 34 10375
6510 11 6645 0 128 96 10376
6511 42 9497 1 103 107 10377
6522 66 9510 1 146 159 10378
6525 8 6658 0 108 36 10379
6525 72 9510 1 108 65 10380
6525 45 6661 0 138 26 10381
6525 23 6660 0 24 183 10382
6525 12 6661 0 180 72 10383
6525 12 6660 0 141 34 10384
6525 4 6661 0 102 30 10385
6525 28 6661 0 127 43 10386
6525 8 6663 0 103 16 10387
6525 22 6661 0 143 170 10388
6525 30 6660 0 127 22 10389
6525 23 6660 0 114 44 10390
6525 35 6660 0 102 140 10391
6525 6 6659 0 128 96 10392
6525 23 6662 0 113 48 10393
6525 25 6660 0 105 143 10394
6525 23 6659 0 99 9 10395
6525 21 6660 0 140 11 10396
6525 26 6662 0 72 131 10397
6525 17 6659 0 13 75 10398
6525 6 6659 0 164 71 10399
6525 15 6662 0 108 65 10400
6525 45 6661 0 142 143 10401
6525 6 6662 0 112 57 10402
6540 25 6675 0 66 134 10403
6540 36 6675 0 127 43 10404
6540 6 6677 0 103 16 10405
6540 6 6677 0 108 36 10406
6540 12 6676 0 145 55 10407
6540 45 6677 0 2 33 10408
6540 6 6677 0 150 50 10409
6540 6 6676 0 50 121 10410
6540 6 6676 0 83 108 10411
6540 5 6674 0 138 23 10412
6540 24 6677 0 180 72 10413
6540 13 6675 0 147 18 10414
6540 33 6677 0 138 26 10415
6540 4 6676 0 110 50 10416
6540 18 6677 0 153 145 10417
6540 3 6675 0 38 84 10418
6540 22 6674 0 108 65 10419
6540 44 6676 0 127 22 10420
6540 38 6676 0 72 131 10421
6540 16 6677 0 113 48 10422
6540 7 6677 0 162 60 10423
6540 4 6676 0 124 15 10424
6555 3 6693 0 86 23 10425
6555 21 6693 0 186 125 10426
6555 31 6693 0 96 33 10427
6555 21 6691 0 140 11 10428
6555 3 6692 0 138 23 10429
6555 5 6691 0 182 28 10430
6555 14 6690 0 24 183 10431
6555 17 6691 0 114 44 10432
6555 17 6690 0 143 170 10433
6555 9 6691 0 108 36 10434
6555 22 6691 0 113 48 10435
6555 3 6690 0 67 20 10436
6555 42 6691 0 46 189 10437
6555 39 6690 0 33 177 10438
6555 25 6691 0 146 159 10439
6555 19 6692 0 128 55 10440
6555 24 6691 0 153 145 10441
6566 58 9551 1 152 41 10442
6570 4 6706 0 110 50 10443
6570 32 6706 0 2 33 10444
6570 18 6706 0 140 11 10445
6570 38 6707 0 46 189 10446
6570 5 6706 0 15 186 10447
6570 17 6704 0 108 65 10448
6570 18 6707 0 105 143 10449
6570 18 6707 0 143 170 10450
6570 9 6707 0 125 90 10451
6570 3 6706 0 175 92 10452
6570 26 6710 0 127 22 10453
6570 7 6702 0 108 36 10454
6570 3 6707 0 67 20 10455
6570 12 6706 0 99 9 10456
6570 9 6706 0 150 50 10457
6570 3 6706 0 93 57 10458
6570 35 6705 0 148 23 10459
6570 22 6705 0 107 31 10460
6570 3 6707 0 6 88 10461
6585 7 6718 0 91 1 10462
6585 35 6721 0 148 23 10463
6585 10 6721 0 145 55 10464
6585 4 6719 0 178 113 10465
6585 10 6719 0 24 195 10466
6585 19 6724 0 143 170 10467
6585 4 6723 0 124 15 10468
6585 14 6724 0 103 107 10469
6585 12 6721 0 112 57 10470
6585 5 6724 0 175 92 10471
6585 35 6721 0 146 159 10472
6585 12 6720 0 113 48 10473
6585 16 6721 0 46 130 10474
6585 23 6720 0 141 34 10475
6585 11 6722 0 103 16 10476
6585 21 6721 0 99 9 10477
6585 5 6723 0 93 57 10478
6585 24 6721 0 114 44 10479
6585 25 6721 0 66 134 10480
6585 5 6722 0 138 23 10481
6585 26 6721 0 96 33 10482
6585 29 6720 0 102 140 10483
6585 15 6722 0 140 11 10484
6593 36 9581 1 153 145 10485
6600 19 6740 0 99 9 10486
6600 23 6737 0 13 75 10487
6600 15 6736 0 140 11 10488
6600 23 6735 0 141 34 10489
6600 11 6735 0 108 36 10490
6600 42 6737 0 138 26 10491
6600 17 6736 0 147 18 10492
6600 43 6738 0 148 23 10493
6600 13 6735 0 161 44 10494
6600 22 6735 0 99 17 10495
6600 43 6736 0 127 43 10496
6600 11 6734 0 151 24 10497
6600 30 6736 0 96 33 10498
6600 4 6735 0 63 134 10499
6600 23 6736 0 64 182 10500
6600 37 6734 0 22 41 10501
6600 5 6736 0 175 92 10502
6600 12 6736 0 128 55 10503
6600 24 6735 0 113 48 10504
6600 23 6736 0 114 44 10505
6600 18 6736 0 153 145 10506
6600 6 6735 0 24 195 10507
6607 43 9591 1 38 84 10508
6610 66 9594 1 58 139 10509
6615 40 6750 0 33 177 10510
6615 6 6750 0 102 30 10511
6615 22 6751 0 108 65 10512
6615 9 6752 0 164 71 10513
6615 3 6749 0 182 28 10514
6615 8 6752 0 63 113 10515
6615 23 6751 0 13 75 10516
6615 18 6751 0 147 18 10517
6615 17 6753 0 114 44 10518
6615 24 6752 0 161 44 10519
6615 17 6752 0 140 11 10520
6615 3 6750 0 138 23 10521
6615 6 6751 0 6 88 10522
6615 13 6752 0 141 34 10523
6615 12 6750 0 107 31 10524
6615 9 6751 0 145 55 10525
6615 3 6753 0 175 92 10526
6615 12 6753 0 105 143 10527
6615 5 6753 0 124 15 10528
6615 20 6751 0 146 119 10529
6615 23 6751 0 64 182 10530
6615 18 6751 0 113 48 10531
6615 6 6751 0 16 120 10532
6615 29 6750 0 58 139 10533
6615 25 6752 0 66 134 10534
6615 13 6751 0 143 170 10535
6615 35 6750 0 127 22 10536
6615 28 6751 0 142 143 10537
6615 29 6750 0 22 41 10538
6618 65 9604 1 128 55 10539
6620 56 9607 1 173 61 10540
6630 21 6765 0 99 9 10541
6630 36 6766 0 22 41 10542
6630 4 6766 0 178 113 10543
6630 4 6767 0 67 20 10544
6630 9 6769 0 128 96 10545
6630 12 6765 0 108 65 10546
6630 40 6768 0 96 33 10547
6630 21 6766 0 161 44 10548
6630 10 6764 0 108 36 10549
6630 6 6765 0 125 90 10550
6630 8 6766 0 103 16 10551
6630 41 6764 0 127 22 10552
6630 4 6766 0 179 177 10553
6630 35 6766 0 102 140 10554
6630 24 6767 0 86 1 10555
6630 21 6763 0 162 25 10556
6630 28 6768 0 127 43 10557
6630 22 6766 0 180 72 10558
6630 34 6767 0 173 171 10559
6630 30 6765 0 142 143 10560
6630 22 6766 0 99 17 10561
6630 3 6766 0 63 134 10562
6630 4 6766 0 138 23 10563
6630 13 6764 0 113 48 10564
6630 18 6767 0 153 145 10565
6630 28 6765 0 66 134 10566
6644 75 9631 1 146 119 10567
6645 24 6781 0 128 55 10568
6645 10 6780 0 95 77 10569
6645 26 6780 0 127 43 10570
6645 5 6782 0 179 177 10571
6645 4 6781 0 102 30 10572
6645 45 6781 0 127 22 10573
6645 12 6783 0 147 18 10574
6645 15 6779 0 24 183 10575
6645 40 6782 0 138 26 10576
6645 37 6781 0 22 41 10577
6645 31 6780 0 155 122 10578
6645 16 6783 0 114 44 10579
6645 13 6781 0 141 34 10580
6645 6 6781 0 38 84 10581
6645 5 6781 0 93 57 10582
6645 14 6781 0 113 48 10583
6645 30 6781 0 66 134 10584
6645 7 6781 0 16 120 10585
6645 44 6782 0 33 177 10586
6653 62 9639 1 103 16 10587
6660 8 6794 0 63 113 10588
6660 16 6796 0 114 44 10589
6660 8 6794 0 112 57 10590
6660 6 6794 0 178 113 10591
6660 24 6797 0 139 9 10592
6660 17 6794 0 108 65 10593
6660 10 6796 0 128 96 10594
6660 8 6795 0 23 55 10595
6660 13 6795 0 140 11 10596
6660 16 6798 0 141 34 10597
6660 37 6795 0 127 43 10598
6660 45 6797 0 96 33 10599
6660 24 6798 0 99 17 10600
6660 5 6797 0 63 134 10601
6660 6 6796 0 50 121 10602
6660 12 6798 0 128 55 10603
6660 7 6796 0 95 77 10604
6660 26 6796 0 146 159 10605
6660 45 6797 0 102 140 10606
6660 17 6796 0 107 31 10607
6660 11 6795 0 125 90 10608
6660 18 6798 0 113 48 10609
6675 12 6810 0 112 57 10610
6675 44 6812 0 96 33 10611
6675 6 6811 0 124 15 10612
6675 6 6810 0 67 20 10613
6675 4 6810 0 93 57 10614
6675 25 6809 0 139 9 10615
6675 10 6813 0 103 16 10616
6675 32 6812 0 148 23 10617
6675 10 6810 0 95 1 10618
6675 21 6812 0 140 11 10619
6675 9 6809 0 91 1 10620
6675 21 6813 0 153 145 10621
6675 24 6810 0 107 31 10622
6675 25 6813 0 146 119 10623
6675 5 6811 0 138 23 10624
6675 21 6812 0 113 48 10625
6675 18 6809 0 99 17 10626
6675 8 6810 0 128 96 10627
6675 32 6811 0 33 177 10628
6675 39 6810 0 58 139 10629
6675 19 6812 0 141 34 10630
6675 4 6810 0 38 84 10631
6675 8 6812 0 16 120 10632
6675 7 6810 0 162 60 10633
6675 17 6812 0 99 9 10634
6675 27 6811 0 138 26 10635
6675 6 6811 0 155 52 10636
6675 24 6810 0 186 125 10637
6675 44 6809 0 127 43 10638
6677 71 9661 1 148 23 10639
6690 40 6825 0 127 22 10640
6690 4 6825 0 175 92 10641
6690 36 6827 0 102 140 10642
6690 3 6826 0 179 177 10643
6690 18 6827 0 46 130 10644
6690 6 6827 0 125 90 10645
6690 7 6826 0 112 57 10646
6690 26 6829 0 138 26 10647
6690 6 6827 0 138 23 10648
6690 25 6827 0 13 75 10649
6690 15 6824 0 139 9 10650
6690 44 6825 0 72 131 10651
6690 13 6827 0 141 34 10652
6690 22 6828 0 103 107 10653
6690 26 6825 0 142 143 10654
6690 25 6824 0 161 44 10655
6690 7 6824 0 50 121 10656
6690 25 6828 0 128 55 10657
6690 33 6831 0 2 33 10658
6705 15 6841 0 141 34 10659
6705 19 6842 0 46 130 10660
6705 5 6842 0 6 88 10661
6705 7 6842 0 23 55 10662
6705 18 6842 0 186 125 10663
6705 17 6842 0 140 11 10664
6705 13 6842 0 113 48 10665
6705 17 6843 0 128 55 10666
6705 12 6840 0 146 119 10667
6705 8 6842 0 125 90 10668
6705 6 6841 0 112 57 10669
6705 26 6841 0 66 134 10670
6705 6 6841 0 16 120 10671
6705 30 6841 0 22 41 10672
6705 16 6840 0 161 44 10673
6705 8 6841 0 108 36 10674
6705 22 6843 0 107 31 10675
6709 65 9695 1 155 52 10676
6720 7 6856 0 173 61 10677
6720 5 6853 0 138 23 10678
6720 8 6856 0 7 180 10679
6720 38 6857 0 127 22 10680
6720 14 6858 0 113 48 10681
6720 15 6857 0 128 55 10682
6720 11 6857 0 23 55 10683
6720 27 6855 0 22 41 10684
6720 6 6856 0 110 50 10685
6720 16 6855 0 107 31 10686
6720 12 6855 0 24 195 10687
6720 6 6855 0 67 20 10688
6720 7 6854 0 164 71 10689
6720 8 6856 0 151 24 10690
6720 17 6855 0 153 145 10691
6720 15 6856 0 108 65 10692
6720 13 6856 0 99 17 10693
6720 6 6858 0 102 30 10694
6720 8 6856 0 112 57 10695
6720 7 6857 0 95 77 10696
6735 3 6871 0 67 20 10697
6735 14 6871 0 99 17 10698
6735 7 6870 0 103 16 10699
6735 11 6872 0 23 55 10700
6735 31 6872 0 173 171 10701
6735 4 6872 0 155 52 10702
6735 21 6869 0 99 9 10703
6735 3 6872 0 124 15 10704
6735 42 6873 0 146 159 10705
6735 16 6874 0 114 44 10706
6735 9 6871 0 7 180 10707
6735 34 6872 0 58 139 10708
6735 7 6871 0 162 60 10709
6735 19 6874 0 86 1 10710
6735 39 6872 0 96 33 10711
6735 4 6870 0 138 23 10712
6735 34 6872 0 148 23 10713
6735 22 6871 0 108 65 10714
6735 12 6870 0 112 57 10715
6735 14 6868 0 128 55 10716
6735 11 6869 0 108 36 10717
6750 25 6887 0 143 170 10718
6750 4 6885 0 102 30 10719
6750 9 6887 0 162 60 10720
6750 12 6887 0 150 50 10721
6750 10 6888 0 95 77 10722
6750 13 6884 0 99 17 10723
6750 12 6885 0 141 34 10724
6750 5 6887 0 38 84 10725
6750 6 6886 0 63 134 10726
6750 45 6887 0 46 189 10727
6750 9 6888 0 16 120 10728
6750 34 6886 0 127 22 10729
6750 15 6885 0 153 145 10730
6750 27 6888 0 142 143 10731
6750 39 6888 0 127 43 10732
6750 14 6885 0 139 9 10733
6750 3 6886 0 138 23 10734
6750 44 6885 0 138 26 10735
6750 12 6885 0 145 55 10736
6750 35 6886 0 155 122 10737
6750 23 6886 0 128 55 10738
6765 6 6900 0 138 23 10739
6765 5 6899 0 175 92 10740
6765 4 6901 0 110 50 10741
6765 16 6901 0 147 18 10742
6765 12 6903 0 145 55 10743
6765 19 6902 0 107 31 10744
6765 33 6903 0 22 41 10745
6765 4 6899 0 178 113 10746
6765 24 6902 0 140 11 10747
6765 22 6901 0 108 65 10748
6765 12 6899 0 113 48 10749
6765 5 6898 0 63 134 10750
6765 12 6901 0 95 77 10751
6765 36 6901 0 127 43 10752
6765 13 6902 0 105 143 10753
6765 3 6901 0 102 30 10754
6765 6 6903 0 93 57 10755
6765 6 6903 0 108 36 10756
6765 41 6902 0 142 143 10757
6765 9 6902 0 128 96 10758
6765 9 6902 0 173 61 10759
6765 12 6901 0 7 180 10760
6765 11 6899 0 24 195 10761
6768 53 9755 1 95 1 10762
6780 27 6919 0 148 23 10763
6780 19 6915 0 99 9 10764
6780 10 6916 0 128 96 10765
6780 13 6914 0 113 48 10766
6780 23 6914 0 99 17 10767
6780 14 6915 0 64 182 10768
6780 3 6917 0 138 23 10769
6780 32 6916 0 127 43 10770
6780 19 6917 0 114 44 10771
6780 24 6914 0 147 18 10772
6780 42 6918 0 127 22 10773
6780 9 6916 0 108 36 10774
6780 26 6915 0 58 139 10775
6780 15 6917 0 180 72 10776
6780 15 6915 0 141 34 10777
6780 5 6916 0 175 92 10778
6780 6 6915 0 125 90 10779
6784 172 9768 1 150 50 10780
6795 11 6931 0 95 77 10781
6795 39 6932 0 72 131 10782
6795 20 6931 0 99 17 10783
6795 25 6934 0 127 22 10784
6795 23 6933 0 13 75 10785
6795 23 6931 0 153 145 10786
6795 16 6933 0 99 9 10787
6795 6 6931 0 110 50 10788
6795 11 6931 0 125 90 10789
6795 7 6932 0 108 36 10790
6795 17 6932 0 140 11 10791
6795 19 6930 0 139 9 10792
6795 24 6933 0 143 170 10793
6795 12 6932 0 128 55 10794
6795 25 6931 0 147 18 10795
6795 4 6932 0 178 113 10796
6795 10 6929 0 103 16 10797
6795 35 6931 0 138 26 10798
6795 10 6929 0 24 195 10799
6795 12 6931 0 146 119 10800
6795 29 6932 0 46 189 10801
6795 6 6931 0 124 15 10802
6804 134 9791 1 107 31 10803
6805 55 9795 1 67 20 10804
6810 21 6944 0 113 48 10805
6810 6 6945 0 155 52 10806
6810 17 6946 0 140 11 10807
6810 4 6946 0 102 30 10808
6810 16 6946 0 152 41 10809
6810 10 6947 0 16 120 10810
6810 3 6944 0 93 57 10811
6810 6 6944 0 50 121 10812
6810 11 6947 0 108 36 10813
6810 37 6945 0 33 177 10814
6810 17 6944 0 107 31 10815
6810 26 6949 0 96 33 10816
6810 5 6947 0 179 177 10817
6810 10 6946 0 95 77 10818
6810 33 6948 0 148 23 10819
6810 22 6946 0 99 17 10820
6810 14 6944 0 103 107 10821
6810 4 6946 0 138 23 10822
6810 34 6945 0 173 171 10823
6810 19 6946 0 139 9 10824
6810 20 6946 0 13 75 10825
6810 6 6946 0 110 50 10826
6810 39 6946 0 155 122 10827
6810 27 6945 0 138 26 10828
6825 26 6961 0 146 159 10829
6825 12 6961 0 112 57 10830
6825 4 6962 0 38 84 10831
6825 12 6964 0 13 75 10832
6825 5 6962 0 124 15 10833
6825 23 6962 0 186 125 10834
6825 18 6958 0 114 44 10835
6825 13 6962 0 141 34 10836
6825 3 6961 0 178 113 10837
6825 17 6963 0 99 9 10838
6825 18 6961 0 147 18 10839
6825 6 6960 0 110 50 10840
6825 13 6962 0 107 31 10841
6825 12 6960 0 150 50 10842
6825 12 6963 0 125 90 10843
6825 12 6960 0 143 170 10844
6825 19 6958 0 128 55 10845
6825 18 6961 0 46 130 10846
6825 32 6961 0 127 22 10847
6825 33 6961 0 148 23 10848
6825 5 6962 0 63 134 10849
6825 13 6960 0 113 48 10850
6825 17 6961 0 99 17 10851
6825 4 6961 0 138 23 10852
6825 6 6961 0 6 88 10853
6825 34 6960 0 96 33 10854
6825 14 6962 0 140 11 10855
6825 6 6963 0 24 195 10856
6825 8 6962 0 7 180 10857
6825 11 6960 0 103 16 10858
6840 17 6975 0 46 130 10859
6840 7 6977 0 112 57 10860
6840 6 6972 0 138 23 10861
6840 3 6976 0 110 50 10862
6840 3 6977 0 124 15 10863
6840 17 6974 0 146 119 10864
6840 9 6976 0 103 16 10865
6840 6 6977 0 93 57 10866
6840 17 6977 0 141 34 10867
6840 6 6976 0 128 96 10868
6840 6 6976 0 38 84 10869
6840 42 6976 0 33 177 10870
6840 42 6977 0 138 26 10871
6840 19 6977 0 99 17 10872
6855 15 6992 0 128 55 10873
6855 22 6994 0 105 143 10874
6855 3 6989 0 138 23 10875
6855 4 6990 0 124 15 10876
6855 6 6991 0 179 177 10877
6855 6 6993 0 103 16 10878
6855 40 6992 0 46 189 10879
6855 12 6991 0 186 125 10880
6855 4 6990 0 155 52 10881
6855 11 6989 0 164 71 10882
6855 5 6991 0 67 20 10883
6855 20 6993 0 153 145 10884
6855 37 6991 0 96 33 10885
6855 15 6991 0 114 44 10886
6855 3 6991 0 86 23 10887
6855 25 6991 0 141 34 10888
6855 21 6992 0 108 65 10889
6855 14 6991 0 161 44 10890
6855 30 6991 0 173 171 10891
6855 5 6992 0 83 108 10892
6855 20 6991 0 139 9 10893
6855 22 6993 0 140 11 10894
6855 7 6991 0 108 36 10895
6855 4 6992 0 6 88 10896
6855 11 6992 0 151 24 10897
6870 8 7007 0 162 60 10898
6870 8 7006 0 7 180 10899
6870 36 7006 0 22 41 10900
6870 18 7004 0 147 18 10901
6870 38 7005 0 127 22 10902
6870 4 7004 0 110 50 10903
6870 6 7008 0 178 113 10904
6870 17 7006 0 99 9 10905
6870 19 7007 0 152 41 10906
6870 19 7006 0 141 34 10907
6870 10 7007 0 108 36 10908
6870 20 7006 0 140 11 10909
6870 18 7006 0 146 119 10910
6870 24 7006 0 113 48 10911
6870 17 7007 0 186 125 10912
6870 16 7007 0 128 55 10913
6870 24 7007 0 107 31 10914
6870 5 7009 0 86 23 10915
6870 34 7004 0 96 33 10916
6870 22 7006 0 139 9 10917
6870 41 7007 0 148 23 10918
6870 11 7005 0 95 1 10919
6870 40 7007 0 102 140 10920
6885 6 7021 0 38 84 10921
6885 26 7022 0 127 22 10922
6885 6 7023 0 110 50 10923
6885 4 7019 0 6 88 10924
6885 25 7021 0 138 26 10925
6885 8 7023 0 112 57 10926
6885 6 7018 0 150 50 10927
6885 18 7018 0 13 75 10928
6885 18 7022 0 152 41 10929
6885 22 7021 0 141 34 10930
6885 14 7022 0 114 44 10931
6885 9 7022 0 108 36 10932
6885 10 7022 0 128 96 10933
6885 6 7021 0 138 23 10934
6885 14 7022 0 128 55 10935
6885 9 7022 0 103 16 10936
6885 28 7022 0 148 23 10937
6885 10 7020 0 7 180 10938
6885 6 7018 0 15 186 10939
6885 40 7020 0 96 33 10940
6885 22 7021 0 140 11 10941
6885 35 7020 0 127 43 10942
6888 57 9873 1 6 88 10943
6900 23 7036 0 103 107 10944
6900 6 7037 0 102 30 10945
6900 27 7036 0 127 22 10946
6900 17 7036 0 24 183 10947
6900 41 7035 0 127 43 10948
6900 13 7037 0 128 55 10949
6900 38 7036 0 102 140 10950
6900 12 7036 0 145 55 10951
6900 3 7038 0 67 20 10952
6900 34 7038 0 138 26 10953
6900 7 7039 0 103 16 10954
6900 30 7035 0 148 23 10955
6900 12 7036 0 112 57 10956
6900 7 7037 0 95 1 10957
6900 3 7034 0 83 108 10958
6900 22 7036 0 140 11 10959
6900 6 7039 0 91 1 10960
6900 39 7036 0 155 122 10961
6900 24 7037 0 113 48 10962
6900 44 7034 0 146 159 10963
6900 12 7035 0 128 96 10964
6900 11 7035 0 162 60 10965
6900 9 7035 0 16 120 10966
6900 4 7036 0 110 50 10967
6900 20 7034 0 141 34 10968
6913 63 9898 1 66 134 10969
6915 6 7054 0 110 50 10970
6915 44 7052 0 102 140 10971
6915 7 7052 0 91 1 10972
6915 28 7051 0 2 33 10973
6915 41 7051 0 173 171 10974
6915 33 7051 0 148 23 10975
6915 6 7050 0 162 60 10976
6915 3 7050 0 6 88 10977
6915 25 7051 0 105 143 10978
6915 9 7051 0 50 121 10979
6915 21 7053 0 113 48 10980
6915 22 7052 0 128 55 10981
6915 15 7051 0 186 125 10982
6915 12 7051 0 153 145 10983
6915 10 7050 0 164 71 10984
6915 20 7052 0 64 182 10985
6915 27 7052 0 46 189 10986
6915 3 7048 0 38 84 10987
6915 11 7053 0 150 50 10988
6915 24 7051 0 108 65 10989
6915 27 7051 0 127 22 10990
6915 36 7049 0 72 131 10991
6915 10 7052 0 23 55 10992
6915 25 7050 0 139 9 10993
6930 15 7065 0 140 11 10994
6930 33 7066 0 146 159 10995
6930 13 7065 0 113 48 10996
6930 6 7067 0 6 88 10997
6930 6 7067 0 164 71 10998
6930 9 7067 0 151 24 10999
6930 10 7067 0 24 195 11000
6930 41 7066 0 148 23 11001
6930 5 7065 0 15 186 11002
6930 34 7065 0 138 26 11003
6930 10 7067 0 103 16 11004
6930 11 7065 0 108 36 11005
6930 23 7065 0 152 41 11006
6930 10 7065 0 112 57 11007
6930 43 7065 0 127 22 11008
6930 11 7066 0 95 1 11009
6930 25 7066 0 141 34 11010
6934 37 9920 1 46 130 11011
6945 5 7080 0 15 186 11012
6945 19 7082 0 162 25 11013
6945 9 7080 0 24 195 11014
6945 10 7082 0 125 90 11015
6945 9 7082 0 162 60 11016
6945 17 7081 0 99 17 11017
6945 7 7082 0 173 61 11018
6945 13 7081 0 105 143 11019
6945 16 7081 0 146 119 11020
6945 24 7080 0 140 11 11021
6945 3 7081 0 102 30 11022
6945 6 7083 0 83 108 11023
6945 15 7081 0 64 182 11024
6945 32 7081 0 46 189 11025
6945 9 7081 0 112 57 11026
6945 25 7081 0 103 107 11027
6945 21 7082 0 141 34 11028
6945 20 7079 0 147 18 11029
6945 7 7082 0 103 16 11030
6945 15 7081 0 24 183 11031
6945 7 7081 0 128 96 11032
6945 28 7081 0 96 33 11033
6945 37 7080 0 148 23 11034
6950 45 9934 1 147 18 11035
6960 12 7095 0 13 75 11036
6960 37 7095 0 138 26 11037
6960 26 7096 0 148 23 11038
6960 7 7098 0 103 16 11039
6960 12 7097 0 180 72 11040
6960 4 7094 0 124 15 11041
6960 25 7095 0 152 41 11042
6960 7 7098 0 91 1 11043
6960 18 7096 0 103 107 11044
6960 24 7097 0 147 18 11045
6960 15 7096 0 105 143 11046
6960 20 7095 0 162 25 11047
6960 8 7097 0 112 57 11048
6960 5 7097 0 102 30 11049
6960 5 7096 0 15 186 11050
6960 19 7097 0 113 48 11051
6960 15 7097 0 139 9 11052
6960 7 7095 0 128 96 11053
6960 43 7098 0 58 139 11054
6975 3 7111 0 83 108 11055
6975 24 7113 0 24 183 11056
6975 6 7110 0 103 16 11057
6975 41 7111 0 33 177 11058
6975 31 7110 0 127 22 11059
6975 17 7111 0 13 75 11060
6975 17 7112 0 103 107 11061
6975 5 7109 0 124 15 11062
6975 5 7114 0 110 50 11063
6975 9 7111 0 95 1 11064
6975 15 7111 0 141 34 11065
6975 3 7111 0 175 92 11066
6975 29 7111 0 127 43 11067
6975 32 7110 0 96 33 11068
6975 11 7110 0 173 61 11069
6975 8 7110 0 128 96 11070
6975 26 7112 0 58 139 11071
6975 24 7112 0 114 44 11072
6975 6 7111 0 16 120 11073
6975 12 7111 0 162 60 11074
6975 23 7111 0 147 18 11075
6975 14 7113 0 140 11 11076
6975 8 7108 0 24 195 11077
6975 14 7110 0 107 31 11078
6975 14 7110 0 113 48 11079
6975 5 7112 0 15 186 11080
6975 15 7109 0 146 119 11081
6975 12 7111 0 7 180 11082
6975 11 7111 0 145 55 11083
6975 43 7112 0 138 26 11084
6990 6 7127 0 151 24 11085
6990 6 7126 0 95 1 11086
6990 11 7126 0 91 1 11087
6990 3 7126 0 124 15 11088
6990 10 7124 0 145 55 11089
6990 7 7127 0 103 16 11090
6990 27 7126 0 142 143 11091
6990 17 7126 0 147 18 11092
6990 31 7126 0 146 159 11093
6990 3 7126 0 179 177 11094
6990 14 7126 0 99 9 11095
6990 25 7128 0 153 145 11096
6990 9 7126 0 112 57 11097
6990 16 7127 0 152 41 11098
6990 6 7126 0 128 96 11099
6990 18 7127 0 128 55 11100
6990 19 7126 0 113 48 11101
6990 8 7126 0 125 90 11102
6990 21 7125 0 86 1 11103
6990 16 7126 0 141 34 11104
6990 31 7125 0 2 33 11105
6990 12 7126 0 186 125 11106
6990 6 7127 0 6 88 11107
6994 72 9979 1 155 122 11108
7004 72 9991 1 99 9 11109
7005 21 7142 0 140 11 11110
7005 22 7140 0 46 130 11111
7005 4 7142 0 182 28 11112
7005 27 7141 0 72 131 11113
7005 31 7145 0 146 159 11114
7005 7 7142 0 173 61 11115
7005 37 7143 0 127 22 11116
7005 12 7143 0 108 36 11117
7005 20 7140 0 99 17 11118
7005 15 7140 0 139 9 11119
7005 20 7142 0 24 183 11120
7005 45 7141 0 33 177 11121
7005 6 7141 0 6 88 11122
7005 13 7142 0 113 48 11123
7005 20 7143 0 86 1 11124
7005 28 7141 0 2 33 11125
7005 36 7141 0 22 41 11126
7005 44 7140 0 127 43 11127
7005 5 7141 0 93 57 11128
7005 14 7139 0 99 9 11129
7005 10 7141 0 95 1 11130
7005 17 7142 0 105 143 11131
7005 25 7140 0 138 26 11132
7005 3 7141 0 38 84 11133
7005 6 7143 0 63 113 11134
7005 28 7141 0 66 134 11135
7005 14 7140 0 114 44 11136
7005 9 7140 0 103 16 11137
7005 3 7142 0 138 23 11138
7006 40 9990 1 127 22 11139
7018 109 10000 1 155 122 11140
7020 37 7157 0 58 139 11141
7020 4 7154 0 110 50 11142
7020 38 7157 0 127 43 11143
7020 21 7156 0 103 107 11144
7020 6 7158 0 63 134 11145
7020 26 7158 0 148 23 11146
7020 25 7155 0 114 44 11147
7020 12 7158 0 150 50 11148
7020 4 7155 0 67 20 11149
7020 39 7156 0 138 26 11150
7020 7 7156 0 7 180 11151
7020 34 7157 0 146 159 11152
7020 4 7155 0 175 92 11153
7020 10 7157 0 91 1 11154
7020 12 7158 0 151 24 11155
7020 17 7156 0 139 9 11156
7020 40 7156 0 46 189 11157
7020 8 7156 0 128 96 11158
7020 3 7156 0 138 23 11159
7020 22 7156 0 128 55 11160
7020 6 7157 0 6 88 11161
7020 20 7154 0 99 17 11162
7020 4 7157 0 124 15 11163
7035 7 7173 0 91 1 11164
7035 6 7172 0 86 23 11165
7035 5 7172 0 138 23 11166
7035 25 7171 0 186 125 11167
7035 43 7172 0 155 122 11168
7035 38 7171 0 138 26 11169
7035 31 7171 0 127 43 11170
7035 3 7172 0 178 113 11171
7035 4 7171 0 110 50 11172
7035 14 7172 0 162 25 11173
7035 16 7173 0 139 9 11174
7035 29 7170 0 148 23 11175
7035 17 7171 0 128 55 11176
7035 9 7171 0 162 60 11177
7035 10 7173 0 150 50 11178
7035 6 7173 0 6 88 11179
7035 37 7173 0 142 143 11180
7035 42 7171 0 66 134 11181
7035 4 7170 0 38 84 11182
7035 44 7170 0 96 33 11183
7035 20 7172 0 140 11 11184
7035 40 7172 0 2 33 11185
7035 9 7171 0 173 61 11186
7035 25 7172 0 147 18 11187
7035 5 7171 0 124 15 11188
7035 12 7173 0 114 44 11189
7035 18 7172 0 146 119 11190
7035 6 7172 0 67 20 11191
7044 38 10000 1 33 177 11192
7050 23 7187 0 86 1 11193
7050 4 7185 0 124 15 11194
7050 7 7186 0 103 16 11195
7050 8 7185 0 151 24 11196
7050 45 7188 0 142 143 11197
7050 13 7186 0 140 11 11198
7050 38 7187 0 58 139 11199
7050 3 7186 0 93 57 11200
7050 25 7186 0 114 44 11201
7050 37 7184 0 173 171 11202
7050 25 7187 0 139 9 11203
7050 35 7186 0 22 41 11204
7050 5 7184 0 67 20 11205
7050 15 7187 0 162 25 11206
7050 7 7185 0 108 36 11207
7050 11 7184 0 125 90 11208
7050 38 7186 0 138 26 11209
7050 44 7186 0 148 23 11210
7050 14 7188 0 152 41 11211
7050 9 7184 0 112 57 11212
7050 16 7188 0 108 65 11213
7050 6 7186 0 102 30 11214
7065 19 7201 0 13 75 11215
7065 42 7204 0 142 143 11216
7065 21 7200 0 105 143 11217
7065 12 7202 0 103 16 11218
7065 23 7202 0 86 1 11219
7065 3 7205 0 138 23 11220
7065 14 7199 0 99 17 11221
7065 20 7202 0 140 11 11222
7065 18 7202 0 108 65 11223
7065 22 7202 0 107 31 11224
7065 39 7202 0 2 33 11225
7065 11 7201 0 128 96 11226
7065 25 7200 0 96 33 11227
7065 5 7201 0 155 52 11228
7065 44 7201 0 127 43 11229
7065 12 7201 0 108 36 11230
7065 12 7202 0 180 72 11231
7065 10 7201 0 162 60 11232
7065 8 7201 0 173 61 11233
7065 38 7203 0 148 23 11234
7065 29 7200 0 46 189 11235
7065 10 7202 0 23 55 11236
7065 25 7200 0 139 9 11237
7065 12 7201 0 147 18 11238
7065 12 7200 0 114 44 11239
7065 5 7202 0 110 50 11240
7073 174 10000 1 124 15 11241
7080 45 7217 0 96 33 11242
7080 19 7216 0 86 1 11243
7080 40 7217 0 148 23 11244
7080 5 7218 0 63 134 11245
7080 24 7216 0 105 143 11246
7080 10 7217 0 95 77 11247
7080 15 7214 0 128 55 11248
7080 5 7214 0 93 57 11249
7080 22 7218 0 140 11 11250
7080 37 7216 0 138 26 11251
7080 6 7216 0 112 57 11252
7080 25 7216 0 64 182 11253
7080 6 7217 0 102 30 11254
7080 6 7216 0 86 23 11255
7080 5 7218 0 124 15 11256
7080 10 7216 0 125 90 11257
7080 14 7217 0 46 130 11258
7080 141 10000 1 96 33 11259
7080 12 7217 0 16 120 11260
7080 35 7217 0 173 171 11261
7080 21 7217 0 114 44 11262
7080 6 7216 0 103 16 11263
7080 20 7217 0 99 17 11264
7080 15 7216 0 141 34 11265
7080 10 7218 0 50 121 11266
7080 11 7213 0 164 71 11267
7080 14 7218 0 113 48 11268
7095 11 7235 0 108 36 11269
7095 4 7232 0 102 30 11270
7095 3 7233 0 155 52 11271
7095 9 7230 0 7 180 11272
7095 25 7230 0 99 17 11273
7095 21 7232 0 24 183 11274
7095 40 7235 0 148 23 11275
7095 32 7231 0 138 26 11276
7095 6 7229 0 110 50 11277
7095 13 7231 0 99 9 11278
7095 23 7230 0 64 182 11279
7095 20 7232 0 161 44 11280
7095 5 7232 0 124 15 11281
7095 33 7231 0 96 33 11282
7095 31 7231 0 127 22 11283
7095 12 7229 0 186 125 11284
7095 6 7232 0 182 28 11285
7095 6 7228 0 145 55 11286
7095 19 7232 0 146 119 11287
7095 3 7229 0 15 186 11288
7095 10 7232 0 112 57 11289
7095 23 7229 0 141 34 11290
7104 185 10000 1 24 183 11291
7110 40 7245 0 127 43 11292
7110 24 7245 0 161 44 11293
7110 16 7245 0 146 119 11294
7110 25 7246 0 153 145 11295
7110 25 7247 0 155 122 11296
7110 19 7248 0 180 72 11297
7110 27 7246 0 138 26 11298
7110 28 7245 0 148 23 11299
7110 4 7245 0 182 28 11300
7110 10 7245 0 151 24 11301
7110 16 7246 0 107 31 11302
7110 25 7246 0 72 131 11303
7110 24 7248 0 113 48 11304
7110 5 7245 0 124 15 11305
7110 22 7245 0 141 34 11306
7110 8 7245 0 16 120 11307
7110 12 7247 0 112 57 11308
7110 18 7244 0 99 17 11309
7110 4 7245 0 138 23 11310
7110 6 7246 0 38 84 11311
7110 44 7246 0 2 33 11312
7110 6 7247 0 7 180 11313
7110 10 7247 0 24 195 11314
7110 29 7245 0 22 41 11315
7110 5 7246 0 110 50 11316
7110 9 7244 0 103 16 11317
7117 51 10000 1 139 9 11318
7125 5 7262 0 86 23 11319
7125 14 7265 0 113 48 11320
7125 3 7260 0 182 28 11321
7125 5 7262 0 124 15 11322
7125 5 7260 0 63 134 11323
7125 4 7261 0 6 88 11324
7125 15 7261 0 64 182 11325
7125 12 7260 0 108 36 11326
7125 5 7260 0 110 50 11327
7125 12 7263 0 114 44 11328
7125 19 7261 0 24 183 11329
7125 21 7261 0 147 18 11330
7125 8 7262 0 150 50 11331
7125 24 7261 0 13 75 11332
7125 6 7261 0 102 30 11333
7125 12 7262 0 128 96 11334
7125 17 7260 0 46 130 11335
7125 11 7259 0 162 60 11336
7125 22 7260 0 139 9 11337
7125 26 7263 0 2 33 11338
7125 4 7263 0 179 177 11339
7125 11 7260 0 103 16 11340
7125 5 7262 0 83 108 11341
7125 22 7261 0 140 11 11342
7125 45 7261 0 138 26 11343
7125 12 7262 0 145 55 11344
7125 10 7261 0 24 195 11345
7125 12 7261 0 107 31 11346
7125 6 7261 0 173 61 11347
7125 36 7261 0 96 33 11348
7125 17 7262 0 153 145 11349
7125 8 7261 0 7 180 11350
7140 20 7274 0 141 34 11351
7140 3 7277 0 102 30 11352
7140 25 7278 0 146 159 11353
7140 21 7275 0 128 55 11354
7140 8 7276 0 108 36 11355
7140 20 7275 0 13 75 11356
7140 5 7275 0 110 50 11357
7140 16 7277 0 107 31 11358
7140 41 7273 0 58 139 11359
7140 4 7275 0 67 20 11360
7140 23 7275 0 180 72 11361
7140 26 7275 0 22 41 11362
7140 33 7277 0 138 26 11363
7140 6 7275 0 103 16 11364
7140 19 7277 0 140 11 11365
7140 25 7276 0 99 17 11366
7140 14 7275 0 161 44 11367
7140 3 7275 0 178 113 11368
7140 9 7278 0 125 90 11369
7140 13 7277 0 152 41 11370
7140 18 7276 0 86 1 11371
7140 6 7276 0 38 84 11372
7140 7 7278 0 112 57 11373
7140 26 7277 0 96 33 11374
7140 37 7276 0 127 22 11375
7155 6 7290 0 110 50 11376
7155 24 7289 0 161 44 11377
7155 6 7290 0 63 113 11378
7155 3 7293 0 63 134 11379
7155 12 7292 0 23 55 11380
7155 9 7293 0 7 180 11381
7155 17 7291 0 152 41 11382
7155 3 7291 0 138 23 11383
7155 4 7293 0 102 30 11384
7155 41 7290 0 46 189 11385
7155 24 7291 0 147 18 11386
7155 7 7291 0 151 24 11387
7155 20 7293 0 86 1 11388
7155 7 7292 0 103 16 11389
7155 5 7291 0 83 108 11390
7155 22 7293 0 140 11 11391
7155 38 7292 0 142 143 11392
7155 24 7291 0 107 31 11393
7155 42 10000 1 141 34 11394
7155 45 7290 0 127 43 11395
7155 5 7293 0 67 20 11396
7155 31 7291 0 138 26 11397
7170 24 7307 0 107 31 11398
7170 34 7304 0 66 134 11399
7170 12 7305 0 141 34 11400
7170 38 7305 0 155 122 11401
7170 19 7308 0 99 9 11402
7170 12 7306 0 112 57 11403
7170 5 7308 0 93 57 11404
7170 18 7307 0 147 18 11405
7170 34 7306 0 127 22 11406
7170 39 7308 0 96 33 11407
7170 6 7307 0 83 108 11408
7170 23 7307 0 108 65 11409
7170 17 7307 0 113 48 11410
7170 14 7305 0 140 11 11411
7170 7 7306 0 63 113 11412
7170 12 7306 0 23 55 11413
7170 6 7305 0 6 88 11414
7170 40 7308 0 127 43 11415
7170 10 7305 0 103 16 11416
7170 32 7307 0 148 23 11417
7170 3 7304 0 182 28 11418
7170 3 7307 0 110 50 11419
7170 15 7306 0 139 9 11420
7170 5 7307 0 138 23 11421
7170 25 7307 0 103 107 11422
7177 43 10000 1 24 183 11423
7185 23 7320 0 186 125 11424
7185 22 7322 0 146 119 11425
7185 21 7322 0 107 31 11426
7185 3 7320 0 102 30 11427
7185 3 7322 0 110 50 11428
7185 10 7321 0 16 120 11429
7185 6 7323 0 145 55 11430
7185 26 7321 0 148 23 11431
7185 13 7320 0 24 183 11432
7185 34 7321 0 138 26 11433
7185 25 7322 0 139 9 11434
7185 20 7320 0 128 55 11435
7185 12 7321 0 95 77 11436
7185 45 7322 0 127 43 11437
7185 24 7322 0 147 18 11438
7185 6 7321 0 7 180 11439
7185 41 7320 0 66 134 11440
7185 13 7322 0 99 9 11441
7185 21 7322 0 140 11 11442
7185 18 7321 0 141 34 11443
7185 41 7321 0 22 41 11444
7200 41 7334 0 148 23 11445
7200 35 7336 0 173 171 11446
7200 44 7337 0 127 22 11447
7200 34 7337 0 142 143 11448
7200 18 7337 0 180 72 11449
7200 3 7335 0 124 15 11450
7200 24 7335 0 140 11 11451
7200 25 7337 0 143 170 11452
7200 4 7336 0 110 50 11453
7200 20 7336 0 64 182 11454
7200 41 7336 0 155 122 11455
7200 19 7337 0 13 75 11456
7200 6 7335 0 102 30 11457
7200 10 7337 0 162 60 11458
7200 11 7335 0 112 57 11459
7200 23 7337 0 141 34 11460
7200 42 7335 0 66 134 11461
7200 13 7336 0 86 1 11462
7200 3 7338 0 155 52 11463
7200 45 7336 0 138 26 11464
7200 21 7337 0 147 18 11465
7200 6 7335 0 128 96 11466
7200 41 7337 0 33 177 11467
7200 28 7337 0 96 33 11468
7200 30 7336 0 58 139 11469
7215 22 7349 0 99 17 11470
7215 10 7350 0 95 77 11471
7215 40 7353 0 46 189 11472
7215 31 7353 0 148 23 11473
7215 36 7352 0 33 177 11474
7215 12 7351 0 150 50 11475
7215 25 7351 0 138 26 11476
7215 9 7351 0 151 24 11477
7215 5 7351 0 110 50 11478
7215 16 7351 0 152 41 11479
7215 34 7352 0 127 22 11480
7215 22 7352 0 147 18 11481
7215 24 7353 0 86 1 11482
7215 40 7353 0 173 171 11483
7215 22 7351 0 141 34 11484
7215 5 7351 0 102 30 11485
7215 12 7355 0 112 57 11486
7215 31 7353 0 127 43 11487
7215 12 7351 0 103 16 11488
7215 6 7351 0 138 23 11489
7215 17 7349 0 186 125 11490
7215 10 7351 0 145 55 11491
7230 43 7368 0 148 23 11492
7230 4 7368 0 175 92 11493
7230 5 7366 0 110 50 11494
7230 5 7366 0 138 23 11495
7230 10 7365 0 23 55 11496
7230 11 7367 0 95 77 11497
7230 29 7368 0 127 43 11498
7230 8 7365 0 7 180 11499
7230 20 7366 0 105 143 11500
7230 19 7365 0 140 11 11501
7230 4 7366 0 124 15 11502
7230 24 7364 0 139 9 11503
7230 33 7366 0 146 159 11504
7230 35 7366 0 22 41 11505
7230 7 7365 0 128 96 11506
7230 3 7365 0 102 30 11507
7230 13 7365 0 99 9 11508
7230 7 7364 0 95 1 11509
7230 15 7368 0 99 17 11510
7230 10 7367 0 16 120 11511
7233 38 10000 1 114 44 11512
7245 5 7381 0 67 20 11513
7245 11 7381 0 125 90 11514
7245 3 7381 0 138 23 11515
7245 9 7381 0 63 113 11516
7245 6 7380 0 15 186 11517
7245 18 7380 0 99 9 11518
7245 20 7383 0 161 44 11519
7245 22 7383 0 103 107 11520
7245 13 7381 0 146 119 11521
7245 6 7384 0 83 108 11522
7245 4 7379 0 63 134 11523
7245 45 7381 0 127 22 11524
7245 5 7381 0 86 23 11525
7245 21 7383 0 140 11 11526
7245 12 7379 0 113 48 11527
7245 11 7380 0 50 121 11528
7245 11 7384 0 108 36 11529
7245 7 7378 0 150 50 11530
7245 15 7380 0 139 9 11531
7245 25 7382 0 152 41 11532
7245 17 7381 0 162 25 11533
7245 15 7382 0 141 34 11534
7245 3 7381 0 102 30 11535
7245 12 7382 0 112 57 11536
7245 9 7380 0 95 1 11537
7245 13 7383 0 147 18 11538
7245 4 7381 0 182 28 11539
7245 7 7383 0 95 77 11540
7245 4 7381 0 93 57 11541
7245 3 7381 0 38 84 11542
7259 59 10000 1 138 26 11543
7260 26 7397 0 127 43 11544
7260 4 7396 0 110 50 11545
7260 12 7394 0 63 113 11546
7260 18 7395 0 105 143 11547
7260 16 7398 0 146 119 11548
7260 3 7396 0 38 84 11549
7260 14 7395 0 113 48 11550
7260 4 7396 0 102 30 11551
7260 11 7398 0 108 36 11552
7260 33 7397 0 148 23 11553
7260 4 7396 0 182 28 11554
7260 36 7394 0 96 33 11555
7260 10 7396 0 91 1 11556
7260 9 7396 0 112 57 11557
7260 19 7399 0 46 130 11558
7260 15 7395 0 162 25 11559
7260 16 7395 0 152 41 11560
7260 25 7397 0 114 44 11561
7260 13 7394 0 128 55 11562
7260 10 7396 0 151 24 11563
7260 5 7397 0 6 88 11564
7260 8 7397 0 23 55 11565
7260 13 7397 0 140 11 11566
7260 36 7396 0 72 131 11567
7260 3 7394 0 86 23 11568
7260 10 7396 0 125 90 11569
7260 42 7398 0 142 143 11570
7260 17 7396 0 107 31 11571
7260 11 7397 0 24 195 11572
7260 12 7397 0 103 16 11573
7260 11 7396 0 7 180 11574
7260 17 7396 0 86 1 11575
7261 66 10000 1 145 55 11576
7262 52 10000 1 164 71 11577
7275 6 7411 0 110 50 11578
7275 24 7412 0 99 9 11579
7275 25 7412 0 22 41 11580
7275 14 7412 0 140 11 11581
7275 6 7410 0 50 121 11582
7275 9 7412 0 63 113 11583
7275 25 7412 0 114 44 11584
7275 14 7411 0 161 44 11585
7275 15 7411 0 139 9 11586
7275 26 7412 0 148 23 11587
7275 4 7409 0 6 88 11588
7275 8 7411 0 151 24 11589
7275 22 7411 0 141 34 11590
7275 45 7410 0 96 33 11591
7275 6 7410 0 93 57 11592
7275 12 7412 0 103 16 11593
7275 4 7411 0 138 23 11594
7275 42 7411 0 142 143 11595
7275 40 7413 0 138 26 11596
7275 8 7411 0 7 180 11597
7275 4 7411 0 179 177 11598
7275 17 7411 0 99 17 11599
7275 27 7412 0 127 22 11600
7290 38 7428 0 2 33 11601
7290 10 7426 0 95 1 11602
7290 22 7425 0 86 1 11603
7290 11 7428 0 103 16 11604
7290 19 7427 0 139 9 11605
7290 33 7426 0 127 22 11606
7290 45 7426 0 148 23 11607
7290 9 7426 0 50 121 11608
7290 37 7424 0 142 143 11609
7290 9 7425 0 95 77 11610
7290 8 7426 0 91 1 11611
7290 22 7425 0 143 170 11612
7290 14 7426 0 107 31 11613
7290 34 7425 0 173 171 11614
7290 18 7424 0 152 41 11615
7290 5 7427 0 110 50 11616
7290 23 7426 0 162 25 11617
7290 19 7425 0 24 183 11618
7290 14 7425 0 64 182 11619
7290 6 7425 0 178 113 11620
7290 15 7426 0 128 55 11621
7290 9 7423 0 63 113 11622
7290 4 7426 0 182 28 11623
7290 6 7426 0 124 15 11624
7290 10 7425 0 112 57 11625
7290 5 7426 0 67 20 11626
7290 38 7426 0 66 134 11627
7290 22 7425 0 140 11 11628
7290 10 7427 0 108 36 11629
7290 13 7428 0 99 9 11630
7290 12 7427 0 113 48 11631
7305 44 7443 0 173 171 11632
7305 6 7442 0 91 1 11633
7305 3 7440 0 6 88 11634
7305 5 7443 0 110 50 11635
7305 17 7440 0 147 18 11636
7305 22 7442 0 107 31 11637
7305 5 7441 0 86 23 11638
7305 18 7444 0 139 9 11639
7305 39 7442 0 138 26 11640
7305 12 7440 0 103 107 11641
7305 35 7441 0 127 43 11642
7305 10 7443 0 150 50 11643
7305 10 7440 0 151 24 11644
7305 3 7440 0 102 30 11645
7305 3 7439 0 63 134 11646
7305 6 7440 0 103 16 11647
7305 37 7441 0 58 139 11648
7305 35 7441 0 96 33 11649
7305 12 7442 0 95 77 11650
7305 6 7441 0 38 84 11651
7305 9 7441 0 173 61 11652
7305 34 7443 0 155 122 11653
7305 11 7439 0 24 195 11654
7305 42 7439 0 102 140 11655
7313 56 10000 1 162 60 11656
7320 32 7456 0 173 171 11657
7320 25 7457 0 102 140 11658
7320 10 7455 0 16 120 11659
7320 14 7456 0 107 31 11660
7320 3 7457 0 38 84 11661
7320 10 7457 0 7 180 11662
7320 30 7453 0 138 26 11663
7320 23 7454 0 114 44 11664
7320 5 7454 0 102 30 11665
7320 16 7454 0 128 55 11666
7320 6 7456 0 6 88 11667
7320 9 7456 0 145 55 11668
7320 5 7454 0 182 28 11669
7320 25 7458 0 141 34 11670
7320 3 7457 0 86 23 11671
7320 6 7455 0 67 20 11672
7320 35 7456 0 127 43 11673
7320 21 7455 0 113 48 11674
7320 6 7456 0 164 71 11675
7320 38 7455 0 66 134 11676
7320 10 7457 0 112 57 11677
7320 12 7456 0 23 55 11678
7320 12 7455 0 99 17 11679
7320 4 7456 0 138 23 11680
7320 17 7456 0 180 72 11681
7320 9 7453 0 125 90 11682
7320 11 7456 0 63 113 11683
7320 35 7456 0 33 177 11684
7330 47 10000 1 182 28 11685
7335 18 7472 0 107 31 11686
7335 11 7471 0 103 16 11687
7335 6 7469 0 93 57 11688
7335 18 7471 0 140 11 11689
7335 28 7470 0 102 140 11690
7335 44 7475 0 127 22 11691
7335 5 7470 0 86 23 11692
7335 7 7472 0 128 96 11693
7335 30 7471 0 66 134 11694
7335 13 7470 0 153 145 11695
7335 6 7471 0 91 1 11696
7335 5 7472 0 182 28 11697
7335 40 7471 0 142 143 11698
7335 21 7469 0 128 55 11699
7335 6 7470 0 112 57 11700
7335 10 7470 0 23 55 11701
7335 3 7471 0 110 50 11702
7335 18 7471 0 99 9 11703
7335 32 7472 0 33 177 11704
7335 21 7470 0 162 25 11705
7335 31 7471 0 127 43 11706
7335 17 7470 0 114 44 11707
7335 18 7471 0 113 48 11708
7335 10 7469 0 50 121 11709
7336 69 10000 1 86 23 11710
7350 15 7488 0 107 31 11711
7350 18 7488 0 139 9 11712
7350 12 7485 0 164 71 11713
7350 7 7488 0 95 1 11714
7350 25 7485 0 99 9 11715
7350 6 7485 0 145 55 11716
7350 13 7488 0 103 107 11717
7350 43 7487 0 127 43 11718
7350 39 7487 0 33 177 11719
7350 14 7486 0 141 34 11720
7350 3 7485 0 179 177 11721
7350 6 7486 0 175 92 11722
7350 31 7486 0 96 33 11723
7350 12 7486 0 103 16 11724
7350 20 7485 0 140 11 11725
7350 40 7487 0 22 41 11726
7350 12 7485 0 128 96 11727
7350 10 7485 0 112 57 11728
7350 4 7485 0 110 50 11729
7350 36 7486 0 146 159 11730
7350 26 7486 0 173 171 11731
7350 22 7486 0 128 55 11732
7362 35 10000 1 105 143 11733
7365 4 7502 0 179 177 11734
7365 12 7502 0 112 57 11735
7365 7 7501 0 16 120 11736
7365 14 7499 0 140 11 11737
7365 16 7501 0 86 1 11738
7365 9 7500 0 151 24 11739
7365 45 7502 0 138 26 11740
7365 25 7503 0 114 44 11741
7365 21 7501 0 141 34 11742
7365 13 7500 0 13 75 11743
7365 25 7501 0 99 9 11744
7365 44 7501 0 102 140 11745
7365 40 7500 0 72 131 11746
7365 16 7501 0 99 17 11747
7365 20 7499 0 107 31 11748
7365 28 7501 0 142 143 11749
7365 5 7503 0 102 30 11750
7365 17 7500 0 139 9 11751
7365 5 7501 0 124 15 11752
7365 13 7503 0 180 72 11753
7365 19 7501 0 128 55 11754
7365 6 7500 0 108 36 11755
7365 13 7502 0 46 130 11756
7372 150 10000 1 186 125 11757
7380 8 7517 0 173 61 11758
7380 21 7519 0 140 11 11759
7380 12 7513 0 147 18 11760
7380 18 7514 0 146 119 11761
7380 6 7516 0 108 36 11762
7380 28 7515 0 66 134 11763
7380 4 7517 0 110 50 11764
7380 7 7515 0 50 121 11765
7380 23 7513 0 107 31 11766
7380 6 7516 0 67 20 11767
7380 5 7515 0 182 28 11768
7380 3 7516 0 155 52 11769
7380 23 7515 0 99 17 11770
7380 3 7516 0 102 30 11771
7380 28 7515 0 102 140 11772
7380 12 7515 0 7 180 11773
7380 14 7518 0 128 55 11774
7380 7 7515 0 24 195 11775
7380 5 7517 0 138 23 11776
7380 6 7514 0 124 15 11777
7380 34 7513 0 148 23 11778
7380 33 7517 0 138 26 11779
7380 29 7515 0 127 22 11780
7380 12 7516 0 162 60 11781
7380 34 7517 0 33 177 11782
7380 35 7516 0 2 33 11783
7395 37 7533 0 58 139 11784
7395 10 7531 0 95 77 11785
7395 11 7530 0 173 61 11786
7395 11 7531 0 150 50 11787
7395 11 7529 0 16 120 11788
7395 28 7529 0 22 41 11789
7395 13 7532 0 141 34 11790
7395 23 7533 0 64 182 11791
7395 16 7533 0 24 183 11792
7395 19 7530 0 140 11 11793
7395 9 7531 0 112 57 11794
7395 5 7533 0 67 20 11795
7395 13 7529 0 99 17 11796
7395 3 7531 0 86 23 11797
7395 4 7531 0 124 15 11798
7395 19 7532 0 162 25 11799
7395 17 7530 0 107 31 11800
7395 7 7529 0 128 96 11801
7395 10 7532 0 7 180 11802
7395 19 7531 0 180 72 11803
7395 29 7534 0 155 122 11804
7395 4 7532 0 93 57 11805
7395 6 7530 0 103 16 11806
7395 36 7529 0 148 23 11807
7395 30 7531 0 46 189 11808
7395 14 7530 0 147 18 11809
7409 70 10000 1 15 186 11810
7410 13 7544 0 147 18 11811
7410 20 7545 0 24 183 11812
7410 7 7545 0 23 55 11813
7410 8 7544 0 112 57 11814
7410 18 7545 0 152 41 11815
7410 10 7544 0 150 50 11816
7410 10 7546 0 24 195 11817
7410 22 7546 0 162 25 11818
7410 17 7547 0 99 17 11819
7410 15 7548 0 107 31 11820
7410 35 7547 0 58 139 11821
7410 7 7547 0 151 24 11822
7410 18 7548 0 153 145 11823
7410 25 7544 0 113 48 11824
7410 29 7546 0 46 189 11825
7410 15 7544 0 99 9 11826
7410 3 7545 0 138 23 11827
7410 43 7545 0 96 33 11828
7410 42 7545 0 127 43 11829
7413 108 10000 1 33 177 11830
7421 168 10000 1 125 90 11831
7425 10 7562 0 108 36 11832
7425 5 7560 0 124 15 11833
7425 22 7561 0 24 183 11834
7425 17 7561 0 147 18 11835
7425 12 7560 0 146 119 11836
7425 20 7561 0 86 1 11837
7425 24 7561 0 99 9 11838
7425 21 7561 0 113 48 11839
7425 36 7562 0 22 41 11840
7425 14 7560 0 46 130 11841
7425 6 7560 0 182 28 11842
7425 7 7563 0 24 195 11843
7425 42 7562 0 173 171 11844
7425 14 7558 0 99 17 11845
7425 4 7561 0 6 88 11846
7425 14 7564 0 139 9 11847
7425 26 7561 0 127 43 11848
7425 8 7562 0 103 16 11849
7425 4 7563 0 102 30 11850
7425 6 7558 0 7 180 11851
7425 30 7561 0 148 23 11852
7425 4 7559 0 138 23 11853
7425 5 7559 0 67 20 11854
7425 20 7561 0 140 11 11855
7425 15 7561 0 107 31 11856
7425 13 7562 0 153 145 11857
7425 9 7563 0 173 61 11858
7425 4 7559 0 175 92 11859
7425 9 7560 0 16 120 11860
7440 25 7576 0 148 23 11861
7440 25 7577 0 139 9 11862
7440 27 7574 0 72 131 11863
7440 14 7577 0 99 17 11864
7440 25 7575 0 141 34 11865
7440 3 7576 0 93 57 11866
7440 3 7576 0 182 28 11867
7440 12 7575 0 103 16 11868
7440 16 7578 0 99 9 11869
7440 6 7575 0 124 15 11870
7440 20 7573 0 64 182 11871
7440 22 7578 0 180 72 11872
7440 35 7575 0 127 22 11873
7440 42 7575 0 155 122 11874
7440 10 7579 0 145 55 11875
7440 36 7575 0 102 140 11876
7440 19 7575 0 140 11 11877
7440 11 7576 0 173 61 11878
7440 5 7577 0 138 23 11879
7440 17 7576 0 114 44 11880
7440 16 7576 0 161 44 11881
7440 5 7576 0 110 50 11882
7440 23 7576 0 86 1 11883
7440 23 7575 0 113 48 11884
7440 21 7576 0 107 31 11885
7440 5 7577 0 83 108 11886
7440 8 7577 0 112 57 11887
7440 9 7577 0 91 1 11888
7445 196 10000 1 50 121 11889
7452 58 10000 1 150 50 11890
7453 31 10000 1 175 92 11891
7455 9 7592 0 173 61 11892
7455 32 7589 0 127 22 11893
7455 4 7591 0 138 23 11894
7455 36 7590 0 102 140 11895
7455 19 7592 0 128 55 11896
7455 39 7592 0 2 33 11897
7455 32 7590 0 96 33 11898
7455 4 7590 0 179 177 11899
7455 44 7592 0 33 177 11900
7455 12 7593 0 125 90 11901
7455 20 7590 0 146 119 11902
7455 7 7592 0 108 36 11903
7455 14 7591 0 152 41 11904
7455 12 7591 0 103 16 11905
7455 12 7592 0 23 55 11906
7455 20 7589 0 139 9 11907
7455 23 7589 0 46 130 11908
7455 16 7591 0 99 9 11909
7455 24 7591 0 113 48 11910
7455 4 7589 0 102 30 11911
7455 24 7590 0 141 34 11912
7455 5 7588 0 110 50 11913
7455 23 7590 0 99 17 11914
7455 43 7591 0 173 171 11915
7457 79 10000 1 63 134 11916
7457 68 10000 1 72 131 11917
7469 50 10000 1 93 57 11918
7470 16 7606 0 141 34 11919
7470 7 7605 0 145 55 11920
7470 37 7605 0 72 131 11921
7470 10 7609 0 112 57 11922
7470 18 7605 0 128 55 11923
7470 5 7607 0 124 15 11924
7470 4 7605 0 83 108 11925
7470 44 7605 0 127 43 11926
7470 10 7604 0 125 90 11927
7470 21 7607 0 113 48 11928
7470 6 7605 0 24 195 11929
7470 6 7604 0 50 121 11930
7470 12 7607 0 108 36 11931
7470 15 7606 0 161 44 11932
7470 17 7606 0 64 182 11933
7470 34 7606 0 58 139 11934
7470 3 7607 0 67 20 11935
7470 42 7607 0 138 26 11936
7470 20 7604 0 147 18 11937
7470 30 7605 0 127 22 11938
7470 17 7607 0 143 170 11939
7470 32 7606 0 96 33 11940
7470 12 7604 0 173 61 11941
7470 41 7607 0 148 23 11942
7485 23 7622 0 86 1 11943
7485 32 7623 0 155 122 11944
7485 6 7622 0 164 71 11945
7485 3 7621 0 179 177 11946
7485 23 7623 0 108 65 11947
7485 4 7620 0 138 23 11948
7485 5 7621 0 124 15 11949
7485 9 7621 0 63 113 11950
7485 17 7621 0 128 55 11951
7485 7 7620 0 23 55 11952
7485 17 7619 0 107 31 11953
7485 18 7623 0 99 9 11954
7485 18 7622 0 152 41 11955
7485 20 7621 0 99 17 11956
7485 18 7619 0 139 9 11957
7485 9 7623 0 128 96 11958
7485 11 7620 0 95 77 11959
7485 6 7621 0 155 52 11960
7485 6 7622 0 83 108 11961
7485 29 7622 0 22 41 11962
7485 4 7619 0 38 84 11963
7485 6 7620 0 91 1 11964
7500 10 7634 0 24 195 11965
7500 14 7637 0 107 31 11966
7500 25 7637 0 153 145 11967
7500 14 7633 0 114 44 11968
7500 4 7638 0 15 186 11969
7500 22 7636 0 103 107 11970
7500 21 7637 0 24 183 11971
7500 8 7635 0 108 36 11972
7500 32 7634 0 72 131 11973
7500 23 7637 0 13 75 11974
7500 19 7637 0 143 170 11975
7500 43 7636 0 127 43 11976
7500 8 7637 0 112 57 11977
7500 21 7636 0 105 143 11978
7500 5 7637 0 102 30 11979
7500 7 7639 0 103 16 11980
7500 5 7636 0 83 108 11981
7500 6 7636 0 124 15 11982
7500 7 7636 0 125 90 11983
7500 5 7636 0 138 23 11984
7515 40 7649 0 138 26 11985
7515 15 7651 0 128 55 11986
7515 14 7652 0 152 41 11987
7515 16 7647 0 99 9 11988
7515 12 7652 0 63 113 11989
7515 12 7653 0 173 61 11990
7515 19 7650 0 86 1 11991
7515 16 7652 0 140 11 11992
7515 29 7650 0 66 134 11993
7515 28 7649 0 127 22 11994
7515 12 7649 0 64 182 11995
7515 16 7650 0 114 44 11996
7515 3 7651 0 124 15 11997
7515 8 7651 0 23 55 11998
7515 22 7651 0 139 9 11999
7515 21 7652 0 147 18 12000
7515 17 7650 0 46 130 12001
7515 6 7651 0 175 92 12002
7515 10 7652 0 112 57 12003
7515 4 7650 0 83 108 12004
7515 3 7651 0 155 52 12005
7515 38 7651 0 96 33 12006
7515 5 7650 0 138 23 12007
7515 31 7651 0 102 140 12008
7519 58 10000 1 178 113 12009
7521 196 10000 1 182 28 12010
7530 3 7666 0 110 50 12011
7530 12 7666 0 99 17 12012
7530 6 7665 0 108 36 12013
7530 4 7666 0 182 28 12014
7530 41 7665 0 96 33 12015
7530 21 7666 0 152 41 12016
7530 10 7666 0 23 55 12017
7530 13 7669 0 139 9 12018
7530 22 7667 0 162 25 12019
7530 9 7664 0 112 57 12020
7530 40 7665 0 2 33 12021
7530 7 7668 0 162 60 12022
7530 6 7667 0 38 84 12023
7530 6 7666 0 173 61 12024
7530 25 7668 0 24 183 12025
7530 25 7667 0 161 44 12026
7530 30 7666 0 58 139 12027
7530 3 7667 0 93 57 12028
7530 39 7667 0 148 23 12029
7530 4 7666 0 175 92 12030
7530 6 7666 0 178 113 12031
7545 5 7678 0 110 50 12032
7545 16 7681 0 114 44 12033
7545 14 7684 0 152 41 12034
7545 9 7681 0 112 57 12035
7545 38 7680 0 127 43 12036
7545 41 7680 0 33 177 12037
7545 12 7681 0 139 9 12038
7545 21 7682 0 140 11 12039
7545 25 7680 0 46 130 12040
7545 3 7679 0 178 113 12041
7545 37 7681 0 58 139 12042
7545 6 7680 0 63 113 12043
7545 20 7680 0 146 119 12044
7545 24 7682 0 113 48 12045
7545 25 7680 0 103 107 12046
7545 12 7681 0 107 31 12047
7545 7 7681 0 150 50 12048
7545 12 7681 0 50 121 12049
7545 20 7680 0 128 55 12050
7545 25 7681 0 147 18 12051
7545 6 7682 0 6 88 12052
7545 4 7681 0 38 84 12053
7545 6 7682 0 108 36 12054
7547 110 10000 1 93 57 12055
7551 44 10000 1 46 189 12056
7560 28 7696 0 127 43 12057
7560 13 7697 0 139 9 12058
7560 36 7696 0 33 177 12059
7560 4 7697 0 6 88 12060
7560 3 7696 0 93 57 12061
7560 9 7697 0 125 90 12062
7560 16 7696 0 107 31 12063
7560 22 7696 0 13 75 12064
7560 11 7695 0 112 57 12065
7560 4 7694 0 86 23 12066
7560 4 7697 0 138 23 12067
7560 44 7695 0 148 23 12068
7560 12 7694 0 146 119 12069
7560 6 7693 0 164 71 12070
7560 13 7697 0 140 11 12071
7560 10 7696 0 108 36 12072
7560 33 7698 0 127 22 12073
7560 3 7698 0 102 30 12074
7560 3 7698 0 182 28 12075
7560 6 7696 0 23 55 12076
7560 26 7696 0 138 26 12077
7560 12 7694 0 114 44 12078
7560 14 7697 0 99 17 12079
7575 12 7709 0 103 16 12080
7575 20 7710 0 140 11 12081
7575 8 7712 0 151 24 12082
7575 12 7712 0 95 1 12083
7575 19 7710 0 128 55 12084
7575 3 7712 0 138 23 12085
7575 22 7709 0 99 9 12086
7575 23 7710 0 13 75 12087
7575 9 7711 0 7 180 12088
7575 19 7712 0 99 17 12089
7575 42 7710 0 146 159 12090
7575 25 7712 0 58 139 12091
7575 9 7712 0 23 55 12092
7575 6 7712 0 124 15 12093
7575 15 7711 0 46 130 12094
7575 20 7710 0 152 41 12095
7575 5 7710 0 110 50 12096
7575 27 7711 0 96 33 12097
7575 37 7713 0 33 177 12098
7575 31 7712 0 127 43 12099
7575 44 7711 0 127 22 12100
7590 6 7725 0 38 84 12101
7590 12 7727 0 162 60 12102
7590 25 7725 0 13 75 12103
7590 5 7724 0 124 15 12104
7590 3 7727 0 110 50 12105
7590 13 7728 0 152 41 12106
7590 40 7726 0 102 140 12107
7590 22 7725 0 107 31 12108
7590 4 7726 0 138 23 12109
7590 5 7725 0 155 52 12110
7590 8 7727 0 151 24 12111
7590 22 7728 0 128 55 12112
7590 19 7726 0 108 65 12113
7590 8 7725 0 103 16 12114
7590 29 7725 0 148 23 12115
7590 9 7724 0 63 113 12116
7590 45 7728 0 33 177 12117
7590 45 7726 0 138 26 12118
7590 43 7728 0 96 33 12119
7590 23 7725 0 99 9 12120
7590 12 7726 0 164 71 12121
7590 28 7727 0 127 22 12122
7593 50 10000 1 24 195 12123
7600 51 10000 1 13 75 12124
7605 19 7740 0 153 145 12125
7605 7 7742 0 108 36 12126
7605 29 7740 0 72 131 12127
7605 10 7742 0 63 113 12128
7605 6 7742 0 110 50 12129
7605 12 7740 0 107 31 12130
7605 12 7742 0 146 119 12131
7605 20 7741 0 140 11 12132
7605 3 7741 0 179 177 12133
7605 22 7739 0 99 17 12134
7605 43 7739 0 102 140 12135
7605 31 7741 0 138 26 12136
7605 8 7742 0 164 71 12137
7605 17 7741 0 64 182 12138
7605 4 7740 0 15 186 12139
7605 4 7742 0 138 23 12140
7605 8 7743 0 125 90 12141
7605 37 7740 0 127 43 12142
7605 10 7742 0 91 1 12143
7605 3 7740 0 6 88 12144
7605 8 7741 0 128 96 12145
7605 43 7740 0 46 189 12146
7609 70 10000 1 91 1 12147
7620 25 7755 0 46 130 12148
7620 6 7756 0 145 55 12149
7620 8 7756 0 162 60 12150
7620 6 7757 0 151 24 12151
7620 31 7757 0 33 177 12152
7620 12 7755 0 113 48 12153
7620 11 7756 0 16 120 12154
7620 40 7756 0 46 189 12155
7620 42 7756 0 58 139 12156
7620 40 7753 0 138 26 12157
7620 14 7757 0 108 65 12158
7620 12 7755 0 23 55 12159
7620 24 7758 0 99 9 12160
7620 3 7755 0 138 23 12161
7620 20 7756 0 114 44 12162
7635 11 7772 0 112 57 12163
7635 18 7772 0 107 31 12164
7635 39 7770 0 148 23 12165
7635 19 7770 0 114 44 12166
7635 9 7771 0 103 16 12167
7635 12 7772 0 125 90 12168
7635 7 7773 0 164 71 12169
7635 11 7771 0 95 77 12170
7635 22 7771 0 162 25 12171
7635 22 7772 0 141 34 12172
7635 12 7772 0 99 9 12173
7635 22 7771 0 86 1 12174
7635 15 7771 0 139 9 12175
7635 41 7771 0 127 43 12176
7635 15 7773 0 147 18 12177
7635 6 7772 0 86 23 12178
7635 12 7772 0 140 11 12179
7635 5 7771 0 179 177 12180
7635 32 7774 0 138 26 12181
7649 37 10000 1 125 90 12182
7650 45 7785 0 127 43 12183
7650 44 7786 0 58 139 12184
7650 9 7788 0 112 57 12185
7650 10 7788 0 162 60 12186
7650 31 7788 0 148 23 12187
7650 30 7786 0 33 177 12188
7650 7 7787 0 95 77 12189
7650 5 7784 0 155 52 12190
7650 33 7786 0 96 33 12191
7650 20 7785 0 162 25 12192
7650 17 7786 0 114 44 12193
7650 24 7784 0 46 130 12194
7650 38 7785 0 46 189 12195
7650 7 7785 0 103 16 12196
7650 15 7786 0 152 41 12197
7650 7 7784 0 151 24 12198
7650 6 7785 0 15 186 12199
7650 5 7787 0 93 57 12200
7650 16 7789 0 147 18 12201
7650 14 7787 0 108 65 12202
7650 12 7785 0 99 17 12203
7650 3 7788 0 138 23 12204
7650 25 7786 0 22 41 12205
7650 7 7786 0 145 55 12206
7650 20 7784 0 86 1 12207
7665 8 7802 0 125 90 12208
7665 10 7801 0 112 57 12209
7665 39 7803 0 142 143 12210
7665 39 7802 0 148 23 12211
7665 19 7801 0 114 44 12212
7665 28 7803 0 96 33 12213
7665 32 7801 0 66 134 12214
7665 24 7799 0 128 55 12215
7665 43 7803 0 102 140 12216
7665 11 7803 0 103 16 12217
7665 6 7802 0 102 30 12218
7665 12 7801 0 164 71 12219
7665 3 7802 0 110 50 12220
7665 31 7802 0 173 171 12221
7665 20 7801 0 99 9 12222
7665 36 7801 0 2 33 12223
7665 4 7800 0 138 23 12224
7665 12 7800 0 95 77 12225
7665 8 7800 0 108 36 12226
7665 7 7802 0 95 1 12227
7665 3 7801 0 182 28 12228
7665 25 7801 0 139 9 12229
7665 6 7802 0 83 108 12230
7677 64 10000 1 110 50 12231
7680 5 7816 0 63 134 12232
7680 6 7818 0 102 30 12233
7680 41 7813 0 138 26 12234
7680 9 7813 0 103 16 12235
7680 23 7813 0 86 1 12236
7680 35 7816 0 127 22 12237
7680 25 7815 0 46 189 12238
7680 19 7815 0 141 34 12239
7680 38 7816 0 96 33 12240
7680 25 7818 0 143 170 12241
7680 9 7817 0 128 96 12242
7680 35 7815 0 66 134 12243
7680 20 7817 0 113 48 12244
7680 28 7816 0 155 122 12245
7680 9 7815 0 112 57 12246
7680 6 7817 0 175 92 12247
7680 13 7817 0 99 17 12248
7680 13 7815 0 139 9 12249
7680 33 7817 0 142 143 12250
7680 9 7817 0 16 120 12251
7680 32 7815 0 127 43 12252
7680 30 7815 0 72 131 12253
7680 6 7817 0 95 1 12254
7692 74 10000 1 140 11 12255
7695 21 7832 0 103 107 12256
7695 6 7830 0 16 120 12257
7695 37 7831 0 96 33 12258
7695 19 7830 0 139 9 12259
7695 20 7832 0 128 55 12260
7695 20 7832 0 140 11 12261
7695 21 7832 0 99 17 12262
7695 9 7831 0 128 96 12263
7695 10 7831 0 95 77 12264
7695 14 7829 0 141 34 12265
7695 9 7831 0 151 24 12266
7695 5 7831 0 102 30 12267
7695 17 7831 0 113 48 12268
7695 4 7829 0 110 50 12269
7695 32 7831 0 127 22 12270
7695 21 7831 0 108 65 12271
7695 17 7829 0 147 18 12272
7695 3 7831 0 83 108 12273
7695 18 7830 0 13 75 12274
7695 3 7831 0 138 23 12275
7695 6 7829 0 182 28 12276
7695 5 7832 0 38 84 12277
7695 45 7830 0 148 23 12278
7695 19 7831 0 107 31 12279
7695 22 7830 0 114 44 12280
7695 23 7830 0 161 44 12281
7695 5 7831 0 124 15 12282
7708 52 10000 1 86 1 12283
7710 19 7846 0 139 9 12284
7710 4 7846 0 124 15 12285
7710 35 7845 0 72 131 12286
7710 9 7846 0 128 96 12287
7710 10 7843 0 95 77 12288
7710 4 7845 0 110 50 12289
7710 17 7845 0 140 11 12290
7710 4 7846 0 182 28 12291
7710 11 7847 0 112 57 12292
7710 18 7844 0 99 17 12293
7710 22 7847 0 64 182 12294
7710 5 7845 0 155 52 12295
7710 5 7847 0 179 177 12296
7710 14 7847 0 128 55 12297
7710 21 7847 0 113 48 12298
7710 3 7844 0 138 23 12299
7710 5 7846 0 102 30 12300
7710 18 7848 0 147 18 12301
7710 28 7846 0 148 23 12302
7710 28 7848 0 155 122 12303
7710 25 7847 0 86 1 12304
7710 45 7848 0 127 22 12305
7710 12 7846 0 103 16 12306
7710 21 7845 0 141 34 12307
7710 44 7846 0 2 33 12308
7716 80 10000 1 142 143 12309
7725 18 7858 0 114 44 12310
7725 6 7861 0 155 52 12311
7725 41 7862 0 2 33 12312
7725 28 7860 0 142 143 12313
7725 3 7861 0 179 177 12314
7725 8 7862 0 112 57 12315
7725 6 7861 0 63 134 12316
7725 23 7862 0 141 34 12317
7725 7 7860 0 16 120 12318
7725 12 7863 0 128 55 12319
7725 15 7861 0 140 11 12320
7725 31 7860 0 138 26 12321
7725 11 7862 0 128 96 12322
7725 27 7860 0 127 22 12323
7725 3 7859 0 124 15 12324
7725 24 7859 0 161 44 12325
7725 26 7860 0 148 23 12326
7725 14 7861 0 147 18 12327
7725 44 7860 0 96 33 12328
7725 17 7860 0 180 72 12329
7725 22 7860 0 139 9 12330
7725 16 7860 0 186 125 12331
7725 11 7860 0 150 50 12332
7725 23 7862 0 64 182 12333
7725 10 7861 0 7 180 12334
7725 5 7863 0 178 113 12335
7725 3 7861 0 175 92 12336
7725 22 7861 0 99 17 12337
7730 63 10000 1 58 139 12338
7740 24 7874 0 180 72 12339
7740 20 7875 0 140 11 12340
7740 18 7877 0 139 9 12341
7740 34 7877 0 138 26 12342
7740 7 7877 0 151 24 12343
7740 9 7874 0 112 57 12344
7740 10 7874 0 128 96 12345
7740 10 7874 0 95 77 12346
7740 33 7875 0 22 41 12347
7740 3 7873 0 15 186 12348
7740 12 7878 0 113 48 12349
7740 40 7876 0 102 140 12350
7740 7 7876 0 103 16 12351
7740 25 7876 0 141 34 12352
7740 3 7875 0 102 30 12353
7740 3 7874 0 138 23 12354
7740 17 7875 0 105 143 12355
7740 42 7877 0 96 33 12356
7740 29 7876 0 173 171 12357
7740 21 7875 0 153 145 12358
7740 45 7874 0 72 131 12359
7740 4 7876 0 124 15 12360
7741 53 10000 1 146 119 12361
7755 10 7891 0 24 195 12362
7755 15 7890 0 99 17 12363
7755 24 7892 0 147 18 12364
7755 8 7889 0 95 1 12365
7755 16 7891 0 108 65 12366
7755 17 7891 0 105 143 12367
7755 37 7891 0 155 122 12368
7755 4 7891 0 155 52 12369
7755 12 7890 0 186 125 12370
7755 6 7892 0 138 23 12371
7755 6 7893 0 175 92 12372
7755 11 7890 0 151 24 12373
7755 7 7889 0 16 120 12374
7755 10 7891 0 7 180 12375
7755 12 7890 0 146 119 12376
7755 8 7892 0 125 90 12377
7755 13 7891 0 99 9 12378
7755 8 7891 0 23 55 12379
7755 37 7892 0 127 22 12380
7755 8 7891 0 108 36 12381
7755 10 7889 0 103 16 12382
7755 4 7890 0 102 30 12383
7755 16 7890 0 143 170 12384
7755 44 7890 0 142 143 12385
7755 24 7893 0 113 48 12386
7755 28 7891 0 148 23 12387
7755 14 7892 0 107 31 12388
7755 25 7890 0 128 55 12389
7755 16 7891 0 46 130 12390
7755 25 7888 0 102 140 12391
7770 18 7906 0 128 55 12392
7770 42 7908 0 33 177 12393
7770 10 7905 0 164 71 12394
7770 20 7907 0 146 119 12395
7770 3 7906 0 86 23 12396
7770 12 7905 0 162 25 12397
7770 8 7905 0 112 57 12398
7770 43 7906 0 127 43 12399
7770 4 7907 0 102 30 12400
7770 5 7903 0 178 113 12401
7770 24 7907 0 114 44 12402
7770 9 7906 0 91 1 12403
7770 36 7904 0 96 33 12404
7770 24 7907 0 152 41 12405
7770 5 7904 0 110 50 12406
7770 7 7906 0 103 16 12407
7770 17 7905 0 86 1 12408
7770 6 7907 0 150 50 12409
7770 18 7906 0 161 44 12410
7770 26 7905 0 72 131 12411
7770 12 7903 0 95 77 12412
7770 42 7908 0 142 143 12413
7770 14 7908 0 141 34 12414
7770 8 7906 0 23 55 12415
7774 55 10000 1 143 170 12416
7785 3 7920 0 83 108 12417
7785 10 7921 0 150 50 12418
7785 3 7923 0 138 23 12419
7785 26 7924 0 155 122 12420
7785 10 7919 0 103 16 12421
7785 41 7922 0 72 131 12422
7785 12 7920 0 95 1 12423
7785 4 7922 0 102 30 12424
7785 19 7922 0 141 34 12425
7785 15 7921 0 139 9 12426
7785 32 7920 0 127 43 12427
7785 7 7922 0 112 57 12428
7785 34 7921 0 127 22 12429
7785 30 7921 0 142 143 12430
7785 31 7919 0 96 33 12431
7785 6 7921 0 124 15 12432
7785 8 7921 0 151 24 12433
7785 37 7922 0 58 139 12434
7785 23 7921 0 99 9 12435
7785 23 7922 0 180 72 12436
7785 11 7918 0 108 36 12437
7785 14 7921 0 105 143 12438
7785 12 7920 0 140 11 12439
7785 45 7922 0 22 41 12440
7785 22 7920 0 24 183 12441
7800 45 7935 0 22 41 12442
7800 13 7936 0 64 182 12443
7800 45 7935 0 58 139 12444
7800 25 7934 0 138 26 12445
7800 7 7934 0 103 16 12446
7800 23 7937 0 139 9 12447
7800 25 7936 0 108 65 12448
7800 9 7937 0 50 121 12449
7800 16 7934 0 113 48 12450
7800 5 7937 0 6 88 12451
7800 20 7934 0 99 17 12452
7800 27 7939 0 72 131 12453
7800 14 7936 0 107 31 12454
7800 15 7937 0 153 145 12455
7800 12 7936 0 99 9 12456
7800 15 7935 0 147 18 12457
7800 11 7940 0 7 180 12458
7800 4 7938 0 67 20 12459
7800 14 7935 0 186 125 12460
7800 15 7938 0 128 55 12461
7815 8 7949 0 112 57 12462
7815 5 7950 0 86 23 12463
7815 12 7950 0 125 90 12464
7815 14 7951 0 107 31 12465
7815 9 7950 0 108 36 12466
7815 5 7951 0 179 177 12467
7815 6 7953 0 16 120 12468
7815 10 7951 0 162 60 12469
7815 37 7950 0 127 43 12470
7815 43 7950 0 33 177 12471
7815 9 7952 0 145 55 12472
7815 24 7952 0 13 75 12473
7815 14 7954 0 153 145 12474
7815 12 7950 0 64 182 12475
7815 39 7951 0 66 134 12476
7815 10 7950 0 95 1 12477
7815 7 7950 0 95 77 12478
7815 6 7953 0 155 52 12479
7815 5 7951 0 138 23 12480
7815 25 7950 0 103 107 12481
7820 73 10000 1 161 44 12482
7823 38 10000 1 186 125 12483
7830 9 7967 0 112 57 12484
7830 6 7967 0 7 180 12485
7830 27 7966 0 127 22 12486
7830 5 7966 0 124 15 12487
7830 16 7965 0 24 183 12488
7830 18 7968 0 153 145 12489
7830 22 7964 0 99 9 12490
7830 25 7964 0 107 31 12491
7830 20 7967 0 141 34 12492
7830 6 7966 0 150 50 12493
7830 19 7965 0 162 25 12494
7830 25 7965 0 139 9 12495
7830 19 7967 0 128 55 12496
7830 6 7965 0 102 30 12497
7830 19 7964 0 99 17 12498
7830 6 7966 0 15 186 12499
7830 14 7965 0 64 182 12500
7830 5 7967 0 179 177 12501
7830 7 7965 0 108 36 12502
7830 12 7967 0 16 120 12503
7830 6 7967 0 63 134 12504
7830 3 7966 0 110 50 12505
7830 4 7965 0 155 52 12506
7830 43 7966 0 96 33 12507
7845 12 7983 0 147 18 12508
7845 19 7980 0 146 119 12509
7845 10 7982 0 162 60 12510
7845 21 7980 0 64 182 12511
7845 22 7981 0 128 55 12512
7845 24 7980 0 141 34 12513
7845 13 7982 0 99 17 12514
7845 22 7980 0 161 44 12515
7845 7 7979 0 16 120 12516
7845 16 7982 0 139 9 12517
7845 15 7980 0 113 48 12518
7845 6 7980 0 102 30 12519
7845 5 7981 0 110 50 12520
7845 5 7981 0 178 113 12521
7845 10 7980 0 103 16 12522
7845 6 7982 0 138 23 12523
7845 20 7981 0 46 130 12524
7845 20 7981 0 99 9 12525
7845 4 7981 0 83 108 12526
7854 64 10000 1 102 140 12527
7860 5 7997 0 6 88 12528
7860 7 7996 0 173 61 12529
7860 6 7997 0 178 113 12530
7860 13 7996 0 107 31 12531
7860 24 7996 0 99 17 12532
7860 22 7998 0 64 182 12533
7860 18 7997 0 99 9 12534
7860 44 7996 0 72 131 12535
7860 42 7997 0 127 43 12536
7860 9 7996 0 150 50 12537
7860 13 7994 0 103 107 12538
7860 15 7997 0 114 44 12539
7860 32 7996 0 173 171 12540
7860 12 7996 0 128 55 12541
7860 44 7996 0 148 23 12542
7860 18 7997 0 13 75 12543
7860 34 7996 0 155 122 12544
7860 23 7998 0 86 1 12545
7860 4 7994 0 102 30 12546
7860 4 7997 0 63 134 12547
7860 5 7996 0 83 108 12548
7860 21 7996 0 162 25 12549
7860 19 7998 0 139 9 12550
7860 6 7998 0 103 16 12551
7860 6 7996 0 86 23 12552
7860 9 7995 0 112 57 12553
7860 16 7995 0 141 34 12554
7860 24 7996 0 186 125 12555
7860 21 7993 0 147 18 12556
7874 40 10000 1 108 36 12557
7875 21 8010 0 107 31 12558
7875 7 8009 0 162 60 12559
7875 12 8009 0 50 121 12560
7875 8 8010 0 108 36 12561
7875 6 8012 0 6 88 12562
7875 13 8012 0 64 182 12563
7875 6 8009 0 125 90 12564
7875 31 8010 0 148 23 12565
7875 23 8012 0 114 44 12566
7875 38 8012 0 46 189 12567
7875 24 8012 0 141 34 12568
7875 6 8010 0 112 57 12569
7875 15 8011 0 99 17 12570
7875 4 8010 0 124 15 12571
7875 17 8010 0 153 145 12572
7875 15 8012 0 140 11 12573
7875 10 8009 0 150 50 12574
7875 17 8010 0 162 25 12575
7875 6 8011 0 138 23 12576
7875 4 8012 0 110 50 12577
7875 5 8011 0 182 28 12578
7890 23 8025 0 107 31 12579
7890 13 8026 0 113 48 12580
7890 6 8029 0 179 177 12581
7890 18 8025 0 143 170 12582
7890 6 8026 0 63 113 12583
7890 29 8026 0 155 122 12584
7890 3 8026 0 175 92 12585
7890 4 8027 0 138 23 12586
7890 40 8026 0 127 43 12587
7890 6 8027 0 164 71 12588
7890 17 8025 0 128 55 12589
7890 10 8025 0 95 77 12590
7890 25 8026 0 99 17 12591
7890 30 8026 0 46 189 12592
7890 3 8026 0 110 50 12593
7890 8 8025 0 103 16 12594
7890 9 8026 0 112 57 12595
7890 35 8026 0 2 33 12596
7890 40 8027 0 148 23 12597
7890 24 8027 0 99 9 12598
7890 17 8026 0 147 18 12599
7890 45 8026 0 138 26 12600
7890 25 8025 0 127 22 12601
7896 61 10000 1 63 113 12602
7905 11 8040 0 91 1 12603
7905 6 8041 0 124 15 12604
7905 6 8041 0 102 30 12605
7905 13 8041 0 99 17 12606
7905 22 8041 0 140 11 12607
7905 31 8041 0 127 43 12608
7905 34 8040 0 102 140 12609
7905 18 8041 0 128 55 12610
7905 6 8039 0 175 92 12611
7905 42 8040 0 66 134 12612
7905 27 8040 0 148 23 12613
7905 25 8042 0 138 26 12614
7905 18 8042 0 162 25 12615
7905 6 8041 0 110 50 12616
7905 12 8041 0 112 57 12617
7905 17 8039 0 186 125 12618
7905 25 8042 0 127 22 12619
7905 8 8044 0 95 77 12620
7905 18 8041 0 99 9 12621
7905 4 8041 0 138 23 12622
7905 17 8040 0 46 130 12623
7920 4 8053 0 124 15 12624
7920 3 8059 0 175 92 12625
7920 24 8056 0 139 9 12626
7920 12 8055 0 24 183 12627
7920 9 8057 0 63 113 12628
7920 40 8054 0 138 26 12629
7920 15 8058 0 147 18 12630
7920 38 8056 0 148 23 12631
7920 10 8057 0 24 195 12632
7920 32 8058 0 127 43 12633
7920 32 8057 0 96 33 12634
7920 8 8057 0 95 1 12635
7920 5 8056 0 102 30 12636
7920 5 8057 0 63 134 12637
7920 21 8056 0 107 31 12638
7920 10 8055 0 50 121 12639
7920 22 8056 0 128 55 12640
7935 39 8071 0 142 143 12641
7935 4 8073 0 15 186 12642
7935 5 8072 0 38 84 12643
7935 42 8070 0 138 26 12644
7935 21 8070 0 99 17 12645
7935 3 8070 0 179 177 12646
7935 19 8071 0 186 125 12647
7935 25 8069 0 127 22 12648
7935 11 8070 0 128 96 12649
7935 14 8071 0 128 55 12650
7935 31 8069 0 148 23 12651
7935 6 8072 0 182 28 12652
7935 8 8071 0 103 16 12653
7935 32 8069 0 58 139 12654
7935 4 8072 0 155 52 12655
7935 16 8072 0 113 48 12656
7935 14 8070 0 143 170 12657
7935 6 8073 0 138 23 12658
7935 23 8069 0 147 18 12659
7935 21 8071 0 99 9 12660
7935 4 8072 0 124 15 12661
7937 121 10000 1 108 36 12662
7950 17 8085 0 153 145 12663
7950 21 8086 0 141 34 12664
7950 3 8085 0 83 108 12665
7950 25 8084 0 139 9 12666
7950 11 8086 0 91 1 12667
7950 16 8086 0 114 44 12668
7950 20 8087 0 147 18 12669
7950 5 8085 0 124 15 12670
7950 17 8087 0 99 9 12671
7950 6 8085 0 178 113 12672
7950 25 8084 0 103 107 12673
7950 16 8087 0 99 17 12674
7950 17 8088 0 143 170 12675
7950 4 8085 0 102 30 12676
7950 6 8084 0 110 50 12677
7950 7 8085 0 103 16 12678
7950 9 8085 0 50 121 12679
7950 3 8084 0 182 28 12680
7950 21 8084 0 180 72 12681
7950 30 8085 0 148 23 12682
7950 10 8088 0 164 71 12683
7950 9 8088 0 112 57 12684
7950 24 8086 0 46 130 12685
7950 3 8086 0 15 186 12686
7965 8 8099 0 95 1 12687
7965 3 8101 0 138 23 12688
7965 16 8100 0 147 18 12689
7965 18 8101 0 186 125 12690
7965 18 8100 0 105 143 12691
7965 15 8100 0 128 55 12692
7965 14 8100 0 140 11 12693
7965 18 8102 0 107 31 12694
7965 8 8102 0 50 121 12695
7965 23 8100 0 108 65 12696
7965 6 8103 0 86 23 12697
7965 8 8101 0 145 55 12698
7965 21 8101 0 86 1 12699
7965 15 8102 0 46 130 12700
7965 10 8100 0 112 57 12701
7965 3 8102 0 182 28 12702
7965 5 8104 0 38 84 12703
7965 26 8102 0 2 33 12704
7965 43 8100 0 148 23 12705
7965 12 8103 0 152 41 12706
7965 25 8102 0 66 134 12707
7965 6 8100 0 16 120 12708
7965 44 8102 0 127 43 12709
7965 3 8099 0 102 30 12710
7965 3 8099 0 67 20 12711
7965 5 8102 0 83 108 12712
7965 16 8099 0 99 9 12713
7965 3 8103 0 179 177 12714
7965 11 8098 0 103 16 12715
7965 34 8102 0 58 139 12716
7975 58 10000 1 179 177 12717
7980 4 8117 0 110 50 12718
7980 24 8116 0 186 125 12719
7980 27 8118 0 46 189 12720
7980 11 8117 0 24 195 12721
7980 25 8116 0 107 31 12722
7980 11 8115 0 151 24 12723
7980 13 8115 0 99 17 12724
7980 3 8116 0 124 15 12725
7980 12 8116 0 103 16 12726
7980 7 8117 0 164 71 12727
7980 6 8116 0 178 113 12728
7980 18 8118 0 114 44 12729
7980 5 8116 0 6 88 12730
7980 17 8112 0 139 9 12731
7980 12 8117 0 143 170 12732
7980 5 8118 0 138 23 12733
7980 6 8117 0 16 120 12734
7980 4 8116 0 182 28 12735
7980 24 8117 0 140 11 12736
7995 4 8129 0 67 20 12737
7995 26 8129 0 138 26 12738
7995 14 8132 0 13 75 12739
7995 17 8131 0 139 9 12740
7995 28 8130 0 102 140 12741
7995 8 8130 0 16 120 12742
7995 25 8132 0 141 34 12743
7995 7 8130 0 7 180 12744
7995 12 8132 0 125 90 12745
7995 43 8130 0 66 134 12746
7995 12 8132 0 99 9 12747
7995 12 8130 0 150 50 12748
7995 6 8130 0 110 50 12749
7995 7 8132 0 23 55 12750
7995 10 8131 0 91 1 12751
7995 21 8131 0 140 11 12752
7995 9 8131 0 112 57 12753
7995 10 8132 0 95 77 12754
7995 19 8130 0 99 17 12755
7995 37 8132 0 96 33 12756
7995 25 8131 0 180 72 12757
7995 6 8131 0 128 96 12758
7995 4 8129 0 124 15 12759
8010 3 8146 0 93 57 12760
8010 12 8143 0 23 55 12761
8010 5 8146 0 83 108 12762
8010 40 8148 0 102 140 12763
8010 25 8145 0 141 34 12764
8010 17 8146 0 139 9 12765
8010 6 8145 0 124 15 12766
8010 18 8145 0 46 130 12767
8010 20 8149 0 99 9 12768
8010 31 8147 0 138 26 12769
8010 9 8147 0 151 24 12770
8010 36 8146 0 22 41 12771
8010 7 8148 0 112 57 12772
8010 15 8148 0 86 1 12773
8010 7 8147 0 145 55 12774
8010 4 8146 0 182 28 12775
8010 23 8145 0 161 44 12776
8010 5 8148 0 102 30 12777
8010 16 8147 0 107 31 12778
8010 4 8146 0 110 50 12779
8025 9 8161 0 164 71 12780
8025 6 8161 0 95 1 12781
8025 19 8162 0 140 11 12782
8025 3 8158 0 102 30 12783
8025 33 8160 0 33 177 12784
8025 20 8160 0 143 170 12785
8025 6 8162 0 67 20 12786
8025 20 8161 0 114 44 12787
8025 38 8162 0 127 43 12788
8025 4 8161 0 124 15 12789
8025 25 8161 0 103 107 12790
8025 25 8162 0 105 143 12791
8025 5 8161 0 179 177 12792
8025 22 8162 0 99 9 12793
8025 4 8164 0 6 88 12794
8025 15 8162 0 107 31 12795
8025 20 8163 0 139 9 12796
8025 25 8161 0 128 55 12797
8025 9 8163 0 91 1 12798
8025 9 8162 0 128 96 12799
8025 39 8162 0 58 139 12800
8025 43 8160 0 96 33 12801
8025 23 8160 0 113 48 12802
8040 3 8177 0 63 134 12803
8040 9 8178 0 63 113 12804
8040 21 8175 0 140 11 12805
8040 5 8177 0 138 23 12806
8040 19 8176 0 24 183 12807
8040 17 8176 0 114 44 12808
8040 7 8177 0 103 16 12809
8040 26 8177 0 148 23 12810
8040 13 8177 0 107 31 12811
8040 36 8174 0 72 131 12812
8040 6 8175 0 124 15 12813
8040 6 8178 0 83 108 12814
8040 14 8178 0 103 107 12815
8040 13 8175 0 13 75 12816
8040 32 8174 0 127 43 12817
8040 23 8176 0 113 48 12818
8040 4 8174 0 6 88 12819
8055 12 8192 0 128 96 12820
8055 37 8192 0 96 33 12821
8055 28 8192 0 127 22 12822
8055 7 8191 0 24 195 12823
8055 25 8191 0 99 9 12824
8055 4 8192 0 124 15 12825
8055 26 8191 0 102 140 12826
8055 20 8190 0 140 11 12827
8055 33 8191 0 148 23 12828
8055 5 8190 0 182 28 12829
8055 7 8190 0 108 36 12830
8055 22 8190 0 162 25 12831
8055 12 8192 0 150 50 12832
8055 45 8189 0 173 171 12833
8055 12 8192 0 143 170 12834
8055 4 8189 0 15 186 12835
8055 20 8193 0 64 182 12836
8055 19 8192 0 108 65 12837
8055 8 8192 0 145 55 12838
8055 17 8190 0 153 145 12839
8055 19 8193 0 107 31 12840
8055 6 8192 0 138 23 12841
8055 22 8192 0 105 143 12842
8055 20 8192 0 141 34 12843
8055 3 8191 0 110 50 12844
8055 43 8192 0 2 33 12845
8055 30 8192 0 127 43 12846
8066 83 10000 1 67 20 12847
8070 12 8208 0 63 113 12848
8070 3 8205 0 38 84 12849
8070 29 8206 0 127 43 12850
8070 38 8205 0 155 122 12851
8070 19 8205 0 99 17 12852
8070 10 8205 0 112 57 12853
8070 5 8205 0 110 50 12854
8070 25 8208 0 107 31 12855
8070 4 8206 0 155 52 12856
8070 21 8205 0 180 72 12857
8070 18 8206 0 128 55 12858
8070 36 8208 0 96 33 12859
8070 19 8207 0 13 75 12860
8070 31 8208 0 148 23 12861
8070 25 8203 0 72 131 12862
8070 19 8208 0 46 130 12863
8070 8 8205 0 23 55 12864
8070 9 8203 0 103 16 12865
8070 17 8206 0 140 11 12866
8070 13 8207 0 108 65 12867
8070 6 8206 0 151 24 12868
8083 48 10000 1 102 30 12869
8085 16 8221 0 147 18 12870
8085 12 8221 0 125 90 12871
8085 27 8222 0 173 171 12872
8085 24 8221 0 86 1 12873
8085 16 8221 0 99 17 12874
8085 25 8223 0 186 125 12875
8085 6 8220 0 155 52 12876
8085 35 8222 0 138 26 12877
8085 4 8221 0 138 23 12878
8085 15 8221 0 24 183 12879
8085 4 8222 0 110 50 12880
8085 20 8221 0 107 31 12881
8085 16 8219 0 180 72 12882
8085 43 8219 0 148 23 12883
8085 7 8222 0 103 16 12884
8085 10 8221 0 128 96 12885
8085 9 8224 0 50 121 12886
8085 12 8220 0 108 36 12887
8085 21 8221 0 140 11 12888
8085 22 8222 0 113 48 12889
8085 11 8220 0 23 55 12890
8085 9 8220 0 95 77 12891
8085 3 8222 0 86 23 12892
8100 43 8236 0 66 134 12893
8100 6 8239 0 83 108 12894
8100 4 8235 0 63 134 12895
8100 40 8237 0 127 22 12896
8100 23 8236 0 139 9 12897
8100 40 8237 0 33 177 12898
8100 28 8235 0 2 33 12899
8100 24 8234 0 180 72 12900
8100 25 8235 0 107 31 12901
8100 16 8235 0 114 44 12902
8100 12 8236 0 108 36 12903
8100 10 8235 0 91 1 12904
8100 7 8239 0 95 1 12905
8100 23 8234 0 99 9 12906
8100 21 8236 0 153 145 12907
8100 16 8237 0 161 44 12908
8100 4 8238 0 110 50 12909
8100 4 8237 0 102 30 12910
8100 14 8235 0 86 1 12911
8100 21 8236 0 128 55 12912
8105 80 10000 1 16 120 12913
8110 64 10000 1 50 121 12914
8115 15 8249 0 147 18 12915
8115 8 8251 0 173 61 12916
8115 20 8251 0 99 9 12917
8115 22 8251 0 146 119 12918
8115 15 8250 0 107 31 12919
8115 38 8252 0 102 140 12920
8115 21 8251 0 64 182 12921
8115 7 8251 0 95 1 12922
8115 5 8251 0 6 88 12923
8115 7 8250 0 108 36 12924
8115 19 8252 0 140 11 12925
8115 6 8248 0 112 57 12926
8115 43 8251 0 127 43 12927
8115 19 8252 0 99 17 12928
8115 11 8252 0 151 24 12929
8115 13 8250 0 161 44 12930
8115 9 8252 0 103 16 12931
8115 5 8250 0 38 84 12932
8115 14 8251 0 128 55 12933
8115 6 8251 0 102 30 12934
8115 18 8250 0 103 107 12935
8115 32 8251 0 46 189 12936
8115 12 8251 0 141 34 12937
8115 28 8252 0 96 33 12938
8115 23 8253 0 152 41 12939
8122 116 10000 1 86 23 12940
8130 16 8266 0 107 31 12941
8130 7 8266 0 16 120 12942
8130 45 8267 0 127 43 12943
8130 6 8266 0 86 23 12944
8130 6 8265 0 124 15 12945
8130 5 8265 0 175 92 12946
8130 5 8265 0 138 23 12947
8130 11 8265 0 151 24 12948
8130 38 8266 0 127 22 12949
8130 4 8264 0 110 50 12950
8130 7 8267 0 145 55 12951
8130 14 8265 0 114 44 12952
8130 9 8267 0 112 57 12953
8130 9 8265 0 162 60 12954
8130 8 8266 0 108 36 12955
8130 39 8266 0 138 26 12956
8130 24 8265 0 24 183 12957
8130 37 8265 0 148 23 12958
8130 17 8265 0 128 55 12959
8130 25 8267 0 141 34 12960
8130 37 8266 0 96 33 12961
8130 9 8266 0 7 180 12962
8130 8 8264 0 23 55 12963
8130 12 8266 0 139 9 12964
8130 6 8266 0 178 113 12965
8130 11 8264 0 103 16 12966
8130 11 8267 0 128 96 12967
8130 45 8266 0 33 177 12968
8130 6 8268 0 155 52 12969
8130 43 8265 0 155 122 12970
8130 23 8266 0 105 143 12971
8138 48 10000 1 173 171 12972
8145 38 8279 0 127 22 12973
8145 12 8283 0 143 170 12974
8145 18 8281 0 180 72 12975
8145 5 8281 0 179 177 12976
8145 13 8281 0 103 107 12977
8145 6 8283 0 63 134 12978
8145 7 8281 0 63 113 12979
8145 8 8283 0 50 121 12980
8145 19 8282 0 99 17 12981
8145 22 8280 0 161 44 12982
8145 14 8280 0 107 31 12983
8145 11 8282 0 108 36 12984
8145 6 8280 0 162 60 12985
8145 5 8280 0 102 30 12986
8145 41 8281 0 138 26 12987
8145 3 8280 0 175 92 12988
8145 6 8279 0 95 77 12989
8145 24 8280 0 64 182 12990
8145 6 8282 0 124 15 12991
8145 14 8282 0 86 1 12992
8145 24 8282 0 139 9 12993
8145 19 8280 0 186 125 12994
8145 24 8282 0 24 183 12995
8145 13 8281 0 114 44 12996
8145 18 8281 0 128 55 12997
8145 25 8282 0 13 75 12998
8145 17 8281 0 152 41 12999
8145 9 8280 0 103 16 13000
8145 10 8282 0 24 195 13001
8145 18 8282 0 113 48 13002
8160 13 8296 0 152 41 13003
8160 8 8297 0 108 36 13004
8160 39 8297 0 173 171 13005
8160 6 8293 0 155 52 13006
8160 8 8297 0 145 55 13007
8160 5 8297 0 138 23 13008
8160 9 8296 0 23 55 13009
8160 12 8296 0 86 1 13010
8160 21 8296 0 161 44 13011
8160 5 8296 0 6 88 13012
8160 14 8296 0 99 17 13013
8160 21 8298 0 128 55 13014
8160 11 8297 0 7 180 13015
8160 3 8294 0 179 177 13016
8160 12 8297 0 108 65 13017
8160 38 8294 0 155 122 13018
8160 25 8296 0 140 11 13019
8160 6 8294 0 15 186 13020
8160 35 8296 0 72 131 13021
8160 8 8295 0 151 24 13022
8160 23 8296 0 105 143 13023
8160 31 8297 0 102 140 13024
8160 7 8297 0 50 121 13025
8175 9 8313 0 128 96 13026
8175 4 8312 0 83 108 13027
8175 5 8312 0 67 20 13028
8175 14 8308 0 86 1 13029
8175 7 8312 0 16 120 13030
8175 15 8312 0 128 55 13031
8175 37 8311 0 58 139 13032
8175 9 8313 0 150 50 13033
8175 9 8310 0 103 16 13034
8175 14 8311 0 114 44 13035
8175 6 8310 0 179 177 13036
8175 44 8312 0 96 33 13037
8175 21 8310 0 140 11 13038
8175 24 8313 0 107 31 13039
8175 5 8311 0 138 23 13040
8175 38 8312 0 2 33 13041
8175 20 8312 0 180 72 13042
8175 22 8313 0 99 9 13043
8175 16 8312 0 162 25 13044
8175 7 8313 0 145 55 13045
8175 11 8310 0 108 36 13046
8175 3 8312 0 124 15 13047
8175 9 8311 0 50 121 13048
8175 25 8312 0 127 43 13049
8175 37 8311 0 138 26 13050
8190 17 8327 0 140 11 13051
8190 5 8328 0 175 92 13052
8190 32 8325 0 96 33 13053
8190 16 8325 0 108 65 13054
8190 9 8328 0 16 120 13055
8190 8 8328 0 103 16 13056
8190 21 8325 0 99 9 13057
8190 29 8328 0 46 189 13058
8190 23 8325 0 105 143 13059
8190 29 8326 0 58 139 13060
8190 17 8326 0 139 9 13061
8190 39 8322 0 33 177 13062
8190 6 8324 0 112 57 13063
8190 15 8323 0 152 41 13064
8190 19 8326 0 186 125 13065
8190 11 8325 0 91 1 13066
8190 3 8327 0 138 23 13067
8205 9 8341 0 23 55 13068
8205 42 8342 0 66 134 13069
8205 3 8340 0 175 92 13070
8205 32 8340 0 142 143 13071
8205 16 8341 0 107 31 13072
8205 40 8341 0 127 22 13073
8205 5 8340 0 83 108 13074
8205 41 8340 0 148 23 13075
8205 18 8339 0 113 48 13076
8205 36 8339 0 173 171 13077
8205 15 8341 0 99 17 13078
8205 21 8340 0 46 130 13079
8205 17 8342 0 99 9 13080
8205 4 8343 0 38 84 13081
8205 34 8342 0 127 43 13082
8205 3 8340 0 110 50 13083
8205 11 8341 0 24 195 13084
8205 33 8340 0 96 33 13085
8205 9 8340 0 164 71 13086
8205 4 8340 0 102 30 13087
8205 16 8340 0 140 11 13088
8220 8 8358 0 108 36 13089
8220 6 8356 0 103 16 13090
8220 3 8356 0 179 177 13091
8220 3 8357 0 124 15 13092
8220 12 8359 0 143 170 13093
8220 4 8356 0 93 57 13094
8220 19 8356 0 140 11 13095
8220 23 8357 0 99 17 13096
8220 19 8355 0 99 9 13097
8220 9 8356 0 145 55 13098
8220 3 8356 0 155 52 13099
8220 21 8356 0 153 145 13100
8220 25 8357 0 96 33 13101
8220 12 8355 0 173 61 13102
8220 18 8355 0 152 41 13103
8220 18 8356 0 114 44 13104
8220 13 8356 0 105 143 13105
8220 20 8355 0 107 31 13106
8220 32 8356 0 102 140 13107
8220 27 8354 0 138 26 13108
8220 6 8357 0 63 113 13109
8220 17 8356 0 86 1 13110
8220 5 8354 0 83 108 13111
8220 17 8354 0 128 55 13112
8235 20 8370 0 86 1 13113
8235 19 8373 0 113 48 13114
8235 34 8370 0 102 140 13115
8235 12 8373 0 24 195 13116
8235 5 8369 0 38 84 13117
8235 4 8370 0 155 52 13118
8235 12 8372 0 46 130 13119
8235 15 8373 0 141 34 13120
8235 9 8371 0 108 36 13121
8235 5 8373 0 124 15 13122
8235 12 8371 0 50 121 13123
8235 3 8371 0 15 186 13124
8235 6 8372 0 173 61 13125
8235 7 8371 0 112 57 13126
8235 43 8369 0 127 43 13127
8235 44 8370 0 66 134 13128
8235 3 8371 0 138 23 13129
8235 18 8370 0 139 9 13130
8235 42 8371 0 155 122 13131
8235 44 8369 0 127 22 13132
8250 7 8385 0 103 16 13133
8250 25 8388 0 107 31 13134
8250 19 8383 0 140 11 13135
8250 10 8386 0 164 71 13136
8250 5 8385 0 178 113 13137
8250 23 8386 0 153 145 13138
8250 22 8386 0 13 75 13139
8250 42 8384 0 148 23 13140
8250 21 8386 0 105 143 13141
8250 38 8386 0 127 43 13142
8250 3 8385 0 124 15 13143
8250 36 8385 0 127 22 13144
8250 14 8386 0 128 55 13145
8250 17 8385 0 139 9 13146
8250 3 8385 0 6 88 13147
8250 4 8387 0 38 84 13148
8250 6 8386 0 93 57 13149
8250 24 8385 0 180 72 13150
8250 12 8388 0 141 34 13151
8250 5 8388 0 102 30 13152
8250 16 8385 0 114 44 13153
8254 74 10000 1 162 25 13154
8259 59 10000 1 141 34 13155
8265 12 8402 0 99 17 13156
8265 8 8401 0 128 96 13157
8265 11 8401 0 91 1 13158
8265 21 8403 0 99 9 13159
8265 13 8400 0 152 41 13160
8265 23 8400 0 13 75 13161
8265 31 8401 0 148 23 13162
8265 19 8401 0 46 130 13163
8265 19 8401 0 180 72 13164
8265 20 8401 0 105 143 13165
8265 6 8404 0 110 50 13166
8265 39 8401 0 127 43 13167
8265 39 8402 0 96 33 13168
8265 21 8401 0 139 9 13169
8265 25 8403 0 113 48 13170
8265 14 8402 0 147 18 13171
8265 7 8400 0 112 57 13172
8265 6 8400 0 63 113 13173
8265 5 8401 0 138 23 13174
8265 43 8401 0 127 22 13175
8265 6 8401 0 102 30 13176
8265 22 8402 0 128 55 13177
8265 36 8399 0 138 26 13178
8277 48 10000 1 180 72 13179
8280 10 8415 0 108 36 13180
8280 16 8416 0 113 48 13181
8280 16 8415 0 141 34 13182
8280 20 8414 0 99 9 13183
8280 44 8418 0 173 171 13184
8280 17 8418 0 161 44 13185
8280 11 8417 0 7 180 13186
8280 22 8416 0 46 130 13187
8280 26 8415 0 148 23 13188
8280 3 8415 0 110 50 13189
8280 27 8416 0 22 41 13190
8280 20 8416 0 24 183 13191
8280 37 8414 0 96 33 13192
8280 3 8415 0 124 15 13193
8280 31 8416 0 127 22 13194
8280 11 8416 0 112 57 13195
8280 12 8415 0 143 170 13196
8280 11 8415 0 128 96 13197
8280 16 8417 0 114 44 13198
8284 35 10000 1 113 48 13199
8295 41 8430 0 46 189 13200
8295 37 8432 0 173 171 13201
8295 15 8432 0 114 44 13202
8295 16 8431 0 186 125 13203
8295 11 8432 0 95 1 13204
8295 15 8431 0 128 55 13205
8295 6 8431 0 138 23 13206
8295 32 8431 0 127 22 13207
8295 15 8434 0 147 18 13208
8295 41 8430 0 96 33 13209
8295 41 8432 0 33 177 13210
8295 26 8430 0 148 23 13211
8295 24 8433 0 140 11 13212
8295 9 8431 0 125 90 13213
8295 7 8431 0 103 16 13214
8295 25 8433 0 113 48 13215
8295 27 8432 0 2 33 13216
8295 6 8430 0 63 113 13217
8295 9 8432 0 50 121 13218
8295 6 8430 0 63 134 13219
8310 4 8447 0 110 50 13220
8310 22 8445 0 99 17 13221
8310 11 8447 0 103 16 13222
8310 7 8443 0 108 36 13223
8310 21 8447 0 146 119 13224
8310 5 8446 0 178 113 13225
8310 24 8448 0 64 182 13226
8310 25 8446 0 148 23 13227
8310 24 8445 0 113 48 13228
8310 36 8444 0 127 43 13229
8310 13 8447 0 147 18 13230
8310 5 8445 0 102 30 13231
8310 4 8446 0 38 84 13232
8310 13 8445 0 46 130 13233
8310 19 8445 0 128 55 13234
8310 23 8445 0 180 72 13235
8310 13 8446 0 186 125 13236
8310 5 8445 0 67 20 13237
8310 4 8449 0 124 15 13238
8310 41 8447 0 138 26 13239
8310 9 8447 0 112 57 13240
8310 13 8445 0 161 44 13241
8312 76 10000 1 114 44 13242
8325 19 8460 0 64 182 13243
8325 37 8462 0 148 23 13244
8325 43 8461 0 58 139 13245
8325 11 8462 0 173 61 13246
8325 42 8463 0 22 41 13247
8325 7 8461 0 16 120 13248
8325 12 8459 0 63 113 13249
8325 15 8460 0 103 107 13250
8325 12 8464 0 107 31 13251
8325 38 8461 0 46 189 13252
8325 12 8462 0 99 9 13253
8325 12 8461 0 13 75 13254
8325 3 8459 0 6 88 13255
8325 9 8461 0 112 57 13256
8325 6 8461 0 86 23 13257
8325 16 8460 0 139 9 13258
8325 4 8463 0 102 30 13259
8325 15 8460 0 86 1 13260
8325 30 8460 0 102 140 13261
8325 4 8461 0 138 23 13262
8340 19 8477 0 113 48 13263
8340 20 8478 0 140 11 13264
8340 7 8475 0 162 60 13265
8340 12 8474 0 125 90 13266
8340 3 8475 0 110 50 13267
8340 16 8476 0 99 9 13268
8340 13 8475 0 161 44 13269
8340 22 8477 0 107 31 13270
8340 9 8475 0 145 55 13271
8340 6 8476 0 112 57 13272
8340 9 8474 0 103 16 13273
8340 38 8472 0 72 131 13274
8340 12 8476 0 114 44 13275
8340 4 8476 0 86 23 13276
8340 12 8476 0 152 41 13277
8340 4 8476 0 6 88 13278
8340 43 8477 0 127 43 13279
8340 11 8475 0 173 61 13280
8340 5 8475 0 102 30 13281
8340 45 8476 0 173 171 13282
8340 13 8476 0 99 17 13283
8343 68 10000 1 173 61 13284
8355 10 8491 0 145 55 13285
8355 17 8491 0 141 34 13286
8355 6 8490 0 178 113 13287
8355 5 8491 0 102 30 13288
8355 36 8490 0 96 33 13289
8355 22 8492 0 147 18 13290
8355 25 8493 0 186 125 13291
8355 44 8494 0 127 43 13292
8355 29 8492 0 2 33 13293
8355 20 8492 0 108 65 13294
8355 17 8493 0 105 143 13295
8355 39 8492 0 146 159 13296
8355 20 8492 0 99 17 13297
8355 33 8492 0 138 26 13298
8355 4 8491 0 175 92 13299
8355 37 8491 0 148 23 13300
8355 23 8490 0 113 48 13301
8355 6 8489 0 173 61 13302
8355 4 8492 0 110 50 13303
8355 12 8489 0 95 77 13304
8355 19 8492 0 161 44 13305
8362 73 10000 1 83 108 13306
8363 46 10000 1 105 143 13307
8370 12 8507 0 107 31 13308
8370 20 8507 0 140 11 13309
8370 4 8508 0 83 108 13310
8370 15 8506 0 139 9 13311
8370 3 8504 0 182 28 13312
8370 17 8505 0 46 130 13313
8370 15 8506 0 161 44 13314
8370 7 8505 0 173 61 13315
8370 5 8505 0 124 15 13316
8370 40 8507 0 138 26 13317
8370 5 8507 0 110 50 13318
8370 34 8506 0 72 131 13319
8370 9 8504 0 95 77 13320
8370 9 8506 0 103 16 13321
8370 12 8506 0 128 55 13322
8370 35 8506 0 58 139 13323
8370 35 8506 0 2 33 13324
8370 4 8508 0 179 177 13325
8370 25 8505 0 141 34 13326
8370 29 8505 0 33 177 13327
8370 15 8506 0 86 1 13328
8370 13 8504 0 147 18 13329
8370 25 8504 0 99 9 13330
8370 31 8503 0 96 33 13331
8385 22 8518 0 99 17 13332
8385 6 8519 0 179 177 13333
8385 19 8520 0 113 48 13334
8385 12 8520 0 103 16 13335
8385 41 8523 0 173 171 13336
8385 41 8521 0 138 26 13337
8385 17 8523 0 103 107 13338
8385 20 8522 0 141 34 13339
8385 22 8520 0 146 119 13340
8385 40 8520 0 96 33 13341
8385 3 8520 0 15 186 13342
8385 4 8521 0 110 50 13343
8385 23 8520 0 107 31 13344
8385 20 8523 0 99 9 13345
8385 11 8520 0 23 55 13346
8385 45 8522 0 148 23 13347
8385 14 8519 0 128 55 13348
8385 4 8521 0 182 28 13349
8385 6 8520 0 138 23 13350
8385 22 8521 0 147 18 13351
8400 14 8536 0 141 34 13352
8400 37 8536 0 142 143 13353
8400 12 8537 0 112 57 13354
8400 8 8537 0 128 96 13355
8400 44 8536 0 66 134 13356
8400 36 8536 0 46 189 13357
8400 14 8536 0 107 31 13358
8400 38 8536 0 173 171 13359
8400 12 8536 0 23 55 13360
8400 6 8537 0 108 36 13361
8400 34 8537 0 127 22 13362
8400 6 8536 0 151 24 13363
8400 6 8536 0 16 120 13364
8400 16 8538 0 113 48 13365
8400 20 8537 0 140 11 13366
8400 23 8537 0 162 25 13367
8400 29 8534 0 58 139 13368
8400 12 8536 0 128 55 13369
8400 25 8535 0 147 18 13370
8400 3 8538 0 178 113 13371
8400 4 8536 0 110 50 13372
8400 5 8537 0 67 20 13373
8400 13 8535 0 139 9 13374
8400 3 8539 0 63 134 13375
8400 18 8535 0 114 44 13376
8400 12 8535 0 95 77 13377
8400 35 8536 0 102 140 13378
8400 25 8534 0 99 17 13379
8400 4 8538 0 124 15 13380
8400 23 8536 0 86 1 13381
8408 183 10000 1 16 120 13382
8415 7 8550 0 16 120 13383
8415 25 8552 0 113 48 13384
8415 53 10000 1 107 31 13385
8415 3 8551 0 110 50 13386
8415 12 8553 0 125 90 13387
8415 31 8552 0 146 159 13388
8415 13 8551 0 162 25 13389
8415 19 8550 0 114 44 13390
8415 15 8551 0 146 119 13391
8415 16 8550 0 139 9 13392
8415 37 8553 0 142 143 13393
8415 3 8552 0 155 52 13394
8415 6 8551 0 83 108 13395
8415 13 8550 0 161 44 13396
8415 18 8550 0 99 9 13397
8415 10 8550 0 91 1 13398
8415 6 8551 0 124 15 13399
8415 12 8551 0 107 31 13400
8415 9 8553 0 103 16 13401
8415 12 8550 0 112 57 13402
8415 7 8551 0 151 24 13403
8415 10 8550 0 162 60 13404
8415 4 8551 0 63 134 13405
8430 20 8568 0 139 9 13406
8430 11 8566 0 112 57 13407
8430 4 8565 0 175 92 13408
8430 36 8566 0 155 122 13409
8430 4 8567 0 138 23 13410
8430 45 8564 0 22 41 13411
8430 12 8566 0 24 195 13412
8430 33 8567 0 127 43 13413
8430 16 8569 0 99 9 13414
8430 23 8565 0 128 55 13415
8430 4 8565 0 93 57 13416
8430 17 8567 0 147 18 13417
8430 13 8567 0 103 107 13418
8430 25 8566 0 148 23 13419
8430 12 8567 0 150 50 13420
8430 3 8567 0 124 15 13421
8430 12 8564 0 164 71 13422
8430 6 8565 0 179 177 13423
8430 15 8567 0 64 182 13424
8430 8 8566 0 145 55 13425
8430 26 8564 0 72 131 13426
8430 4 8566 0 63 134 13427
8430 8 8568 0 103 16 13428
8444 43 10000 1 99 9 13429
8445 45 8582 0 148 23 13430
8445 9 8579 0 125 90 13431
8445 17 8580 0 128 55 13432
8445 16 8580 0 140 11 13433
8445 23 8579 0 139 9 13434
8445 12 8581 0 128 96 13435
8445 5 8579 0 38 84 13436
8445 25 8579 0 153 145 13437
8445 4 8583 0 175 92 13438
8445 4 8578 0 110 50 13439
8445 3 8581 0 67 20 13440
8445 32 8581 0 127 43 13441
8445 21 8580 0 86 1 13442
8445 11 8581 0 103 16 13443
8445 9 8581 0 164 71 13444
8445 24 8579 0 99 17 13445
8445 8 8582 0 16 120 13446
8445 6 8581 0 155 52 13447
8445 7 8581 0 108 36 13448
8445 14 8580 0 113 48 13449
8451 76 10000 1 103 16 13450
8451 37 10000 1 2 33 13451
8458 43 10000 1 103 107 13452
8460 20 8596 0 107 31 13453
8460 19 8596 0 99 17 13454
8460 10 8596 0 50 121 13455
8460 7 8597 0 145 55 13456
8460 36 8595 0 102 140 13457
8460 7 8596 0 108 36 13458
8460 29 8596 0 146 159 13459
8460 45 8595 0 33 177 13460
8460 40 8595 0 138 26 13461
8460 29 8597 0 127 43 13462
8460 39 8596 0 142 143 13463
8460 24 8597 0 147 18 13464
8460 8 8596 0 162 60 13465
8460 14 8597 0 108 65 13466
8460 7 8595 0 112 57 13467
8460 4 8595 0 182 28 13468
8460 43 8594 0 96 33 13469
8460 21 8595 0 186 125 13470
8460 5 8597 0 110 50 13471
8460 16 8599 0 113 48 13472
8475 7 8611 0 108 36 13473
8475 30 8612 0 146 159 13474
8475 25 8609 0 103 107 13475
8475 37 8610 0 127 22 13476
8475 6 8611 0 124 15 13477
8475 24 8611 0 107 31 13478
8475 11 8612 0 63 113 13479
8475 3 8610 0 175 92 13480
8475 12 8610 0 140 11 13481
8475 9 8612 0 103 16 13482
8475 6 8611 0 63 134 13483
8475 29 8611 0 58 139 13484
8475 12 8610 0 147 18 13485
8475 15 8613 0 146 119 13486
8475 22 8611 0 13 75 13487
8475 12 8608 0 7 180 13488
8475 23 8612 0 46 130 13489
8475 19 8612 0 141 34 13490
8475 4 8613 0 67 20 13491
8475 6 8611 0 110 50 13492
8475 3 8611 0 93 57 13493
8475 25 8610 0 2 33 13494
8475 6 8611 0 38 84 13495
8475 27 8611 0 138 26 13496
8475 25 8610 0 96 33 13497
8475 6 8610 0 102 30 13498
8475 17 8612 0 139 9 13499
8475 40 8610 0 155 122 13500
8475 19 8613 0 186 125 13501
8481 66 10000 1 96 33 13502
8490 3 8624 0 124 15 13503
8490 9 8626 0 162 60 13504
8490 35 8626 0 102 140 13505
8490 6 8626 0 125 90 13506
8490 12 8625 0 141 34 13507
8490 5 8626 0 38 84 13508
8490 10 8625 0 112 57 13509
8490 8 8625 0 23 55 13510
8490 29 8624 0 33 177 13511
8490 32 8626 0 127 43 13512
8490 14 8627 0 162 25 13513
8490 20 8625 0 140 11 13514
8490 5 8626 0 67 20 13515
8490 15 8625 0 147 18 13516
8490 19 8624 0 161 44 13517
8490 22 8625 0 99 9 13518
8490 3 8624 0 138 23 13519
8490 10 8627 0 145 55 13520
8490 11 8627 0 95 77 13521
8490 5 8626 0 155 52 13522
8490 10 8627 0 108 36 13523
8490 41 8628 0 127 22 13524
8490 14 8626 0 113 48 13525
8490 3 8626 0 175 92 13526
8490 30 8625 0 66 134 13527
8505 6 8642 0 179 177 13528
8505 4 8640 0 83 108 13529
8505 13 8640 0 86 1 13530
8505 5 8638 0 102 30 13531
8505 19 8644 0 147 18 13532
8505 4 8639 0 182 28 13533
8505 36 8643 0 22 41 13534
8505 10 8642 0 128 96 13535
8505 30 8640 0 148 23 13536
8505 4 8642 0 63 134 13537
8505 6 8641 0 138 23 13538
8505 14 8640 0 107 31 13539
8505 37 8640 0 2 33 13540
8505 10 8642 0 103 16 13541
8505 16 8641 0 146 119 13542
8505 24 8641 0 143 170 13543
8505 3 8640 0 178 113 13544
8505 45 8641 0 146 159 13545
8505 5 8639 0 110 50 13546
8505 6 8638 0 7 180 13547
8520 3 8655 0 38 84 13548
8520 6 8656 0 103 16 13549
8520 13 8656 0 139 9 13550
8520 7 8656 0 151 24 13551
8520 5 8657 0 138 23 13552
8520 18 8656 0 140 11 13553
8520 12 8657 0 95 1 13554
8520 8 8655 0 108 36 13555
8520 22 8657 0 128 55 13556
8520 6 8656 0 110 50 13557
8520 13 8655 0 146 119 13558
8520 32 8655 0 148 23 13559
8520 7 8656 0 128 96 13560
8520 12 8654 0 114 44 13561
8520 25 8653 0 127 43 13562
8520 3 8654 0 6 88 13563
8520 24 8654 0 64 182 13564
8526 54 10000 1 7 180 13565
8535 11 8671 0 108 36 13566
8535 11 8673 0 95 77 13567
8535 6 8672 0 173 61 13568
8535 22 8671 0 147 18 13569
8535 15 8672 0 99 9 13570
8535 4 8670 0 83 108 13571
8535 9 8673 0 7 180 13572
8535 3 8671 0 124 15 13573
8535 37 8673 0 155 122 13574
8535 9 8672 0 103 16 13575
8535 19 8672 0 143 170 13576
8535 4 8670 0 110 50 13577
8535 45 8670 0 146 159 13578
8535 32 8673 0 96 33 13579
8535 30 8671 0 127 22 13580
8535 4 8669 0 93 57 13581
8535 16 8672 0 140 11 13582
8535 3 8671 0 102 30 13583
8535 21 8670 0 108 65 13584
8536 43 10000 1 148 23 13585
8546 34 10000 1 112 57 13586
8550 10 8685 0 125 90 13587
8550 22 8686 0 141 34 13588
8550 23 8684 0 99 9 13589
8550 35 8686 0 96 33 13590
8550 4 8687 0 38 84 13591
8550 36 8686 0 2 33 13592
8550 24 8685 0 143 170 13593
8550 10 8685 0 23 55 13594
8550 4 8684 0 155 52 13595
8550 25 8688 0 128 55 13596
8550 24 8686 0 139 9 13597
8550 41 8685 0 33 177 13598
8550 5 8685 0 138 23 13599
8550 18 8685 0 147 18 13600
8550 45 8686 0 148 23 13601
8550 5 8686 0 178 113 13602
8550 4 8686 0 102 30 13603
8550 34 8687 0 102 140 13604
8550 5 8686 0 15 186 13605
8550 12 8686 0 99 17 13606
8550 12 8686 0 24 183 13607
8550 3 8687 0 63 134 13608
8550 11 8686 0 103 16 13609
8565 24 8702 0 128 55 13610
8565 14 8700 0 140 11 13611
8565 5 8702 0 67 20 13612
8565 28 8700 0 142 143 13613
8565 39 8699 0 127 43 13614
8565 18 8698 0 141 34 13615
8565 8 8702 0 7 180 13616
8565 5 8702 0 110 50 13617
8565 20 8703 0 139 9 13618
8565 13 8701 0 146 119 13619
8565 7 8701 0 128 96 13620
8565 30 8701 0 33 177 13621
8565 28 8699 0 96 33 13622
8565 30 8701 0 58 139 13623
8565 10 8699 0 145 55 13624
8565 21 8701 0 147 18 13625
8565 13 8701 0 64 182 13626
8565 4 8700 0 102 30 13627
8565 9 8700 0 91 1 13628
8565 43 8702 0 148 23 13629
8565 25 8702 0 99 9 13630
8565 12 8700 0 164 71 13631
8565 5 8703 0 15 186 13632
8565 45 8700 0 138 26 13633
8565 3 8702 0 93 57 13634
8580 22 8717 0 141 34 13635
8580 33 8716 0 2 33 13636
8580 28 8718 0 173 171 13637
8580 36 8716 0 138 26 13638
8580 34 8714 0 148 23 13639
8580 13 8716 0 143 170 13640
8580 17 8714 0 146 119 13641
8580 18 8714 0 114 44 13642
8580 42 8717 0 22 41 13643
8580 9 8719 0 63 113 13644
8580 4 8713 0 110 50 13645
8580 5 8717 0 138 23 13646
8580 18 8717 0 180 72 13647
8580 7 8716 0 112 57 13648
8580 17 8715 0 152 41 13649
8580 15 8714 0 99 9 13650
8580 7 8716 0 108 36 13651
8580 7 8717 0 95 1 13652
8580 3 8719 0 6 88 13653
8580 16 8717 0 162 25 13654
8580 22 8714 0 161 44 13655
8580 17 8717 0 107 31 13656
8580 13 8716 0 140 11 13657
8580 6 8715 0 128 96 13658
8580 31 8715 0 127 43 13659
8580 8 8717 0 103 16 13660
8580 10 8713 0 7 180 13661
8580 12 8716 0 128 55 13662
8580 45 8715 0 96 33 13663
8580 6 8715 0 124 15 13664
8595 4 8731 0 138 23 13665
8595 6 8729 0 95 77 13666
8595 5 8732 0 175 92 13667
8595 33 8733 0 22 41 13668
8595 18 8730 0 152 41 13669
8595 8 8732 0 91 1 13670
8595 9 8728 0 112 57 13671
8595 29 8732 0 173 171 13672
8595 12 8732 0 24 195 13673
8595 11 8733 0 103 16 13674
8595 44 8731 0 2 33 13675
8595 18 8729 0 107 31 13676
8595 20 8731 0 99 17 13677
8595 28 8730 0 46 189 13678
8595 14 8731 0 141 34 13679
8595 4 8730 0 110 50 13680
8595 12 8730 0 50 121 13681
8595 19 8731 0 140 11 13682
8595 25 8730 0 186 125 13683
8595 35 8732 0 127 22 13684
8595 16 8732 0 146 119 13685
8595 16 8730 0 108 65 13686
8595 16 8730 0 147 18 13687
8595 6 8731 0 178 113 13688
8595 4 8733 0 93 57 13689
8595 16 8731 0 153 145 13690
8605 33 10000 1 162 60 13691
8610 22 8747 0 113 48 13692
8610 3 8744 0 124 15 13693
8610 24 8746 0 162 25 13694
8610 43 8746 0 2 33 13695
8610 3 8748 0 138 23 13696
8610 13 8744 0 128 55 13697
8610 19 8746 0 147 18 13698
8610 29 8745 0 148 23 13699
8610 3 8746 0 102 30 13700
8610 12 8747 0 145 55 13701
8610 8 8745 0 95 77 13702
8610 22 8745 0 141 34 13703
8610 17 8745 0 180 72 13704
8610 3 8746 0 6 88 13705
8610 3 8745 0 175 92 13706
8610 17 8745 0 143 170 13707
8610 18 8747 0 13 75 13708
8610 6 8745 0 112 57 13709
8610 9 8745 0 24 195 13710
8610 36 8746 0 96 33 13711
8610 14 8745 0 99 9 13712
8610 4 8745 0 67 20 13713
8610 38 8747 0 72 131 13714
8610 38 8748 0 127 22 13715
8610 14 8746 0 108 65 13716
8611 68 10000 1 124 15 13717
8614 191 10000 1 110 50 13718
8625 9 8762 0 7 180 13719
8625 28 8761 0 127 22 13720
8625 31 8762 0 173 171 13721
8625 16 8762 0 13 75 13722
8625 6 8762 0 164 71 13723
8625 6 8762 0 124 15 13724
8625 5 8761 0 110 50 13725
8625 24 8762 0 146 119 13726
8625 6 8763 0 125 90 13727
8625 9 8759 0 23 55 13728
8625 25 8762 0 107 31 13729
8625 11 8762 0 103 16 13730
8625 18 8759 0 147 18 13731
8625 22 8761 0 114 44 13732
8625 24 8762 0 180 72 13733
8625 6 8761 0 16 120 13734
8625 37 8761 0 148 23 13735
8625 22 8761 0 141 34 13736
8625 16 8758 0 186 125 13737
8625 14 8761 0 113 48 13738
8625 5 8761 0 38 84 13739
8625 40 8761 0 96 33 13740
8625 12 8762 0 64 182 13741
8625 5 8761 0 182 28 13742
8625 26 8762 0 127 43 13743
8640 43 8777 0 173 171 13744
8640 28 8777 0 148 23 13745
8640 24 8774 0 99 17 13746
8640 35 8778 0 127 22 13747
8640 13 8775 0 139 9 13748
8640 10 8775 0 164 71 13749
8640 22 8776 0 180 72 13750
8640 5 8776 0 138 23 13751
8640 21 8776 0 147 18 13752
8640 3 8776 0 175 92 13753
8640 25 8776 0 24 183 13754
8640 4 8776 0 93 57 13755
8640 7 8776 0 108 36 13756
8640 14 8775 0 114 44 13757
8640 9 8778 0 7 180 13758
8640 38 8775 0 138 26 13759
8640 6 8775 0 110 50 13760
8640 24 8777 0 107 31 13761
8640 5 8777 0 6 88 13762
8640 45 8775 0 127 43 13763
8640 11 8777 0 162 60 13764
8640 22 8776 0 113 48 13765
8649 37 10000 1 6 88 13766
8649 77 10000 1 99 17 13767
8654 94 10000 1 95 1 13768
8655 11 8793 0 95 1 13769
8655 13 8791 0 141 34 13770
8655 4 8790 0 86 23 13771
8655 7 8791 0 128 96 13772
8655 11 8793 0 150 50 13773
8655 6 8790 0 108 36 13774
8655 4 8791 0 182 28 13775
8655 22 8791 0 64 182 13776
8655 5 8792 0 38 84 13777
8655 17 8790 0 128 55 13778
8655 36 8792 0 96 33 13779
8655 4 8792 0 124 15 13780
8655 13 8791 0 13 75 13781
8655 4 8792 0 6 88 13782
8655 35 8790 0 22 41 13783
8655 22 8792 0 99 17 13784
8655 14 8792 0 161 44 13785
8655 42 8791 0 127 22 13786
8655 36 8792 0 72 131 13787
8655 9 8792 0 16 120 13788
8669 64 10000 1 38 84 13789
8670 21 8806 0 107 31 13790
8670 20 8806 0 147 18 13791
8670 6 8806 0 67 20 13792
8670 6 8807 0 103 16 13793
8670 13 8807 0 153 145 13794
8670 20 8805 0 161 44 13795
8670 20 8806 0 162 25 13796
8670 26 8804 0 148 23 13797
8670 12 8807 0 23 55 13798
8670 6 8807 0 128 96 13799
8670 7 8807 0 112 57 13800
8670 21 8805 0 180 72 13801
8670 22 8806 0 128 55 13802
8670 11 8807 0 164 71 13803
8670 30 8806 0 2 33 13804
8670 25 8805 0 127 22 13805
8670 21 8807 0 99 17 13806
8670 40 8805 0 72 131 13807
8670 25 8806 0 96 33 13808
8670 5 8805 0 138 23 13809
8670 19 8806 0 13 75 13810
8670 7 8806 0 108 36 13811
8670 15 8806 0 146 119 13812
8670 29 8806 0 127 43 13813
8670 17 8808 0 86 1 13814
8680 103 10000 1 128 96 13815
8685 38 8822 0 66 134 13816
8685 3 8822 0 102 30 13817
8685 21 8823 0 114 44 13818
8685 6 8823 0 63 134 13819
8685 17 8820 0 186 125 13820
8685 11 8821 0 108 36 13821
8685 31 8821 0 142 143 13822
8685 16 8823 0 162 25 13823
8685 20 8821 0 99 17 13824
8685 36 8822 0 127 22 13825
8685 25 8821 0 105 143 13826
8685 18 8821 0 108 65 13827
8685 3 8820 0 15 186 13828
8685 5 8822 0 93 57 13829
8685 15 8820 0 46 130 13830
8685 21 8821 0 147 18 13831
8685 31 8822 0 155 122 13832
8685 22 8821 0 140 11 13833
8685 25 8821 0 107 31 13834
8685 12 8822 0 141 34 13835
8698 64 10000 1 22 41 13836
8700 14 8837 0 64 182 13837
8700 4 8837 0 15 186 13838
8700 3 8836 0 155 52 13839
8700 5 8836 0 67 20 13840
8700 41 8836 0 173 171 13841
8700 9 8836 0 112 57 13842
8700 15 8835 0 86 1 13843
8700 9 8835 0 24 195 13844
8700 136 10000 1 64 182 13845
8700 25 8837 0 143 170 13846
8700 37 8838 0 142 143 13847
8700 22 8837 0 103 107 13848
8700 3 8835 0 102 30 13849
8700 28 8835 0 66 134 13850
8700 3 8835 0 110 50 13851
8700 6 8837 0 179 177 13852
8700 7 8838 0 125 90 13853
8700 17 8836 0 180 72 13854
8700 9 8834 0 162 60 13855
8700 15 8837 0 139 9 13856
8700 41 8834 0 146 159 13857
8700 16 8834 0 153 145 13858
8700 5 8837 0 93 57 13859
8700 3 8837 0 124 15 13860
8705 188 10000 1 143 170 13861
8715 31 8852 0 173 171 13862
8715 21 8850 0 140 11 13863
8715 12 8851 0 145 55 13864
8715 6 8851 0 110 50 13865
8715 3 8851 0 63 134 13866
8715 30 8851 0 96 33 13867
8715 17 8850 0 113 48 13868
8715 23 8850 0 103 107 13869
8715 23 8851 0 186 125 13870
8715 9 8850 0 7 180 13871
8715 21 8850 0 114 44 13872
8715 5 8850 0 102 30 13873
8715 24 8850 0 128 55 13874
8715 3 8852 0 175 92 13875
8715 22 8852 0 162 25 13876
8715 28 8850 0 22 41 13877
8715 38 8851 0 138 26 13878
8715 10 8852 0 103 16 13879
8715 3 8851 0 155 52 13880
8721 52 10000 1 24 183 13881
8730 23 8865 0 107 31 13882
8730 5 8866 0 138 23 13883
8730 42 8867 0 173 171 13884
8730 14 8868 0 99 17 13885
8730 27 8865 0 127 43 13886
8730 20 8868 0 139 9 13887
8730 25 8867 0 46 130 13888
8730 6 8865 0 108 36 13889
8730 41 8866 0 155 122 13890
8730 37 8866 0 66 134 13891
8730 3 8865 0 179 177 13892
8730 32 8868 0 96 33 13893
8730 21 8866 0 113 48 13894
8730 11 8866 0 151 24 13895
8730 26 8866 0 142 143 13896
8730 19 8864 0 108 65 13897
8730 4 8866 0 155 52 13898
8730 7 8866 0 103 16 13899
8730 7 8865 0 91 1 13900
8730 12 8864 0 112 57 13901
8730 16 8866 0 162 25 13902
8730 10 8866 0 150 50 13903
8730 21 8866 0 86 1 13904
8730 15 8868 0 147 18 13905
8730 4 8865 0 86 23 13906
8745 17 8880 0 141 34 13907
8745 7 8880 0 95 1 13908
8745 11 8880 0 108 36 13909
8745 24 8883 0 180 72 13910
8745 18 8878 0 161 44 13911
8745 4 8882 0 178 113 13912
8745 12 8879 0 112 57 13913
8745 30 8881 0 146 159 13914
8745 36 8881 0 148 23 13915
8745 45 8882 0 127 22 13916
8745 4 8882 0 86 23 13917
8745 35 8884 0 138 26 13918
8745 23 8881 0 146 119 13919
8745 37 8881 0 58 139 13920
8745 4 8878 0 110 50 13921
8760 12 8897 0 23 55 13922
8760 6 8896 0 93 57 13923
8760 16 8897 0 103 107 13924
8760 4 8895 0 110 50 13925
8760 24 8895 0 107 31 13926
8760 27 8896 0 146 159 13927
8760 4 8896 0 86 23 13928
8760 7 8896 0 164 71 13929
8760 3 8895 0 138 23 13930
8760 17 8894 0 99 9 13931
8760 6 8895 0 145 55 13932
8760 5 8896 0 155 52 13933
8760 45 8896 0 127 22 13934
8760 32 8894 0 72 131 13935
8760 24 8897 0 99 17 13936
8760 24 8895 0 141 34 13937
8760 17 8895 0 114 44 13938
8760 9 8897 0 125 90 13939
8760 21 8896 0 147 18 13940
8760 18 8897 0 140 11 13941
8760 33 8895 0 127 43 13942
8760 4 8896 0 175 92 13943
8760 38 8898 0 138 26 13944
8760 19 8896 0 113 48 13945
8775 4 8914 0 110 50 13946
8775 16 8909 0 113 48 13947
8775 31 8910 0 102 140 13948
8775 10 8911 0 162 60 13949
8775 24 8910 0 180 72 13950
8775 5 8911 0 102 30 13951
8775 4 8910 0 178 113 13952
8775 10 8910 0 151 24 13953
8775 6 8911 0 7 180 13954
8775 42 8910 0 2 33 13955
8775 5 8911 0 124 15 13956
8775 17 8913 0 146 119 13957
8775 18 8911 0 128 55 13958
8775 35 8910 0 127 22 13959
8775 12 8911 0 50 121 13960
8775 12 8911 0 24 183 13961
8775 35 8911 0 127 43 13962
8775 5 8910 0 175 92 13963
8775 12 8911 0 164 71 13964
8775 3 8911 0 86 23 13965
8775 3 8909 0 93 57 13966
8775 4 8915 0 138 23 13967
8775 15 8910 0 186 125 13968
8775 10 8913 0 95 77 13969
8775 20 8913 0 147 18 13970
8775 4 8912 0 83 108 13971
8790 12 8925 0 147 18 13972
8790 13 8924 0 114 44 13973
8790 5 8928 0 182 28 13974
8790 3 8926 0 67 20 13975
8790 34 8925 0 148 23 13976
8790 9 8925 0 112 57 13977
8790 14 8925 0 141 34 13978
8790 12 8925 0 150 50 13979
8790 15 8925 0 99 9 13980
8790 9 8926 0 50 121 13981
8790 30 8924 0 127 22 13982
8790 16 8926 0 105 143 13983
8790 3 8925 0 138 23 13984
8790 4 8926 0 6 88 13985
8790 32 8927 0 46 189 13986
8790 34 8926 0 127 43 13987
8790 31 8926 0 155 122 13988
8790 3 8926 0 86 23 13989
8790 3 8925 0 102 30 13990
8790 19 8926 0 107 31 13991
8790 33 8926 0 138 26 13992
8790 3 8924 0 110 50 13993
8790 38 8927 0 146 159 13994
8790 8 8926 0 151 24 13995
8800 52 10000 1 128 55 13996
8804 39 10000 1 182 28 13997
8805 5 8941 0 175 92 13998
8805 32 8941 0 96 33 13999
8805 22 8942 0 99 9 14000
8805 3 8941 0 182 28 14001
8805 40 8941 0 173 171 14002
8805 11 8941 0 103 16 14003
8805 44 8944 0 127 22 14004
8805 5 8940 0 6 88 14005
8805 25 8940 0 99 17 14006
8805 5 8943 0 138 23 14007
8805 25 8941 0 140 11 14008
8805 20 8938 0 114 44 14009
8805 8 8942 0 125 90 14010
8805 6 8945 0 24 195 14011
8805 7 8942 0 91 1 14012
8805 3 8941 0 38 84 14013
8805 4 8939 0 110 50 14014
8805 7 8942 0 23 55 14015
8805 5 8942 0 124 15 14016
8805 6 8942 0 95 77 14017
8805 41 8944 0 22 41 14018
8805 9 8939 0 108 36 14019
8805 21 8939 0 180 72 14020
8817 73 10000 1 64 182 14021
8820 17 8953 0 180 72 14022
8820 7 8956 0 173 61 14023
8820 5 8954 0 138 23 14024
8820 7 8955 0 24 195 14025
8820 24 8955 0 86 1 14026
8820 12 8956 0 46 130 14027
8820 14 8955 0 107 31 14028
8820 4 8956 0 179 177 14029
8820 25 8956 0 139 9 14030
8820 21 8956 0 140 11 14031
8820 6 8956 0 108 36 14032
8820 4 8958 0 63 134 14033
8820 27 8956 0 102 140 14034
8820 44 8954 0 127 43 14035
8820 39 8956 0 173 171 14036
8820 11 8955 0 103 16 14037
8820 25 8955 0 114 44 14038
8820 3 8956 0 102 30 14039
8820 19 8957 0 141 34 14040
8820 35 8955 0 58 139 14041
8820 29 8954 0 148 23 14042
8820 14 8955 0 161 44 14043
8820 23 8955 0 99 9 14044
8821 60 10000 1 108 65 14045
8829 53 10000 1 23 55 14046
8835 3 8970 0 124 15 14047
8835 42 8971 0 127 22 14048
8835 6 8970 0 110 50 14049
8835 25 8972 0 142 143 14050
8835 28 8971 0 173 171 14051
8835 27 8970 0 127 43 14052
8835 31 8971 0 96 33 14053
8835 18 8972 0 152 41 14054
8835 24 8970 0 113 48 14055
8835 11 8971 0 7 180 14056
8835 19 8972 0 146 119 14057
8835 3 8972 0 6 88 14058
8835 16 8972 0 103 107 14059
8835 9 8973 0 173 61 14060
8835 40 8970 0 102 140 14061
8835 5 8970 0 38 84 14062
8835 6 8974 0 128 96 14063
8835 15 8974 0 162 25 14064
8835 15 8972 0 86 1 14065
8835 35 8971 0 72 131 14066
8835 30 8973 0 148 23 14067
8835 5 8972 0 67 20 14068
8835 24 8972 0 141 34 14069
8835 18 8971 0 143 170 14070
8835 40 8971 0 138 26 14071
8835 38 8974 0 58 139 14072
8835 4 8969 0 63 134 14073
8835 6 8972 0 179 177 14074
8835 5 8971 0 102 30 14075
8842 35 10000 1 138 23 14076
8845 34 10000 1 86 1 14077
8846 46 10000 1 127 43 14078
8850 29 8985 0 127 22 14079
8850 15 8987 0 114 44 14080
8850 6 8985 0 124 15 14081
8850 4 8987 0 178 113 14082
8850 14 8984 0 99 17 14083
8850 3 8986 0 86 23 14084
8850 9 8987 0 173 61 14085
8850 6 8986 0 6 88 14086
8850 6 8987 0 182 28 14087
8850 43 8986 0 96 33 14088
8850 39 8986 0 102 140 14089
8850 27 8984 0 66 134 14090
8850 25 8983 0 113 48 14091
8850 39 8987 0 142 143 14092
8850 20 8987 0 107 31 14093
8850 19 8985 0 147 18 14094
8850 6 8986 0 93 57 14095
8850 7 8987 0 50 121 14096
8850 24 8987 0 140 11 14097
8850 16 8985 0 141 34 14098
8850 11 8984 0 112 57 14099
8865 38 9001 0 127 43 14100
8865 25 9001 0 127 22 14101
8865 33 9002 0 146 159 14102
8865 26 9003 0 155 122 14103
8865 36 9002 0 2 33 14104
8865 5 9001 0 110 50 14105
8865 7 9000 0 24 195 14106
8865 13 9001 0 99 9 14107
8865 45 9000 0 46 189 14108
8865 12 9001 0 107 31 14109
8865 21 9001 0 147 18 14110
8865 37 9000 0 148 23 14111
8865 10 9000 0 150 50 14112
8865 6 9002 0 138 23 14113
8865 15 9000 0 105 143 14114
8865 5 9001 0 102 30 14115
8865 33 8998 0 96 33 14116
8865 16 9001 0 186 125 14117
8865 20 9002 0 146 119 14118
8865 11 9000 0 95 77 14119
8865 45 9003 0 22 41 14120
8865 7 8999 0 162 60 14121
8865 34 9001 0 173 171 14122
8865 24 9001 0 114 44 14123
8865 19 9002 0 139 9 14124
8865 5 9002 0 124 15 14125
8865 24 9002 0 141 34 14126
8867 153 10000 1 164 71 14127
8880 25 9017 0 24 183 14128
8880 12 9014 0 108 36 14129
8880 5 9015 0 138 23 14130
8880 33 9021 0 102 140 14131
8880 16 9017 0 99 17 14132
8880 10 9015 0 145 55 14133
8880 25 9017 0 146 159 14134
8880 14 9017 0 147 18 14135
8880 101 10000 1 142 143 14136
8880 14 9015 0 139 9 14137
8880 42 9016 0 22 41 14138
8880 20 9017 0 113 48 14139
8880 32 9015 0 96 33 14140
8880 17 9015 0 143 170 14141
8880 12 9015 0 152 41 14142
8880 11 9016 0 24 195 14143
8880 9 9015 0 112 57 14144
8880 9 9017 0 23 55 14145
8880 6 9016 0 124 15 14146
8880 13 9014 0 140 11 14147
8880 10 9017 0 103 16 14148
8880 17 9016 0 108 65 14149
8895 5 9031 0 110 50 14150
8895 21 9033 0 107 31 14151
8895 42 9030 0 46 189 14152
8895 34 9031 0 96 33 14153
8895 17 9032 0 99 9 14154
8895 5 9031 0 67 20 14155
8895 6 9030 0 162 60 14156
8895 6 9031 0 86 23 14157
8895 5 9031 0 93 57 14158
8895 7 9032 0 91 1 14159
8895 44 9031 0 148 23 14160
8895 15 9028 0 162 25 14161
8895 10 9031 0 103 16 14162
8895 37 9030 0 66 134 14163
8895 18 9033 0 113 48 14164
8895 5 9032 0 124 15 14165
8895 12 9032 0 151 24 14166
8895 24 9029 0 141 34 14167
8895 38 9030 0 138 26 14168
8895 34 9031 0 146 159 14169
8910 7 9045 0 16 120 14170
8910 4 9046 0 86 23 14171
8910 6 9045 0 91 1 14172
8910 25 9047 0 2 33 14173
8910 26 9044 0 72 131 14174
8910 11 9046 0 50 121 14175
8910 12 9045 0 7 180 14176
8910 36 9047 0 148 23 14177
8910 3 9046 0 38 84 14178
8910 16 9046 0 161 44 14179
8910 7 9046 0 108 36 14180
8910 5 9045 0 138 23 14181
8910 43 9046 0 58 139 14182
8910 20 9047 0 147 18 14183
8910 32 9045 0 96 33 14184
8910 15 9047 0 180 72 14185
8910 3 9045 0 124 15 14186
8910 15 9046 0 99 9 14187
8910 25 9044 0 113 48 14188
8910 6 9045 0 175 92 14189
8910 4 9044 0 102 30 14190
8910 21 9046 0 99 17 14191
8910 3 9047 0 110 50 14192
8910 42 9048 0 142 143 14193
8910 14 9044 0 13 75 14194
8910 27 9045 0 127 43 14195
8910 6 9047 0 15 186 14196
8910 25 9045 0 155 122 14197
8910 10 9045 0 103 16 14198
8921 80 10000 1 151 24 14199
8925 6 9060 0 178 113 14200
8925 15 9061 0 113 48 14201
8925 6 9063 0 93 57 14202
8925 12 9062 0 150 50 14203
8925 11 9060 0 103 16 14204
8925 13 9061 0 143 170 14205
8925 23 9060 0 13 75 14206
8925 14 9061 0 99 9 14207
8925 32 9061 0 148 23 14208
8925 16 9060 0 140 11 14209
8925 23 9061 0 86 1 14210
8925 6 9059 0 7 180 14211
8925 39 9062 0 138 26 14212
8925 13 9063 0 105 143 14213
8925 38 9061 0 96 33 14214
8925 16 9061 0 139 9 14215
8925 39 9061 0 22 41 14216
8925 16 9060 0 108 65 14217
8925 4 9061 0 102 30 14218
8925 7 9061 0 173 61 14219
8925 5 9060 0 15 186 14220
8925 37 9060 0 127 22 14221
8925 4 9061 0 179 177 14222
8925 12 9062 0 145 55 14223
8925 18 9060 0 153 145 14224
8940 12 9074 0 103 16 14225
8940 24 9077 0 162 25 14226
8940 34 9075 0 148 23 14227
8940 18 9075 0 108 65 14228
8940 12 9076 0 50 121 14229
8940 31 9077 0 138 26 14230
8940 11 9078 0 95 77 14231
8940 23 9078 0 161 44 14232
8940 12 9077 0 63 113 14233
8940 3 9076 0 182 28 14234
8940 38 9076 0 72 131 14235
8940 15 9075 0 186 125 14236
8940 7 9078 0 145 55 14237
8940 33 9076 0 173 171 14238
8940 11 9076 0 7 180 14239
8940 14 9077 0 46 130 14240
8940 23 9075 0 99 9 14241
8940 16 9076 0 141 34 14242
8940 5 9078 0 67 20 14243
8940 13 9077 0 13 75 14244
8940 13 9077 0 113 48 14245
8955 12 9090 0 180 72 14246
8955 33 9089 0 146 159 14247
8955 4 9090 0 38 84 14248
8955 33 9090 0 58 139 14249
8955 22 9093 0 99 17 14250
8955 27 9093 0 138 26 14251
8955 25 9092 0 128 55 14252
8955 20 9091 0 113 48 14253
8955 4 9093 0 138 23 14254
8955 13 9090 0 103 107 14255
8955 44 9091 0 127 22 14256
8955 10 9092 0 63 113 14257
8955 23 9092 0 105 143 14258
8955 31 9091 0 127 43 14259
8955 3 9090 0 178 113 14260
8955 12 9092 0 103 16 14261
8955 4 9091 0 110 50 14262
8955 16 9090 0 99 9 14263
8955 23 9092 0 107 31 14264
8955 33 9089 0 155 122 14265
8955 13 9091 0 86 1 14266
8955 24 9092 0 140 11 14267
8955 6 9090 0 112 57 14268
8970 6 9106 0 124 15 14269
8970 12 9105 0 128 55 14270
8970 36 9107 0 46 189 14271
8970 15 9108 0 46 130 14272
8970 5 9105 0 67 20 14273
8970 10 9105 0 91 1 14274
8970 12 9105 0 162 60 14275
8970 6 9107 0 110 50 14276
8970 5 9106 0 93 57 14277
8970 12 9107 0 103 16 14278
8970 6 9107 0 15 186 14279
8970 23 9109 0 64 182 14280
8970 3 9110 0 102 30 14281
8970 23 9105 0 141 34 14282
8970 6 9105 0 38 84 14283
8970 19 9106 0 114 44 14284
8970 39 9106 0 173 171 14285
8977 88 10000 1 46 130 14286
8985 28 9122 0 46 189 14287
8985 17 9120 0 13 75 14288
8985 27 9121 0 72 131 14289
8985 12 9118 0 24 183 14290
8985 4 9121 0 102 30 14291
8985 18 9121 0 86 1 14292
8985 22 9121 0 128 55 14293
8985 3 9117 0 86 23 14294
8985 11 9120 0 112 57 14295
8985 14 9124 0 139 9 14296
8985 33 9121 0 127 43 14297
8985 14 9122 0 147 18 14298
8985 45 9121 0 127 22 14299
8985 7 9120 0 145 55 14300
8985 23 9122 0 113 48 14301
8985 7 9120 0 108 36 14302
8985 4 9120 0 15 186 14303
8985 6 9122 0 124 15 14304
8985 3 9122 0 83 108 14305
8985 33 9121 0 138 26 14306
8985 8 9124 0 23 55 14307
9000 5 9136 0 124 15 14308
9000 4 9137 0 179 177 14309
9000 10 9137 0 24 195 14310
9000 16 9138 0 99 9 14311
9000 4 9136 0 102 30 14312
9000 22 9136 0 128 55 14313
9000 44 9137 0 22 41 14314
9000 23 9136 0 139 9 14315
9000 11 9135 0 151 24 14316
9000 45 9135 0 127 22 14317
9000 5 9137 0 110 50 14318
9000 24 9135 0 147 18 14319
9000 6 9137 0 38 84 14320
9000 9 9136 0 50 121 14321
9000 23 9137 0 99 17 14322
9000 10 9134 0 112 57 14323
9000 6 9137 0 6 88 14324
9000 44 9135 0 138 26 14325
9000 3 9138 0 15 186 14326
9000 19 9135 0 143 170 14327
9000 8 9137 0 108 36 14328
9000 19 9136 0 107 31 14329
9000 37 9138 0 148 23 14330
9000 11 9136 0 95 1 14331
9015 13 9150 0 13 75 14332
9015 41 9152 0 96 33 14333
9015 20 9153 0 146 119 14334
9015 9 9151 0 112 57 14335
9015 6 9150 0 178 113 14336
9015 17 9150 0 99 17 14337
9015 24 9151 0 147 18 14338
9015 29 9151 0 148 23 14339
9015 6 9153 0 103 16 14340
9015 4 9150 0 67 20 14341
9015 3 9153 0 124 15 14342
9015 30 9151 0 58 139 14343
9015 8 9153 0 50 121 14344
9015 16 9153 0 113 48 14345
9015 33 9150 0 72 131 14346
9015 4 9152 0 179 177 14347
9015 6 9151 0 173 61 14348
9015 45 9150 0 138 26 14349
9015 38 9151 0 2 33 14350
9015 18 9152 0 139 9 14351
9015 25 9151 0 105 143 14352
9015 19 9150 0 107 31 14353
9015 37 9151 0 33 177 14354
9030 5 9166 0 138 23 14355
9030 4 9168 0 15 186 14356
9030 12 9165 0 108 36 14357
9030 25 9164 0 162 25 14358
9030 29 9165 0 102 140 14359
9030 7 9163 0 103 16 14360
9030 20 9166 0 186 125 14361
9030 17 9165 0 99 9 14362
9030 21 9167 0 141 34 14363
9030 38 9168 0 22 41 14364
9030 25 9164 0 128 55 14365
9030 12 9165 0 128 96 14366
9030 32 9166 0 96 33 14367
9030 40 9163 0 142 143 14368
9030 21 9169 0 147 18 14369
9030 12 9167 0 99 17 14370
9030 18 9165 0 113 48 14371
9030 39 9166 0 2 33 14372
9030 12 9165 0 24 183 14373
9030 45 9168 0 127 22 14374
9030 24 9165 0 103 107 14375
9030 29 9168 0 58 139 14376
9030 10 9166 0 145 55 14377
9030 4 9168 0 124 15 14378
9030 17 9167 0 140 11 14379
9030 6 9168 0 38 84 14380
9030 25 9166 0 33 177 14381
9030 3 9166 0 110 50 14382
9044 80 10000 1 147 18 14383
9045 25 9180 0 96 33 14384
9045 23 9181 0 99 9 14385
9045 6 9180 0 102 30 14386
9045 12 9181 0 24 195 14387
9045 17 9181 0 107 31 14388
9045 40 9181 0 127 43 14389
9045 16 9182 0 140 11 14390
9045 12 9182 0 16 120 14391
9045 27 9180 0 72 131 14392
9045 3 9181 0 93 57 14393
9045 33 9181 0 148 23 14394
9045 3 9180 0 38 84 14395
9045 18 9180 0 186 125 14396
9045 15 9179 0 153 145 14397
9045 18 9179 0 113 48 14398
9045 12 9183 0 108 65 14399
9045 6 9180 0 95 1 14400
9045 9 9181 0 128 96 14401
9045 40 9180 0 155 122 14402
9045 19 9180 0 114 44 14403
9045 3 9181 0 175 92 14404
9053 177 10000 1 140 11 14405
9057 53 10000 1 72 131 14406
9060 23 9198 0 146 119 14407
9060 9 9195 0 63 113 14408
9060 10 9196 0 145 55 14409
9060 40 9195 0 127 43 14410
9060 29 9195 0 138 26 14411
9060 16 9197 0 140 11 14412
9060 6 9196 0 86 23 14413
9060 11 9196 0 50 121 14414
9060 11 9195 0 95 77 14415
9060 13 9195 0 113 48 14416
9060 8 9198 0 125 90 14417
9060 45 9197 0 127 22 14418
9060 14 9196 0 24 183 14419
9060 19 9196 0 86 1 14420
9060 9 9194 0 112 57 14421
9060 6 9199 0 16 120 14422
9060 16 9196 0 99 17 14423
9060 36 9195 0 96 33 14424
9060 6 9198 0 138 23 14425
9060 41 9196 0 22 41 14426
9060 45 9197 0 155 122 14427
9060 20 9199 0 139 9 14428
9060 20 9197 0 141 34 14429
9060 9 9195 0 108 36 14430
9060 37 9195 0 102 140 14431
9071 35 10000 1 125 90 14432
9075 25 9211 0 138 26 14433
9075 24 9212 0 105 143 14434
9075 3 9212 0 38 84 14435
9075 22 9210 0 99 9 14436
9075 3 9212 0 15 186 14437
9075 4 9212 0 182 28 14438
9075 22 9212 0 107 31 14439
9075 21 9213 0 114 44 14440
9075 6 9211 0 138 23 14441
9075 5 9212 0 124 15 14442
9075 22 9210 0 141 34 14443
9075 10 9209 0 128 96 14444
9075 37 9208 0 96 33 14445
9075 6 9215 0 103 16 14446
9075 17 9211 0 147 18 14447
9075 6 9211 0 83 108 14448
9075 23 9211 0 162 25 14449
9075 31 9210 0 127 22 14450
9075 6 9212 0 110 50 14451
9075 7 9210 0 63 113 14452
9075 37 9214 0 22 41 14453
9075 38 9211 0 127 43 14454
9075 22 9213 0 108 65 14455
9075 13 9211 0 140 11 14456
9086 74 10000 1 140 11 14457
9090 18 9226 0 128 55 14458
9090 12 9227 0 147 18 14459
9090 10 9225 0 103 16 14460
9090 5 9227 0 155 52 14461
9090 6 9225 0 151 24 14462
9090 6 9228 0 95 77 14463
9090 23 9225 0 141 34 14464
9090 10 9227 0 7 180 14465
9090 25 9225 0 186 125 14466
9090 29 9228 0 127 43 14467
9090 16 9228 0 146 119 14468
9090 7 9226 0 173 61 14469
9090 9 9226 0 145 55 14470
9090 21 9227 0 152 41 14471
9090 27 9226 0 127 22 14472
9090 33 9225 0 33 177 14473
9090 6 9226 0 93 57 14474
9090 6 9224 0 63 134 14475
9090 8 9227 0 95 1 14476
9090 19 9226 0 105 143 14477
9090 6 9225 0 15 186 14478
9090 32 9228 0 155 122 14479
9090 27 9229 0 66 134 14480
9090 4 9226 0 102 30 14481
9090 12 9226 0 108 36 14482
9090 5 9225 0 124 15 14483
9090 32 9225 0 96 33 14484
9090 22 9225 0 99 17 14485
9105 35 9240 0 127 43 14486
9105 6 9240 0 50 121 14487
9105 36 9243 0 127 22 14488
9105 3 9243 0 86 23 14489
9105 10 9240 0 95 77 14490
9105 25 9240 0 148 23 14491
9105 11 9242 0 145 55 14492
9105 12 9241 0 108 36 14493
9105 25 9240 0 147 18 14494
9105 12 9241 0 114 44 14495
9105 33 9239 0 146 159 14496
9105 17 9241 0 99 17 14497
9105 3 9241 0 182 28 14498
9105 6 9238 0 124 15 14499
9105 12 9242 0 164 71 14500
9105 6 9240 0 102 30 14501
9105 16 9240 0 107 31 14502
9105 7 9241 0 7 180 14503
9105 40 9243 0 155 122 14504
9105 18 9242 0 152 41 14505
9105 7 9242 0 173 61 14506
9105 45 9241 0 46 189 14507
9114 44 10000 1 138 26 14508
9115 77 10000 1 67 20 14509
9120 6 9257 0 102 30 14510
9120 42 9258 0 173 171 14511
9120 10 9256 0 112 57 14512
9120 25 9254 0 105 143 14513
9120 10 9256 0 23 55 14514
9120 13 9258 0 139 9 14515
9120 3 9253 0 15 186 14516
9120 3 9253 0 110 50 14517
9120 20 9256 0 162 25 14518
9120 39 9257 0 46 189 14519
9120 20 9255 0 186 125 14520
9120 6 9255 0 67 20 14521
9120 4 9257 0 124 15 14522
9120 23 9256 0 113 48 14523
9120 40 9255 0 138 26 14524
9120 9 9256 0 24 195 14525
9120 21 9256 0 161 44 14526
9120 9 9254 0 91 1 14527
9120 6 9257 0 179 177 14528
9120 41 9255 0 96 33 14529
9120 7 9257 0 95 1 14530
9120 23 9255 0 140 11 14531
9120 32 9258 0 127 43 14532
9133 51 10000 1 128 96 14533
9135 18 9270 0 141 34 14534
9135 4 9272 0 179 177 14535
9135 3 9274 0 15 186 14536
9135 24 9268 0 99 17 14537
9135 6 9270 0 38 84 14538
9135 22 9272 0 147 18 14539
9135 6 9273 0 67 20 14540
9135 25 9270 0 138 26 14541
9135 10 9272 0 103 16 14542
9135 14 9271 0 99 9 14543
9135 22 9269 0 139 9 14544
9135 34 9272 0 96 33 14545
9135 4 9271 0 124 15 14546
9135 24 9270 0 152 41 14547
9135 4 9271 0 138 23 14548
9135 5 9271 0 63 134 14549
9135 4 9272 0 110 50 14550
9135 21 9274 0 162 25 14551
9135 8 9272 0 50 121 14552
9135 10 9271 0 173 61 14553
9135 5 9270 0 182 28 14554
9135 20 9269 0 46 130 14555
9135 11 9274 0 63 113 14556
9135 7 9272 0 91 1 14557
9135 28 9271 0 58 139 14558
9135 12 9271 0 107 31 14559
9135 23 9272 0 113 48 14560
9135 4 9271 0 155 52 14561
9135 14 9270 0 86 1 14562
9150 14 9287 0 24 183 14563
9150 18 9286 0 146 119 14564
9150 18 9286 0 113 48 14565
9150 25 9286 0 140 11 14566
9150 43 9286 0 138 26 14567
9150 21 9286 0 141 34 14568
9150 3 9286 0 102 30 14569
9150 6 9286 0 124 15 14570
9150 9 9287 0 173 61 14571
9150 21 9285 0 107 31 14572
9150 26 9286 0 127 22 14573
9150 16 9287 0 13 75 14574
9150 14 9287 0 139 9 14575
9150 6 9288 0 138 23 14576
9150 19 9287 0 99 17 14577
9150 4 9288 0 38 84 14578
9150 4 9285 0 63 134 14579
9150 5 9286 0 67 20 14580
9165 8 9300 0 24 195 14581
9165 3 9300 0 102 30 14582
9165 6 9301 0 93 57 14583
9165 14 9302 0 108 65 14584
9165 7 9300 0 16 120 14585
9165 14 9299 0 114 44 14586
9165 8 9301 0 103 16 14587
9165 22 9302 0 162 25 14588
9165 23 9301 0 24 183 14589
9165 38 9301 0 148 23 14590
9165 10 9301 0 125 90 14591
9165 9 9302 0 23 55 14592
9165 15 9301 0 103 107 14593
9165 8 9301 0 108 36 14594
9165 18 9299 0 141 34 14595
9165 33 9302 0 102 140 14596
9165 7 9304 0 150 50 14597
9165 5 9300 0 138 23 14598
9165 31 9302 0 127 22 14599
9165 9 9300 0 95 77 14600
9165 13 9300 0 99 17 14601
9165 22 9302 0 128 55 14602
9165 5 9303 0 124 15 14603
9165 6 9302 0 155 52 14604
9165 22 9302 0 86 1 14605
9165 34 9300 0 173 171 14606
9165 19 9301 0 152 41 14607
9165 17 9302 0 99 9 14608
9165 32 9300 0 96 33 14609
9165 24 9299 0 140 11 14610
9165 4 9302 0 15 186 14611
9180 5 9315 0 155 52 14612
9180 25 9315 0 161 44 14613
9180 38 9316 0 58 139 14614
9180 6 9316 0 7 180 14615
9180 26 9314 0 2 33 14616
9180 28 9318 0 148 23 14617
9180 8 9316 0 150 50 14618
9180 35 9314 0 127 22 14619
9180 8 9317 0 108 36 14620
9180 19 9315 0 64 182 14621
9180 18 9317 0 86 1 14622
9180 15 9317 0 24 183 14623
9180 3 9314 0 102 30 14624
9180 12 9318 0 164 71 14625
9180 8 9318 0 95 77 14626
9180 3 9318 0 124 15 14627
9180 25 9315 0 146 159 14628
9180 13 9317 0 186 125 14629
9180 15 9317 0 99 9 14630
9180 33 9316 0 96 33 14631
9180 25 9315 0 46 130 14632
9180 42 9319 0 142 143 14633
9180 13 9315 0 103 107 14634
9180 21 9317 0 114 44 14635
9180 11 9317 0 112 57 14636
9180 42 9318 0 127 43 14637
9180 6 9316 0 103 16 14638
9180 10 9318 0 95 1 14639
9180 15 9316 0 107 31 14640
9195 20 9332 0 113 48 14641
9195 37 9331 0 127 22 14642
9195 6 9332 0 128 96 14643
9195 11 9332 0 91 1 14644
9195 25 9331 0 186 125 14645
9195 3 9331 0 138 23 14646
9195 18 9329 0 146 119 14647
9195 18 9331 0 107 31 14648
9195 14 9331 0 128 55 14649
9195 27 9331 0 58 139 14650
9195 38 9331 0 146 159 14651
9195 4 9330 0 178 113 14652
9195 7 9330 0 162 60 14653
9195 5 9330 0 86 23 14654
9195 40 9332 0 46 189 14655
9195 6 9331 0 67 20 14656
9195 6 9331 0 108 36 14657
9195 14 9330 0 180 72 14658
9195 9 9328 0 164 71 14659
9195 16 9331 0 141 34 14660
9195 13 9331 0 24 183 14661
9195 6 9331 0 112 57 14662
9195 27 9329 0 2 33 14663
9195 5 9332 0 93 57 14664
9195 19 9333 0 108 65 14665
9195 6 9332 0 103 16 14666
9210 7 9347 0 50 121 14667
9210 15 9345 0 141 34 14668
9210 6 9347 0 102 30 14669
9210 16 9345 0 128 55 14670
9210 9 9345 0 23 55 14671
9210 5 9345 0 110 50 14672
9210 6 9346 0 83 108 14673
9210 5 9347 0 138 23 14674
9210 12 9345 0 108 36 14675
9210 25 9345 0 127 22 14676
9210 40 9349 0 96 33 14677
9210 29 9344 0 142 143 14678
9210 5 9346 0 38 84 14679
9210 33 9348 0 148 23 14680
9210 30 9345 0 2 33 14681
9210 5 9347 0 6 88 14682
9210 10 9347 0 95 1 14683
9210 14 9348 0 113 48 14684
9210 44 9346 0 127 43 14685
9210 13 9345 0 161 44 14686
9210 22 9347 0 146 119 14687
9210 6 9344 0 124 15 14688
9210 44 9347 0 66 134 14689
9225 6 9360 0 103 16 14690
9225 6 9360 0 67 20 14691
9225 15 9362 0 13 75 14692
9225 21 9362 0 107 31 14693
9225 14 9360 0 186 125 14694
9225 3 9361 0 138 23 14695
9225 12 9361 0 140 11 14696
9225 16 9360 0 114 44 14697
9225 19 9363 0 141 34 14698
9225 11 9359 0 95 77 14699
9225 12 9361 0 162 60 14700
9225 10 9360 0 151 24 14701
9225 18 9362 0 24 183 14702
9225 7 9360 0 112 57 14703
9225 23 9361 0 139 9 14704
9225 13 9361 0 99 9 14705
9225 6 9364 0 179 177 14706
9225 5 9362 0 15 186 14707
9225 31 9362 0 138 26 14708
9225 6 9358 0 110 50 14709
9225 7 9362 0 24 195 14710
9225 44 9362 0 146 159 14711
9225 21 9359 0 153 145 14712
9225 6 9363 0 175 92 14713
9225 20 9359 0 180 72 14714
9225 6 9360 0 102 30 14715
9232 69 10000 1 93 57 14716
9237 63 10000 1 110 50 14717
9240 14 9376 0 141 34 14718
9240 5 9374 0 175 92 14719
9240 7 9377 0 125 90 14720
9240 5 9375 0 102 30 14721
9240 21 9376 0 105 143 14722
9240 26 9376 0 127 43 14723
9240 34 9375 0 33 177 14724
9240 6 9376 0 110 50 14725
9240 25 9374 0 99 9 14726
9240 23 9374 0 139 9 14727
9240 37 9377 0 138 26 14728
9240 9 9377 0 128 96 14729
9240 21 9375 0 114 44 14730
9240 18 9376 0 99 17 14731
9240 42 9376 0 46 189 14732
9240 11 9379 0 108 36 14733
9240 24 9376 0 107 31 14734
9240 13 9376 0 46 130 14735
9240 4 9378 0 67 20 14736
9240 13 9375 0 140 11 14737
9240 5 9375 0 138 23 14738
9240 31 9377 0 127 22 14739
9240 17 9375 0 146 119 14740
9240 9 9377 0 16 120 14741
9240 3 9377 0 63 134 14742
9240 29 9375 0 148 23 14743
9240 6 9374 0 124 15 14744
9240 33 9377 0 155 122 14745
9240 10 9378 0 151 24 14746
9255 26 9391 0 138 26 14747
9255 8 9388 0 112 57 14748
9255 17 9392 0 13 75 14749
9255 25 9391 0 105 143 14750
9255 24 9391 0 153 145 14751
9255 15 9391 0 99 17 14752
9255 25 9392 0 128 55 14753
9255 4 9392 0 124 15 14754
9255 22 9391 0 46 130 14755
9255 6 9390 0 173 61 14756
9255 39 9391 0 46 189 14757
9255 18 9391 0 143 170 14758
9255 4 9391 0 179 177 14759
9255 15 9391 0 99 9 14760
9255 31 9391 0 173 171 14761
9255 18 9392 0 113 48 14762
9255 14 9391 0 139 9 14763
9255 36 9390 0 148 23 14764
9255 6 9390 0 102 30 14765
9255 30 9390 0 33 177 14766
9255 31 9390 0 72 131 14767
9255 9 9391 0 150 50 14768
9267 58 10000 1 153 145 14769
9270 24 9406 0 143 170 14770
9270 25 9406 0 186 125 14771
9270 33 9410 0 127 43 14772
9270 22 9407 0 108 65 14773
9270 4 9406 0 102 30 14774
9270 4 9405 0 138 23 14775
9270 3 9406 0 93 57 14776
9270 22 9404 0 99 9 14777
9270 8 9407 0 50 121 14778
9270 26 9408 0 22 41 14779
9270 19 9405 0 99 17 14780
9270 24 9407 0 153 145 14781
9270 20 9408 0 103 107 14782
9270 6 9405 0 182 28 14783
9270 25 9405 0 127 22 14784
9270 20 9408 0 139 9 14785
9270 20 9407 0 141 34 14786
9270 4 9408 0 67 20 14787
9270 12 9405 0 150 50 14788
9270 12 9406 0 173 61 14789
9285 5 9423 0 178 113 14790
9285 27 9423 0 22 41 14791
9285 13 9422 0 114 44 14792
9285 43 9421 0 127 43 14793
9285 23 9421 0 64 182 14794
9285 41 9421 0 72 131 14795
9285 6 9420 0 103 16 14796
9285 21 9419 0 141 34 14797
9285 23 9424 0 99 9 14798
9285 6 9419 0 38 84 14799
9285 5 9421 0 182 28 14800
9285 4 9423 0 63 134 14801
9285 21 9422 0 46 130 14802
9285 23 9420 0 161 44 14803
9285 6 9421 0 138 23 14804
9285 17 9424 0 113 48 14805
9285 25 9421 0 107 31 14806
9285 19 9422 0 162 25 14807
9285 8 9421 0 108 36 14808
9285 3 9420 0 86 23 14809
9285 19 9423 0 139 9 14810
9285 3 9421 0 15 186 14811
9285 6 9423 0 112 57 14812
9285 4 9422 0 124 15 14813
9300 3 9435 0 138 23 14814
9300 7 9435 0 108 36 14815
9300 12 9437 0 186 125 14816
9300 11 9435 0 103 16 14817
9300 11 9436 0 112 57 14818
9300 21 9436 0 107 31 14819
9300 6 9435 0 83 108 14820
9300 5 9435 0 124 15 14821
9300 5 9436 0 38 84 14822
9300 12 9435 0 128 55 14823
9300 19 9437 0 141 34 14824
9300 16 9437 0 46 130 14825
9300 43 9436 0 127 22 14826
9300 10 9436 0 150 50 14827
9300 20 9435 0 114 44 14828
9300 6 9436 0 164 71 14829
9300 14 9433 0 139 9 14830
9300 40 9435 0 102 140 14831
9300 12 9434 0 13 75 14832
9300 25 9436 0 162 25 14833
9300 16 9434 0 113 48 14834
9300 4 9436 0 6 88 14835
9300 30 9438 0 96 33 14836
9300 4 9435 0 63 134 14837
9300 11 9436 0 125 90 14838
9300 4 9433 0 178 113 14839
9300 10 9434 0 145 55 14840
9300 3 9436 0 175 92 14841
9300 13 9438 0 143 170 14842
9300 3 9437 0 102 30 14843
9300 9 9435 0 173 61 14844
9300 31 9436 0 173 171 14845
9300 19 9436 0 99 9 14846
9300 14 9436 0 147 18 14847
9300 11 9436 0 95 1 14848
9311 113 10000 1 146 119 14849
9315 3 9452 0 155 52 14850
9315 5 9452 0 83 108 14851
9315 22 9450 0 128 55 14852
9315 30 9452 0 142 143 14853
9315 9 9451 0 24 195 14854
9315 20 9451 0 139 9 14855
9315 36 9451 0 148 23 14856
9315 45 9449 0 127 22 14857
9315 5 9449 0 124 15 14858
9315 44 9452 0 155 122 14859
9315 16 9450 0 99 9 14860
9315 37 9451 0 127 43 14861
9315 12 9451 0 108 36 14862
9315 36 9450 0 22 41 14863
9315 19 9450 0 24 183 14864
9315 11 9450 0 145 55 14865
9315 20 9450 0 140 11 14866
9315 34 9451 0 102 140 14867
9315 23 9452 0 107 31 14868
9315 3 9450 0 15 186 14869
9315 3 9452 0 110 50 14870
9330 36 9466 0 102 140 14871
9330 19 9468 0 139 9 14872
9330 3 9468 0 124 15 14873
9330 18 9467 0 152 41 14874
9330 6 9468 0 102 30 14875
9330 13 9465 0 64 182 14876
9330 40 9464 0 72 131 14877
9330 16 9467 0 113 48 14878
9330 14 9466 0 86 1 14879
9330 17 9464 0 24 183 14880
9330 25 9467 0 140 11 14881
9330 5 9467 0 182 28 14882
9330 11 9467 0 151 24 14883
9330 27 9466 0 146 159 14884
9330 20 9468 0 180 72 14885
9330 17 9465 0 13 75 14886
9330 12 9465 0 114 44 14887
9330 44 9465 0 142 143 14888
9330 11 9466 0 95 1 14889
9330 40 9466 0 96 33 14890
9330 12 9466 0 161 44 14891
9330 42 9465 0 148 23 14892
9345 23 9479 0 114 44 14893
9345 41 9480 0 96 33 14894
9345 10 9480 0 173 61 14895
9345 7 9481 0 63 113 14896
9345 8 9481 0 108 36 14897
9345 28 9483 0 148 23 14898
9345 17 9480 0 180 72 14899
9345 17 9481 0 161 44 14900
9345 3 9483 0 63 134 14901
9345 16 9481 0 13 75 14902
9345 26 9481 0 2 33 14903
9345 18 9479 0 152 41 14904
9345 22 9479 0 24 183 14905
9345 10 9480 0 112 57 14906
9345 3 9482 0 110 50 14907
9345 3 9480 0 124 15 14908
9345 12 9482 0 146 119 14909
9345 19 9480 0 107 31 14910
9345 22 9482 0 141 34 14911
9345 37 9481 0 127 22 14912
9345 42 9480 0 155 122 14913
9345 15 9482 0 103 107 14914
9345 20 9482 0 46 130 14915
9345 6 9479 0 103 16 14916
9346 68 10000 1 146 159 14917
9358 78 10000 1 95 77 14918
9360 4 9497 0 67 20 14919
9360 38 9496 0 142 143 14920
9360 20 9497 0 107 31 14921
9360 5 9496 0 102 30 14922
9360 44 9495 0 148 23 14923
9360 17 9494 0 86 1 14924
9360 23 9497 0 128 55 14925
9360 13 9498 0 141 34 14926
9360 6 9498 0 110 50 14927
9360 20 9496 0 147 18 14928
9360 43 9496 0 127 22 14929
9360 12 9496 0 143 170 14930
9360 12 9497 0 95 77 14931
9360 10 9496 0 103 16 14932
9360 6 9496 0 138 23 14933
9360 41 9497 0 33 177 14934
9360 23 9498 0 103 107 14935
9360 24 9496 0 140 11 14936
9360 9 9496 0 108 36 14937
9360 18 9495 0 13 75 14938
9360 5 9495 0 63 134 14939
9360 40 9498 0 138 26 14940
9375 14 9510 0 128 55 14941
9375 6 9510 0 179 177 14942
9375 12 9509 0 24 195 14943
9375 11 9511 0 103 16 14944
9375 5 9511 0 102 30 14945
9375 15 9510 0 46 130 14946
9375 31 9510 0 148 23 14947
9375 33 9510 0 173 171 14948
9375 3 9511 0 86 23 14949
9375 7 9509 0 7 180 14950
9375 42 9514 0 102 140 14951
9375 16 9513 0 108 65 14952
9375 21 9510 0 113 48 14953
9375 18 9511 0 139 9 14954
9375 9 9510 0 23 55 14955
9375 18 9511 0 186 125 14956
9375 21 9511 0 107 31 14957
9390 7 9527 0 108 36 14958
9390 3 9526 0 63 134 14959
9390 20 9524 0 147 18 14960
9390 21 9527 0 107 31 14961
9390 25 9526 0 152 41 14962
9390 9 9527 0 112 57 14963
9390 15 9527 0 99 9 14964
9390 3 9527 0 15 186 14965
9390 6 9529 0 67 20 14966
9390 19 9526 0 140 11 14967
9390 20 9526 0 161 44 14968
9390 10 9527 0 125 90 14969
9390 21 9526 0 108 65 14970
9390 5 9528 0 124 15 14971
9390 31 9526 0 155 122 14972
9390 12 9526 0 103 16 14973
9390 25 9526 0 96 33 14974
9390 12 9527 0 64 182 14975
9390 25 9525 0 186 125 14976
9390 5 9527 0 38 84 14977
9390 18 9524 0 139 9 14978
9390 3 9528 0 102 30 14979
9390 21 9528 0 114 44 14980
9391 78 10000 1 127 22 14981
9400 151 10000 1 113 48 14982
9405 45 9541 0 127 43 14983
9405 3 9542 0 179 177 14984
9405 6 9540 0 178 113 14985
9405 20 9543 0 141 34 14986
9405 25 9542 0 186 125 14987
9405 44 9542 0 127 22 14988
9405 5 9542 0 124 15 14989
9405 15 9541 0 113 48 14990
9405 14 9541 0 140 11 14991
9405 17 9542 0 180 72 14992
9405 21 9539 0 108 65 14993
9405 4 9541 0 138 23 14994
9405 42 9541 0 72 131 14995
9405 22 9540 0 128 55 14996
9405 28 9541 0 58 139 14997
9405 34 9541 0 96 33 14998
9405 33 9541 0 148 23 14999
9405 18 9540 0 103 107 15000
9405 21 9539 0 152 41 15001
9405 6 9543 0 6 88 15002
9408 79 10000 1 175 92 15003
9411 79 10000 1 33 177 15004
9417 183 10000 1 141 34 15005
9420 42 9556 0 127 22 15006
9420 33 9554 0 72 131 15007
9420 14 9557 0 99 17 15008
9420 27 9556 0 127 43 15009
9420 3 9555 0 110 50 15010
9420 4 9557 0 83 108 15011
9420 9 9557 0 95 1 15012
9420 10 9555 0 23 55 15013
9420 18 9555 0 141 34 15014
9420 13 9554 0 180 72 15015
9420 45 9557 0 96 33 15016
9420 18 9555 0 13 75 15017
9420 4 9556 0 67 20 15018
9420 15 9556 0 147 18 15019
9420 33 9555 0 138 26 15020
9420 4 9556 0 38 84 15021
9420 30 9558 0 33 177 15022
9420 13 9556 0 108 65 15023
9420 5 9558 0 138 23 15024
9420 37 9556 0 148 23 15025
9420 8 9556 0 112 57 15026
9420 9 9555 0 24 195 15027
9420 22 9557 0 107 31 15028
9420 4 9555 0 179 177 15029
9420 5 9556 0 178 113 15030
9433 43 10000 1 46 130 15031
9435 7 9572 0 164 71 15032
9435 7 9572 0 95 77 15033
9435 40 9570 0 72 131 15034
9435 40 9571 0 148 23 15035
9435 18 9573 0 99 17 15036
9435 3 9571 0 83 108 15037
9435 7 9571 0 145 55 15038
9435 6 9572 0 138 23 15039
9435 37 9573 0 46 189 15040
9435 7 9571 0 108 36 15041
9435 10 9572 0 112 57 15042
9435 3 9570 0 178 113 15043
9435 16 9570 0 107 31 15044
9435 14 9570 0 147 18 15045
9435 10 9574 0 95 1 15046
9435 4 9570 0 110 50 15047
9435 9 9571 0 103 16 15048
9435 19 9571 0 139 9 15049
9435 40 9571 0 22 41 15050
9435 40 9568 0 102 140 15051
9435 3 9571 0 15 186 15052
9435 29 9571 0 96 33 15053
9441 191 10000 1 147 18 15054
9443 33 10000 1 155 52 15055
9450 11 9585 0 103 16 15056
9450 41 9586 0 127 43 15057
9450 24 9586 0 180 72 15058
9450 32 9585 0 138 26 15059
9450 25 9585 0 46 189 15060
9450 17 9585 0 108 65 15061
9450 7 9585 0 24 195 15062
9450 15 9586 0 107 31 15063
9450 9 9586 0 112 57 15064
9450 22 9587 0 141 34 15065
9450 15 9583 0 103 107 15066
9450 36 9586 0 127 22 15067
9450 3 9585 0 124 15 15068
9450 28 9588 0 148 23 15069
9450 20 9587 0 139 9 15070
9450 9 9587 0 164 71 15071
9450 11 9586 0 91 1 15072
9450 5 9586 0 67 20 15073
9450 41 9587 0 2 33 15074
9465 39 9603 0 148 23 15075
9465 25 9601 0 186 125 15076
9465 10 9601 0 108 36 15077
9465 6 9599 0 155 52 15078
9465 30 9602 0 22 41 15079
9465 3 9600 0 175 92 15080
9465 16 9600 0 107 31 15081
9465 16 9600 0 140 11 15082
9465 6 9601 0 179 177 15083
9465 10 9602 0 7 180 15084
9465 5 9602 0 138 23 15085
9465 4 9602 0 63 134 15086
9465 16 9602 0 147 18 15087
9465 12 9602 0 141 34 15088
9465 31 9600 0 72 131 15089
9465 5 9600 0 110 50 15090
9465 30 9602 0 2 33 15091
9465 34 9601 0 127 43 15092
9465 24 9600 0 128 55 15093
9465 11 9602 0 95 77 15094
9465 11 9600 0 145 55 15095
9465 9 9601 0 23 55 15096
9465 10 9600 0 63 113 15097
9465 25 9601 0 127 22 15098
9465 12 9599 0 153 145 15099
9469 39 10000 1 152 41 15100
9470 91 10000 1 7 180 15101
9479 48 10000 1 50 121 15102
9480 19 9615 0 114 44 15103
9480 6 9616 0 124 15 15104
9480 16 9615 0 147 18 15105
9480 26 9616 0 72 131 15106
9480 18 9614 0 152 41 15107
9480 6 9617 0 102 30 15108
9480 6 9616 0 138 23 15109
9480 23 9616 0 13 75 15110
9480 6 9614 0 91 1 15111
9480 37 9616 0 127 22 15112
9480 11 9617 0 108 36 15113
9480 10 9616 0 128 96 15114
9480 15 9615 0 161 44 15115
9480 18 9617 0 113 48 15116
9480 21 9615 0 107 31 15117
9480 6 9614 0 173 61 15118
9480 15 9616 0 141 34 15119
9480 8 9617 0 63 113 15120
9480 5 9616 0 15 186 15121
9480 42 9614 0 46 189 15122
9480 35 9615 0 155 122 15123
9482 48 10000 1 95 1 15124
9495 4 9634 0 138 23 15125
9495 25 9631 0 146 159 15126
9495 20 9630 0 107 31 15127
9495 4 9630 0 110 50 15128
9495 5 9632 0 124 15 15129
9495 21 9630 0 140 11 15130
9495 20 9630 0 146 119 15131
9495 11 9630 0 103 16 15132
9495 19 9632 0 141 34 15133
9495 9 9632 0 63 113 15134
9495 12 9631 0 86 1 15135
9495 28 9630 0 138 26 15136
9495 36 9630 0 127 22 15137
9495 15 9630 0 103 107 15138
9495 4 9631 0 67 20 15139
9495 7 9629 0 108 36 15140
9495 8 9629 0 24 195 15141
9495 24 9629 0 13 75 15142
9495 15 9631 0 24 183 15143
9495 40 9631 0 33 177 15144
9495 23 9630 0 114 44 15145
9495 27 9632 0 96 33 15146
9495 8 9633 0 162 60 15147
9495 38 9632 0 148 23 15148
9495 35 9631 0 58 139 15149
9495 28 9630 0 72 131 15150
9495 7 9627 0 125 90 15151
9495 12 9631 0 112 57 15152
9495 3 9632 0 102 30 15153
9495 27 9632 0 22 41 15154
9495 5 9631 0 63 134 15155
9495 5 9631 0 179 177 15156
9495 23 9629 0 99 9 15157
9510 25 9645 0 147 18 15158
9510 4 9645 0 63 134 15159
9510 41 9646 0 33 177 15160
9510 3 9647 0 175 92 15161
9510 37 9646 0 96 33 15162
9510 5 9648 0 155 52 15163
9510 25 9647 0 138 26 15164
9510 7 9647 0 173 61 15165
9510 6 9644 0 182 28 15166
9510 5 9644 0 102 30 15167
9510 35 9647 0 58 139 15168
9510 22 9646 0 162 25 15169
9510 4 9647 0 38 84 15170
9510 35 9646 0 155 122 15171
9510 17 9646 0 161 44 15172
9510 25 9644 0 113 48 15173
9510 4 9645 0 124 15 15174
9510 15 9646 0 24 183 15175
9510 8 9646 0 23 55 15176
9510 3 9644 0 86 23 15177
9511 68 10000 1 15 186 15178
9525 3 9664 0 110 50 15179
9525 39 9661 0 127 43 15180
9525 44 9661 0 66 134 15181
9525 30 9660 0 138 26 15182
9525 5 9659 0 63 134 15183
9525 8 9660 0 128 96 15184
9525 45 9661 0 127 22 15185
9525 3 9659 0 86 23 15186
9525 6 9662 0 63 113 15187
9525 25 9659 0 113 48 15188
9525 38 9660 0 173 171 15189
9525 23 9663 0 139 9 15190
9525 11 9662 0 162 60 15191
9525 19 9661 0 140 11 15192
9525 6 9661 0 15 186 15193
9525 10 9663 0 95 1 15194
9525 7 9661 0 103 16 15195
9525 5 9662 0 155 52 15196
9525 17 9662 0 186 125 15197
9525 4 9661 0 102 30 15198
9525 6 9660 0 95 77 15199
9525 12 9661 0 164 71 15200
9525 23 9661 0 128 55 15201
9525 17 9663 0 147 18 15202
9525 29 9661 0 46 189 15203
9525 21 9661 0 99 9 15204
9525 23 9665 0 107 31 15205
9525 42 9661 0 148 23 15206
9525 24 9660 0 86 1 15207
9528 171 10000 1 128 55 15208
9540 6 9677 0 86 23 15209
9540 15 9675 0 140 11 15210
9540 3 9675 0 93 57 15211
9540 3 9677 0 124 15 15212
9540 42 9674 0 2 33 15213
9540 26 9676 0 46 189 15214
9540 12 9676 0 128 96 15215
9540 25 9676 0 141 34 15216
9540 16 9675 0 147 18 15217
9540 19 9676 0 107 31 15218
9540 6 9677 0 110 50 15219
9540 6 9675 0 63 113 15220
9540 17 9676 0 113 48 15221
9540 12 9674 0 114 44 15222
9540 22 9676 0 128 55 15223
9540 6 9675 0 102 30 15224
9540 3 9677 0 182 28 15225
9540 43 9676 0 173 171 15226
9540 6 9675 0 155 52 15227
9540 11 9678 0 108 36 15228
9540 40 9678 0 148 23 15229
9540 10 9676 0 103 16 15230
9540 25 9676 0 99 9 15231
9540 26 9676 0 142 143 15232
9540 25 9675 0 64 182 15233
9555 12 9690 0 50 121 15234
9555 20 9692 0 114 44 15235
9555 25 9693 0 128 55 15236
9555 6 9691 0 102 30 15237
9555 14 9690 0 147 18 15238
9555 7 9691 0 150 50 15239
9555 8 9692 0 128 96 15240
9555 15 9690 0 99 17 15241
9555 28 9688 0 127 43 15242
9555 4 9692 0 93 57 15243
9555 7 9690 0 16 120 15244
9555 24 9692 0 141 34 15245
9555 15 9691 0 99 9 15246
9555 7 9689 0 103 16 15247
9555 13 9692 0 105 143 15248
9555 6 9693 0 124 15 15249
9555 10 9690 0 164 71 15250
9555 4 9691 0 175 92 15251
9555 18 9690 0 140 11 15252
9555 25 9690 0 108 65 15253
9555 8 9692 0 108 36 15254
9555 13 9692 0 64 182 15255
9570 7 9707 0 128 96 15256
9570 40 9705 0 148 23 15257
9570 4 9703 0 63 134 15258
9570 6 9707 0 83 108 15259
9570 25 9707 0 103 107 15260
9570 10 9707 0 91 1 15261
9570 13 9705 0 99 17 15262
9570 40 9708 0 96 33 15263
9570 15 9706 0 139 9 15264
9570 12 9706 0 103 16 15265
9570 4 9709 0 6 88 15266
9570 6 9706 0 162 60 15267
9570 18 9706 0 105 143 15268
9570 6 9706 0 155 52 15269
9570 18 9708 0 99 9 15270
9570 7 9705 0 63 113 15271
9570 4 9705 0 138 23 15272
9570 12 9707 0 95 77 15273
9570 22 9704 0 143 170 15274
9570 7 9706 0 112 57 15275
9570 12 9705 0 114 44 15276
9570 19 9707 0 147 18 15277
9570 39 9704 0 72 131 15278
9570 40 9705 0 138 26 15279
9570 20 9708 0 128 55 15280
9570 12 9706 0 7 180 15281
9570 4 9706 0 38 84 15282
9585 7 9721 0 103 16 15283
9585 6 9723 0 175 92 15284
9585 21 9719 0 99 17 15285
9585 6 9722 0 138 23 15286
9585 12 9722 0 108 36 15287
9585 20 9721 0 107 31 15288
9585 4 9722 0 155 52 15289
9585 9 9719 0 23 55 15290
9585 25 9721 0 96 33 15291
9585 35 9719 0 148 23 15292
9585 11 9718 0 63 113 15293
9585 7 9721 0 112 57 15294
9585 17 9722 0 113 48 15295
9585 12 9722 0 16 120 15296
9585 3 9722 0 67 20 15297
9585 5 9719 0 110 50 15298
9585 19 9719 0 143 170 15299
9585 24 9722 0 86 1 15300
9585 3 9722 0 178 113 15301
9585 9 9719 0 150 50 15302
9585 36 9721 0 146 159 15303
9585 11 9722 0 50 121 15304
9585 22 9721 0 147 18 15305
9585 4 9723 0 102 30 15306
9585 20 9721 0 153 145 15307
9585 7 9722 0 151 24 15308
9589 43 10000 1 2 33 15309
9600 3 9738 0 124 15 15310
9600 6 9737 0 103 16 15311
9600 33 9736 0 148 23 15312
9600 24 9736 0 114 44 15313
9600 5 9736 0 93 57 15314
9600 7 9734 0 173 61 15315
9600 31 9735 0 96 33 15316
9600 6 9735 0 110 50 15317
9600 21 9737 0 139 9 15318
9600 7 9736 0 112 57 15319
9600 12 9735 0 99 9 15320
9600 17 9737 0 128 55 15321
9600 4 9736 0 155 52 15322
9600 19 9736 0 107 31 15323
9600 8 9735 0 150 50 15324
9600 4 9737 0 178 113 15325
9600 24 9736 0 99 17 15326
9600 3 9736 0 6 88 15327
9600 28 9733 0 138 26 15328
9600 15 9735 0 141 34 15329
9600 4 9736 0 175 92 15330
9600 22 9736 0 105 143 15331
9600 4 9738 0 15 186 15332
9615 10 9750 0 145 55 15333
9615 18 9752 0 114 44 15334
9615 18 9751 0 99 9 15335
9615 10 9751 0 7 180 15336
9615 33 9750 0 138 26 15337
9615 12 9752 0 112 57 15338
9615 18 9751 0 107 31 15339
9615 6 9750 0 110 50 15340
9615 19 9750 0 108 65 15341
9615 33 9751 0 127 43 15342
9615 32 9751 0 96 33 15343
9615 8 9751 0 91 1 15344
9615 23 9750 0 140 11 15345
9615 41 9752 0 66 134 15346
9615 33 9752 0 127 22 15347
9615 45 9751 0 146 159 15348
9615 6 9751 0 162 60 15349
9615 4 9753 0 102 30 15350
9615 11 9750 0 103 16 15351
9630 9 9767 0 103 16 15352
9630 36 9765 0 96 33 15353
9630 14 9766 0 107 31 15354
9630 4 9766 0 124 15 15355
9630 11 9765 0 164 71 15356
9630 39 9768 0 58 139 15357
9630 19 9766 0 64 182 15358
9630 6 9766 0 179 177 15359
9630 10 9766 0 125 90 15360
9630 6 9766 0 150 50 15361
9630 23 9765 0 99 9 15362
9630 14 9766 0 114 44 15363
9630 5 9765 0 182 28 15364
9630 39 9765 0 127 43 15365
9630 11 9768 0 23 55 15366
9630 22 9765 0 128 55 15367
9630 3 9766 0 102 30 15368
9630 11 9764 0 173 61 15369
9630 3 9765 0 83 108 15370
9630 6 9766 0 93 57 15371
9630 26 9766 0 148 23 15372
9630 4 9766 0 67 20 15373
9630 25 9765 0 127 22 15374
9630 13 9764 0 147 18 15375
9635 182 10000 1 151 24 15376
9645 3 9782 0 179 177 15377
9645 9 9780 0 103 16 15378
9645 23 9781 0 99 17 15379
9645 5 9781 0 102 30 15380
9645 7 9781 0 145 55 15381
9645 3 9781 0 182 28 15382
9645 3 9782 0 110 50 15383
9645 37 9782 0 96 33 15384
9645 3 9779 0 124 15 15385
9645 17 9782 0 24 183 15386
9645 20 9780 0 141 34 15387
9645 9 9781 0 91 1 15388
9645 44 9782 0 58 139 15389
9645 4 9782 0 138 23 15390
9645 34 9782 0 127 43 15391
9645 4 9782 0 67 20 15392
9645 24 9781 0 86 1 15393
9645 11 9780 0 162 60 15394
9645 5 9782 0 83 108 15395
9645 39 9778 0 46 189 15396
9645 6 9782 0 128 96 15397
9645 11 9781 0 164 71 15398
9645 4 9780 0 93 57 15399
9645 7 9782 0 151 24 15400
9645 21 9782 0 107 31 15401
9645 45 9781 0 138 26 15402
9645 4 9784 0 6 88 15403
9653 37 10000 1 161 44 15404
9660 10 9797 0 16 120 15405
9660 23 9797 0 140 11 15406
9660 41 9797 0 22 41 15407
9660 3 9797 0 102 30 15408
9660 41 9795 0 96 33 15409
9660 9 9797 0 151 24 15410
9660 15 9795 0 128 55 15411
9660 10 9797 0 128 96 15412
9660 11 9795 0 164 71 15413
9660 25 9796 0 103 107 15414
9660 22 9793 0 99 9 15415
9660 8 9795 0 108 36 15416
9660 30 9797 0 127 22 15417
9660 26 9797 0 127 43 15418
9660 17 9795 0 86 1 15419
9660 22 9793 0 107 31 15420
9660 14 9796 0 147 18 15421
9660 28 9797 0 72 131 15422
9660 7 9796 0 112 57 15423
9660 6 9798 0 38 84 15424
9660 24 9796 0 99 17 15425
9660 20 9796 0 139 9 15426
9660 34 9796 0 173 171 15427
9660 8 9795 0 103 16 15428
9675 22 9812 0 139 9 15429
9675 9 9811 0 50 121 15430
9675 38 9813 0 58 139 15431
9675 19 9810 0 99 9 15432
9675 34 9808 0 173 171 15433
9675 22 9811 0 141 34 15434
9675 28 9814 0 96 33 15435
9675 21 9810 0 103 107 15436
9675 8 9813 0 164 71 15437
9675 19 9811 0 128 55 15438
9675 7 9811 0 63 113 15439
9675 8 9813 0 112 57 15440
9675 24 9809 0 140 11 15441
9675 9 9809 0 151 24 15442
9675 3 9813 0 138 23 15443
9675 39 9812 0 127 22 15444
9675 32 9810 0 2 33 15445
9675 5 9811 0 110 50 15446
9675 35 9808 0 142 143 15447
9690 12 9825 0 91 1 15448
9690 10 9827 0 23 55 15449
9690 6 9827 0 16 120 15450
9690 19 9827 0 161 44 15451
9690 3 9827 0 63 134 15452
9690 40 9825 0 2 33 15453
9690 20 9827 0 141 34 15454
9690 17 9824 0 99 17 15455
9690 24 9825 0 113 48 15456
9690 43 9825 0 148 23 15457
9690 31 9826 0 155 122 15458
9690 11 9826 0 95 1 15459
9690 24 9826 0 114 44 15460
9690 16 9826 0 180 72 15461
9690 17 9825 0 64 182 15462
9690 18 9826 0 140 11 15463
9690 5 9825 0 138 23 15464
9690 6 9828 0 124 15 15465
9705 9 9842 0 108 36 15466
9705 5 9839 0 138 23 15467
9705 8 9843 0 112 57 15468
9705 20 9840 0 139 9 15469
9705 18 9841 0 99 9 15470
9705 11 9841 0 95 77 15471
9705 4 9839 0 155 52 15472
9705 4 9839 0 38 84 15473
9705 7 9839 0 103 16 15474
9705 3 9842 0 67 20 15475
9705 39 9839 0 33 177 15476
9705 25 9840 0 142 143 15477
9705 17 9841 0 146 119 15478
9705 19 9842 0 113 48 15479
9705 6 9843 0 179 177 15480
9705 28 9838 0 138 26 15481
9705 14 9842 0 108 65 15482
9705 14 9841 0 114 44 15483
9705 38 9844 0 96 33 15484
9705 29 9840 0 22 41 15485
9705 16 9839 0 143 170 15486
9705 19 9840 0 105 143 15487
9705 29 9842 0 102 140 15488
9705 12 9843 0 24 195 15489
9720 12 9854 0 186 125 15490
9720 4 9856 0 38 84 15491
9720 34 9856 0 96 33 15492
9720 20 9858 0 128 55 15493
9720 24 9855 0 143 170 15494
9720 8 9856 0 173 61 15495
9720 15 9855 0 141 34 15496
9720 7 9856 0 112 57 15497
9720 44 9855 0 138 26 15498
9720 17 9856 0 107 31 15499
9720 5 9856 0 15 186 15500
9720 6 9859 0 110 50 15501
9720 17 9854 0 113 48 15502
9720 4 9854 0 178 113 15503
9720 14 9857 0 114 44 15504
9720 4 9856 0 102 30 15505
9720 21 9855 0 147 18 15506
9720 20 9854 0 153 145 15507
9720 36 9856 0 127 43 15508
9720 10 9855 0 16 120 15509
9720 15 9856 0 140 11 15510
9720 5 9856 0 179 177 15511
9720 7 9858 0 103 16 15512
9720 23 9857 0 103 107 15513
9720 17 9855 0 99 9 15514
9720 16 9856 0 180 72 15515
9720 11 9855 0 91 1 15516
9720 3 9857 0 124 15 15517
9720 38 9854 0 127 22 15518
9720 36 9857 0 66 134 15519
9720 23 9854 0 24 183 15520
9720 3 9853 0 86 23 15521
9721 77 10000 1 66 134 15522
9726 37 10000 1 164 71 15523
9735 5 9870 0 175 92 15524
9735 10 9871 0 151 24 15525
9735 34 9870 0 2 33 15526
9735 18 9872 0 105 143 15527
9735 12 9871 0 103 16 15528
9735 41 9872 0 46 189 15529
9735 7 9871 0 164 71 15530
9735 12 9874 0 139 9 15531
9735 11 9871 0 150 50 15532
9735 10 9870 0 162 60 15533
9735 34 9871 0 66 134 15534
9735 16 9872 0 186 125 15535
9735 21 9869 0 128 55 15536
9735 4 9870 0 179 177 15537
9735 40 9869 0 148 23 15538
9735 15 9870 0 161 44 15539
9735 22 9872 0 99 9 15540
9735 31 9869 0 96 33 15541
9735 17 9871 0 114 44 15542
9735 11 9871 0 95 1 15543
9735 6 9871 0 50 121 15544
9735 7 9869 0 125 90 15545
9739 56 10000 1 86 23 15546
9750 6 9884 0 93 57 15547
9750 28 9888 0 127 22 15548
9750 8 9887 0 91 1 15549
9750 15 9886 0 107 31 15550
9750 5 9886 0 110 50 15551
9750 21 9888 0 140 11 15552
9750 12 9884 0 108 36 15553
9750 10 9883 0 95 1 15554
9750 3 9886 0 179 177 15555
9750 23 9887 0 141 34 15556
9750 9 9886 0 164 71 15557
9750 5 9883 0 67 20 15558
9750 18 9888 0 186 125 15559
9750 32 9885 0 102 140 15560
9750 8 9885 0 125 90 15561
9750 19 9883 0 114 44 15562
9750 30 9884 0 72 131 15563
9750 12 9885 0 103 107 15564
9750 12 9885 0 50 121 15565
9750 30 9888 0 142 143 15566
9765 3 9901 0 138 23 15567
9765 32 9901 0 96 33 15568
9765 9 9901 0 7 180 15569
9765 23 9902 0 147 18 15570
9765 5 9900 0 86 23 15571
9765 10 9901 0 151 24 15572
9765 31 9900 0 72 131 15573
9765 19 9903 0 99 17 15574
9765 15 9901 0 64 182 15575
9765 37 9900 0 155 122 15576
9765 23 9903 0 86 1 15577
9765 29 9900 0 173 171 15578
9765 4 9900 0 67 20 15579
9765 16 9901 0 128 55 15580
9765 38 9901 0 46 189 15581
9765 10 9900 0 150 50 15582
9765 22 9900 0 161 44 15583
9765 3 9902 0 83 108 15584
9765 5 9903 0 110 50 15585
9765 11 9900 0 95 1 15586
9765 6 9900 0 108 36 15587
9765 5 9901 0 124 15 15588
9772 43 10000 1 139 9 15589
9776 172 10000 1 161 44 15590
9780 6 9918 0 124 15 15591
9780 16 9916 0 113 48 15592
9780 17 9915 0 103 107 15593
9780 8 9916 0 112 57 15594
9780 5 9915 0 138 23 15595
9780 14 9918 0 99 17 15596
9780 20 9915 0 140 11 15597
9780 13 9916 0 114 44 15598
9780 6 9916 0 6 88 15599
9780 10 9916 0 162 60 15600
9780 11 9915 0 95 1 15601
9780 20 9918 0 153 145 15602
9780 8 9914 0 23 55 15603
9780 19 9916 0 105 143 15604
9780 12 9916 0 64 182 15605
9780 34 9916 0 127 22 15606
9780 8 9917 0 164 71 15607
9780 9 9917 0 103 16 15608
9780 21 9915 0 46 130 15609
9780 4 9916 0 102 30 15610
9795 34 9930 0 148 23 15611
9795 5 9932 0 175 92 15612
9795 5 9931 0 15 186 15613
9795 18 9932 0 113 48 15614
9795 11 9930 0 151 24 15615
9795 43 9932 0 33 177 15616
9795 25 9931 0 99 17 15617
9795 6 9930 0 102 30 15618
9795 40 9929 0 96 33 15619
9795 5 9932 0 38 84 15620
9795 16 9933 0 139 9 15621
9795 3 9933 0 63 134 15622
9795 3 9933 0 178 113 15623
9795 13 9930 0 99 9 15624
9795 11 9931 0 108 36 15625
9795 9 9929 0 63 113 15626
9795 6 9929 0 86 23 15627
9795 5 9930 0 124 15 15628
9795 6 9932 0 83 108 15629
9795 22 9928 0 13 75 15630
9795 3 9930 0 67 20 15631
9795 32 9931 0 46 189 15632
9795 39 9931 0 127 22 15633
9795 10 9932 0 103 16 15634
9795 25 9929 0 141 34 15635
9795 22 9930 0 107 31 15636
9795 11 9933 0 128 96 15637
9810 27 9946 0 127 43 15638
9810 34 9944 0 22 41 15639
9810 16 9944 0 147 18 15640
9810 15 9948 0 99 9 15641
9810 33 9944 0 66 134 15642
9810 6 9947 0 179 177 15643
9810 6 9945 0 164 71 15644
9810 10 9946 0 125 90 15645
9810 19 9946 0 141 34 15646
9810 12 9945 0 91 1 15647
9810 37 9945 0 96 33 15648
9810 37 9944 0 102 140 15649
9810 8 9946 0 150 50 15650
9810 23 9946 0 105 143 15651
9810 29 9945 0 127 22 15652
9810 13 9948 0 128 55 15653
9810 55 10000 1 145 55 15654
9810 38 9946 0 72 131 15655
9810 8 9947 0 103 16 15656
9810 31 9944 0 138 26 15657
9810 10 9945 0 108 36 15658
9810 21 9944 0 108 65 15659
9810 6 9944 0 138 23 15660
9810 12 9947 0 63 113 15661
9810 16 9948 0 161 44 15662
9810 16 9946 0 99 17 15663
9810 11 9946 0 95 77 15664
9810 33 9947 0 173 171 15665
9810 6 9946 0 110 50 15666
9810 4 9945 0 93 57 15667
9825 4 9961 0 38 84 15668
9825 28 9959 0 138 26 15669
9825 5 9961 0 138 23 15670
9825 14 9961 0 140 11 15671
9825 17 9962 0 113 48 15672
9825 9 9962 0 108 36 15673
9825 12 9961 0 128 55 15674
9825 11 9962 0 162 60 15675
9825 41 9961 0 127 22 15676
9825 45 9958 0 96 33 15677
9825 12 9963 0 143 170 15678
9825 6 9964 0 110 50 15679
9825 7 9960 0 91 1 15680
9825 22 9960 0 13 75 15681
9825 16 9959 0 146 119 15682
9825 12 9962 0 128 96 15683
9825 25 9961 0 147 18 15684
9825 32 9961 0 127 43 15685
9825 19 9961 0 64 182 15686
9825 23 9961 0 99 9 15687
9825 3 9961 0 67 20 15688
9825 9 9963 0 112 57 15689
9825 24 9961 0 99 17 15690
9825 20 9960 0 139 9 15691
9825 9 9962 0 150 50 15692
9825 4 9961 0 179 177 15693
9826 39 10000 1 128 55 15694
9835 74 10000 1 63 134 15695
9838 66 10000 1 58 139 15696
9840 6 9974 0 63 113 15697
9840 13 9975 0 139 9 15698
9840 4 9974 0 110 50 15699
9840 20 9975 0 99 17 15700
9840 17 9977 0 99 9 15701
9840 23 9978 0 105 143 15702
9840 12 9976 0 140 11 15703
9840 10 9978 0 16 120 15704
9840 9 9976 0 151 24 15705
9840 3 9977 0 138 23 15706
9840 3 9978 0 102 30 15707
9840 39 9975 0 146 159 15708
9840 29 9974 0 102 140 15709
9840 36 9975 0 22 41 15710
9840 21 9976 0 141 34 15711
9840 16 9977 0 24 183 15712
9840 27 9976 0 127 22 15713
9840 11 9977 0 108 36 15714
9840 23 9976 0 162 25 15715
9840 3 9976 0 6 88 15716
9840 25 9974 0 148 23 15717
9840 25 9976 0 96 33 15718
9840 26 9976 0 46 189 15719
9847 35 10000 1 155 122 15720
9855 3 9991 0 93 57 15721
9855 14 9991 0 140 11 15722
9855 24 9992 0 147 18 15723
9855 3 9992 0 38 84 15724
9855 22 9992 0 99 9 15725
9855 12 9993 0 164 71 15726
9855 17 9990 0 64 182 15727
9855 29 9991 0 46 189 15728
9855 22 9990 0 99 17 15729
9855 9 9992 0 103 16 15730
9855 25 9993 0 33 177 15731
9855 11 9991 0 50 121 15732
9855 3 9993 0 110 50 15733
9855 10 9992 0 108 36 15734
9855 4 9990 0 178 113 15735
9855 34 9990 0 96 33 15736
9855 20 9989 0 141 34 15737
9855 22 9991 0 139 9 15738
9855 3 9989 0 15 186 15739
9855 33 9991 0 102 140 15740
9855 42 9990 0 2 33 15741
9855 10 9991 0 95 1 15742
9855 11 9991 0 128 96 15743
9855 22 9992 0 161 44 15744
9855 11 9992 0 151 24 15745
9855 5 9990 0 83 108 15746
9855 7 9990 0 16 120 15747
9855 23 9990 0 13 75 15748
9855 18 9992 0 143 170 15749
9855 24 9991 0 128 55 15750
9896 51 10000 1 23 55 15751
9896 46 10000 1 24 195 15752
9909 83 10000 1 150 50 15753
